Dataset,Series Key,Series,Observation Date,Observation Value,Unit,Observation Status,Observation Status Comment
Structure of Interest Rate: Long Term Financing Facility,TS_GP_BAM_SIRLTFF_AH.LTFF0090,Over5yr &upto 10yrsEndUserRate,27-Jun-23,19,Percent,Normal,
Structure of Interest Rate: Long Term Financing Facility,TS_GP_BAM_SIRLTFF_AH.LTFF0090,Over5yr &upto 10yrsEndUserRate,05-Apr-23,18,Percent,Normal,
Structure of Interest Rate: Long Term Financing Facility,TS_GP_BAM_SIRLTFF_AH.LTFF0090,Over5yr &upto 10yrsEndUserRate,03-Mar-23,17,Percent,Normal,
Structure of Interest Rate: Long Term Financing Facility,TS_GP_BAM_SIRLTFF_AH.LTFF0090,Over5yr &upto 10yrsEndUserRate,24-Jan-23,14,Percent,Normal,
Structure of Interest Rate: Long Term Financing Facility,TS_GP_BAM_SIRLTFF_AH.LTFF0090,Over5yr &upto 10yrsEndUserRate,30-Dec-22,13,Percent,Normal,
Structure of Interest Rate: Long Term Financing Facility,TS_GP_BAM_SIRLTFF_AH.LTFF0090,Over5yr &upto 10yrsEndUserRate,28-Nov-22,11,Percent,Normal,
Structure of Interest Rate: Long Term Financing Facility,TS_GP_BAM_SIRLTFF_AH.LTFF0090,Over5yr &upto 10yrsEndUserRate,13-Jul-22,10,Percent,Normal,
Structure of Interest Rate: Long Term Financing Facility,TS_GP_BAM_SIRLTFF_AH.LTFF0090,Over5yr &upto 10yrsEndUserRate,24-May-22,7,Percent,Normal,
Structure of Interest Rate: Long Term Financing Facility,TS_GP_BAM_SIRLTFF_AH.LTFF0090,Over5yr &upto 10yrsEndUserRate,08-Jul-20,5,Percent,Normal,
Structure of Interest Rate: Long Term Financing Facility,TS_GP_BAM_SIRLTFF_AH.LTFF0090,Over5yr &upto 10yrsEndUserRate,01-Jul-15,6,Percent,Normal,
Structure of Interest Rate: Long Term Financing Facility,TS_GP_BAM_SIRLTFF_AH.LTFF0090,Over5yr &upto 10yrsEndUserRate,02-Feb-15,7.5,Percent,Normal,
Structure of Interest Rate: Long Term Financing Facility,TS_GP_BAM_SIRLTFF_AH.LTFF0090,Over5yr &upto 10yrsEndUserRate,01-Jul-14,9,Percent,Normal,
Structure of Interest Rate: Long Term Financing Facility,TS_GP_BAM_SIRLTFF_AH.LTFF0090,Over5yr &upto 10yrsEndUserRate,01-Jan-13,11.4,Percent,Normal,
Structure of Interest Rate: Long Term Financing Facility,TS_GP_BAM_SIRLTFF_AH.LTFF0090,Over5yr &upto 10yrsEndUserRate,10-Sep-12,11.2,Percent,Normal,
Structure of Interest Rate: Long Term Financing Facility,TS_GP_BAM_SIRLTFF_AH.LTFF0090,Over5yr &upto 10yrsEndUserRate,01-Jul-11,12.7,Percent,Normal,
Structure of Interest Rate: Long Term Financing Facility,TS_GP_BAM_SIRLTFF_AH.LTFF0090,Over5yr &upto 10yrsEndUserRate,01-Oct-10,11.2,Percent,Normal,
Structure of Interest Rate: Long Term Financing Facility,TS_GP_BAM_SIRLTFF_AH.LTFF0090,Over5yr &upto 10yrsEndUserRate,01-Apr-10,10.5,Percent,Normal,
