Dataset,Series Key,Series,Observation Date,Observation Value,Unit,Observation Status,Observation Status Comment
Summary of Foreign Investment in Pakistan,TS_GP_FI_SUMFIPK_M.FI00040,FDI Inflow,31-Jul-01,24.351676,Million USD,Normal,
Summary of Foreign Investment in Pakistan,TS_GP_FI_SUMFIPK_M.FI00040,FDI Inflow,31-Aug-01,26.471206,Million USD,Normal,
Summary of Foreign Investment in Pakistan,TS_GP_FI_SUMFIPK_M.FI00040,FDI Inflow,30-Sep-01,18.303236,Million USD,Normal,
Summary of Foreign Investment in Pakistan,TS_GP_FI_SUMFIPK_M.FI00040,FDI Inflow,31-Oct-01,51.153177,Million USD,Normal,
Summary of Foreign Investment in Pakistan,TS_GP_FI_SUMFIPK_M.FI00040,FDI Inflow,30-Nov-01,42.011226,Million USD,Normal,
Summary of Foreign Investment in Pakistan,TS_GP_FI_SUMFIPK_M.FI00040,FDI Inflow,31-Dec-01,43.447453,Million USD,Normal,
Summary of Foreign Investment in Pakistan,TS_GP_FI_SUMFIPK_M.FI00040,FDI Inflow,31-Jan-02,33.878976,Million USD,Normal,
Summary of Foreign Investment in Pakistan,TS_GP_FI_SUMFIPK_M.FI00040,FDI Inflow,28-Feb-02,29.371758,Million USD,Normal,
Summary of Foreign Investment in Pakistan,TS_GP_FI_SUMFIPK_M.FI00040,FDI Inflow,31-Mar-02,32.917004,Million USD,Normal,
Summary of Foreign Investment in Pakistan,TS_GP_FI_SUMFIPK_M.FI00040,FDI Inflow,30-Apr-02,29.319505,Million USD,Normal,
Summary of Foreign Investment in Pakistan,TS_GP_FI_SUMFIPK_M.FI00040,FDI Inflow,31-May-02,23.243344,Million USD,Normal,
Summary of Foreign Investment in Pakistan,TS_GP_FI_SUMFIPK_M.FI00040,FDI Inflow,30-Jun-02,155.007609,Million USD,Normal,
Summary of Foreign Investment in Pakistan,TS_GP_FI_SUMFIPK_M.FI00040,FDI Inflow,31-Jul-02,42.408174,Million USD,Normal,
Summary of Foreign Investment in Pakistan,TS_GP_FI_SUMFIPK_M.FI00040,FDI Inflow,31-Aug-02,30.351685,Million USD,Normal,
Summary of Foreign Investment in Pakistan,TS_GP_FI_SUMFIPK_M.FI00040,FDI Inflow,30-Sep-02,134.471441,Million USD,Normal,
Summary of Foreign Investment in Pakistan,TS_GP_FI_SUMFIPK_M.FI00040,FDI Inflow,31-Oct-02,231.89802,Million USD,Normal,
Summary of Foreign Investment in Pakistan,TS_GP_FI_SUMFIPK_M.FI00040,FDI Inflow,30-Nov-02,63.182095,Million USD,Normal,
Summary of Foreign Investment in Pakistan,TS_GP_FI_SUMFIPK_M.FI00040,FDI Inflow,31-Dec-02,78.301567,Million USD,Normal,
Summary of Foreign Investment in Pakistan,TS_GP_FI_SUMFIPK_M.FI00040,FDI Inflow,31-Jan-03,53.316947,Million USD,Normal,
Summary of Foreign Investment in Pakistan,TS_GP_FI_SUMFIPK_M.FI00040,FDI Inflow,28-Feb-03,34.262479,Million USD,Normal,
Summary of Foreign Investment in Pakistan,TS_GP_FI_SUMFIPK_M.FI00040,FDI Inflow,31-Mar-03,39.847317,Million USD,Normal,
Summary of Foreign Investment in Pakistan,TS_GP_FI_SUMFIPK_M.FI00040,FDI Inflow,30-Apr-03,37.693021,Million USD,Normal,
Summary of Foreign Investment in Pakistan,TS_GP_FI_SUMFIPK_M.FI00040,FDI Inflow,31-May-03,48.885411,Million USD,Normal,
Summary of Foreign Investment in Pakistan,TS_GP_FI_SUMFIPK_M.FI00040,FDI Inflow,30-Jun-03,54.140469,Million USD,Normal,
Summary of Foreign Investment in Pakistan,TS_GP_FI_SUMFIPK_M.FI00040,FDI Inflow,31-Jul-03,44.787611,Million USD,Normal,
Summary of Foreign Investment in Pakistan,TS_GP_FI_SUMFIPK_M.FI00040,FDI Inflow,31-Aug-03,40.354975,Million USD,Normal,
Summary of Foreign Investment in Pakistan,TS_GP_FI_SUMFIPK_M.FI00040,FDI Inflow,30-Sep-03,44.708442,Million USD,Normal,
Summary of Foreign Investment in Pakistan,TS_GP_FI_SUMFIPK_M.FI00040,FDI Inflow,31-Oct-03,56.189911,Million USD,Normal,
Summary of Foreign Investment in Pakistan,TS_GP_FI_SUMFIPK_M.FI00040,FDI Inflow,30-Nov-03,46.853738,Million USD,Normal,
Summary of Foreign Investment in Pakistan,TS_GP_FI_SUMFIPK_M.FI00040,FDI Inflow,31-Dec-03,61.090912,Million USD,Normal,
Summary of Foreign Investment in Pakistan,TS_GP_FI_SUMFIPK_M.FI00040,FDI Inflow,31-Jan-04,62.435315,Million USD,Normal,
Summary of Foreign Investment in Pakistan,TS_GP_FI_SUMFIPK_M.FI00040,FDI Inflow,29-Feb-04,47.433279,Million USD,Normal,
Summary of Foreign Investment in Pakistan,TS_GP_FI_SUMFIPK_M.FI00040,FDI Inflow,31-Mar-04,247.519263,Million USD,Normal,
Summary of Foreign Investment in Pakistan,TS_GP_FI_SUMFIPK_M.FI00040,FDI Inflow,30-Apr-04,141.514679,Million USD,Normal,
Summary of Foreign Investment in Pakistan,TS_GP_FI_SUMFIPK_M.FI00040,FDI Inflow,31-May-04,174.796991,Million USD,Normal,
Summary of Foreign Investment in Pakistan,TS_GP_FI_SUMFIPK_M.FI00040,FDI Inflow,30-Jun-04,56.537414,Million USD,Normal,
Summary of Foreign Investment in Pakistan,TS_GP_FI_SUMFIPK_M.FI00040,FDI Inflow,31-Jul-04,73.414529,Million USD,Normal,
Summary of Foreign Investment in Pakistan,TS_GP_FI_SUMFIPK_M.FI00040,FDI Inflow,31-Aug-04,58.605166,Million USD,Normal,
Summary of Foreign Investment in Pakistan,TS_GP_FI_SUMFIPK_M.FI00040,FDI Inflow,30-Sep-04,74.235966,Million USD,Normal,
Summary of Foreign Investment in Pakistan,TS_GP_FI_SUMFIPK_M.FI00040,FDI Inflow,31-Oct-04,98.143301,Million USD,Normal,
Summary of Foreign Investment in Pakistan,TS_GP_FI_SUMFIPK_M.FI00040,FDI Inflow,30-Nov-04,54.307799,Million USD,Normal,
Summary of Foreign Investment in Pakistan,TS_GP_FI_SUMFIPK_M.FI00040,FDI Inflow,31-Dec-04,119.272754,Million USD,Normal,
Summary of Foreign Investment in Pakistan,TS_GP_FI_SUMFIPK_M.FI00040,FDI Inflow,31-Jan-05,77.122252,Million USD,Normal,
Summary of Foreign Investment in Pakistan,TS_GP_FI_SUMFIPK_M.FI00040,FDI Inflow,28-Feb-05,85.843249,Million USD,Normal,
Summary of Foreign Investment in Pakistan,TS_GP_FI_SUMFIPK_M.FI00040,FDI Inflow,31-Mar-05,196.927417,Million USD,Normal,
Summary of Foreign Investment in Pakistan,TS_GP_FI_SUMFIPK_M.FI00040,FDI Inflow,30-Apr-05,106.604412,Million USD,Normal,
Summary of Foreign Investment in Pakistan,TS_GP_FI_SUMFIPK_M.FI00040,FDI Inflow,31-May-05,140.274207,Million USD,Normal,
Summary of Foreign Investment in Pakistan,TS_GP_FI_SUMFIPK_M.FI00040,FDI Inflow,30-Jun-05,499.078381,Million USD,Normal,
Summary of Foreign Investment in Pakistan,TS_GP_FI_SUMFIPK_M.FI00040,FDI Inflow,31-Jul-05,127.647476,Million USD,Normal,
Summary of Foreign Investment in Pakistan,TS_GP_FI_SUMFIPK_M.FI00040,FDI Inflow,31-Aug-05,109.272775,Million USD,Normal,
Summary of Foreign Investment in Pakistan,TS_GP_FI_SUMFIPK_M.FI00040,FDI Inflow,30-Sep-05,128.225841,Million USD,Normal,
Summary of Foreign Investment in Pakistan,TS_GP_FI_SUMFIPK_M.FI00040,FDI Inflow,31-Oct-05,143.952762,Million USD,Normal,
Summary of Foreign Investment in Pakistan,TS_GP_FI_SUMFIPK_M.FI00040,FDI Inflow,30-Nov-05,400.683359,Million USD,Normal,
Summary of Foreign Investment in Pakistan,TS_GP_FI_SUMFIPK_M.FI00040,FDI Inflow,31-Dec-05,372.273708,Million USD,Normal,
Summary of Foreign Investment in Pakistan,TS_GP_FI_SUMFIPK_M.FI00040,FDI Inflow,31-Jan-06,127.215251,Million USD,Normal,
Summary of Foreign Investment in Pakistan,TS_GP_FI_SUMFIPK_M.FI00040,FDI Inflow,28-Feb-06,288.807679,Million USD,Normal,
Summary of Foreign Investment in Pakistan,TS_GP_FI_SUMFIPK_M.FI00040,FDI Inflow,31-Mar-06,727.382597,Million USD,Normal,
Summary of Foreign Investment in Pakistan,TS_GP_FI_SUMFIPK_M.FI00040,FDI Inflow,30-Apr-06,798.468805,Million USD,Normal,
Summary of Foreign Investment in Pakistan,TS_GP_FI_SUMFIPK_M.FI00040,FDI Inflow,31-May-06,196.516635,Million USD,Normal,
Summary of Foreign Investment in Pakistan,TS_GP_FI_SUMFIPK_M.FI00040,FDI Inflow,30-Jun-06,295.692606,Million USD,Normal,
Summary of Foreign Investment in Pakistan,TS_GP_FI_SUMFIPK_M.FI00040,FDI Inflow,31-Jul-06,174.654787,Million USD,Normal,
Summary of Foreign Investment in Pakistan,TS_GP_FI_SUMFIPK_M.FI00040,FDI Inflow,31-Aug-06,216.86222,Million USD,Normal,
Summary of Foreign Investment in Pakistan,TS_GP_FI_SUMFIPK_M.FI00040,FDI Inflow,30-Sep-06,659.759975,Million USD,Normal,
Summary of Foreign Investment in Pakistan,TS_GP_FI_SUMFIPK_M.FI00040,FDI Inflow,31-Oct-06,235.855173,Million USD,Normal,
Summary of Foreign Investment in Pakistan,TS_GP_FI_SUMFIPK_M.FI00040,FDI Inflow,30-Nov-06,236.390611,Million USD,Normal,
Summary of Foreign Investment in Pakistan,TS_GP_FI_SUMFIPK_M.FI00040,FDI Inflow,31-Dec-06,409.647894,Million USD,Normal,
Summary of Foreign Investment in Pakistan,TS_GP_FI_SUMFIPK_M.FI00040,FDI Inflow,31-Jan-07,246.567162,Million USD,Normal,
Summary of Foreign Investment in Pakistan,TS_GP_FI_SUMFIPK_M.FI00040,FDI Inflow,28-Feb-07,881.102938,Million USD,Normal,
Summary of Foreign Investment in Pakistan,TS_GP_FI_SUMFIPK_M.FI00040,FDI Inflow,31-Mar-07,899.228518,Million USD,Normal,
Summary of Foreign Investment in Pakistan,TS_GP_FI_SUMFIPK_M.FI00040,FDI Inflow,30-Apr-07,457.319788,Million USD,Normal,
Summary of Foreign Investment in Pakistan,TS_GP_FI_SUMFIPK_M.FI00040,FDI Inflow,31-May-07,345.916053,Million USD,Normal,
Summary of Foreign Investment in Pakistan,TS_GP_FI_SUMFIPK_M.FI00040,FDI Inflow,30-Jun-07,638.581257,Million USD,Normal,
Summary of Foreign Investment in Pakistan,TS_GP_FI_SUMFIPK_M.FI00040,FDI Inflow,31-Jul-07,429.489956,Million USD,Normal,
Summary of Foreign Investment in Pakistan,TS_GP_FI_SUMFIPK_M.FI00040,FDI Inflow,31-Aug-07,301.569228,Million USD,Normal,
Summary of Foreign Investment in Pakistan,TS_GP_FI_SUMFIPK_M.FI00040,FDI Inflow,30-Sep-07,615.089001,Million USD,Normal,
Summary of Foreign Investment in Pakistan,TS_GP_FI_SUMFIPK_M.FI00040,FDI Inflow,31-Oct-07,326.59701,Million USD,Normal,
Summary of Foreign Investment in Pakistan,TS_GP_FI_SUMFIPK_M.FI00040,FDI Inflow,30-Nov-07,405.744341,Million USD,Normal,
Summary of Foreign Investment in Pakistan,TS_GP_FI_SUMFIPK_M.FI00040,FDI Inflow,31-Dec-07,366.087344,Million USD,Normal,
Summary of Foreign Investment in Pakistan,TS_GP_FI_SUMFIPK_M.FI00040,FDI Inflow,31-Jan-08,246.124393,Million USD,Normal,
Summary of Foreign Investment in Pakistan,TS_GP_FI_SUMFIPK_M.FI00040,FDI Inflow,29-Feb-08,246.569191,Million USD,Normal,
Summary of Foreign Investment in Pakistan,TS_GP_FI_SUMFIPK_M.FI00040,FDI Inflow,31-Mar-08,529.440646,Million USD,Normal,
Summary of Foreign Investment in Pakistan,TS_GP_FI_SUMFIPK_M.FI00040,FDI Inflow,30-Apr-08,456.170286,Million USD,Normal,
Summary of Foreign Investment in Pakistan,TS_GP_FI_SUMFIPK_M.FI00040,FDI Inflow,31-May-08,441.357247,Million USD,Normal,
Summary of Foreign Investment in Pakistan,TS_GP_FI_SUMFIPK_M.FI00040,FDI Inflow,30-Jun-08,1281.058809,Million USD,Normal,
Summary of Foreign Investment in Pakistan,TS_GP_FI_SUMFIPK_M.FI00040,FDI Inflow,31-Jul-08,429.503039,Million USD,Normal,
Summary of Foreign Investment in Pakistan,TS_GP_FI_SUMFIPK_M.FI00040,FDI Inflow,31-Aug-08,496.938576,Million USD,Normal,
Summary of Foreign Investment in Pakistan,TS_GP_FI_SUMFIPK_M.FI00040,FDI Inflow,30-Sep-08,306.037695,Million USD,Normal,
Summary of Foreign Investment in Pakistan,TS_GP_FI_SUMFIPK_M.FI00040,FDI Inflow,31-Oct-08,230.128916,Million USD,Normal,
Summary of Foreign Investment in Pakistan,TS_GP_FI_SUMFIPK_M.FI00040,FDI Inflow,30-Nov-08,320.202127,Million USD,Normal,
Summary of Foreign Investment in Pakistan,TS_GP_FI_SUMFIPK_M.FI00040,FDI Inflow,31-Dec-08,743.416235,Million USD,Normal,
Summary of Foreign Investment in Pakistan,TS_GP_FI_SUMFIPK_M.FI00040,FDI Inflow,31-Jan-09,322.021234,Million USD,Normal,
Summary of Foreign Investment in Pakistan,TS_GP_FI_SUMFIPK_M.FI00040,FDI Inflow,28-Feb-09,297.943655,Million USD,Normal,
Summary of Foreign Investment in Pakistan,TS_GP_FI_SUMFIPK_M.FI00040,FDI Inflow,31-Mar-09,330.799641,Million USD,Normal,
Summary of Foreign Investment in Pakistan,TS_GP_FI_SUMFIPK_M.FI00040,FDI Inflow,30-Apr-09,252.678713,Million USD,Normal,
Summary of Foreign Investment in Pakistan,TS_GP_FI_SUMFIPK_M.FI00040,FDI Inflow,31-May-09,266.208194,Million USD,Normal,
Summary of Foreign Investment in Pakistan,TS_GP_FI_SUMFIPK_M.FI00040,FDI Inflow,30-Jun-09,483.517295,Million USD,Normal,
Summary of Foreign Investment in Pakistan,TS_GP_FI_SUMFIPK_M.FI00040,FDI Inflow,31-Jul-09,206.008125,Million USD,Normal,
Summary of Foreign Investment in Pakistan,TS_GP_FI_SUMFIPK_M.FI00040,FDI Inflow,31-Aug-09,187.786015,Million USD,Normal,
Summary of Foreign Investment in Pakistan,TS_GP_FI_SUMFIPK_M.FI00040,FDI Inflow,30-Sep-09,165.910498,Million USD,Normal,
Summary of Foreign Investment in Pakistan,TS_GP_FI_SUMFIPK_M.FI00040,FDI Inflow,31-Oct-09,215.407191,Million USD,Normal,
Summary of Foreign Investment in Pakistan,TS_GP_FI_SUMFIPK_M.FI00040,FDI Inflow,30-Nov-09,167.020088,Million USD,Normal,
Summary of Foreign Investment in Pakistan,TS_GP_FI_SUMFIPK_M.FI00040,FDI Inflow,31-Dec-09,419.053446,Million USD,Normal,
Summary of Foreign Investment in Pakistan,TS_GP_FI_SUMFIPK_M.FI00040,FDI Inflow,31-Jan-10,249.5388,Million USD,Normal,
Summary of Foreign Investment in Pakistan,TS_GP_FI_SUMFIPK_M.FI00040,FDI Inflow,28-Feb-10,227.194861,Million USD,Normal,
Summary of Foreign Investment in Pakistan,TS_GP_FI_SUMFIPK_M.FI00040,FDI Inflow,31-Mar-10,342.472461,Million USD,Normal,
Summary of Foreign Investment in Pakistan,TS_GP_FI_SUMFIPK_M.FI00040,FDI Inflow,30-Apr-10,315.217311,Million USD,Normal,
Summary of Foreign Investment in Pakistan,TS_GP_FI_SUMFIPK_M.FI00040,FDI Inflow,31-May-10,346.670904,Million USD,Normal,
Summary of Foreign Investment in Pakistan,TS_GP_FI_SUMFIPK_M.FI00040,FDI Inflow,30-Jun-10,342.096181,Million USD,Normal,
Summary of Foreign Investment in Pakistan,TS_GP_FI_SUMFIPK_M.FI00040,FDI Inflow,31-Jul-10,154.124962,Million USD,Normal,
Summary of Foreign Investment in Pakistan,TS_GP_FI_SUMFIPK_M.FI00040,FDI Inflow,31-Aug-10,136.383831,Million USD,Normal,
Summary of Foreign Investment in Pakistan,TS_GP_FI_SUMFIPK_M.FI00040,FDI Inflow,30-Sep-10,240.049159,Million USD,Normal,
Summary of Foreign Investment in Pakistan,TS_GP_FI_SUMFIPK_M.FI00040,FDI Inflow,31-Oct-10,121.392355,Million USD,Normal,
Summary of Foreign Investment in Pakistan,TS_GP_FI_SUMFIPK_M.FI00040,FDI Inflow,30-Nov-10,138.512455,Million USD,Normal,
Summary of Foreign Investment in Pakistan,TS_GP_FI_SUMFIPK_M.FI00040,FDI Inflow,31-Dec-10,354.827527,Million USD,Normal,
Summary of Foreign Investment in Pakistan,TS_GP_FI_SUMFIPK_M.FI00040,FDI Inflow,31-Jan-11,195.908313,Million USD,Normal,
Summary of Foreign Investment in Pakistan,TS_GP_FI_SUMFIPK_M.FI00040,FDI Inflow,28-Feb-11,110.27177,Million USD,Normal,
Summary of Foreign Investment in Pakistan,TS_GP_FI_SUMFIPK_M.FI00040,FDI Inflow,31-Mar-11,199.101636,Million USD,Normal,
Summary of Foreign Investment in Pakistan,TS_GP_FI_SUMFIPK_M.FI00040,FDI Inflow,30-Apr-11,178.498706,Million USD,Normal,
Summary of Foreign Investment in Pakistan,TS_GP_FI_SUMFIPK_M.FI00040,FDI Inflow,31-May-11,212.143803,Million USD,Normal,
Summary of Foreign Investment in Pakistan,TS_GP_FI_SUMFIPK_M.FI00040,FDI Inflow,30-Jun-11,228.39478,Million USD,Normal,
Summary of Foreign Investment in Pakistan,TS_GP_FI_SUMFIPK_M.FI00040,FDI Inflow,31-Jul-11,150.335902,Million USD,Normal,
Summary of Foreign Investment in Pakistan,TS_GP_FI_SUMFIPK_M.FI00040,FDI Inflow,31-Aug-11,147.260676,Million USD,Normal,
Summary of Foreign Investment in Pakistan,TS_GP_FI_SUMFIPK_M.FI00040,FDI Inflow,30-Sep-11,282.620527,Million USD,Normal,
Summary of Foreign Investment in Pakistan,TS_GP_FI_SUMFIPK_M.FI00040,FDI Inflow,31-Oct-11,186.429846,Million USD,Normal,
Summary of Foreign Investment in Pakistan,TS_GP_FI_SUMFIPK_M.FI00040,FDI Inflow,30-Nov-11,168.977015,Million USD,Normal,
Summary of Foreign Investment in Pakistan,TS_GP_FI_SUMFIPK_M.FI00040,FDI Inflow,31-Dec-11,209.724829,Million USD,Normal,
Summary of Foreign Investment in Pakistan,TS_GP_FI_SUMFIPK_M.FI00040,FDI Inflow,31-Jan-12,122.735363,Million USD,Normal,
Summary of Foreign Investment in Pakistan,TS_GP_FI_SUMFIPK_M.FI00040,FDI Inflow,29-Feb-12,156.19043,Million USD,Normal,
Summary of Foreign Investment in Pakistan,TS_GP_FI_SUMFIPK_M.FI00040,FDI Inflow,31-Mar-12,164.463659,Million USD,Normal,
Summary of Foreign Investment in Pakistan,TS_GP_FI_SUMFIPK_M.FI00040,FDI Inflow,30-Apr-12,134.430244,Million USD,Normal,
Summary of Foreign Investment in Pakistan,TS_GP_FI_SUMFIPK_M.FI00040,FDI Inflow,31-May-12,184.354692,Million USD,Normal,
Summary of Foreign Investment in Pakistan,TS_GP_FI_SUMFIPK_M.FI00040,FDI Inflow,30-Jun-12,191.430417,Million USD,Normal,
Summary of Foreign Investment in Pakistan,TS_GP_FI_SUMFIPK_M.FI00040,FDI Inflow,31-Jul-12,109.494132,Million USD,Normal,
Summary of Foreign Investment in Pakistan,TS_GP_FI_SUMFIPK_M.FI00040,FDI Inflow,31-Aug-12,183.888124,Million USD,Normal,
Summary of Foreign Investment in Pakistan,TS_GP_FI_SUMFIPK_M.FI00040,FDI Inflow,30-Sep-12,170.721948,Million USD,Normal,
Summary of Foreign Investment in Pakistan,TS_GP_FI_SUMFIPK_M.FI00040,FDI Inflow,31-Oct-12,192.649323,Million USD,Normal,
Summary of Foreign Investment in Pakistan,TS_GP_FI_SUMFIPK_M.FI00040,FDI Inflow,30-Nov-12,130.854034,Million USD,Normal,
Summary of Foreign Investment in Pakistan,TS_GP_FI_SUMFIPK_M.FI00040,FDI Inflow,31-Dec-12,314.238397,Million USD,Normal,
Summary of Foreign Investment in Pakistan,TS_GP_FI_SUMFIPK_M.FI00040,FDI Inflow,31-Jan-13,154.16177,Million USD,Normal,
Summary of Foreign Investment in Pakistan,TS_GP_FI_SUMFIPK_M.FI00040,FDI Inflow,28-Feb-13,162.62789,Million USD,Normal,
Summary of Foreign Investment in Pakistan,TS_GP_FI_SUMFIPK_M.FI00040,FDI Inflow,31-Mar-13,185.451974,Million USD,Normal,
Summary of Foreign Investment in Pakistan,TS_GP_FI_SUMFIPK_M.FI00040,FDI Inflow,30-Apr-13,301.564569,Million USD,Normal,
Summary of Foreign Investment in Pakistan,TS_GP_FI_SUMFIPK_M.FI00040,FDI Inflow,31-May-13,571.939082,Million USD,Normal,
Summary of Foreign Investment in Pakistan,TS_GP_FI_SUMFIPK_M.FI00040,FDI Inflow,30-Jun-13,187.750374,Million USD,Normal,
Summary of Foreign Investment in Pakistan,TS_GP_FI_SUMFIPK_M.FI00040,FDI Inflow,31-Jul-13,211.948944,Million USD,Normal,
Summary of Foreign Investment in Pakistan,TS_GP_FI_SUMFIPK_M.FI00040,FDI Inflow,31-Aug-13,156.633457,Million USD,Normal,
Summary of Foreign Investment in Pakistan,TS_GP_FI_SUMFIPK_M.FI00040,FDI Inflow,30-Sep-13,176.486839,Million USD,Normal,
Summary of Foreign Investment in Pakistan,TS_GP_FI_SUMFIPK_M.FI00040,FDI Inflow,31-Oct-13,165.379656,Million USD,Normal,
Summary of Foreign Investment in Pakistan,TS_GP_FI_SUMFIPK_M.FI00040,FDI Inflow,30-Nov-13,138.649036,Million USD,Normal,
Summary of Foreign Investment in Pakistan,TS_GP_FI_SUMFIPK_M.FI00040,FDI Inflow,31-Dec-13,201.686581,Million USD,Normal,
Summary of Foreign Investment in Pakistan,TS_GP_FI_SUMFIPK_M.FI00040,FDI Inflow,31-Jan-14,207.4068,Million USD,Normal,
Summary of Foreign Investment in Pakistan,TS_GP_FI_SUMFIPK_M.FI00040,FDI Inflow,28-Feb-14,161.987889,Million USD,Normal,
Summary of Foreign Investment in Pakistan,TS_GP_FI_SUMFIPK_M.FI00040,FDI Inflow,31-Mar-14,179.19823,Million USD,Normal,
Summary of Foreign Investment in Pakistan,TS_GP_FI_SUMFIPK_M.FI00040,FDI Inflow,30-Apr-14,266.932331,Million USD,Normal,
Summary of Foreign Investment in Pakistan,TS_GP_FI_SUMFIPK_M.FI00040,FDI Inflow,30-May-14,704.840474,Million USD,Normal,
Summary of Foreign Investment in Pakistan,TS_GP_FI_SUMFIPK_M.FI00040,FDI Inflow,30-Jun-14,276.269378,Million USD,Normal,
Summary of Foreign Investment in Pakistan,TS_GP_FI_SUMFIPK_M.FI00040,FDI Inflow,30-Jul-14,150.221471,Million USD,Normal,
Summary of Foreign Investment in Pakistan,TS_GP_FI_SUMFIPK_M.FI00040,FDI Inflow,30-Aug-14,136.202587,Million USD,Normal,
Summary of Foreign Investment in Pakistan,TS_GP_FI_SUMFIPK_M.FI00040,FDI Inflow,30-Sep-14,143.611891,Million USD,Normal,
Summary of Foreign Investment in Pakistan,TS_GP_FI_SUMFIPK_M.FI00040,FDI Inflow,30-Oct-14,973.533301,Million USD,Normal,
Summary of Foreign Investment in Pakistan,TS_GP_FI_SUMFIPK_M.FI00040,FDI Inflow,30-Nov-14,163.156842,Million USD,Normal,
Summary of Foreign Investment in Pakistan,TS_GP_FI_SUMFIPK_M.FI00040,FDI Inflow,31-Dec-14,237.622238,Million USD,Normal,
Summary of Foreign Investment in Pakistan,TS_GP_FI_SUMFIPK_M.FI00040,FDI Inflow,31-Jan-15,105.923472,Million USD,Normal,
Summary of Foreign Investment in Pakistan,TS_GP_FI_SUMFIPK_M.FI00040,FDI Inflow,01-Feb-15,138.002663,Million USD,Normal,
Summary of Foreign Investment in Pakistan,TS_GP_FI_SUMFIPK_M.FI00040,FDI Inflow,31-Mar-15,184.324573,Million USD,Normal,
Summary of Foreign Investment in Pakistan,TS_GP_FI_SUMFIPK_M.FI00040,FDI Inflow,30-Apr-15,205.954288,Million USD,Normal,
Summary of Foreign Investment in Pakistan,TS_GP_FI_SUMFIPK_M.FI00040,FDI Inflow,31-May-15,196.666065,Million USD,Normal,
Summary of Foreign Investment in Pakistan,TS_GP_FI_SUMFIPK_M.FI00040,FDI Inflow,30-Jun-15,207.726,Million USD,Normal,
Summary of Foreign Investment in Pakistan,TS_GP_FI_SUMFIPK_M.FI00040,FDI Inflow,30-Jul-15,275.270859,Million USD,Normal,
Summary of Foreign Investment in Pakistan,TS_GP_FI_SUMFIPK_M.FI00040,FDI Inflow,30-Aug-15,261.919835,Million USD,Normal,
Summary of Foreign Investment in Pakistan,TS_GP_FI_SUMFIPK_M.FI00040,FDI Inflow,30-Sep-15,241.258835,Million USD,Normal,
Summary of Foreign Investment in Pakistan,TS_GP_FI_SUMFIPK_M.FI00040,FDI Inflow,30-Oct-15,263.431054,Million USD,Normal,
Summary of Foreign Investment in Pakistan,TS_GP_FI_SUMFIPK_M.FI00040,FDI Inflow,30-Nov-15,293.741857,Million USD,Normal,
Summary of Foreign Investment in Pakistan,TS_GP_FI_SUMFIPK_M.FI00040,FDI Inflow,30-Dec-15,426.032013,Million USD,Normal,
Summary of Foreign Investment in Pakistan,TS_GP_FI_SUMFIPK_M.FI00040,FDI Inflow,31-Jan-16,147.128345,Million USD,Normal,
Summary of Foreign Investment in Pakistan,TS_GP_FI_SUMFIPK_M.FI00040,FDI Inflow,29-Feb-16,212.051319,Million USD,Normal,
Summary of Foreign Investment in Pakistan,TS_GP_FI_SUMFIPK_M.FI00040,FDI Inflow,31-Mar-16,363.210403,Million USD,Normal,
Summary of Foreign Investment in Pakistan,TS_GP_FI_SUMFIPK_M.FI00040,FDI Inflow,30-Apr-16,237.721808,Million USD,Normal,
Summary of Foreign Investment in Pakistan,TS_GP_FI_SUMFIPK_M.FI00040,FDI Inflow,31-May-16,194.946449,Million USD,Normal,
Summary of Foreign Investment in Pakistan,TS_GP_FI_SUMFIPK_M.FI00040,FDI Inflow,30-Jun-16,339.618804,Million USD,Normal,
Summary of Foreign Investment in Pakistan,TS_GP_FI_SUMFIPK_M.FI00040,FDI Inflow,31-Jul-16,157.700393,Million USD,Normal,
Summary of Foreign Investment in Pakistan,TS_GP_FI_SUMFIPK_M.FI00040,FDI Inflow,31-Aug-16,164.745783,Million USD,Normal,
Summary of Foreign Investment in Pakistan,TS_GP_FI_SUMFIPK_M.FI00040,FDI Inflow,30-Sep-16,223.377322,Million USD,Normal,
Summary of Foreign Investment in Pakistan,TS_GP_FI_SUMFIPK_M.FI00040,FDI Inflow,31-Oct-16,212.696467,Million USD,Normal,
Summary of Foreign Investment in Pakistan,TS_GP_FI_SUMFIPK_M.FI00040,FDI Inflow,30-Nov-16,268.254423,Million USD,Normal,
Summary of Foreign Investment in Pakistan,TS_GP_FI_SUMFIPK_M.FI00040,FDI Inflow,31-Dec-16,772.739635,Million USD,Normal,
Summary of Foreign Investment in Pakistan,TS_GP_FI_SUMFIPK_M.FI00040,FDI Inflow,31-Jan-17,154.510925,Million USD,Normal,
Summary of Foreign Investment in Pakistan,TS_GP_FI_SUMFIPK_M.FI00040,FDI Inflow,28-Feb-17,144.369504,Million USD,Normal,
Summary of Foreign Investment in Pakistan,TS_GP_FI_SUMFIPK_M.FI00040,FDI Inflow,31-Mar-17,274.003374,Million USD,Normal,
Summary of Foreign Investment in Pakistan,TS_GP_FI_SUMFIPK_M.FI00040,FDI Inflow,30-Apr-17,163.079333,Million USD,Normal,
Summary of Foreign Investment in Pakistan,TS_GP_FI_SUMFIPK_M.FI00040,FDI Inflow,31-May-17,320.487973,Million USD,Normal,
Summary of Foreign Investment in Pakistan,TS_GP_FI_SUMFIPK_M.FI00040,FDI Inflow,30-Jun-17,254.811609,Million USD,Normal,
Summary of Foreign Investment in Pakistan,TS_GP_FI_SUMFIPK_M.FI00040,FDI Inflow,31-Jul-17,530.017205,Million USD,Normal,
Summary of Foreign Investment in Pakistan,TS_GP_FI_SUMFIPK_M.FI00040,FDI Inflow,31-Aug-17,332.696395,Million USD,Normal,
Summary of Foreign Investment in Pakistan,TS_GP_FI_SUMFIPK_M.FI00040,FDI Inflow,30-Sep-17,222.178678,Million USD,Normal,
Summary of Foreign Investment in Pakistan,TS_GP_FI_SUMFIPK_M.FI00040,FDI Inflow,31-Oct-17,350.502094,Million USD,Normal,
Summary of Foreign Investment in Pakistan,TS_GP_FI_SUMFIPK_M.FI00040,FDI Inflow,30-Nov-17,279.259936,Million USD,Normal,
Summary of Foreign Investment in Pakistan,TS_GP_FI_SUMFIPK_M.FI00040,FDI Inflow,31-Dec-17,257.799712,Million USD,Normal,
Summary of Foreign Investment in Pakistan,TS_GP_FI_SUMFIPK_M.FI00040,FDI Inflow,31-Jan-18,182.47311,Million USD,Normal,
Summary of Foreign Investment in Pakistan,TS_GP_FI_SUMFIPK_M.FI00040,FDI Inflow,28-Feb-18,309.12031,Million USD,Normal,
Summary of Foreign Investment in Pakistan,TS_GP_FI_SUMFIPK_M.FI00040,FDI Inflow,31-Mar-18,186.668226,Million USD,Normal,
Summary of Foreign Investment in Pakistan,TS_GP_FI_SUMFIPK_M.FI00040,FDI Inflow,30-Apr-18,226.87116,Million USD,Normal,
Summary of Foreign Investment in Pakistan,TS_GP_FI_SUMFIPK_M.FI00040,FDI Inflow,31-May-18,307.554023,Million USD,Normal,
Summary of Foreign Investment in Pakistan,TS_GP_FI_SUMFIPK_M.FI00040,FDI Inflow,30-Jun-18,309.371099,Million USD,Normal,
Summary of Foreign Investment in Pakistan,TS_GP_FI_SUMFIPK_M.FI00040,FDI Inflow,31-Jul-18,216.692436,Million USD,Normal,
Summary of Foreign Investment in Pakistan,TS_GP_FI_SUMFIPK_M.FI00040,FDI Inflow,31-Aug-18,231.746941,Million USD,Normal,
Summary of Foreign Investment in Pakistan,TS_GP_FI_SUMFIPK_M.FI00040,FDI Inflow,30-Sep-18,185.787828,Million USD,Normal,
Summary of Foreign Investment in Pakistan,TS_GP_FI_SUMFIPK_M.FI00040,FDI Inflow,31-Oct-18,224.65594,Million USD,Normal,
Summary of Foreign Investment in Pakistan,TS_GP_FI_SUMFIPK_M.FI00040,FDI Inflow,30-Nov-18,344.355426,Million USD,Normal,
Summary of Foreign Investment in Pakistan,TS_GP_FI_SUMFIPK_M.FI00040,FDI Inflow,31-Dec-18,349.869829,Million USD,Normal,
Summary of Foreign Investment in Pakistan,TS_GP_FI_SUMFIPK_M.FI00040,FDI Inflow,31-Jan-19,216.081657,Million USD,Normal,
Summary of Foreign Investment in Pakistan,TS_GP_FI_SUMFIPK_M.FI00040,FDI Inflow,28-Feb-19,175.930414,Million USD,Normal,
Summary of Foreign Investment in Pakistan,TS_GP_FI_SUMFIPK_M.FI00040,FDI Inflow,31-Mar-19,201.792327,Million USD,Normal,
Summary of Foreign Investment in Pakistan,TS_GP_FI_SUMFIPK_M.FI00040,FDI Inflow,30-Apr-19,167.246333,Million USD,Normal,
Summary of Foreign Investment in Pakistan,TS_GP_FI_SUMFIPK_M.FI00040,FDI Inflow,31-May-19,312.006298,Million USD,Normal,
Summary of Foreign Investment in Pakistan,TS_GP_FI_SUMFIPK_M.FI00040,FDI Inflow,30-Jun-19,159.052531,Million USD,Normal,
Summary of Foreign Investment in Pakistan,TS_GP_FI_SUMFIPK_M.FI00040,FDI Inflow,31-Jul-19,165.226828,Million USD,Normal,
Summary of Foreign Investment in Pakistan,TS_GP_FI_SUMFIPK_M.FI00040,FDI Inflow,31-Aug-19,149.394329,Million USD,Normal,
Summary of Foreign Investment in Pakistan,TS_GP_FI_SUMFIPK_M.FI00040,FDI Inflow,30-Sep-19,438.260875,Million USD,Normal,
Summary of Foreign Investment in Pakistan,TS_GP_FI_SUMFIPK_M.FI00040,FDI Inflow,31-Oct-19,189.727539,Million USD,Normal,
Summary of Foreign Investment in Pakistan,TS_GP_FI_SUMFIPK_M.FI00040,FDI Inflow,30-Nov-19,240.978104,Million USD,Normal,
Summary of Foreign Investment in Pakistan,TS_GP_FI_SUMFIPK_M.FI00040,FDI Inflow,31-Dec-19,579.734564,Million USD,Normal,
Summary of Foreign Investment in Pakistan,TS_GP_FI_SUMFIPK_M.FI00040,FDI Inflow,31-Jan-20,294.606858,Million USD,Normal,
Summary of Foreign Investment in Pakistan,TS_GP_FI_SUMFIPK_M.FI00040,FDI Inflow,29-Feb-20,321.023531,Million USD,Normal,
Summary of Foreign Investment in Pakistan,TS_GP_FI_SUMFIPK_M.FI00040,FDI Inflow,31-Mar-20,319.843206,Million USD,Normal,
Summary of Foreign Investment in Pakistan,TS_GP_FI_SUMFIPK_M.FI00040,FDI Inflow,30-Apr-20,192.645197,Million USD,Normal,
Summary of Foreign Investment in Pakistan,TS_GP_FI_SUMFIPK_M.FI00040,FDI Inflow,30-May-20,204.98901,Million USD,Normal,
Summary of Foreign Investment in Pakistan,TS_GP_FI_SUMFIPK_M.FI00040,FDI Inflow,30-Jun-20,225.636328,Million USD,Normal,
Summary of Foreign Investment in Pakistan,TS_GP_FI_SUMFIPK_M.FI00040,FDI Inflow,31-Jul-20,180.272729,Million USD,Normal,
Summary of Foreign Investment in Pakistan,TS_GP_FI_SUMFIPK_M.FI00040,FDI Inflow,31-Aug-20,193.019443,Million USD,Normal,
Summary of Foreign Investment in Pakistan,TS_GP_FI_SUMFIPK_M.FI00040,FDI Inflow,30-Sep-20,277.853722,Million USD,Normal,
Summary of Foreign Investment in Pakistan,TS_GP_FI_SUMFIPK_M.FI00040,FDI Inflow,31-Oct-20,376.81025,Million USD,Normal,
Summary of Foreign Investment in Pakistan,TS_GP_FI_SUMFIPK_M.FI00040,FDI Inflow,30-Nov-20,312.673782,Million USD,Normal,
Summary of Foreign Investment in Pakistan,TS_GP_FI_SUMFIPK_M.FI00040,FDI Inflow,31-Dec-20,255.7690792,Million USD,Normal,
Summary of Foreign Investment in Pakistan,TS_GP_FI_SUMFIPK_M.FI00040,FDI Inflow,31-Jan-21,268.0592943,Million USD,Normal,
Summary of Foreign Investment in Pakistan,TS_GP_FI_SUMFIPK_M.FI00040,FDI Inflow,28-Feb-21,208.524931,Million USD,Normal,
Summary of Foreign Investment in Pakistan,TS_GP_FI_SUMFIPK_M.FI00040,FDI Inflow,31-Mar-21,259.0966255,Million USD,Normal,
Summary of Foreign Investment in Pakistan,TS_GP_FI_SUMFIPK_M.FI00040,FDI Inflow,30-Apr-21,248.138906,Million USD,Normal,
Summary of Foreign Investment in Pakistan,TS_GP_FI_SUMFIPK_M.FI00040,FDI Inflow,31-May-21,264.321629,Million USD,Normal,
Summary of Foreign Investment in Pakistan,TS_GP_FI_SUMFIPK_M.FI00040,FDI Inflow,30-Jun-21,216.9003712,Million USD,Normal,
Summary of Foreign Investment in Pakistan,TS_GP_FI_SUMFIPK_M.FI00040,FDI Inflow,31-Jul-21,163.452855,Million USD,Normal,NA
Summary of Foreign Investment in Pakistan,TS_GP_FI_SUMFIPK_M.FI00040,FDI Inflow,31-Aug-21,167.515675,Million USD,Normal,NA
Summary of Foreign Investment in Pakistan,TS_GP_FI_SUMFIPK_M.FI00040,FDI Inflow,30-Sep-21,290.740189,Million USD,Normal,NA
Summary of Foreign Investment in Pakistan,TS_GP_FI_SUMFIPK_M.FI00040,FDI Inflow,31-Oct-21,283.599581,Million USD,Normal,NA
Summary of Foreign Investment in Pakistan,TS_GP_FI_SUMFIPK_M.FI00040,FDI Inflow,30-Nov-21,202.668712,Million USD,Normal,NA
Summary of Foreign Investment in Pakistan,TS_GP_FI_SUMFIPK_M.FI00040,FDI Inflow,31-Dec-21,368.647334,Million USD,Normal,NA
Summary of Foreign Investment in Pakistan,TS_GP_FI_SUMFIPK_M.FI00040,FDI Inflow,31-Jan-22,195.129988,Million USD,Normal,NA
Summary of Foreign Investment in Pakistan,TS_GP_FI_SUMFIPK_M.FI00040,FDI Inflow,28-Feb-22,166.666235,Million USD,Normal,NA
Summary of Foreign Investment in Pakistan,TS_GP_FI_SUMFIPK_M.FI00040,FDI Inflow,31-Mar-22,199.011172,Million USD,Normal,NA
Summary of Foreign Investment in Pakistan,TS_GP_FI_SUMFIPK_M.FI00040,FDI Inflow,30-Apr-22,194.358326,Million USD,Normal,NA
Summary of Foreign Investment in Pakistan,TS_GP_FI_SUMFIPK_M.FI00040,FDI Inflow,31-May-22,167.313384,Million USD,Normal,NA
Summary of Foreign Investment in Pakistan,TS_GP_FI_SUMFIPK_M.FI00040,FDI Inflow,30-Jun-22,293.362419,Million USD,Normal,NA
Summary of Foreign Investment in Pakistan,TS_GP_FI_SUMFIPK_M.FI00040,FDI Inflow,31-Jul-22,162.994609,Million USD,Normal,NA
Summary of Foreign Investment in Pakistan,TS_GP_FI_SUMFIPK_M.FI00040,FDI Inflow,31-Aug-22,180.615469,Million USD,Normal,NA
Summary of Foreign Investment in Pakistan,TS_GP_FI_SUMFIPK_M.FI00040,FDI Inflow,30-Sep-22,189.499484,Million USD,Normal,NA
Summary of Foreign Investment in Pakistan,TS_GP_FI_SUMFIPK_M.FI00040,FDI Inflow,31-Oct-22,178.225543,Million USD,Normal,NA
Summary of Foreign Investment in Pakistan,TS_GP_FI_SUMFIPK_M.FI00040,FDI Inflow,30-Nov-22,215.491661,Million USD,Normal,NA
Summary of Foreign Investment in Pakistan,TS_GP_FI_SUMFIPK_M.FI00040,FDI Inflow,31-Dec-22,289.968918,Million USD,Normal,NA
Summary of Foreign Investment in Pakistan,TS_GP_FI_SUMFIPK_M.FI00040,FDI Inflow,31-Jan-23,278.281996,Million USD,Normal,NA
Summary of Foreign Investment in Pakistan,TS_GP_FI_SUMFIPK_M.FI00040,FDI Inflow,28-Feb-23,152.524577,Million USD,Normal,NA
Summary of Foreign Investment in Pakistan,TS_GP_FI_SUMFIPK_M.FI00040,FDI Inflow,31-Mar-23,222.188292,Million USD,Normal,NA
Summary of Foreign Investment in Pakistan,TS_GP_FI_SUMFIPK_M.FI00040,FDI Inflow,30-Apr-23,162.573738,Million USD,Normal,NA
Summary of Foreign Investment in Pakistan,TS_GP_FI_SUMFIPK_M.FI00040,FDI Inflow,31-May-23,188.59558,Million USD,Normal,NA
Summary of Foreign Investment in Pakistan,TS_GP_FI_SUMFIPK_M.FI00040,FDI Inflow,30-Jun-23,155.335987,Million USD,Normal,NA
Summary of Foreign Investment in Pakistan,TS_GP_FI_SUMFIPK_M.FI00040,FDI Inflow,31-Jul-23,153.380444,Million USD,Normal,NA
Summary of Foreign Investment in Pakistan,TS_GP_FI_SUMFIPK_M.FI00040,FDI Inflow,31-Aug-23,203.54513,Million USD,Normal,NA
Summary of Foreign Investment in Pakistan,TS_GP_FI_SUMFIPK_M.FI00040,FDI Inflow,30-Sep-23,223.661864,Million USD,Normal,NA
Summary of Foreign Investment in Pakistan,TS_GP_FI_SUMFIPK_M.FI00040,FDI Inflow,31-Oct-23,174.186149,Million USD,Normal,NA
Summary of Foreign Investment in Pakistan,TS_GP_FI_SUMFIPK_M.FI00040,FDI Inflow,30-Nov-23,193.541876,Million USD,Normal,NA
Summary of Foreign Investment in Pakistan,TS_GP_FI_SUMFIPK_M.FI00040,FDI Inflow,31-Dec-23,260.575528,Million USD,Normal,NA
Summary of Foreign Investment in Pakistan,TS_GP_FI_SUMFIPK_M.FI00040,FDI Inflow,31-Jan-24,184.69776,Million USD,Normal,NA
Summary of Foreign Investment in Pakistan,TS_GP_FI_SUMFIPK_M.FI00040,FDI Inflow,29-Feb-24,177.314378,Million USD,Normal,NA
