Dataset,Series Key,Series,Observation Date,Observation Value,Unit,Observation Status,Observation Status Comment
Government Domestic Debt and Liabilities,TS_GP_BAM_GOVTDDL_M.GDDL00460,Total GDL,31-Jul-09,0,Billion PKR,Normal,
Government Domestic Debt and Liabilities,TS_GP_BAM_GOVTDDL_M.GDDL00460,Total GDL,31-Aug-09,0,Billion PKR,Normal,
Government Domestic Debt and Liabilities,TS_GP_BAM_GOVTDDL_M.GDDL00460,Total GDL,30-Sep-09,0,Billion PKR,Normal,
Government Domestic Debt and Liabilities,TS_GP_BAM_GOVTDDL_M.GDDL00460,Total GDL,31-Oct-09,0,Billion PKR,Normal,
Government Domestic Debt and Liabilities,TS_GP_BAM_GOVTDDL_M.GDDL00460,Total GDL,30-Nov-09,160.0129961,Billion PKR,Normal,
Government Domestic Debt and Liabilities,TS_GP_BAM_GOVTDDL_M.GDDL00460,Total GDL,31-Dec-09,146.385075,Billion PKR,Normal,
Government Domestic Debt and Liabilities,TS_GP_BAM_GOVTDDL_M.GDDL00460,Total GDL,31-Jan-10,136.178865,Billion PKR,Normal,
Government Domestic Debt and Liabilities,TS_GP_BAM_GOVTDDL_M.GDDL00460,Total GDL,28-Feb-10,120.434807,Billion PKR,Normal,
Government Domestic Debt and Liabilities,TS_GP_BAM_GOVTDDL_M.GDDL00460,Total GDL,31-Mar-10,114.47644,Billion PKR,Normal,
Government Domestic Debt and Liabilities,TS_GP_BAM_GOVTDDL_M.GDDL00460,Total GDL,30-Apr-10,145.392751,Billion PKR,Normal,
Government Domestic Debt and Liabilities,TS_GP_BAM_GOVTDDL_M.GDDL00460,Total GDL,31-May-10,228.757583,Billion PKR,Normal,
Government Domestic Debt and Liabilities,TS_GP_BAM_GOVTDDL_M.GDDL00460,Total GDL,30-Jun-10,240.576195,Billion PKR,Normal,
Government Domestic Debt and Liabilities,TS_GP_BAM_GOVTDDL_M.GDDL00460,Total GDL,31-Jul-10,237.972896,Billion PKR,Normal,
Government Domestic Debt and Liabilities,TS_GP_BAM_GOVTDDL_M.GDDL00460,Total GDL,31-Aug-10,236.82438,Billion PKR,Normal,
Government Domestic Debt and Liabilities,TS_GP_BAM_GOVTDDL_M.GDDL00460,Total GDL,30-Sep-10,232.987133,Billion PKR,Normal,
Government Domestic Debt and Liabilities,TS_GP_BAM_GOVTDDL_M.GDDL00460,Total GDL,31-Oct-10,227.5,Billion PKR,Normal,
Government Domestic Debt and Liabilities,TS_GP_BAM_GOVTDDL_M.GDDL00460,Total GDL,30-Nov-10,217.431707,Billion PKR,Normal,
Government Domestic Debt and Liabilities,TS_GP_BAM_GOVTDDL_M.GDDL00460,Total GDL,31-Dec-10,202.695,Billion PKR,Normal,
Government Domestic Debt and Liabilities,TS_GP_BAM_GOVTDDL_M.GDDL00460,Total GDL,31-Jan-11,183.471094,Billion PKR,Normal,
Government Domestic Debt and Liabilities,TS_GP_BAM_GOVTDDL_M.GDDL00460,Total GDL,28-Feb-11,157.115636,Billion PKR,Normal,
Government Domestic Debt and Liabilities,TS_GP_BAM_GOVTDDL_M.GDDL00460,Total GDL,31-Mar-11,131.886047,Billion PKR,Normal,
Government Domestic Debt and Liabilities,TS_GP_BAM_GOVTDDL_M.GDDL00460,Total GDL,30-Apr-11,121.175484,Billion PKR,Normal,
Government Domestic Debt and Liabilities,TS_GP_BAM_GOVTDDL_M.GDDL00460,Total GDL,31-May-11,200.062821,Billion PKR,Normal,
Government Domestic Debt and Liabilities,TS_GP_BAM_GOVTDDL_M.GDDL00460,Total GDL,30-Jun-11,214.234233,Billion PKR,Normal,
Government Domestic Debt and Liabilities,TS_GP_BAM_GOVTDDL_M.GDDL00460,Total GDL,31-Jul-11,210.22052,Billion PKR,Normal,
Government Domestic Debt and Liabilities,TS_GP_BAM_GOVTDDL_M.GDDL00460,Total GDL,31-Aug-11,207.756,Billion PKR,Normal,
Government Domestic Debt and Liabilities,TS_GP_BAM_GOVTDDL_M.GDDL00460,Total GDL,30-Sep-11,205.004,Billion PKR,Normal,
Government Domestic Debt and Liabilities,TS_GP_BAM_GOVTDDL_M.GDDL00460,Total GDL,31-Oct-11,205.473,Billion PKR,Normal,
Government Domestic Debt and Liabilities,TS_GP_BAM_GOVTDDL_M.GDDL00460,Total GDL,30-Nov-11,195.647,Billion PKR,Normal,
Government Domestic Debt and Liabilities,TS_GP_BAM_GOVTDDL_M.GDDL00460,Total GDL,31-Dec-11,184.424,Billion PKR,Normal,
Government Domestic Debt and Liabilities,TS_GP_BAM_GOVTDDL_M.GDDL00460,Total GDL,31-Jan-12,168.078,Billion PKR,Normal,
Government Domestic Debt and Liabilities,TS_GP_BAM_GOVTDDL_M.GDDL00460,Total GDL,29-Feb-12,148.808,Billion PKR,Normal,
Government Domestic Debt and Liabilities,TS_GP_BAM_GOVTDDL_M.GDDL00460,Total GDL,31-Mar-12,139.242,Billion PKR,Normal,
Government Domestic Debt and Liabilities,TS_GP_BAM_GOVTDDL_M.GDDL00460,Total GDL,30-Apr-12,140.581,Billion PKR,Normal,
Government Domestic Debt and Liabilities,TS_GP_BAM_GOVTDDL_M.GDDL00460,Total GDL,31-May-12,226.526,Billion PKR,Normal,
Government Domestic Debt and Liabilities,TS_GP_BAM_GOVTDDL_M.GDDL00460,Total GDL,30-Jun-12,242.142227,Billion PKR,Normal,
Government Domestic Debt and Liabilities,TS_GP_BAM_GOVTDDL_M.GDDL00460,Total GDL,31-Jul-12,245.71,Billion PKR,Normal,
Government Domestic Debt and Liabilities,TS_GP_BAM_GOVTDDL_M.GDDL00460,Total GDL,31-Aug-12,238.9999225,Billion PKR,Normal,
Government Domestic Debt and Liabilities,TS_GP_BAM_GOVTDDL_M.GDDL00460,Total GDL,30-Sep-12,234.206,Billion PKR,Normal,
Government Domestic Debt and Liabilities,TS_GP_BAM_GOVTDDL_M.GDDL00460,Total GDL,31-Oct-12,224.524,Billion PKR,Normal,
Government Domestic Debt and Liabilities,TS_GP_BAM_GOVTDDL_M.GDDL00460,Total GDL,30-Nov-12,205.134,Billion PKR,Normal,
Government Domestic Debt and Liabilities,TS_GP_BAM_GOVTDDL_M.GDDL00460,Total GDL,31-Dec-12,175.088,Billion PKR,Normal,
Government Domestic Debt and Liabilities,TS_GP_BAM_GOVTDDL_M.GDDL00460,Total GDL,31-Jan-13,152.597,Billion PKR,Normal,
Government Domestic Debt and Liabilities,TS_GP_BAM_GOVTDDL_M.GDDL00460,Total GDL,28-Feb-13,125.898,Billion PKR,Normal,
Government Domestic Debt and Liabilities,TS_GP_BAM_GOVTDDL_M.GDDL00460,Total GDL,31-Mar-13,117.218,Billion PKR,Normal,
Government Domestic Debt and Liabilities,TS_GP_BAM_GOVTDDL_M.GDDL00460,Total GDL,30-Apr-13,118.244,Billion PKR,Normal,
Government Domestic Debt and Liabilities,TS_GP_BAM_GOVTDDL_M.GDDL00460,Total GDL,31-May-13,225.45308,Billion PKR,Normal,
Government Domestic Debt and Liabilities,TS_GP_BAM_GOVTDDL_M.GDDL00460,Total GDL,30-Jun-13,243.749,Billion PKR,Normal,
Government Domestic Debt and Liabilities,TS_GP_BAM_GOVTDDL_M.GDDL00460,Total GDL,31-Jul-13,239.918,Billion PKR,Normal,
Government Domestic Debt and Liabilities,TS_GP_BAM_GOVTDDL_M.GDDL00460,Total GDL,31-Aug-13,242.678081,Billion PKR,Normal,
Government Domestic Debt and Liabilities,TS_GP_BAM_GOVTDDL_M.GDDL00460,Total GDL,30-Sep-13,231.68,Billion PKR,Normal,
Government Domestic Debt and Liabilities,TS_GP_BAM_GOVTDDL_M.GDDL00460,Total GDL,31-Oct-13,218.882,Billion PKR,Normal,
Government Domestic Debt and Liabilities,TS_GP_BAM_GOVTDDL_M.GDDL00460,Total GDL,30-Nov-13,199.826,Billion PKR,Normal,
Government Domestic Debt and Liabilities,TS_GP_BAM_GOVTDDL_M.GDDL00460,Total GDL,31-Dec-13,178.015,Billion PKR,Normal,
Government Domestic Debt and Liabilities,TS_GP_BAM_GOVTDDL_M.GDDL00460,Total GDL,31-Jan-14,154.624,Billion PKR,Normal,
Government Domestic Debt and Liabilities,TS_GP_BAM_GOVTDDL_M.GDDL00460,Total GDL,28-Feb-14,133.594,Billion PKR,Normal,
Government Domestic Debt and Liabilities,TS_GP_BAM_GOVTDDL_M.GDDL00460,Total GDL,31-Mar-14,128.311,Billion PKR,Normal,
Government Domestic Debt and Liabilities,TS_GP_BAM_GOVTDDL_M.GDDL00460,Total GDL,30-Apr-14,142.638,Billion PKR,Normal,
Government Domestic Debt and Liabilities,TS_GP_BAM_GOVTDDL_M.GDDL00460,Total GDL,31-May-14,253.324,Billion PKR,Normal,
Government Domestic Debt and Liabilities,TS_GP_BAM_GOVTDDL_M.GDDL00460,Total GDL,30-Jun-14,270.015,Billion PKR,Normal,
Government Domestic Debt and Liabilities,TS_GP_BAM_GOVTDDL_M.GDDL00460,Total GDL,31-Jul-14,270.337,Billion PKR,Normal,
Government Domestic Debt and Liabilities,TS_GP_BAM_GOVTDDL_M.GDDL00460,Total GDL,31-Aug-14,266.926,Billion PKR,Normal,
Government Domestic Debt and Liabilities,TS_GP_BAM_GOVTDDL_M.GDDL00460,Total GDL,30-Sep-14,262.16,Billion PKR,Normal,
Government Domestic Debt and Liabilities,TS_GP_BAM_GOVTDDL_M.GDDL00460,Total GDL,31-Oct-14,261.779,Billion PKR,Normal,
Government Domestic Debt and Liabilities,TS_GP_BAM_GOVTDDL_M.GDDL00460,Total GDL,30-Nov-14,260.375,Billion PKR,Normal,
Government Domestic Debt and Liabilities,TS_GP_BAM_GOVTDDL_M.GDDL00460,Total GDL,31-Dec-14,259.076,Billion PKR,Normal,
Government Domestic Debt and Liabilities,TS_GP_BAM_GOVTDDL_M.GDDL00460,Total GDL,31-Jan-15,244.299,Billion PKR,Normal,
Government Domestic Debt and Liabilities,TS_GP_BAM_GOVTDDL_M.GDDL00460,Total GDL,28-Feb-15,239.7867929,Billion PKR,Normal,
Government Domestic Debt and Liabilities,TS_GP_BAM_GOVTDDL_M.GDDL00460,Total GDL,31-Mar-15,236.625,Billion PKR,Normal,
Government Domestic Debt and Liabilities,TS_GP_BAM_GOVTDDL_M.GDDL00460,Total GDL,30-Apr-15,239.53,Billion PKR,Normal,
Government Domestic Debt and Liabilities,TS_GP_BAM_GOVTDDL_M.GDDL00460,Total GDL,31-May-15,355.266,Billion PKR,Normal,
Government Domestic Debt and Liabilities,TS_GP_BAM_GOVTDDL_M.GDDL00460,Total GDL,30-Jun-15,358.0419472,Billion PKR,Normal,
Government Domestic Debt and Liabilities,TS_GP_BAM_GOVTDDL_M.GDDL00460,Total GDL,31-Jul-15,357.2344578,Billion PKR,Normal,
Government Domestic Debt and Liabilities,TS_GP_BAM_GOVTDDL_M.GDDL00460,Total GDL,31-Aug-15,357.159,Billion PKR,Normal,
Government Domestic Debt and Liabilities,TS_GP_BAM_GOVTDDL_M.GDDL00460,Total GDL,30-Sep-15,356.34,Billion PKR,Normal,
Government Domestic Debt and Liabilities,TS_GP_BAM_GOVTDDL_M.GDDL00460,Total GDL,31-Oct-15,349.0503841,Billion PKR,Normal,
Government Domestic Debt and Liabilities,TS_GP_BAM_GOVTDDL_M.GDDL00460,Total GDL,30-Nov-15,333.326,Billion PKR,Normal,
Government Domestic Debt and Liabilities,TS_GP_BAM_GOVTDDL_M.GDDL00460,Total GDL,31-Dec-15,310.317,Billion PKR,Normal,
Government Domestic Debt and Liabilities,TS_GP_BAM_GOVTDDL_M.GDDL00460,Total GDL,31-Jan-16,290.498,Billion PKR,Normal,
Government Domestic Debt and Liabilities,TS_GP_BAM_GOVTDDL_M.GDDL00460,Total GDL,29-Feb-16,264.78,Billion PKR,Normal,
Government Domestic Debt and Liabilities,TS_GP_BAM_GOVTDDL_M.GDDL00460,Total GDL,31-Mar-16,256.8994362,Billion PKR,Normal,
Government Domestic Debt and Liabilities,TS_GP_BAM_GOVTDDL_M.GDDL00460,Total GDL,30-Apr-16,273.89,Billion PKR,Normal,
Government Domestic Debt and Liabilities,TS_GP_BAM_GOVTDDL_M.GDDL00460,Total GDL,31-May-16,404.895431,Billion PKR,Normal,
Government Domestic Debt and Liabilities,TS_GP_BAM_GOVTDDL_M.GDDL00460,Total GDL,30-Jun-16,411.210335,Billion PKR,Normal,
Government Domestic Debt and Liabilities,TS_GP_BAM_GOVTDDL_M.GDDL00460,Total GDL,31-Jul-16,409.8477019,Billion PKR,Normal,
Government Domestic Debt and Liabilities,TS_GP_BAM_GOVTDDL_M.GDDL00460,Total GDL,31-Aug-16,407.7152669,Billion PKR,Normal,
Government Domestic Debt and Liabilities,TS_GP_BAM_GOVTDDL_M.GDDL00460,Total GDL,30-Sep-16,400.6872111,Billion PKR,Normal,
Government Domestic Debt and Liabilities,TS_GP_BAM_GOVTDDL_M.GDDL00460,Total GDL,31-Oct-16,412.7518004,Billion PKR,Normal,
Government Domestic Debt and Liabilities,TS_GP_BAM_GOVTDDL_M.GDDL00460,Total GDL,30-Nov-16,367.258997,Billion PKR,Normal,
Government Domestic Debt and Liabilities,TS_GP_BAM_GOVTDDL_M.GDDL00460,Total GDL,31-Dec-16,348.8593996,Billion PKR,Normal,
Government Domestic Debt and Liabilities,TS_GP_BAM_GOVTDDL_M.GDDL00460,Total GDL,31-Jan-17,315.6761385,Billion PKR,Normal,
Government Domestic Debt and Liabilities,TS_GP_BAM_GOVTDDL_M.GDDL00460,Total GDL,28-Feb-17,300.9940143,Billion PKR,Normal,
Government Domestic Debt and Liabilities,TS_GP_BAM_GOVTDDL_M.GDDL00460,Total GDL,31-Mar-17,299.6671173,Billion PKR,Normal,
Government Domestic Debt and Liabilities,TS_GP_BAM_GOVTDDL_M.GDDL00460,Total GDL,30-Apr-17,327.732,Billion PKR,Normal,
Government Domestic Debt and Liabilities,TS_GP_BAM_GOVTDDL_M.GDDL00460,Total GDL,31-May-17,456.5137142,Billion PKR,Normal,
Government Domestic Debt and Liabilities,TS_GP_BAM_GOVTDDL_M.GDDL00460,Total GDL,30-Jun-17,457.268,Billion PKR,Normal,
Government Domestic Debt and Liabilities,TS_GP_BAM_GOVTDDL_M.GDDL00460,Total GDL,31-Jul-17,467.455,Billion PKR,Normal,
Government Domestic Debt and Liabilities,TS_GP_BAM_GOVTDDL_M.GDDL00460,Total GDL,31-Aug-17,444.325,Billion PKR,Normal,
Government Domestic Debt and Liabilities,TS_GP_BAM_GOVTDDL_M.GDDL00460,Total GDL,30-Sep-17,444.328,Billion PKR,Normal,
Government Domestic Debt and Liabilities,TS_GP_BAM_GOVTDDL_M.GDDL00460,Total GDL,31-Oct-17,452.5027938,Billion PKR,Normal,
Government Domestic Debt and Liabilities,TS_GP_BAM_GOVTDDL_M.GDDL00460,Total GDL,30-Nov-17,452.2106753,Billion PKR,Normal,
Government Domestic Debt and Liabilities,TS_GP_BAM_GOVTDDL_M.GDDL00460,Total GDL,31-Dec-17,452.195324,Billion PKR,Normal,
Government Domestic Debt and Liabilities,TS_GP_BAM_GOVTDDL_M.GDDL00460,Total GDL,31-Jan-18,443.7781863,Billion PKR,Normal,
Government Domestic Debt and Liabilities,TS_GP_BAM_GOVTDDL_M.GDDL00460,Total GDL,28-Feb-18,437.734988,Billion PKR,Normal,
Government Domestic Debt and Liabilities,TS_GP_BAM_GOVTDDL_M.GDDL00460,Total GDL,31-Mar-18,427.78,Billion PKR,Normal,
Government Domestic Debt and Liabilities,TS_GP_BAM_GOVTDDL_M.GDDL00460,Total GDL,30-Apr-18,444.011,Billion PKR,Normal,
Government Domestic Debt and Liabilities,TS_GP_BAM_GOVTDDL_M.GDDL00460,Total GDL,31-May-18,569.814,Billion PKR,Normal,
Government Domestic Debt and Liabilities,TS_GP_BAM_GOVTDDL_M.GDDL00460,Total GDL,30-Jun-18,588.3923255,Billion PKR,Normal,
Government Domestic Debt and Liabilities,TS_GP_BAM_GOVTDDL_M.GDDL00460,Total GDL,31-Jul-18,588.802,Billion PKR,Normal,
Government Domestic Debt and Liabilities,TS_GP_BAM_GOVTDDL_M.GDDL00460,Total GDL,31-Aug-18,578.1,Billion PKR,Normal,
Government Domestic Debt and Liabilities,TS_GP_BAM_GOVTDDL_M.GDDL00460,Total GDL,30-Sep-18,578.0738446,Billion PKR,Normal,
Government Domestic Debt and Liabilities,TS_GP_BAM_GOVTDDL_M.GDDL00460,Total GDL,31-Oct-18,547.8599868,Billion PKR,Normal,
Government Domestic Debt and Liabilities,TS_GP_BAM_GOVTDDL_M.GDDL00460,Total GDL,30-Nov-18,528.0116549,Billion PKR,Normal,
Government Domestic Debt and Liabilities,TS_GP_BAM_GOVTDDL_M.GDDL00460,Total GDL,31-Dec-18,504.434569,Billion PKR,Normal,
Government Domestic Debt and Liabilities,TS_GP_BAM_GOVTDDL_M.GDDL00460,Total GDL,31-Jan-19,477.5740543,Billion PKR,Normal,
Government Domestic Debt and Liabilities,TS_GP_BAM_GOVTDDL_M.GDDL00460,Total GDL,28-Feb-19,445.88,Billion PKR,Normal,
Government Domestic Debt and Liabilities,TS_GP_BAM_GOVTDDL_M.GDDL00460,Total GDL,31-Mar-19,438.6763635,Billion PKR,Normal,
Government Domestic Debt and Liabilities,TS_GP_BAM_GOVTDDL_M.GDDL00460,Total GDL,30-Apr-19,438.4319192,Billion PKR,Normal,
Government Domestic Debt and Liabilities,TS_GP_BAM_GOVTDDL_M.GDDL00460,Total GDL,31-May-19,524.9566719,Billion PKR,Normal,
Government Domestic Debt and Liabilities,TS_GP_BAM_GOVTDDL_M.GDDL00460,Total GDL,30-Jun-19,528.7397893,Billion PKR,Normal,
Government Domestic Debt and Liabilities,TS_GP_BAM_GOVTDDL_M.GDDL00460,Total GDL,31-Jul-19,528.2921757,Billion PKR,Normal,
Government Domestic Debt and Liabilities,TS_GP_BAM_GOVTDDL_M.GDDL00460,Total GDL,31-Aug-19,518.6098024,Billion PKR,Normal,
Government Domestic Debt and Liabilities,TS_GP_BAM_GOVTDDL_M.GDDL00460,Total GDL,30-Sep-19,514.1514945,Billion PKR,Normal,
Government Domestic Debt and Liabilities,TS_GP_BAM_GOVTDDL_M.GDDL00460,Total GDL,31-Oct-19,496.0318709,Billion PKR,Normal,
Government Domestic Debt and Liabilities,TS_GP_BAM_GOVTDDL_M.GDDL00460,Total GDL,30-Nov-19,482.0616437,Billion PKR,Normal,
Government Domestic Debt and Liabilities,TS_GP_BAM_GOVTDDL_M.GDDL00460,Total GDL,31-Dec-19,519.8257346,Billion PKR,Normal,
Government Domestic Debt and Liabilities,TS_GP_BAM_GOVTDDL_M.GDDL00460,Total GDL,31-Jan-20,464.9370819,Billion PKR,Normal,
Government Domestic Debt and Liabilities,TS_GP_BAM_GOVTDDL_M.GDDL00460,Total GDL,29-Feb-20,461.9053618,Billion PKR,Normal,
Government Domestic Debt and Liabilities,TS_GP_BAM_GOVTDDL_M.GDDL00460,Total GDL,31-Mar-20,429.6098722,Billion PKR,Normal,
Government Domestic Debt and Liabilities,TS_GP_BAM_GOVTDDL_M.GDDL00460,Total GDL,30-Apr-20,472.9819263,Billion PKR,Normal,
Government Domestic Debt and Liabilities,TS_GP_BAM_GOVTDDL_M.GDDL00460,Total GDL,31-May-20,597.1351813,Billion PKR,Normal,
Government Domestic Debt and Liabilities,TS_GP_BAM_GOVTDDL_M.GDDL00460,Total GDL,30-Jun-20,592.4524067,Billion PKR,Normal,
Government Domestic Debt and Liabilities,TS_GP_BAM_GOVTDDL_M.GDDL00460,Total GDL,31-Jul-20,593.0351897,Billion PKR,Normal,
Government Domestic Debt and Liabilities,TS_GP_BAM_GOVTDDL_M.GDDL00460,Total GDL,31-Aug-20,564.107779,Billion PKR,Normal,
Government Domestic Debt and Liabilities,TS_GP_BAM_GOVTDDL_M.GDDL00460,Total GDL,30-Sep-20,549.3456557,Billion PKR,Normal,
Government Domestic Debt and Liabilities,TS_GP_BAM_GOVTDDL_M.GDDL00460,Total GDL,31-Oct-20,549.845396,Billion PKR,Normal,
Government Domestic Debt and Liabilities,TS_GP_BAM_GOVTDDL_M.GDDL00460,Total GDL,30-Nov-20,531.0656969,Billion PKR,Normal,
Government Domestic Debt and Liabilities,TS_GP_BAM_GOVTDDL_M.GDDL00460,Total GDL,31-Dec-20,524.7416635,Billion PKR,Normal,
Government Domestic Debt and Liabilities,TS_GP_BAM_GOVTDDL_M.GDDL00460,Total GDL,31-Jan-21,507.03155,Billion PKR,Normal,
Government Domestic Debt and Liabilities,TS_GP_BAM_GOVTDDL_M.GDDL00460,Total GDL,28-Feb-21,496.9004215,Billion PKR,Normal,
Government Domestic Debt and Liabilities,TS_GP_BAM_GOVTDDL_M.GDDL00460,Total GDL,31-Mar-21,498.9547243,Billion PKR,Normal,
Government Domestic Debt and Liabilities,TS_GP_BAM_GOVTDDL_M.GDDL00460,Total GDL,30-Apr-21,580.4290054,Billion PKR,Normal,
Government Domestic Debt and Liabilities,TS_GP_BAM_GOVTDDL_M.GDDL00460,Total GDL,31-May-21,689.47228,Billion PKR,Normal,
Government Domestic Debt and Liabilities,TS_GP_BAM_GOVTDDL_M.GDDL00460,Total GDL,30-Jun-21,693.0762475,Billion PKR,Normal,
Government Domestic Debt and Liabilities,TS_GP_BAM_GOVTDDL_M.GDDL00460,Total GDL,31-Jul-21,692.2893117,Billion PKR,Normal,
Government Domestic Debt and Liabilities,TS_GP_BAM_GOVTDDL_M.GDDL00460,Total GDL,31-Aug-21,693.5202033,Billion PKR,Normal,
Government Domestic Debt and Liabilities,TS_GP_BAM_GOVTDDL_M.GDDL00460,Total GDL,30-Sep-21,693.4255721,Billion PKR,Normal,
Government Domestic Debt and Liabilities,TS_GP_BAM_GOVTDDL_M.GDDL00460,Total GDL,31-Oct-21,673.2515892,Billion PKR,Normal,
Government Domestic Debt and Liabilities,TS_GP_BAM_GOVTDDL_M.GDDL00460,Total GDL,30-Nov-21,634.2266063,Billion PKR,Normal,
Government Domestic Debt and Liabilities,TS_GP_BAM_GOVTDDL_M.GDDL00460,Total GDL,31-Dec-21,607.6439469,Billion PKR,Normal,
Government Domestic Debt and Liabilities,TS_GP_BAM_GOVTDDL_M.GDDL00460,Total GDL,31-Jan-22,575.086287,Billion PKR,Normal,
Government Domestic Debt and Liabilities,TS_GP_BAM_GOVTDDL_M.GDDL00460,Total GDL,28-Feb-22,561.0832204,Billion PKR,Normal,
Government Domestic Debt and Liabilities,TS_GP_BAM_GOVTDDL_M.GDDL00460,Total GDL,31-Mar-22,541.7487882,Billion PKR,Normal,
Government Domestic Debt and Liabilities,TS_GP_BAM_GOVTDDL_M.GDDL00460,Total GDL,30-Apr-22,740.7340795,Billion PKR,Normal,
Government Domestic Debt and Liabilities,TS_GP_BAM_GOVTDDL_M.GDDL00460,Total GDL,31-May-22,805.6722778,Billion PKR,Normal,
Government Domestic Debt and Liabilities,TS_GP_BAM_GOVTDDL_M.GDDL00460,Total GDL,30-Jun-22,772.581757,Billion PKR,Normal,
Government Domestic Debt and Liabilities,TS_GP_BAM_GOVTDDL_M.GDDL00460,Total GDL,31-Jul-22,758.4539198,Billion PKR,Normal,
Government Domestic Debt and Liabilities,TS_GP_BAM_GOVTDDL_M.GDDL00460,Total GDL,31-Aug-22,738.6665499,Billion PKR,Normal,
Government Domestic Debt and Liabilities,TS_GP_BAM_GOVTDDL_M.GDDL00460,Total GDL,30-Sep-22,717.5725438,Billion PKR,Normal,
Government Domestic Debt and Liabilities,TS_GP_BAM_GOVTDDL_M.GDDL00460,Total GDL,31-Oct-22,683.8669285,Billion PKR,Normal,
Government Domestic Debt and Liabilities,TS_GP_BAM_GOVTDDL_M.GDDL00460,Total GDL,30-Nov-22,666.2154575,Billion PKR,Normal,
Government Domestic Debt and Liabilities,TS_GP_BAM_GOVTDDL_M.GDDL00460,Total GDL,31-Dec-22,640.8283798,Billion PKR,Normal,
Government Domestic Debt and Liabilities,TS_GP_BAM_GOVTDDL_M.GDDL00460,Total GDL,31-Jan-23,602.5244148,Billion PKR,Normal,
Government Domestic Debt and Liabilities,TS_GP_BAM_GOVTDDL_M.GDDL00460,Total GDL,28-Feb-23,598.09,Billion PKR,Normal,
Government Domestic Debt and Liabilities,TS_GP_BAM_GOVTDDL_M.GDDL00460,Total GDL,31-Mar-23,560.314,Billion PKR,Normal,
Government Domestic Debt and Liabilities,TS_GP_BAM_GOVTDDL_M.GDDL00460,Total GDL,30-Apr-23,697.015,Billion PKR,Normal,
Government Domestic Debt and Liabilities,TS_GP_BAM_GOVTDDL_M.GDDL00460,Total GDL,31-May-23,836.989,Billion PKR,Normal,
Government Domestic Debt and Liabilities,TS_GP_BAM_GOVTDDL_M.GDDL00460,Total GDL,30-Jun-23,845.0007007,Billion PKR,Normal,
Government Domestic Debt and Liabilities,TS_GP_BAM_GOVTDDL_M.GDDL00460,Total GDL,31-Jul-23,709.2988818,Billion PKR,Normal,
Government Domestic Debt and Liabilities,TS_GP_BAM_GOVTDDL_M.GDDL00460,Total GDL,31-Aug-23,674.5,Billion PKR,Normal,
Government Domestic Debt and Liabilities,TS_GP_BAM_GOVTDDL_M.GDDL00460,Total GDL,30-Sep-23,674.5,Billion PKR,Normal,
Government Domestic Debt and Liabilities,TS_GP_BAM_GOVTDDL_M.GDDL00460,Total GDL,31-Oct-23,623.4,Billion PKR,Normal,
Government Domestic Debt and Liabilities,TS_GP_BAM_GOVTDDL_M.GDDL00460,Total GDL,30-Nov-23,581.8,Billion PKR,Normal,
Government Domestic Debt and Liabilities,TS_GP_BAM_GOVTDDL_M.GDDL00460,Total GDL,31-Dec-23,611.6,Billion PKR,Normal,
Government Domestic Debt and Liabilities,TS_GP_BAM_GOVTDDL_M.GDDL00460,Total GDL,31-Jan-24,538.0447381,Billion PKR,Normal,
Government Domestic Debt and Liabilities,TS_GP_BAM_GOVTDDL_M.GDDL00460,Total GDL,29-Feb-24,490.9518876,Billion PKR,Normal,
