Dataset,Series Key,Series,Observation Date,Observation Value,Unit,Observation Status,Observation Status Comment
Pakistan Stock Exchange – Important Indicators,TS_GP_MFS_PSXIND_M.PSX00030000,Market Capitalization,30-Jun-11,3289,Billion PKR,Normal,
Pakistan Stock Exchange – Important Indicators,TS_GP_MFS_PSXIND_M.PSX00030000,Market Capitalization,31-Jul-11,3221,Billion PKR,Normal,
Pakistan Stock Exchange – Important Indicators,TS_GP_MFS_PSXIND_M.PSX00030000,Market Capitalization,31-Aug-11,2895,Billion PKR,Normal,
Pakistan Stock Exchange – Important Indicators,TS_GP_MFS_PSXIND_M.PSX00030000,Market Capitalization,30-Sep-11,3104,Billion PKR,Normal,
Pakistan Stock Exchange – Important Indicators,TS_GP_MFS_PSXIND_M.PSX00030000,Market Capitalization,31-Oct-11,3099,Billion PKR,Normal,
Pakistan Stock Exchange – Important Indicators,TS_GP_MFS_PSXIND_M.PSX00030000,Market Capitalization,30-Nov-11,3003,Billion PKR,Normal,
Pakistan Stock Exchange – Important Indicators,TS_GP_MFS_PSXIND_M.PSX00030000,Market Capitalization,31-Dec-11,2946,Billion PKR,Normal,
Pakistan Stock Exchange – Important Indicators,TS_GP_MFS_PSXIND_M.PSX00030000,Market Capitalization,31-Jan-12,3083,Billion PKR,Normal,
Pakistan Stock Exchange – Important Indicators,TS_GP_MFS_PSXIND_M.PSX00030000,Market Capitalization,29-Feb-12,3338,Billion PKR,Normal,
Pakistan Stock Exchange – Important Indicators,TS_GP_MFS_PSXIND_M.PSX00030000,Market Capitalization,31-Mar-12,3528,Billion PKR,Normal,
Pakistan Stock Exchange – Important Indicators,TS_GP_MFS_PSXIND_M.PSX00030000,Market Capitalization,30-Apr-12,3574,Billion PKR,Normal,
Pakistan Stock Exchange – Important Indicators,TS_GP_MFS_PSXIND_M.PSX00030000,Market Capitalization,31-May-12,3528,Billion PKR,Normal,
Pakistan Stock Exchange – Important Indicators,TS_GP_MFS_PSXIND_M.PSX00030000,Market Capitalization,30-Jun-12,3518,Billion PKR,Normal,
Pakistan Stock Exchange – Important Indicators,TS_GP_MFS_PSXIND_M.PSX00030000,Market Capitalization,31-Jul-12,3724,Billion PKR,Normal,
Pakistan Stock Exchange – Important Indicators,TS_GP_MFS_PSXIND_M.PSX00030000,Market Capitalization,31-Aug-12,3919,Billion PKR,Normal,
Pakistan Stock Exchange – Important Indicators,TS_GP_MFS_PSXIND_M.PSX00030000,Market Capitalization,30-Sep-12,3878,Billion PKR,Normal,
Pakistan Stock Exchange – Important Indicators,TS_GP_MFS_PSXIND_M.PSX00030000,Market Capitalization,31-Oct-12,3939,Billion PKR,Normal,
Pakistan Stock Exchange – Important Indicators,TS_GP_MFS_PSXIND_M.PSX00030000,Market Capitalization,30-Nov-12,4152,Billion PKR,Normal,
Pakistan Stock Exchange – Important Indicators,TS_GP_MFS_PSXIND_M.PSX00030000,Market Capitalization,31-Dec-12,4242,Billion PKR,Normal,
Pakistan Stock Exchange – Important Indicators,TS_GP_MFS_PSXIND_M.PSX00030000,Market Capitalization,31-Jan-13,4326,Billion PKR,Normal,
Pakistan Stock Exchange – Important Indicators,TS_GP_MFS_PSXIND_M.PSX00030000,Market Capitalization,28-Feb-13,4515,Billion PKR,Normal,
Pakistan Stock Exchange – Important Indicators,TS_GP_MFS_PSXIND_M.PSX00030000,Market Capitalization,31-Mar-13,4447,Billion PKR,Normal,
Pakistan Stock Exchange – Important Indicators,TS_GP_MFS_PSXIND_M.PSX00030000,Market Capitalization,30-Apr-13,4664,Billion PKR,Normal,
Pakistan Stock Exchange – Important Indicators,TS_GP_MFS_PSXIND_M.PSX00030000,Market Capitalization,31-May-13,5293,Billion PKR,Normal,
Pakistan Stock Exchange – Important Indicators,TS_GP_MFS_PSXIND_M.PSX00030000,Market Capitalization,30-Jun-13,5155,Billion PKR,Normal,
Pakistan Stock Exchange – Important Indicators,TS_GP_MFS_PSXIND_M.PSX00030000,Market Capitalization,31-Jul-13,5712,Billion PKR,Normal,
Pakistan Stock Exchange – Important Indicators,TS_GP_MFS_PSXIND_M.PSX00030000,Market Capitalization,31-Aug-13,5514,Billion PKR,Normal,
Pakistan Stock Exchange – Important Indicators,TS_GP_MFS_PSXIND_M.PSX00030000,Market Capitalization,30-Sep-13,5185,Billion PKR,Normal,
Pakistan Stock Exchange – Important Indicators,TS_GP_MFS_PSXIND_M.PSX00030000,Market Capitalization,31-Oct-13,5423,Billion PKR,Normal,
Pakistan Stock Exchange – Important Indicators,TS_GP_MFS_PSXIND_M.PSX00030000,Market Capitalization,30-Nov-13,5875,Billion PKR,Normal,
Pakistan Stock Exchange – Important Indicators,TS_GP_MFS_PSXIND_M.PSX00030000,Market Capitalization,31-Dec-13,6057,Billion PKR,Normal,
Pakistan Stock Exchange – Important Indicators,TS_GP_MFS_PSXIND_M.PSX00030000,Market Capitalization,31-Jan-14,6607,Billion PKR,Normal,
Pakistan Stock Exchange – Important Indicators,TS_GP_MFS_PSXIND_M.PSX00030000,Market Capitalization,28-Feb-14,6279,Billion PKR,Normal,
Pakistan Stock Exchange – Important Indicators,TS_GP_MFS_PSXIND_M.PSX00030000,Market Capitalization,31-Mar-14,6579,Billion PKR,Normal,
Pakistan Stock Exchange – Important Indicators,TS_GP_MFS_PSXIND_M.PSX00030000,Market Capitalization,30-Apr-14,6920,Billion PKR,Normal,
Pakistan Stock Exchange – Important Indicators,TS_GP_MFS_PSXIND_M.PSX00030000,Market Capitalization,31-May-14,7043,Billion PKR,Normal,
Pakistan Stock Exchange – Important Indicators,TS_GP_MFS_PSXIND_M.PSX00030000,Market Capitalization,30-Jun-14,7023,Billion PKR,Normal,
Pakistan Stock Exchange – Important Indicators,TS_GP_MFS_PSXIND_M.PSX00030000,Market Capitalization,31-Jul-14,7121,Billion PKR,Normal,
Pakistan Stock Exchange – Important Indicators,TS_GP_MFS_PSXIND_M.PSX00030000,Market Capitalization,31-Aug-14,6727,Billion PKR,Normal,
Pakistan Stock Exchange – Important Indicators,TS_GP_MFS_PSXIND_M.PSX00030000,Market Capitalization,30-Sep-14,6914,Billion PKR,Normal,
Pakistan Stock Exchange – Important Indicators,TS_GP_MFS_PSXIND_M.PSX00030000,Market Capitalization,31-Oct-14,7034,Billion PKR,Normal,
Pakistan Stock Exchange – Important Indicators,TS_GP_MFS_PSXIND_M.PSX00030000,Market Capitalization,30-Nov-14,7152,Billion PKR,Normal,
Pakistan Stock Exchange – Important Indicators,TS_GP_MFS_PSXIND_M.PSX00030000,Market Capitalization,31-Dec-14,7381,Billion PKR,Normal,
Pakistan Stock Exchange – Important Indicators,TS_GP_MFS_PSXIND_M.PSX00030000,Market Capitalization,31-Jan-15,7798,Billion PKR,Normal,
Pakistan Stock Exchange – Important Indicators,TS_GP_MFS_PSXIND_M.PSX00030000,Market Capitalization,28-Feb-15,7616,Billion PKR,Normal,
Pakistan Stock Exchange – Important Indicators,TS_GP_MFS_PSXIND_M.PSX00030000,Market Capitalization,31-Mar-15,6761,Billion PKR,Normal,
Pakistan Stock Exchange – Important Indicators,TS_GP_MFS_PSXIND_M.PSX00030000,Market Capitalization,30-Apr-15,7306,Billion PKR,Normal,
Pakistan Stock Exchange – Important Indicators,TS_GP_MFS_PSXIND_M.PSX00030000,Market Capitalization,31-May-15,7180,Billion PKR,Normal,
Pakistan Stock Exchange – Important Indicators,TS_GP_MFS_PSXIND_M.PSX00030000,Market Capitalization,30-Jun-15,7421,Billion PKR,Normal,
Pakistan Stock Exchange – Important Indicators,TS_GP_MFS_PSXIND_M.PSX00030000,Market Capitalization,31-Jul-15,7702,Billion PKR,Normal,
Pakistan Stock Exchange – Important Indicators,TS_GP_MFS_PSXIND_M.PSX00030000,Market Capitalization,31-Aug-15,7536,Billion PKR,Normal,
Pakistan Stock Exchange – Important Indicators,TS_GP_MFS_PSXIND_M.PSX00030000,Market Capitalization,30-Sep-15,6953,Billion PKR,Normal,
Pakistan Stock Exchange – Important Indicators,TS_GP_MFS_PSXIND_M.PSX00030000,Market Capitalization,31-Oct-15,7284,Billion PKR,Normal,
Pakistan Stock Exchange – Important Indicators,TS_GP_MFS_PSXIND_M.PSX00030000,Market Capitalization,30-Nov-15,6868,Billion PKR,Normal,
Pakistan Stock Exchange – Important Indicators,TS_GP_MFS_PSXIND_M.PSX00030000,Market Capitalization,31-Dec-15,6947,Billion PKR,Normal,
Pakistan Stock Exchange – Important Indicators,TS_GP_MFS_PSXIND_M.PSX00030000,Market Capitalization,31-Jan-16,6699,Billion PKR,Normal,
Pakistan Stock Exchange – Important Indicators,TS_GP_MFS_PSXIND_M.PSX00030000,Market Capitalization,29-Feb-16,6587,Billion PKR,Normal,
Pakistan Stock Exchange – Important Indicators,TS_GP_MFS_PSXIND_M.PSX00030000,Market Capitalization,31-Mar-16,6916,Billion PKR,Normal,
Pakistan Stock Exchange – Important Indicators,TS_GP_MFS_PSXIND_M.PSX00030000,Market Capitalization,30-Apr-16,7206,Billion PKR,Normal,
Pakistan Stock Exchange – Important Indicators,TS_GP_MFS_PSXIND_M.PSX00030000,Market Capitalization,31-May-16,7358,Billion PKR,Normal,
Pakistan Stock Exchange – Important Indicators,TS_GP_MFS_PSXIND_M.PSX00030000,Market Capitalization,30-Jun-16,7588,Billion PKR,Normal,
Pakistan Stock Exchange – Important Indicators,TS_GP_MFS_PSXIND_M.PSX00030000,Market Capitalization,31-Jul-16,7887,Billion PKR,Normal,
Pakistan Stock Exchange – Important Indicators,TS_GP_MFS_PSXIND_M.PSX00030000,Market Capitalization,31-Aug-16,8011,Billion PKR,Normal,
Pakistan Stock Exchange – Important Indicators,TS_GP_MFS_PSXIND_M.PSX00030000,Market Capitalization,30-Sep-16,8224,Billion PKR,Normal,
Pakistan Stock Exchange – Important Indicators,TS_GP_MFS_PSXIND_M.PSX00030000,Market Capitalization,31-Oct-16,8083,Billion PKR,Normal,
Pakistan Stock Exchange – Important Indicators,TS_GP_MFS_PSXIND_M.PSX00030000,Market Capitalization,30-Nov-16,8697,Billion PKR,Normal,
Pakistan Stock Exchange – Important Indicators,TS_GP_MFS_PSXIND_M.PSX00030000,Market Capitalization,31-Dec-16,9629,Billion PKR,Normal,
Pakistan Stock Exchange – Important Indicators,TS_GP_MFS_PSXIND_M.PSX00030000,Market Capitalization,31-Jan-17,9728,Billion PKR,Normal,
Pakistan Stock Exchange – Important Indicators,TS_GP_MFS_PSXIND_M.PSX00030000,Market Capitalization,28-Feb-17,9620,Billion PKR,Normal,
Pakistan Stock Exchange – Important Indicators,TS_GP_MFS_PSXIND_M.PSX00030000,Market Capitalization,31-Mar-17,9595,Billion PKR,Normal,
Pakistan Stock Exchange – Important Indicators,TS_GP_MFS_PSXIND_M.PSX00030000,Market Capitalization,30-Apr-17,9835,Billion PKR,Normal,
Pakistan Stock Exchange – Important Indicators,TS_GP_MFS_PSXIND_M.PSX00030000,Market Capitalization,31-May-17,10083,Billion PKR,Normal,
Pakistan Stock Exchange – Important Indicators,TS_GP_MFS_PSXIND_M.PSX00030000,Market Capitalization,30-Jun-17,9522.358,Billion PKR,Normal,
Pakistan Stock Exchange – Important Indicators,TS_GP_MFS_PSXIND_M.PSX00030000,Market Capitalization,31-Jul-17,9514,Billion PKR,Normal,
Pakistan Stock Exchange – Important Indicators,TS_GP_MFS_PSXIND_M.PSX00030000,Market Capitalization,31-Aug-17,8668,Billion PKR,Normal,
Pakistan Stock Exchange – Important Indicators,TS_GP_MFS_PSXIND_M.PSX00030000,Market Capitalization,30-Sep-17,8857,Billion PKR,Normal,
Pakistan Stock Exchange – Important Indicators,TS_GP_MFS_PSXIND_M.PSX00030000,Market Capitalization,31-Oct-17,8261,Billion PKR,Normal,
Pakistan Stock Exchange – Important Indicators,TS_GP_MFS_PSXIND_M.PSX00030000,Market Capitalization,30-Nov-17,8375,Billion PKR,Normal,
Pakistan Stock Exchange – Important Indicators,TS_GP_MFS_PSXIND_M.PSX00030000,Market Capitalization,31-Dec-17,8571,Billion PKR,Normal,
Pakistan Stock Exchange – Important Indicators,TS_GP_MFS_PSXIND_M.PSX00030000,Market Capitalization,31-Jan-18,9136,Billion PKR,Normal,
Pakistan Stock Exchange – Important Indicators,TS_GP_MFS_PSXIND_M.PSX00030000,Market Capitalization,28-Feb-18,9024,Billion PKR,Normal,
Pakistan Stock Exchange – Important Indicators,TS_GP_MFS_PSXIND_M.PSX00030000,Market Capitalization,31-Mar-18,9371,Billion PKR,Normal,
Pakistan Stock Exchange – Important Indicators,TS_GP_MFS_PSXIND_M.PSX00030000,Market Capitalization,30-Apr-18,9387,Billion PKR,Normal,
Pakistan Stock Exchange – Important Indicators,TS_GP_MFS_PSXIND_M.PSX00030000,Market Capitalization,31-May-18,8913,Billion PKR,Normal,
Pakistan Stock Exchange – Important Indicators,TS_GP_MFS_PSXIND_M.PSX00030000,Market Capitalization,30-Jun-18,8665,Billion PKR,Normal,
Pakistan Stock Exchange – Important Indicators,TS_GP_MFS_PSXIND_M.PSX00030000,Market Capitalization,31-Jul-18,8750,Billion PKR,Normal,
Pakistan Stock Exchange – Important Indicators,TS_GP_MFS_PSXIND_M.PSX00030000,Market Capitalization,31-Aug-18,8678,Billion PKR,Normal,
Pakistan Stock Exchange – Important Indicators,TS_GP_MFS_PSXIND_M.PSX00030000,Market Capitalization,30-Sep-18,8403,Billion PKR,Normal,
Pakistan Stock Exchange – Important Indicators,TS_GP_MFS_PSXIND_M.PSX00030000,Market Capitalization,31-Oct-18,8321,Billion PKR,Normal,
Pakistan Stock Exchange – Important Indicators,TS_GP_MFS_PSXIND_M.PSX00030000,Market Capitalization,30-Nov-18,8067,Billion PKR,Normal,
Pakistan Stock Exchange – Important Indicators,TS_GP_MFS_PSXIND_M.PSX00030000,Market Capitalization,31-Dec-18,7693,Billion PKR,Normal,
Pakistan Stock Exchange – Important Indicators,TS_GP_MFS_PSXIND_M.PSX00030000,Market Capitalization,31-Jan-19,8124,Billion PKR,Normal,
Pakistan Stock Exchange – Important Indicators,TS_GP_MFS_PSXIND_M.PSX00030000,Market Capitalization,28-Feb-19,7818,Billion PKR,Normal,
Pakistan Stock Exchange – Important Indicators,TS_GP_MFS_PSXIND_M.PSX00030000,Market Capitalization,31-Mar-19,7869,Billion PKR,Normal,
Pakistan Stock Exchange – Important Indicators,TS_GP_MFS_PSXIND_M.PSX00030000,Market Capitalization,30-Apr-19,7505,Billion PKR,Normal,
Pakistan Stock Exchange – Important Indicators,TS_GP_MFS_PSXIND_M.PSX00030000,Market Capitalization,31-May-19,7240,Billion PKR,Normal,
Pakistan Stock Exchange – Important Indicators,TS_GP_MFS_PSXIND_M.PSX00030000,Market Capitalization,30-Jun-19,6887,Billion PKR,Normal,
Pakistan Stock Exchange – Important Indicators,TS_GP_MFS_PSXIND_M.PSX00030000,Market Capitalization,31-Jul-19,6384,Billion PKR,Normal,
Pakistan Stock Exchange – Important Indicators,TS_GP_MFS_PSXIND_M.PSX00030000,Market Capitalization,31-Aug-19,6082,Billion PKR,Normal,
Pakistan Stock Exchange – Important Indicators,TS_GP_MFS_PSXIND_M.PSX00030000,Market Capitalization,30-Sep-19,6407,Billion PKR,Normal,
Pakistan Stock Exchange – Important Indicators,TS_GP_MFS_PSXIND_M.PSX00030000,Market Capitalization,31-Oct-19,6690,Billion PKR,Normal,
Pakistan Stock Exchange – Important Indicators,TS_GP_MFS_PSXIND_M.PSX00030000,Market Capitalization,30-Nov-19,7512,Billion PKR,Normal,
Pakistan Stock Exchange – Important Indicators,TS_GP_MFS_PSXIND_M.PSX00030000,Market Capitalization,31-Dec-19,7812,Billion PKR,Normal,
Pakistan Stock Exchange – Important Indicators,TS_GP_MFS_PSXIND_M.PSX00030000,Market Capitalization,31-Jan-20,7851,Billion PKR,Normal,
Pakistan Stock Exchange – Important Indicators,TS_GP_MFS_PSXIND_M.PSX00030000,Market Capitalization,29-Feb-20,7095,Billion PKR,Normal,
Pakistan Stock Exchange – Important Indicators,TS_GP_MFS_PSXIND_M.PSX00030000,Market Capitalization,31-Mar-20,5621,Billion PKR,Normal,
Pakistan Stock Exchange – Important Indicators,TS_GP_MFS_PSXIND_M.PSX00030000,Market Capitalization,30-Apr-20,6377,Billion PKR,Normal,
Pakistan Stock Exchange – Important Indicators,TS_GP_MFS_PSXIND_M.PSX00030000,Market Capitalization,31-May-20,6485,Billion PKR,Normal,
Pakistan Stock Exchange – Important Indicators,TS_GP_MFS_PSXIND_M.PSX00030000,Market Capitalization,30-Jun-20,6530,Billion PKR,Normal,
Pakistan Stock Exchange – Important Indicators,TS_GP_MFS_PSXIND_M.PSX00030000,Market Capitalization,31-Jul-20,7294,Billion PKR,Normal,
Pakistan Stock Exchange – Important Indicators,TS_GP_MFS_PSXIND_M.PSX00030000,Market Capitalization,31-Aug-20,7650,Billion PKR,Normal,
Pakistan Stock Exchange – Important Indicators,TS_GP_MFS_PSXIND_M.PSX00030000,Market Capitalization,30-Sep-20,7643,Billion PKR,Normal,
Pakistan Stock Exchange – Important Indicators,TS_GP_MFS_PSXIND_M.PSX00030000,Market Capitalization,31-Oct-20,7400,Billion PKR,Normal,
Pakistan Stock Exchange – Important Indicators,TS_GP_MFS_PSXIND_M.PSX00030000,Market Capitalization,30-Nov-20,7554,Billion PKR,Normal,
Pakistan Stock Exchange – Important Indicators,TS_GP_MFS_PSXIND_M.PSX00030000,Market Capitalization,31-Dec-20,8035,Billion PKR,Normal,
Pakistan Stock Exchange – Important Indicators,TS_GP_MFS_PSXIND_M.PSX00030000,Market Capitalization,31-Jan-21,8398,Billion PKR,Normal,
Pakistan Stock Exchange – Important Indicators,TS_GP_MFS_PSXIND_M.PSX00030000,Market Capitalization,28-Feb-21,8207,Billion PKR,Normal,
Pakistan Stock Exchange – Important Indicators,TS_GP_MFS_PSXIND_M.PSX00030000,Market Capitalization,31-Mar-21,7892,Billion PKR,Normal,
Pakistan Stock Exchange – Important Indicators,TS_GP_MFS_PSXIND_M.PSX00030000,Market Capitalization,30-Apr-21,7719,Billion PKR,Normal,
Pakistan Stock Exchange – Important Indicators,TS_GP_MFS_PSXIND_M.PSX00030000,Market Capitalization,31-May-21,8267.650223,Billion PKR,Normal,
Pakistan Stock Exchange – Important Indicators,TS_GP_MFS_PSXIND_M.PSX00030000,Market Capitalization,30-Jun-21,8297.305223,Billion PKR,Normal,
Pakistan Stock Exchange – Important Indicators,TS_GP_MFS_PSXIND_M.PSX00030000,Market Capitalization,31-Jul-21,8242.711,Billion PKR,Normal,
Pakistan Stock Exchange – Important Indicators,TS_GP_MFS_PSXIND_M.PSX00030000,Market Capitalization,31-Aug-21,8290.43,Billion PKR,Normal,
Pakistan Stock Exchange – Important Indicators,TS_GP_MFS_PSXIND_M.PSX00030000,Market Capitalization,30-Sep-21,7804.494083,Billion PKR,Normal,
Pakistan Stock Exchange – Important Indicators,TS_GP_MFS_PSXIND_M.PSX00030000,Market Capitalization,31-Oct-21,7953,Billion PKR,Normal,
Pakistan Stock Exchange – Important Indicators,TS_GP_MFS_PSXIND_M.PSX00030000,Market Capitalization,30-Nov-21,7720,Billion PKR,Normal,
Pakistan Stock Exchange – Important Indicators,TS_GP_MFS_PSXIND_M.PSX00030000,Market Capitalization,31-Dec-21,7720,Billion PKR,Normal,
Pakistan Stock Exchange – Important Indicators,TS_GP_MFS_PSXIND_M.PSX00030000,Market Capitalization,31-Jan-22,7755.932849,Billion PKR,Normal,
Pakistan Stock Exchange – Important Indicators,TS_GP_MFS_PSXIND_M.PSX00030000,Market Capitalization,28-Feb-22,7612.648128,Billion PKR,Normal,
Pakistan Stock Exchange – Important Indicators,TS_GP_MFS_PSXIND_M.PSX00030000,Market Capitalization,31-Mar-22,7583,Billion PKR,Normal,
Pakistan Stock Exchange – Important Indicators,TS_GP_MFS_PSXIND_M.PSX00030000,Market Capitalization,30-Apr-22,7520,Billion PKR,Normal,
Pakistan Stock Exchange – Important Indicators,TS_GP_MFS_PSXIND_M.PSX00030000,Market Capitalization,31-May-22,7136,Billion PKR,Normal,
Pakistan Stock Exchange – Important Indicators,TS_GP_MFS_PSXIND_M.PSX00030000,Market Capitalization,30-Jun-22,6956.51,Billion PKR,Normal,
Pakistan Stock Exchange – Important Indicators,TS_GP_MFS_PSXIND_M.PSX00030000,Market Capitalization,31-Jul-22,6772,Billion PKR,Normal,
Pakistan Stock Exchange – Important Indicators,TS_GP_MFS_PSXIND_M.PSX00030000,Market Capitalization,31-Aug-22,7035,Billion PKR,Normal,
Pakistan Stock Exchange – Important Indicators,TS_GP_MFS_PSXIND_M.PSX00030000,Market Capitalization,30-Sep-22,6782,Billion PKR,Normal,
Pakistan Stock Exchange – Important Indicators,TS_GP_MFS_PSXIND_M.PSX00030000,Market Capitalization,31-Oct-22,6663.4,Billion PKR,Normal,
Pakistan Stock Exchange – Important Indicators,TS_GP_MFS_PSXIND_M.PSX00030000,Market Capitalization,30-Nov-22,6768.15,Billion PKR,Normal,
Pakistan Stock Exchange – Important Indicators,TS_GP_MFS_PSXIND_M.PSX00030000,Market Capitalization,31-Dec-22,6500.83,Billion PKR,Normal,
Pakistan Stock Exchange – Important Indicators,TS_GP_MFS_PSXIND_M.PSX00030000,Market Capitalization,31-Jan-23,6394,Billion PKR,Normal,
Pakistan Stock Exchange – Important Indicators,TS_GP_MFS_PSXIND_M.PSX00030000,Market Capitalization,28-Feb-23,6272.51,Billion PKR,Normal,
Pakistan Stock Exchange – Important Indicators,TS_GP_MFS_PSXIND_M.PSX00030000,Market Capitalization,31-Mar-23,6108,Billion PKR,Normal,
Pakistan Stock Exchange – Important Indicators,TS_GP_MFS_PSXIND_M.PSX00030000,Market Capitalization,30-Apr-23,6290,Billion PKR,Normal,
Pakistan Stock Exchange – Important Indicators,TS_GP_MFS_PSXIND_M.PSX00030000,Market Capitalization,31-May-23,6277,Billion PKR,Normal,
Pakistan Stock Exchange – Important Indicators,TS_GP_MFS_PSXIND_M.PSX00030000,Market Capitalization,30-Jun-23,6370,Billion PKR,Normal,
Pakistan Stock Exchange – Important Indicators,TS_GP_MFS_PSXIND_M.PSX00030000,Market Capitalization,31-Jul-23,7232,Billion PKR,Normal,
Pakistan Stock Exchange – Important Indicators,TS_GP_MFS_PSXIND_M.PSX00030000,Market Capitalization,31-Aug-23,6716,Billion PKR,Normal,
Pakistan Stock Exchange – Important Indicators,TS_GP_MFS_PSXIND_M.PSX00030000,Market Capitalization,30-Sep-23,6886,Billion PKR,Normal,
Pakistan Stock Exchange – Important Indicators,TS_GP_MFS_PSXIND_M.PSX00030000,Market Capitalization,31-Oct-23,7552,Billion PKR,Normal,
Pakistan Stock Exchange – Important Indicators,TS_GP_MFS_PSXIND_M.PSX00030000,Market Capitalization,30-Nov-23,8730,Billion PKR,Normal,
Pakistan Stock Exchange – Important Indicators,TS_GP_MFS_PSXIND_M.PSX00030000,Market Capitalization,31-Dec-23,9063,Billion PKR,Normal,
Pakistan Stock Exchange – Important Indicators,TS_GP_MFS_PSXIND_M.PSX00030000,Market Capitalization,31-Jan-24,9074,Billion PKR,Normal,
Pakistan Stock Exchange – Important Indicators,TS_GP_MFS_PSXIND_M.PSX00030000,Market Capitalization,29-Feb-24,9225,Billion PKR,Normal,
