Dataset,Series Key,Series,Observation Date,Observation Value,Unit,Observation Status,Observation Status Comment
Nominal/Real Effective Exchange Rates Indices of Pak Rupees,TS_GP_ER_REERNEER_M.N00010,Nominal Effective ExchangeRate,31-Jul-01,163.87,Index,Normal,
Nominal/Real Effective Exchange Rates Indices of Pak Rupees,TS_GP_ER_REERNEER_M.N00010,Nominal Effective ExchangeRate,31-Aug-01,161.95,Index,Normal,
Nominal/Real Effective Exchange Rates Indices of Pak Rupees,TS_GP_ER_REERNEER_M.N00010,Nominal Effective ExchangeRate,30-Sep-01,161.39,Index,Normal,
Nominal/Real Effective Exchange Rates Indices of Pak Rupees,TS_GP_ER_REERNEER_M.N00010,Nominal Effective ExchangeRate,31-Oct-01,166.59,Index,Normal,
Nominal/Real Effective Exchange Rates Indices of Pak Rupees,TS_GP_ER_REERNEER_M.N00010,Nominal Effective ExchangeRate,30-Nov-01,170.58,Index,Normal,
Nominal/Real Effective Exchange Rates Indices of Pak Rupees,TS_GP_ER_REERNEER_M.N00010,Nominal Effective ExchangeRate,31-Dec-01,172.52,Index,Normal,
Nominal/Real Effective Exchange Rates Indices of Pak Rupees,TS_GP_ER_REERNEER_M.N00010,Nominal Effective ExchangeRate,31-Jan-02,173.91,Index,Normal,
Nominal/Real Effective Exchange Rates Indices of Pak Rupees,TS_GP_ER_REERNEER_M.N00010,Nominal Effective ExchangeRate,28-Feb-02,176.25,Index,Normal,
Nominal/Real Effective Exchange Rates Indices of Pak Rupees,TS_GP_ER_REERNEER_M.N00010,Nominal Effective ExchangeRate,31-Mar-02,175.64,Index,Normal,
Nominal/Real Effective Exchange Rates Indices of Pak Rupees,TS_GP_ER_REERNEER_M.N00010,Nominal Effective ExchangeRate,30-Apr-02,174.74,Index,Normal,
Nominal/Real Effective Exchange Rates Indices of Pak Rupees,TS_GP_ER_REERNEER_M.N00010,Nominal Effective ExchangeRate,31-May-02,172.19,Index,Normal,
Nominal/Real Effective Exchange Rates Indices of Pak Rupees,TS_GP_ER_REERNEER_M.N00010,Nominal Effective ExchangeRate,30-Jun-02,169.63,Index,Normal,
Nominal/Real Effective Exchange Rates Indices of Pak Rupees,TS_GP_ER_REERNEER_M.N00010,Nominal Effective ExchangeRate,31-Jul-02,167.54,Index,Normal,
Nominal/Real Effective Exchange Rates Indices of Pak Rupees,TS_GP_ER_REERNEER_M.N00010,Nominal Effective ExchangeRate,31-Aug-02,169.83,Index,Normal,
Nominal/Real Effective Exchange Rates Indices of Pak Rupees,TS_GP_ER_REERNEER_M.N00010,Nominal Effective ExchangeRate,30-Sep-02,170.55,Index,Normal,
Nominal/Real Effective Exchange Rates Indices of Pak Rupees,TS_GP_ER_REERNEER_M.N00010,Nominal Effective ExchangeRate,31-Oct-02,171.64,Index,Normal,
Nominal/Real Effective Exchange Rates Indices of Pak Rupees,TS_GP_ER_REERNEER_M.N00010,Nominal Effective ExchangeRate,30-Nov-02,171.86,Index,Normal,
Nominal/Real Effective Exchange Rates Indices of Pak Rupees,TS_GP_ER_REERNEER_M.N00010,Nominal Effective ExchangeRate,31-Dec-02,171.09,Index,Normal,
Nominal/Real Effective Exchange Rates Indices of Pak Rupees,TS_GP_ER_REERNEER_M.N00010,Nominal Effective ExchangeRate,31-Jan-03,168.77,Index,Normal,
Nominal/Real Effective Exchange Rates Indices of Pak Rupees,TS_GP_ER_REERNEER_M.N00010,Nominal Effective ExchangeRate,28-Feb-03,168.88,Index,Normal,
Nominal/Real Effective Exchange Rates Indices of Pak Rupees,TS_GP_ER_REERNEER_M.N00010,Nominal Effective ExchangeRate,31-Mar-03,169.51,Index,Normal,
Nominal/Real Effective Exchange Rates Indices of Pak Rupees,TS_GP_ER_REERNEER_M.N00010,Nominal Effective ExchangeRate,30-Apr-03,169.66,Index,Normal,
Nominal/Real Effective Exchange Rates Indices of Pak Rupees,TS_GP_ER_REERNEER_M.N00010,Nominal Effective ExchangeRate,31-May-03,165.31,Index,Normal,
Nominal/Real Effective Exchange Rates Indices of Pak Rupees,TS_GP_ER_REERNEER_M.N00010,Nominal Effective ExchangeRate,30-Jun-03,164.41,Index,Normal,
Nominal/Real Effective Exchange Rates Indices of Pak Rupees,TS_GP_ER_REERNEER_M.N00010,Nominal Effective ExchangeRate,31-Jul-03,165.7,Index,Normal,
Nominal/Real Effective Exchange Rates Indices of Pak Rupees,TS_GP_ER_REERNEER_M.N00010,Nominal Effective ExchangeRate,31-Aug-03,166.75,Index,Normal,
Nominal/Real Effective Exchange Rates Indices of Pak Rupees,TS_GP_ER_REERNEER_M.N00010,Nominal Effective ExchangeRate,30-Sep-03,165.5,Index,Normal,
Nominal/Real Effective Exchange Rates Indices of Pak Rupees,TS_GP_ER_REERNEER_M.N00010,Nominal Effective ExchangeRate,31-Oct-03,162.9,Index,Normal,
Nominal/Real Effective Exchange Rates Indices of Pak Rupees,TS_GP_ER_REERNEER_M.N00010,Nominal Effective ExchangeRate,30-Nov-03,163.73,Index,Normal,
Nominal/Real Effective Exchange Rates Indices of Pak Rupees,TS_GP_ER_REERNEER_M.N00010,Nominal Effective ExchangeRate,31-Dec-03,161.22,Index,Normal,
Nominal/Real Effective Exchange Rates Indices of Pak Rupees,TS_GP_ER_REERNEER_M.N00010,Nominal Effective ExchangeRate,31-Jan-04,158.49,Index,Normal,
Nominal/Real Effective Exchange Rates Indices of Pak Rupees,TS_GP_ER_REERNEER_M.N00010,Nominal Effective ExchangeRate,29-Feb-04,158.08,Index,Normal,
Nominal/Real Effective Exchange Rates Indices of Pak Rupees,TS_GP_ER_REERNEER_M.N00010,Nominal Effective ExchangeRate,31-Mar-04,160.11,Index,Normal,
Nominal/Real Effective Exchange Rates Indices of Pak Rupees,TS_GP_ER_REERNEER_M.N00010,Nominal Effective ExchangeRate,30-Apr-04,160.61,Index,Normal,
Nominal/Real Effective Exchange Rates Indices of Pak Rupees,TS_GP_ER_REERNEER_M.N00010,Nominal Effective ExchangeRate,31-May-04,161.87,Index,Normal,
Nominal/Real Effective Exchange Rates Indices of Pak Rupees,TS_GP_ER_REERNEER_M.N00010,Nominal Effective ExchangeRate,30-Jun-04,160.15,Index,Normal,
Nominal/Real Effective Exchange Rates Indices of Pak Rupees,TS_GP_ER_REERNEER_M.N00010,Nominal Effective ExchangeRate,31-Jul-04,158.43,Index,Normal,
Nominal/Real Effective Exchange Rates Indices of Pak Rupees,TS_GP_ER_REERNEER_M.N00010,Nominal Effective ExchangeRate,31-Aug-04,158.42,Index,Normal,
Nominal/Real Effective Exchange Rates Indices of Pak Rupees,TS_GP_ER_REERNEER_M.N00010,Nominal Effective ExchangeRate,30-Sep-04,157.01,Index,Normal,
Nominal/Real Effective Exchange Rates Indices of Pak Rupees,TS_GP_ER_REERNEER_M.N00010,Nominal Effective ExchangeRate,31-Oct-04,154.88,Index,Normal,
Nominal/Real Effective Exchange Rates Indices of Pak Rupees,TS_GP_ER_REERNEER_M.N00010,Nominal Effective ExchangeRate,30-Nov-04,151.16,Index,Normal,
Nominal/Real Effective Exchange Rates Indices of Pak Rupees,TS_GP_ER_REERNEER_M.N00010,Nominal Effective ExchangeRate,31-Dec-04,148.83,Index,Normal,
Nominal/Real Effective Exchange Rates Indices of Pak Rupees,TS_GP_ER_REERNEER_M.N00010,Nominal Effective ExchangeRate,31-Jan-05,150.2,Index,Normal,
Nominal/Real Effective Exchange Rates Indices of Pak Rupees,TS_GP_ER_REERNEER_M.N00010,Nominal Effective ExchangeRate,28-Feb-05,150.72,Index,Normal,
Nominal/Real Effective Exchange Rates Indices of Pak Rupees,TS_GP_ER_REERNEER_M.N00010,Nominal Effective ExchangeRate,31-Mar-05,149.98,Index,Normal,
Nominal/Real Effective Exchange Rates Indices of Pak Rupees,TS_GP_ER_REERNEER_M.N00010,Nominal Effective ExchangeRate,30-Apr-05,151.47,Index,Normal,
Nominal/Real Effective Exchange Rates Indices of Pak Rupees,TS_GP_ER_REERNEER_M.N00010,Nominal Effective ExchangeRate,31-May-05,151.45,Index,Normal,
Nominal/Real Effective Exchange Rates Indices of Pak Rupees,TS_GP_ER_REERNEER_M.N00010,Nominal Effective ExchangeRate,30-Jun-05,153.23,Index,Normal,
Nominal/Real Effective Exchange Rates Indices of Pak Rupees,TS_GP_ER_REERNEER_M.N00010,Nominal Effective ExchangeRate,31-Jul-05,154.47,Index,Normal,
Nominal/Real Effective Exchange Rates Indices of Pak Rupees,TS_GP_ER_REERNEER_M.N00010,Nominal Effective ExchangeRate,31-Aug-05,152.64,Index,Normal,
Nominal/Real Effective Exchange Rates Indices of Pak Rupees,TS_GP_ER_REERNEER_M.N00010,Nominal Effective ExchangeRate,30-Sep-05,152.28,Index,Normal,
Nominal/Real Effective Exchange Rates Indices of Pak Rupees,TS_GP_ER_REERNEER_M.N00010,Nominal Effective ExchangeRate,31-Oct-05,154.33,Index,Normal,
Nominal/Real Effective Exchange Rates Indices of Pak Rupees,TS_GP_ER_REERNEER_M.N00010,Nominal Effective ExchangeRate,30-Nov-05,155.77,Index,Normal,
Nominal/Real Effective Exchange Rates Indices of Pak Rupees,TS_GP_ER_REERNEER_M.N00010,Nominal Effective ExchangeRate,31-Dec-05,154.85,Index,Normal,
Nominal/Real Effective Exchange Rates Indices of Pak Rupees,TS_GP_ER_REERNEER_M.N00010,Nominal Effective ExchangeRate,31-Jan-06,152.81,Index,Normal,
Nominal/Real Effective Exchange Rates Indices of Pak Rupees,TS_GP_ER_REERNEER_M.N00010,Nominal Effective ExchangeRate,28-Feb-06,153.3,Index,Normal,
Nominal/Real Effective Exchange Rates Indices of Pak Rupees,TS_GP_ER_REERNEER_M.N00010,Nominal Effective ExchangeRate,31-Mar-06,152.75,Index,Normal,
Nominal/Real Effective Exchange Rates Indices of Pak Rupees,TS_GP_ER_REERNEER_M.N00010,Nominal Effective ExchangeRate,30-Apr-06,151.4,Index,Normal,
Nominal/Real Effective Exchange Rates Indices of Pak Rupees,TS_GP_ER_REERNEER_M.N00010,Nominal Effective ExchangeRate,31-May-06,148.45,Index,Normal,
Nominal/Real Effective Exchange Rates Indices of Pak Rupees,TS_GP_ER_REERNEER_M.N00010,Nominal Effective ExchangeRate,30-Jun-06,149.55,Index,Normal,
Nominal/Real Effective Exchange Rates Indices of Pak Rupees,TS_GP_ER_REERNEER_M.N00010,Nominal Effective ExchangeRate,31-Jul-06,149.24,Index,Normal,
Nominal/Real Effective Exchange Rates Indices of Pak Rupees,TS_GP_ER_REERNEER_M.N00010,Nominal Effective ExchangeRate,31-Aug-06,148.21,Index,Normal,
Nominal/Real Effective Exchange Rates Indices of Pak Rupees,TS_GP_ER_REERNEER_M.N00010,Nominal Effective ExchangeRate,30-Sep-06,148.12,Index,Normal,
Nominal/Real Effective Exchange Rates Indices of Pak Rupees,TS_GP_ER_REERNEER_M.N00010,Nominal Effective ExchangeRate,31-Oct-06,147.97,Index,Normal,
Nominal/Real Effective Exchange Rates Indices of Pak Rupees,TS_GP_ER_REERNEER_M.N00010,Nominal Effective ExchangeRate,30-Nov-06,145.37,Index,Normal,
Nominal/Real Effective Exchange Rates Indices of Pak Rupees,TS_GP_ER_REERNEER_M.N00010,Nominal Effective ExchangeRate,31-Dec-06,144.32,Index,Normal,
Nominal/Real Effective Exchange Rates Indices of Pak Rupees,TS_GP_ER_REERNEER_M.N00010,Nominal Effective ExchangeRate,31-Jan-07,145.3,Index,Normal,
Nominal/Real Effective Exchange Rates Indices of Pak Rupees,TS_GP_ER_REERNEER_M.N00010,Nominal Effective ExchangeRate,28-Feb-07,145.16,Index,Normal,
Nominal/Real Effective Exchange Rates Indices of Pak Rupees,TS_GP_ER_REERNEER_M.N00010,Nominal Effective ExchangeRate,31-Mar-07,144.51,Index,Normal,
Nominal/Real Effective Exchange Rates Indices of Pak Rupees,TS_GP_ER_REERNEER_M.N00010,Nominal Effective ExchangeRate,30-Apr-07,142.99,Index,Normal,
Nominal/Real Effective Exchange Rates Indices of Pak Rupees,TS_GP_ER_REERNEER_M.N00010,Nominal Effective ExchangeRate,31-May-07,142.84,Index,Normal,
Nominal/Real Effective Exchange Rates Indices of Pak Rupees,TS_GP_ER_REERNEER_M.N00010,Nominal Effective ExchangeRate,30-Jun-07,143.13,Index,Normal,
Nominal/Real Effective Exchange Rates Indices of Pak Rupees,TS_GP_ER_REERNEER_M.N00010,Nominal Effective ExchangeRate,31-Jul-07,141.97,Index,Normal,
Nominal/Real Effective Exchange Rates Indices of Pak Rupees,TS_GP_ER_REERNEER_M.N00010,Nominal Effective ExchangeRate,31-Aug-07,142.22,Index,Normal,
Nominal/Real Effective Exchange Rates Indices of Pak Rupees,TS_GP_ER_REERNEER_M.N00010,Nominal Effective ExchangeRate,30-Sep-07,140.44,Index,Normal,
Nominal/Real Effective Exchange Rates Indices of Pak Rupees,TS_GP_ER_REERNEER_M.N00010,Nominal Effective ExchangeRate,31-Oct-07,138.5,Index,Normal,
Nominal/Real Effective Exchange Rates Indices of Pak Rupees,TS_GP_ER_REERNEER_M.N00010,Nominal Effective ExchangeRate,30-Nov-07,135.75,Index,Normal,
Nominal/Real Effective Exchange Rates Indices of Pak Rupees,TS_GP_ER_REERNEER_M.N00010,Nominal Effective ExchangeRate,31-Dec-07,136.14,Index,Normal,
Nominal/Real Effective Exchange Rates Indices of Pak Rupees,TS_GP_ER_REERNEER_M.N00010,Nominal Effective ExchangeRate,31-Jan-08,132.45,Index,Normal,
Nominal/Real Effective Exchange Rates Indices of Pak Rupees,TS_GP_ER_REERNEER_M.N00010,Nominal Effective ExchangeRate,29-Feb-08,131.33,Index,Normal,
Nominal/Real Effective Exchange Rates Indices of Pak Rupees,TS_GP_ER_REERNEER_M.N00010,Nominal Effective ExchangeRate,31-Mar-08,128.35,Index,Normal,
Nominal/Real Effective Exchange Rates Indices of Pak Rupees,TS_GP_ER_REERNEER_M.N00010,Nominal Effective ExchangeRate,30-Apr-08,126.55,Index,Normal,
Nominal/Real Effective Exchange Rates Indices of Pak Rupees,TS_GP_ER_REERNEER_M.N00010,Nominal Effective ExchangeRate,31-May-08,119.45,Index,Normal,
Nominal/Real Effective Exchange Rates Indices of Pak Rupees,TS_GP_ER_REERNEER_M.N00010,Nominal Effective ExchangeRate,30-Jun-08,120.36,Index,Normal,
Nominal/Real Effective Exchange Rates Indices of Pak Rupees,TS_GP_ER_REERNEER_M.N00010,Nominal Effective ExchangeRate,31-Jul-08,113.91,Index,Normal,
Nominal/Real Effective Exchange Rates Indices of Pak Rupees,TS_GP_ER_REERNEER_M.N00010,Nominal Effective ExchangeRate,31-Aug-08,110.6,Index,Normal,
Nominal/Real Effective Exchange Rates Indices of Pak Rupees,TS_GP_ER_REERNEER_M.N00010,Nominal Effective ExchangeRate,30-Sep-08,108.95,Index,Normal,
Nominal/Real Effective Exchange Rates Indices of Pak Rupees,TS_GP_ER_REERNEER_M.N00010,Nominal Effective ExchangeRate,31-Oct-08,108.86,Index,Normal,
Nominal/Real Effective Exchange Rates Indices of Pak Rupees,TS_GP_ER_REERNEER_M.N00010,Nominal Effective ExchangeRate,30-Nov-08,111.85,Index,Normal,
Nominal/Real Effective Exchange Rates Indices of Pak Rupees,TS_GP_ER_REERNEER_M.N00010,Nominal Effective ExchangeRate,31-Dec-08,111.4,Index,Normal,
Nominal/Real Effective Exchange Rates Indices of Pak Rupees,TS_GP_ER_REERNEER_M.N00010,Nominal Effective ExchangeRate,31-Jan-09,111.7,Index,Normal,
Nominal/Real Effective Exchange Rates Indices of Pak Rupees,TS_GP_ER_REERNEER_M.N00010,Nominal Effective ExchangeRate,28-Feb-09,113.4,Index,Normal,
Nominal/Real Effective Exchange Rates Indices of Pak Rupees,TS_GP_ER_REERNEER_M.N00010,Nominal Effective ExchangeRate,31-Mar-09,112.56,Index,Normal,
Nominal/Real Effective Exchange Rates Indices of Pak Rupees,TS_GP_ER_REERNEER_M.N00010,Nominal Effective ExchangeRate,30-Apr-09,110.8,Index,Normal,
Nominal/Real Effective Exchange Rates Indices of Pak Rupees,TS_GP_ER_REERNEER_M.N00010,Nominal Effective ExchangeRate,31-May-09,108.02,Index,Normal,
Nominal/Real Effective Exchange Rates Indices of Pak Rupees,TS_GP_ER_REERNEER_M.N00010,Nominal Effective ExchangeRate,30-Jun-09,106.1,Index,Normal,
Nominal/Real Effective Exchange Rates Indices of Pak Rupees,TS_GP_ER_REERNEER_M.N00010,Nominal Effective ExchangeRate,31-Jul-09,104.36,Index,Normal,
Nominal/Real Effective Exchange Rates Indices of Pak Rupees,TS_GP_ER_REERNEER_M.N00010,Nominal Effective ExchangeRate,31-Aug-09,102.74,Index,Normal,
Nominal/Real Effective Exchange Rates Indices of Pak Rupees,TS_GP_ER_REERNEER_M.N00010,Nominal Effective ExchangeRate,30-Sep-09,101.65,Index,Normal,
Nominal/Real Effective Exchange Rates Indices of Pak Rupees,TS_GP_ER_REERNEER_M.N00010,Nominal Effective ExchangeRate,31-Oct-09,100.11,Index,Normal,
Nominal/Real Effective Exchange Rates Indices of Pak Rupees,TS_GP_ER_REERNEER_M.N00010,Nominal Effective ExchangeRate,30-Nov-09,99.35,Index,Normal,
Nominal/Real Effective Exchange Rates Indices of Pak Rupees,TS_GP_ER_REERNEER_M.N00010,Nominal Effective ExchangeRate,31-Dec-09,99.47,Index,Normal,
Nominal/Real Effective Exchange Rates Indices of Pak Rupees,TS_GP_ER_REERNEER_M.N00010,Nominal Effective ExchangeRate,31-Jan-10,99.27,Index,Normal,
Nominal/Real Effective Exchange Rates Indices of Pak Rupees,TS_GP_ER_REERNEER_M.N00010,Nominal Effective ExchangeRate,28-Feb-10,100.35,Index,Normal,
Nominal/Real Effective Exchange Rates Indices of Pak Rupees,TS_GP_ER_REERNEER_M.N00010,Nominal Effective ExchangeRate,31-Mar-10,101.01,Index,Normal,
Nominal/Real Effective Exchange Rates Indices of Pak Rupees,TS_GP_ER_REERNEER_M.N00010,Nominal Effective ExchangeRate,30-Apr-10,101.58,Index,Normal,
Nominal/Real Effective Exchange Rates Indices of Pak Rupees,TS_GP_ER_REERNEER_M.N00010,Nominal Effective ExchangeRate,31-May-10,103.62,Index,Normal,
Nominal/Real Effective Exchange Rates Indices of Pak Rupees,TS_GP_ER_REERNEER_M.N00010,Nominal Effective ExchangeRate,30-Jun-10,103.34,Index,Normal,
Nominal/Real Effective Exchange Rates Indices of Pak Rupees,TS_GP_ER_REERNEER_M.N00010,Nominal Effective ExchangeRate,31-Jul-10,101.02,Index,Normal,
Nominal/Real Effective Exchange Rates Indices of Pak Rupees,TS_GP_ER_REERNEER_M.N00010,Nominal Effective ExchangeRate,31-Aug-10,100.02,Index,Normal,
Nominal/Real Effective Exchange Rates Indices of Pak Rupees,TS_GP_ER_REERNEER_M.N00010,Nominal Effective ExchangeRate,30-Sep-10,98.96,Index,Normal,
Nominal/Real Effective Exchange Rates Indices of Pak Rupees,TS_GP_ER_REERNEER_M.N00010,Nominal Effective ExchangeRate,31-Oct-10,96.18,Index,Normal,
Nominal/Real Effective Exchange Rates Indices of Pak Rupees,TS_GP_ER_REERNEER_M.N00010,Nominal Effective ExchangeRate,30-Nov-10,97.02,Index,Normal,
Nominal/Real Effective Exchange Rates Indices of Pak Rupees,TS_GP_ER_REERNEER_M.N00010,Nominal Effective ExchangeRate,31-Dec-10,98.01,Index,Normal,
Nominal/Real Effective Exchange Rates Indices of Pak Rupees,TS_GP_ER_REERNEER_M.N00010,Nominal Effective ExchangeRate,31-Jan-11,97.36,Index,Normal,
Nominal/Real Effective Exchange Rates Indices of Pak Rupees,TS_GP_ER_REERNEER_M.N00010,Nominal Effective ExchangeRate,28-Feb-11,97.03,Index,Normal,
Nominal/Real Effective Exchange Rates Indices of Pak Rupees,TS_GP_ER_REERNEER_M.N00010,Nominal Effective ExchangeRate,31-Mar-11,96.1,Index,Normal,
Nominal/Real Effective Exchange Rates Indices of Pak Rupees,TS_GP_ER_REERNEER_M.N00010,Nominal Effective ExchangeRate,30-Apr-11,95.63,Index,Normal,
Nominal/Real Effective Exchange Rates Indices of Pak Rupees,TS_GP_ER_REERNEER_M.N00010,Nominal Effective ExchangeRate,31-May-11,94.98,Index,Normal,
Nominal/Real Effective Exchange Rates Indices of Pak Rupees,TS_GP_ER_REERNEER_M.N00010,Nominal Effective ExchangeRate,30-Jun-11,94.21,Index,Normal,
Nominal/Real Effective Exchange Rates Indices of Pak Rupees,TS_GP_ER_REERNEER_M.N00010,Nominal Effective ExchangeRate,31-Jul-11,93.87,Index,Normal,
Nominal/Real Effective Exchange Rates Indices of Pak Rupees,TS_GP_ER_REERNEER_M.N00010,Nominal Effective ExchangeRate,31-Aug-11,92.95,Index,Normal,
Nominal/Real Effective Exchange Rates Indices of Pak Rupees,TS_GP_ER_REERNEER_M.N00010,Nominal Effective ExchangeRate,30-Sep-11,94.01,Index,Normal,
Nominal/Real Effective Exchange Rates Indices of Pak Rupees,TS_GP_ER_REERNEER_M.N00010,Nominal Effective ExchangeRate,31-Oct-11,95.17,Index,Normal,
Nominal/Real Effective Exchange Rates Indices of Pak Rupees,TS_GP_ER_REERNEER_M.N00010,Nominal Effective ExchangeRate,30-Nov-11,95.44,Index,Normal,
Nominal/Real Effective Exchange Rates Indices of Pak Rupees,TS_GP_ER_REERNEER_M.N00010,Nominal Effective ExchangeRate,31-Dec-11,93.82,Index,Normal,
Nominal/Real Effective Exchange Rates Indices of Pak Rupees,TS_GP_ER_REERNEER_M.N00010,Nominal Effective ExchangeRate,31-Jan-12,93.02,Index,Normal,
Nominal/Real Effective Exchange Rates Indices of Pak Rupees,TS_GP_ER_REERNEER_M.N00010,Nominal Effective ExchangeRate,29-Feb-12,91.45,Index,Normal,
Nominal/Real Effective Exchange Rates Indices of Pak Rupees,TS_GP_ER_REERNEER_M.N00010,Nominal Effective ExchangeRate,31-Mar-12,91.94,Index,Normal,
Nominal/Real Effective Exchange Rates Indices of Pak Rupees,TS_GP_ER_REERNEER_M.N00010,Nominal Effective ExchangeRate,30-Apr-12,92.05,Index,Normal,
Nominal/Real Effective Exchange Rates Indices of Pak Rupees,TS_GP_ER_REERNEER_M.N00010,Nominal Effective ExchangeRate,31-May-12,92.35,Index,Normal,
Nominal/Real Effective Exchange Rates Indices of Pak Rupees,TS_GP_ER_REERNEER_M.N00010,Nominal Effective ExchangeRate,30-Jun-12,90.51,Index,Normal,
Nominal/Real Effective Exchange Rates Indices of Pak Rupees,TS_GP_ER_REERNEER_M.N00010,Nominal Effective ExchangeRate,31-Jul-12,90.51,Index,Normal,
Nominal/Real Effective Exchange Rates Indices of Pak Rupees,TS_GP_ER_REERNEER_M.N00010,Nominal Effective ExchangeRate,31-Aug-12,89.95,Index,Normal,
Nominal/Real Effective Exchange Rates Indices of Pak Rupees,TS_GP_ER_REERNEER_M.N00010,Nominal Effective ExchangeRate,30-Sep-12,88.65,Index,Normal,
Nominal/Real Effective Exchange Rates Indices of Pak Rupees,TS_GP_ER_REERNEER_M.N00010,Nominal Effective ExchangeRate,31-Oct-12,87.6,Index,Normal,
Nominal/Real Effective Exchange Rates Indices of Pak Rupees,TS_GP_ER_REERNEER_M.N00010,Nominal Effective ExchangeRate,30-Nov-12,87.48,Index,Normal,
Nominal/Real Effective Exchange Rates Indices of Pak Rupees,TS_GP_ER_REERNEER_M.N00010,Nominal Effective ExchangeRate,31-Dec-12,86,Index,Normal,
Nominal/Real Effective Exchange Rates Indices of Pak Rupees,TS_GP_ER_REERNEER_M.N00010,Nominal Effective ExchangeRate,31-Jan-13,86.38270367,Index,Normal,
Nominal/Real Effective Exchange Rates Indices of Pak Rupees,TS_GP_ER_REERNEER_M.N00010,Nominal Effective ExchangeRate,28-Feb-13,86.33309837,Index,Normal,
Nominal/Real Effective Exchange Rates Indices of Pak Rupees,TS_GP_ER_REERNEER_M.N00010,Nominal Effective ExchangeRate,31-Mar-13,87.18205108,Index,Normal,
Nominal/Real Effective Exchange Rates Indices of Pak Rupees,TS_GP_ER_REERNEER_M.N00010,Nominal Effective ExchangeRate,30-Apr-13,86.86635399,Index,Normal,
Nominal/Real Effective Exchange Rates Indices of Pak Rupees,TS_GP_ER_REERNEER_M.N00010,Nominal Effective ExchangeRate,31-May-13,86.76750641,Index,Normal,
Nominal/Real Effective Exchange Rates Indices of Pak Rupees,TS_GP_ER_REERNEER_M.N00010,Nominal Effective ExchangeRate,30-Jun-13,86.59175998,Index,Normal,
Nominal/Real Effective Exchange Rates Indices of Pak Rupees,TS_GP_ER_REERNEER_M.N00010,Nominal Effective ExchangeRate,31-Jul-13,85.48418935,Index,Normal,
Nominal/Real Effective Exchange Rates Indices of Pak Rupees,TS_GP_ER_REERNEER_M.N00010,Nominal Effective ExchangeRate,31-Aug-13,83.71100592,Index,Normal,
Nominal/Real Effective Exchange Rates Indices of Pak Rupees,TS_GP_ER_REERNEER_M.N00010,Nominal Effective ExchangeRate,30-Sep-13,81.67060558,Index,Normal,
Nominal/Real Effective Exchange Rates Indices of Pak Rupees,TS_GP_ER_REERNEER_M.N00010,Nominal Effective ExchangeRate,31-Oct-13,80.23450813,Index,Normal,
Nominal/Real Effective Exchange Rates Indices of Pak Rupees,TS_GP_ER_REERNEER_M.N00010,Nominal Effective ExchangeRate,30-Nov-13,79.76667978,Index,Normal,
Nominal/Real Effective Exchange Rates Indices of Pak Rupees,TS_GP_ER_REERNEER_M.N00010,Nominal Effective ExchangeRate,31-Dec-13,79.97791313,Index,Normal,
Nominal/Real Effective Exchange Rates Indices of Pak Rupees,TS_GP_ER_REERNEER_M.N00010,Nominal Effective ExchangeRate,31-Jan-14,81.60552676,Index,Normal,
Nominal/Real Effective Exchange Rates Indices of Pak Rupees,TS_GP_ER_REERNEER_M.N00010,Nominal Effective ExchangeRate,28-Feb-14,81.7561167,Index,Normal,
Nominal/Real Effective Exchange Rates Indices of Pak Rupees,TS_GP_ER_REERNEER_M.N00010,Nominal Effective ExchangeRate,31-Mar-14,85.69157177,Index,Normal,
Nominal/Real Effective Exchange Rates Indices of Pak Rupees,TS_GP_ER_REERNEER_M.N00010,Nominal Effective ExchangeRate,30-Apr-14,87.59067508,Index,Normal,
Nominal/Real Effective Exchange Rates Indices of Pak Rupees,TS_GP_ER_REERNEER_M.N00010,Nominal Effective ExchangeRate,31-May-14,86.59525013,Index,Normal,
Nominal/Real Effective Exchange Rates Indices of Pak Rupees,TS_GP_ER_REERNEER_M.N00010,Nominal Effective ExchangeRate,30-Jun-14,86.96023075,Index,Normal,
Nominal/Real Effective Exchange Rates Indices of Pak Rupees,TS_GP_ER_REERNEER_M.N00010,Nominal Effective ExchangeRate,31-Jul-14,86.76901682,Index,Normal,
Nominal/Real Effective Exchange Rates Indices of Pak Rupees,TS_GP_ER_REERNEER_M.N00010,Nominal Effective ExchangeRate,31-Aug-14,86.11189614,Index,Normal,
Nominal/Real Effective Exchange Rates Indices of Pak Rupees,TS_GP_ER_REERNEER_M.N00010,Nominal Effective ExchangeRate,30-Sep-14,85.20992877,Index,Normal,
Nominal/Real Effective Exchange Rates Indices of Pak Rupees,TS_GP_ER_REERNEER_M.N00010,Nominal Effective ExchangeRate,31-Oct-14,85.65335476,Index,Normal,
Nominal/Real Effective Exchange Rates Indices of Pak Rupees,TS_GP_ER_REERNEER_M.N00010,Nominal Effective ExchangeRate,30-Nov-14,87.25178254,Index,Normal,
Nominal/Real Effective Exchange Rates Indices of Pak Rupees,TS_GP_ER_REERNEER_M.N00010,Nominal Effective ExchangeRate,31-Dec-14,89.11642768,Index,Normal,
Nominal/Real Effective Exchange Rates Indices of Pak Rupees,TS_GP_ER_REERNEER_M.N00010,Nominal Effective ExchangeRate,31-Jan-15,90.64882953,Index,Normal,
Nominal/Real Effective Exchange Rates Indices of Pak Rupees,TS_GP_ER_REERNEER_M.N00010,Nominal Effective ExchangeRate,28-Feb-15,90.75032455,Index,Normal,
Nominal/Real Effective Exchange Rates Indices of Pak Rupees,TS_GP_ER_REERNEER_M.N00010,Nominal Effective ExchangeRate,31-Mar-15,91.81530978,Index,Normal,
Nominal/Real Effective Exchange Rates Indices of Pak Rupees,TS_GP_ER_REERNEER_M.N00010,Nominal Effective ExchangeRate,30-Apr-15,91.61671843,Index,Normal,
Nominal/Real Effective Exchange Rates Indices of Pak Rupees,TS_GP_ER_REERNEER_M.N00010,Nominal Effective ExchangeRate,31-May-15,90.75772906,Index,Normal,
Nominal/Real Effective Exchange Rates Indices of Pak Rupees,TS_GP_ER_REERNEER_M.N00010,Nominal Effective ExchangeRate,30-Jun-15,91.18842569,Index,Normal,
Nominal/Real Effective Exchange Rates Indices of Pak Rupees,TS_GP_ER_REERNEER_M.N00010,Nominal Effective ExchangeRate,31-Jul-15,91.97128658,Index,Normal,
Nominal/Real Effective Exchange Rates Indices of Pak Rupees,TS_GP_ER_REERNEER_M.N00010,Nominal Effective ExchangeRate,31-Aug-15,92.79166253,Index,Normal,
Nominal/Real Effective Exchange Rates Indices of Pak Rupees,TS_GP_ER_REERNEER_M.N00010,Nominal Effective ExchangeRate,30-Sep-15,91.71228745,Index,Normal,
Nominal/Real Effective Exchange Rates Indices of Pak Rupees,TS_GP_ER_REERNEER_M.N00010,Nominal Effective ExchangeRate,31-Oct-15,91.0229375,Index,Normal,
Nominal/Real Effective Exchange Rates Indices of Pak Rupees,TS_GP_ER_REERNEER_M.N00010,Nominal Effective ExchangeRate,30-Nov-15,91.41314164,Index,Normal,
Nominal/Real Effective Exchange Rates Indices of Pak Rupees,TS_GP_ER_REERNEER_M.N00010,Nominal Effective ExchangeRate,31-Dec-15,92.50114626,Index,Normal,
Nominal/Real Effective Exchange Rates Indices of Pak Rupees,TS_GP_ER_REERNEER_M.N00010,Nominal Effective ExchangeRate,31-Jan-16,92.97905311,Index,Normal,
Nominal/Real Effective Exchange Rates Indices of Pak Rupees,TS_GP_ER_REERNEER_M.N00010,Nominal Effective ExchangeRate,29-Feb-16,92.37610052,Index,Normal,
Nominal/Real Effective Exchange Rates Indices of Pak Rupees,TS_GP_ER_REERNEER_M.N00010,Nominal Effective ExchangeRate,31-Mar-16,91.49418083,Index,Normal,
Nominal/Real Effective Exchange Rates Indices of Pak Rupees,TS_GP_ER_REERNEER_M.N00010,Nominal Effective ExchangeRate,30-Apr-16,90.42616702,Index,Normal,
Nominal/Real Effective Exchange Rates Indices of Pak Rupees,TS_GP_ER_REERNEER_M.N00010,Nominal Effective ExchangeRate,31-May-16,90.87607353,Index,Normal,
Nominal/Real Effective Exchange Rates Indices of Pak Rupees,TS_GP_ER_REERNEER_M.N00010,Nominal Effective ExchangeRate,30-Jun-16,91.33119047,Index,Normal,
Nominal/Real Effective Exchange Rates Indices of Pak Rupees,TS_GP_ER_REERNEER_M.N00010,Nominal Effective ExchangeRate,31-Jul-16,91.77928356,Index,Normal,
Nominal/Real Effective Exchange Rates Indices of Pak Rupees,TS_GP_ER_REERNEER_M.N00010,Nominal Effective ExchangeRate,31-Aug-16,91.25290511,Index,Normal,
Nominal/Real Effective Exchange Rates Indices of Pak Rupees,TS_GP_ER_REERNEER_M.N00010,Nominal Effective ExchangeRate,30-Sep-16,91.61004296,Index,Normal,
Nominal/Real Effective Exchange Rates Indices of Pak Rupees,TS_GP_ER_REERNEER_M.N00010,Nominal Effective ExchangeRate,31-Oct-16,92.48255599,Index,Normal,
Nominal/Real Effective Exchange Rates Indices of Pak Rupees,TS_GP_ER_REERNEER_M.N00010,Nominal Effective ExchangeRate,30-Nov-16,93.82834804,Index,Normal,
Nominal/Real Effective Exchange Rates Indices of Pak Rupees,TS_GP_ER_REERNEER_M.N00010,Nominal Effective ExchangeRate,31-Dec-16,95.39725853,Index,Normal,
Nominal/Real Effective Exchange Rates Indices of Pak Rupees,TS_GP_ER_REERNEER_M.N00010,Nominal Effective ExchangeRate,31-Jan-17,95.11588957,Index,Normal,
Nominal/Real Effective Exchange Rates Indices of Pak Rupees,TS_GP_ER_REERNEER_M.N00010,Nominal Effective ExchangeRate,28-Feb-17,94.45557562,Index,Normal,
Nominal/Real Effective Exchange Rates Indices of Pak Rupees,TS_GP_ER_REERNEER_M.N00010,Nominal Effective ExchangeRate,31-Mar-17,94.36880401,Index,Normal,
Nominal/Real Effective Exchange Rates Indices of Pak Rupees,TS_GP_ER_REERNEER_M.N00010,Nominal Effective ExchangeRate,30-Apr-17,93.96401975,Index,Normal,
Nominal/Real Effective Exchange Rates Indices of Pak Rupees,TS_GP_ER_REERNEER_M.N00010,Nominal Effective ExchangeRate,31-May-17,93.39244625,Index,Normal,
Nominal/Real Effective Exchange Rates Indices of Pak Rupees,TS_GP_ER_REERNEER_M.N00010,Nominal Effective ExchangeRate,30-Jun-17,92.54154977,Index,Normal,
Nominal/Real Effective Exchange Rates Indices of Pak Rupees,TS_GP_ER_REERNEER_M.N00010,Nominal Effective ExchangeRate,31-Jul-17,91.22125532,Index,Normal,
Nominal/Real Effective Exchange Rates Indices of Pak Rupees,TS_GP_ER_REERNEER_M.N00010,Nominal Effective ExchangeRate,31-Aug-17,90.2672197,Index,Normal,
Nominal/Real Effective Exchange Rates Indices of Pak Rupees,TS_GP_ER_REERNEER_M.N00010,Nominal Effective ExchangeRate,30-Sep-17,89.4759014,Index,Normal,
Nominal/Real Effective Exchange Rates Indices of Pak Rupees,TS_GP_ER_REERNEER_M.N00010,Nominal Effective ExchangeRate,31-Oct-17,90.39551779,Index,Normal,
Nominal/Real Effective Exchange Rates Indices of Pak Rupees,TS_GP_ER_REERNEER_M.N00010,Nominal Effective ExchangeRate,30-Nov-17,90.59692267,Index,Normal,
Nominal/Real Effective Exchange Rates Indices of Pak Rupees,TS_GP_ER_REERNEER_M.N00010,Nominal Effective ExchangeRate,31-Dec-17,87.23278187,Index,Normal,
Nominal/Real Effective Exchange Rates Indices of Pak Rupees,TS_GP_ER_REERNEER_M.N00010,Nominal Effective ExchangeRate,31-Jan-18,84.12064831,Index,Normal,
Nominal/Real Effective Exchange Rates Indices of Pak Rupees,TS_GP_ER_REERNEER_M.N00010,Nominal Effective ExchangeRate,28-Feb-18,83.24734517,Index,Normal,
Nominal/Real Effective Exchange Rates Indices of Pak Rupees,TS_GP_ER_REERNEER_M.N00010,Nominal Effective ExchangeRate,31-Mar-18,81.9058251,Index,Normal,
Nominal/Real Effective Exchange Rates Indices of Pak Rupees,TS_GP_ER_REERNEER_M.N00010,Nominal Effective ExchangeRate,30-Apr-18,79.94590419,Index,Normal,
Nominal/Real Effective Exchange Rates Indices of Pak Rupees,TS_GP_ER_REERNEER_M.N00010,Nominal Effective ExchangeRate,31-May-18,81.57068341,Index,Normal,
Nominal/Real Effective Exchange Rates Indices of Pak Rupees,TS_GP_ER_REERNEER_M.N00010,Nominal Effective ExchangeRate,30-Jun-18,79.73986013,Index,Normal,
Nominal/Real Effective Exchange Rates Indices of Pak Rupees,TS_GP_ER_REERNEER_M.N00010,Nominal Effective ExchangeRate,31-Jul-18,77.55985633,Index,Normal,
Nominal/Real Effective Exchange Rates Indices of Pak Rupees,TS_GP_ER_REERNEER_M.N00010,Nominal Effective ExchangeRate,31-Aug-18,79.30872953,Index,Normal,
Nominal/Real Effective Exchange Rates Indices of Pak Rupees,TS_GP_ER_REERNEER_M.N00010,Nominal Effective ExchangeRate,30-Sep-18,79.26248553,Index,Normal,
Nominal/Real Effective Exchange Rates Indices of Pak Rupees,TS_GP_ER_REERNEER_M.N00010,Nominal Effective ExchangeRate,31-Oct-18,75.60742264,Index,Normal,
Nominal/Real Effective Exchange Rates Indices of Pak Rupees,TS_GP_ER_REERNEER_M.N00010,Nominal Effective ExchangeRate,30-Nov-18,74.14734144,Index,Normal,
Nominal/Real Effective Exchange Rates Indices of Pak Rupees,TS_GP_ER_REERNEER_M.N00010,Nominal Effective ExchangeRate,31-Dec-18,71.35173268,Index,Normal,
Nominal/Real Effective Exchange Rates Indices of Pak Rupees,TS_GP_ER_REERNEER_M.N00010,Nominal Effective ExchangeRate,31-Jan-19,70.6144877,Index,Normal,
Nominal/Real Effective Exchange Rates Indices of Pak Rupees,TS_GP_ER_REERNEER_M.N00010,Nominal Effective ExchangeRate,28-Feb-19,70.46694658,Index,Normal,
Nominal/Real Effective Exchange Rates Indices of Pak Rupees,TS_GP_ER_REERNEER_M.N00010,Nominal Effective ExchangeRate,31-Mar-19,70.26140614,Index,Normal,
Nominal/Real Effective Exchange Rates Indices of Pak Rupees,TS_GP_ER_REERNEER_M.N00010,Nominal Effective ExchangeRate,30-Apr-19,69.48078193,Index,Normal,
Nominal/Real Effective Exchange Rates Indices of Pak Rupees,TS_GP_ER_REERNEER_M.N00010,Nominal Effective ExchangeRate,31-May-19,68.15187594,Index,Normal,
Nominal/Real Effective Exchange Rates Indices of Pak Rupees,TS_GP_ER_REERNEER_M.N00010,Nominal Effective ExchangeRate,30-Jun-19,64.19894705,Index,Normal,
Nominal/Real Effective Exchange Rates Indices of Pak Rupees,TS_GP_ER_REERNEER_M.N00010,Nominal Effective ExchangeRate,31-Jul-19,61.96403249,Index,Normal,
Nominal/Real Effective Exchange Rates Indices of Pak Rupees,TS_GP_ER_REERNEER_M.N00010,Nominal Effective ExchangeRate,31-Aug-19,63.36324489,Index,Normal,
Nominal/Real Effective Exchange Rates Indices of Pak Rupees,TS_GP_ER_REERNEER_M.N00010,Nominal Effective ExchangeRate,30-Sep-19,64.43590583,Index,Normal,
Nominal/Real Effective Exchange Rates Indices of Pak Rupees,TS_GP_ER_REERNEER_M.N00010,Nominal Effective ExchangeRate,31-Oct-19,64.39939626,Index,Normal,
Nominal/Real Effective Exchange Rates Indices of Pak Rupees,TS_GP_ER_REERNEER_M.N00010,Nominal Effective ExchangeRate,30-Nov-19,64.28751749,Index,Normal,
Nominal/Real Effective Exchange Rates Indices of Pak Rupees,TS_GP_ER_REERNEER_M.N00010,Nominal Effective ExchangeRate,31-Dec-19,64.38471458,Index,Normal,
Nominal/Real Effective Exchange Rates Indices of Pak Rupees,TS_GP_ER_REERNEER_M.N00010,Nominal Effective ExchangeRate,31-Jan-20,64.12513267,Index,Normal,
Nominal/Real Effective Exchange Rates Indices of Pak Rupees,TS_GP_ER_REERNEER_M.N00010,Nominal Effective ExchangeRate,29-Feb-20,65.06482195,Index,Normal,
Nominal/Real Effective Exchange Rates Indices of Pak Rupees,TS_GP_ER_REERNEER_M.N00010,Nominal Effective ExchangeRate,31-Mar-20,63.836974,Index,Normal,
Nominal/Real Effective Exchange Rates Indices of Pak Rupees,TS_GP_ER_REERNEER_M.N00010,Nominal Effective ExchangeRate,30-Apr-20,62.55149916,Index,Normal,
Nominal/Real Effective Exchange Rates Indices of Pak Rupees,TS_GP_ER_REERNEER_M.N00010,Nominal Effective ExchangeRate,31-May-20,63.90258579,Index,Normal,
Nominal/Real Effective Exchange Rates Indices of Pak Rupees,TS_GP_ER_REERNEER_M.N00010,Nominal Effective ExchangeRate,30-Jun-20,61.07656654,Index,Missing value,
Nominal/Real Effective Exchange Rates Indices of Pak Rupees,TS_GP_ER_REERNEER_M.N00010,Nominal Effective ExchangeRate,31-Jul-20,59.98260023,Index,Normal,
Nominal/Real Effective Exchange Rates Indices of Pak Rupees,TS_GP_ER_REERNEER_M.N00010,Nominal Effective ExchangeRate,31-Aug-20,58.71767744,Index,Normal,
Nominal/Real Effective Exchange Rates Indices of Pak Rupees,TS_GP_ER_REERNEER_M.N00010,Nominal Effective ExchangeRate,30-Sep-20,59.39774894,Index,Normal,
Nominal/Real Effective Exchange Rates Indices of Pak Rupees,TS_GP_ER_REERNEER_M.N00010,Nominal Effective ExchangeRate,31-Oct-20,60.30416665,Index,Normal,
Nominal/Real Effective Exchange Rates Indices of Pak Rupees,TS_GP_ER_REERNEER_M.N00010,Nominal Effective ExchangeRate,30-Nov-20,61.02246612,Index,Normal,
Nominal/Real Effective Exchange Rates Indices of Pak Rupees,TS_GP_ER_REERNEER_M.N00010,Nominal Effective ExchangeRate,31-Dec-20,59.81824723,Index,Normal,
Nominal/Real Effective Exchange Rates Indices of Pak Rupees,TS_GP_ER_REERNEER_M.N00010,Nominal Effective ExchangeRate,31-Jan-21,59.42911431,Index,Normal,
Nominal/Real Effective Exchange Rates Indices of Pak Rupees,TS_GP_ER_REERNEER_M.N00010,Nominal Effective ExchangeRate,28-Feb-21,59.86945187,Index,Normal,
Nominal/Real Effective Exchange Rates Indices of Pak Rupees,TS_GP_ER_REERNEER_M.N00010,Nominal Effective ExchangeRate,31-Mar-21,61.82805479,Index,Normal,
Nominal/Real Effective Exchange Rates Indices of Pak Rupees,TS_GP_ER_REERNEER_M.N00010,Nominal Effective ExchangeRate,30-Apr-21,63.03970621,Index,Normal,
Nominal/Real Effective Exchange Rates Indices of Pak Rupees,TS_GP_ER_REERNEER_M.N00010,Nominal Effective ExchangeRate,31-May-21,62.5028994,Index,Normal,
Nominal/Real Effective Exchange Rates Indices of Pak Rupees,TS_GP_ER_REERNEER_M.N00010,Nominal Effective ExchangeRate,30-Jun-21,61.25219475,Index,Normal,
Nominal/Real Effective Exchange Rates Indices of Pak Rupees,TS_GP_ER_REERNEER_M.N00010,Nominal Effective ExchangeRate,31-Jul-21,60.46377748,Index,Normal,
Nominal/Real Effective Exchange Rates Indices of Pak Rupees,TS_GP_ER_REERNEER_M.N00010,Nominal Effective ExchangeRate,31-Aug-21,58.99606338,Index,Normal,
Nominal/Real Effective Exchange Rates Indices of Pak Rupees,TS_GP_ER_REERNEER_M.N00010,Nominal Effective ExchangeRate,30-Sep-21,57.47421733,Index,Normal,
Nominal/Real Effective Exchange Rates Indices of Pak Rupees,TS_GP_ER_REERNEER_M.N00010,Nominal Effective ExchangeRate,31-Oct-21,56.61138987,Index,Normal,
Nominal/Real Effective Exchange Rates Indices of Pak Rupees,TS_GP_ER_REERNEER_M.N00010,Nominal Effective ExchangeRate,30-Nov-21,56.45872949,Index,Normal,
Nominal/Real Effective Exchange Rates Indices of Pak Rupees,TS_GP_ER_REERNEER_M.N00010,Nominal Effective ExchangeRate,31-Dec-21,55.60585475,Index,Normal,
Nominal/Real Effective Exchange Rates Indices of Pak Rupees,TS_GP_ER_REERNEER_M.N00010,Nominal Effective ExchangeRate,31-Jan-22,55.73680128,Index,Normal,
Nominal/Real Effective Exchange Rates Indices of Pak Rupees,TS_GP_ER_REERNEER_M.N00010,Nominal Effective ExchangeRate,28-Feb-22,55.91796638,Index,Normal,
Nominal/Real Effective Exchange Rates Indices of Pak Rupees,TS_GP_ER_REERNEER_M.N00010,Nominal Effective ExchangeRate,31-Mar-22,55.33605804,Index,Normal,
Nominal/Real Effective Exchange Rates Indices of Pak Rupees,TS_GP_ER_REERNEER_M.N00010,Nominal Effective ExchangeRate,30-Apr-22,54.49787182,Index,Normal,
Nominal/Real Effective Exchange Rates Indices of Pak Rupees,TS_GP_ER_REERNEER_M.N00010,Nominal Effective ExchangeRate,31-May-22,53.25236462,Index,Normal,
Nominal/Real Effective Exchange Rates Indices of Pak Rupees,TS_GP_ER_REERNEER_M.N00010,Nominal Effective ExchangeRate,30-Jun-22,50.61469656,Index,Normal,
Nominal/Real Effective Exchange Rates Indices of Pak Rupees,TS_GP_ER_REERNEER_M.N00010,Nominal Effective ExchangeRate,31-Jul-22,48.32424978,Index,Normal,
Nominal/Real Effective Exchange Rates Indices of Pak Rupees,TS_GP_ER_REERNEER_M.N00010,Nominal Effective ExchangeRate,31-Aug-22,47.84908727,Index,Normal,
Nominal/Real Effective Exchange Rates Indices of Pak Rupees,TS_GP_ER_REERNEER_M.N00010,Nominal Effective ExchangeRate,30-Sep-22,46.89173453,Index,Normal,
Nominal/Real Effective Exchange Rates Indices of Pak Rupees,TS_GP_ER_REERNEER_M.N00010,Nominal Effective ExchangeRate,31-Oct-22,49.89023676,Index,Normal,
Nominal/Real Effective Exchange Rates Indices of Pak Rupees,TS_GP_ER_REERNEER_M.N00010,Nominal Effective ExchangeRate,30-Nov-22,48.86629269,Index,Normal,
Nominal/Real Effective Exchange Rates Indices of Pak Rupees,TS_GP_ER_REERNEER_M.N00010,Nominal Effective ExchangeRate,31-Dec-22,47.25497115,Index,Normal,
Nominal/Real Effective Exchange Rates Indices of Pak Rupees,TS_GP_ER_REERNEER_M.N00010,Nominal Effective ExchangeRate,31-Jan-23,44.4633306,Index,Normal,
Nominal/Real Effective Exchange Rates Indices of Pak Rupees,TS_GP_ER_REERNEER_M.N00010,Nominal Effective ExchangeRate,28-Feb-23,39.28956071,Index,Normal,
Nominal/Real Effective Exchange Rates Indices of Pak Rupees,TS_GP_ER_REERNEER_M.N00010,Nominal Effective ExchangeRate,31-Mar-23,37.57780991,Index,Normal,
Nominal/Real Effective Exchange Rates Indices of Pak Rupees,TS_GP_ER_REERNEER_M.N00010,Nominal Effective ExchangeRate,30-Apr-23,36.7819521,Index,Normal,
Nominal/Real Effective Exchange Rates Indices of Pak Rupees,TS_GP_ER_REERNEER_M.N00010,Nominal Effective ExchangeRate,31-May-23,36.97608232,Index,Normal,
Nominal/Real Effective Exchange Rates Indices of Pak Rupees,TS_GP_ER_REERNEER_M.N00010,Nominal Effective ExchangeRate,30-Jun-23,37.31574683,Index,Normal,
Nominal/Real Effective Exchange Rates Indices of Pak Rupees,TS_GP_ER_REERNEER_M.N00010,Nominal Effective ExchangeRate,31-Jul-23,37.79813582,Index,Normal,
Nominal/Real Effective Exchange Rates Indices of Pak Rupees,TS_GP_ER_REERNEER_M.N00010,Nominal Effective ExchangeRate,31-Aug-23,36.72084672,Index,Normal,
Nominal/Real Effective Exchange Rates Indices of Pak Rupees,TS_GP_ER_REERNEER_M.N00010,Nominal Effective ExchangeRate,30-Sep-23,36.78699831,Index,Normal,
Nominal/Real Effective Exchange Rates Indices of Pak Rupees,TS_GP_ER_REERNEER_M.N00010,Nominal Effective ExchangeRate,31-Oct-23,39.17559543,Index,Normal,
Nominal/Real Effective Exchange Rates Indices of Pak Rupees,TS_GP_ER_REERNEER_M.N00010,Nominal Effective ExchangeRate,30-Nov-23,37.9882994,Index,Normal,
Nominal/Real Effective Exchange Rates Indices of Pak Rupees,TS_GP_ER_REERNEER_M.N00010,Nominal Effective ExchangeRate,31-Dec-23,37.94139292,Index,Normal,
Nominal/Real Effective Exchange Rates Indices of Pak Rupees,TS_GP_ER_REERNEER_M.N00010,Nominal Effective ExchangeRate,31-Jan-24,38.41427075,Index,Normal,
Nominal/Real Effective Exchange Rates Indices of Pak Rupees,TS_GP_ER_REERNEER_M.N00010,Nominal Effective ExchangeRate,29-Feb-24,38.79386983,Index,Normal,
