Dataset,Series Key,Series,Observation Date,Observation Value,Unit,Observation Status,Observation Status Comment
Structure of Interest Rate: State Bank of Pakistan Policy Rates,TS_GP_IR_SIRPR_AH.SBPOL0030,SBP Policy (Target) Rate,25-May-15,6.5,Percent,Normal,
Structure of Interest Rate: State Bank of Pakistan Policy Rates,TS_GP_IR_SIRPR_AH.SBPOL0030,SBP Policy (Target) Rate,14-Sep-15,6,Percent,Normal,
Structure of Interest Rate: State Bank of Pakistan Policy Rates,TS_GP_IR_SIRPR_AH.SBPOL0030,SBP Policy (Target) Rate,23-May-16,5.75,Percent,Normal,
Structure of Interest Rate: State Bank of Pakistan Policy Rates,TS_GP_IR_SIRPR_AH.SBPOL0030,SBP Policy (Target) Rate,29-Jan-18,6,Percent,Normal,
Structure of Interest Rate: State Bank of Pakistan Policy Rates,TS_GP_IR_SIRPR_AH.SBPOL0030,SBP Policy (Target) Rate,28-May-18,6.5,Percent,Normal,
Structure of Interest Rate: State Bank of Pakistan Policy Rates,TS_GP_IR_SIRPR_AH.SBPOL0030,SBP Policy (Target) Rate,16-Jul-18,7.5,Percent,Normal,
Structure of Interest Rate: State Bank of Pakistan Policy Rates,TS_GP_IR_SIRPR_AH.SBPOL0030,SBP Policy (Target) Rate,01-Oct-18,8.5,Percent,Normal,
Structure of Interest Rate: State Bank of Pakistan Policy Rates,TS_GP_IR_SIRPR_AH.SBPOL0030,SBP Policy (Target) Rate,03-Dec-18,10,Percent,Normal,
Structure of Interest Rate: State Bank of Pakistan Policy Rates,TS_GP_IR_SIRPR_AH.SBPOL0030,SBP Policy (Target) Rate,01-Feb-19,10.25,Percent,Normal,
Structure of Interest Rate: State Bank of Pakistan Policy Rates,TS_GP_IR_SIRPR_AH.SBPOL0030,SBP Policy (Target) Rate,01-Apr-19,10.75,Percent,Normal,
Structure of Interest Rate: State Bank of Pakistan Policy Rates,TS_GP_IR_SIRPR_AH.SBPOL0030,SBP Policy (Target) Rate,21-May-19,12.25,Percent,Normal,
Structure of Interest Rate: State Bank of Pakistan Policy Rates,TS_GP_IR_SIRPR_AH.SBPOL0030,SBP Policy (Target) Rate,17-Jul-19,13.25,Percent,Normal,
Structure of Interest Rate: State Bank of Pakistan Policy Rates,TS_GP_IR_SIRPR_AH.SBPOL0030,SBP Policy (Target) Rate,18-Mar-20,12.5,Percent,Normal,
Structure of Interest Rate: State Bank of Pakistan Policy Rates,TS_GP_IR_SIRPR_AH.SBPOL0030,SBP Policy (Target) Rate,25-Mar-20,11,Percent,Normal,
Structure of Interest Rate: State Bank of Pakistan Policy Rates,TS_GP_IR_SIRPR_AH.SBPOL0030,SBP Policy (Target) Rate,16-Apr-20,9,Percent,Normal,
Structure of Interest Rate: State Bank of Pakistan Policy Rates,TS_GP_IR_SIRPR_AH.SBPOL0030,SBP Policy (Target) Rate,17-Apr-20,9,Percent,Normal,
Structure of Interest Rate: State Bank of Pakistan Policy Rates,TS_GP_IR_SIRPR_AH.SBPOL0030,SBP Policy (Target) Rate,16-May-20,8,Percent,Normal,
Structure of Interest Rate: State Bank of Pakistan Policy Rates,TS_GP_IR_SIRPR_AH.SBPOL0030,SBP Policy (Target) Rate,18-May-20,8,Percent,Normal,
Structure of Interest Rate: State Bank of Pakistan Policy Rates,TS_GP_IR_SIRPR_AH.SBPOL0030,SBP Policy (Target) Rate,26-Jun-20,7,Percent,Normal,
Structure of Interest Rate: State Bank of Pakistan Policy Rates,TS_GP_IR_SIRPR_AH.SBPOL0030,SBP Policy (Target) Rate,21-Sep-21,7.25,Percent,Normal,
Structure of Interest Rate: State Bank of Pakistan Policy Rates,TS_GP_IR_SIRPR_AH.SBPOL0030,SBP Policy (Target) Rate,22-Nov-21,8.75,Percent,Normal,
Structure of Interest Rate: State Bank of Pakistan Policy Rates,TS_GP_IR_SIRPR_AH.SBPOL0030,SBP Policy (Target) Rate,15-Dec-21,9.75,Percent,Normal,
Structure of Interest Rate: State Bank of Pakistan Policy Rates,TS_GP_IR_SIRPR_AH.SBPOL0030,SBP Policy (Target) Rate,08-Apr-22,12.25,Percent,Normal,
Structure of Interest Rate: State Bank of Pakistan Policy Rates,TS_GP_IR_SIRPR_AH.SBPOL0030,SBP Policy (Target) Rate,24-May-22,13.75,Percent,Normal,
Structure of Interest Rate: State Bank of Pakistan Policy Rates,TS_GP_IR_SIRPR_AH.SBPOL0030,SBP Policy (Target) Rate,13-Jul-22,15,Percent,Normal,
Structure of Interest Rate: State Bank of Pakistan Policy Rates,TS_GP_IR_SIRPR_AH.SBPOL0030,SBP Policy (Target) Rate,28-Nov-22,16,Percent,Normal,
Structure of Interest Rate: State Bank of Pakistan Policy Rates,TS_GP_IR_SIRPR_AH.SBPOL0030,SBP Policy (Target) Rate,24-Jan-23,17,Percent,Normal,
Structure of Interest Rate: State Bank of Pakistan Policy Rates,TS_GP_IR_SIRPR_AH.SBPOL0030,SBP Policy (Target) Rate,03-Mar-23,20,Percent,Normal,
Structure of Interest Rate: State Bank of Pakistan Policy Rates,TS_GP_IR_SIRPR_AH.SBPOL0030,SBP Policy (Target) Rate,05-Apr-23,21,Percent,Normal,
Structure of Interest Rate: State Bank of Pakistan Policy Rates,TS_GP_IR_SIRPR_AH.SBPOL0030,SBP Policy (Target) Rate,27-Jun-23,22,Percent,Normal,
