Dataset,Series Key,Series,Observation Date,Observation Value,Unit,Observation Status,Observation Status Comment
Inflation Snapshot (New Base: 2015-16),TS_GP_PT_CPI_M.P00081516,WPI General -YoY,31-Jul-16,3.3,Percent,Normal,
Inflation Snapshot (New Base: 2015-16),TS_GP_PT_CPI_M.P00081516,WPI General -YoY,31-Aug-16,3.36,Percent,Normal,
Inflation Snapshot (New Base: 2015-16),TS_GP_PT_CPI_M.P00081516,WPI General -YoY,30-Sep-16,2.95,Percent,Normal,
Inflation Snapshot (New Base: 2015-16),TS_GP_PT_CPI_M.P00081516,WPI General -YoY,31-Oct-16,2.86,Percent,Normal,
Inflation Snapshot (New Base: 2015-16),TS_GP_PT_CPI_M.P00081516,WPI General -YoY,30-Nov-16,3.42,Percent,Normal,
Inflation Snapshot (New Base: 2015-16),TS_GP_PT_CPI_M.P00081516,WPI General -YoY,31-Dec-16,3.63,Percent,Normal,
Inflation Snapshot (New Base: 2015-16),TS_GP_PT_CPI_M.P00081516,WPI General -YoY,31-Jan-17,4.49,Percent,Normal,
Inflation Snapshot (New Base: 2015-16),TS_GP_PT_CPI_M.P00081516,WPI General -YoY,28-Feb-17,5.34,Percent,Normal,
Inflation Snapshot (New Base: 2015-16),TS_GP_PT_CPI_M.P00081516,WPI General -YoY,31-Mar-17,5.78,Percent,Normal,
Inflation Snapshot (New Base: 2015-16),TS_GP_PT_CPI_M.P00081516,WPI General -YoY,30-Apr-17,6.24,Percent,Normal,
Inflation Snapshot (New Base: 2015-16),TS_GP_PT_CPI_M.P00081516,WPI General -YoY,31-May-17,6.08,Percent,Normal,
Inflation Snapshot (New Base: 2015-16),TS_GP_PT_CPI_M.P00081516,WPI General -YoY,30-Jun-17,5.99,Percent,Normal,
Inflation Snapshot (New Base: 2015-16),TS_GP_PT_CPI_M.P00081516,WPI General -YoY,31-Jul-17,1.89,Percent,Normal,
Inflation Snapshot (New Base: 2015-16),TS_GP_PT_CPI_M.P00081516,WPI General -YoY,31-Aug-17,2.02,Percent,Normal,
Inflation Snapshot (New Base: 2015-16),TS_GP_PT_CPI_M.P00081516,WPI General -YoY,30-Sep-17,2.71,Percent,Normal,
Inflation Snapshot (New Base: 2015-16),TS_GP_PT_CPI_M.P00081516,WPI General -YoY,31-Oct-17,3.7,Percent,Normal,
Inflation Snapshot (New Base: 2015-16),TS_GP_PT_CPI_M.P00081516,WPI General -YoY,30-Nov-17,4.23,Percent,Normal,
Inflation Snapshot (New Base: 2015-16),TS_GP_PT_CPI_M.P00081516,WPI General -YoY,31-Dec-17,4.53,Percent,Normal,
Inflation Snapshot (New Base: 2015-16),TS_GP_PT_CPI_M.P00081516,WPI General -YoY,31-Jan-18,6.36,Percent,Normal,
Inflation Snapshot (New Base: 2015-16),TS_GP_PT_CPI_M.P00081516,WPI General -YoY,28-Feb-18,5.94,Percent,Normal,
Inflation Snapshot (New Base: 2015-16),TS_GP_PT_CPI_M.P00081516,WPI General -YoY,31-Mar-18,5.42,Percent,Normal,
Inflation Snapshot (New Base: 2015-16),TS_GP_PT_CPI_M.P00081516,WPI General -YoY,30-Apr-18,6.31,Percent,Normal,
Inflation Snapshot (New Base: 2015-16),TS_GP_PT_CPI_M.P00081516,WPI General -YoY,31-May-18,8.62,Percent,Normal,
Inflation Snapshot (New Base: 2015-16),TS_GP_PT_CPI_M.P00081516,WPI General -YoY,30-Jun-18,11.38,Percent,Normal,
Inflation Snapshot (New Base: 2015-16),TS_GP_PT_CPI_M.P00081516,WPI General -YoY,31-Jul-18,16.3,Percent,Normal,
Inflation Snapshot (New Base: 2015-16),TS_GP_PT_CPI_M.P00081516,WPI General -YoY,31-Aug-18,16.72,Percent,Normal,
Inflation Snapshot (New Base: 2015-16),TS_GP_PT_CPI_M.P00081516,WPI General -YoY,30-Sep-18,14.64,Percent,Normal,
Inflation Snapshot (New Base: 2015-16),TS_GP_PT_CPI_M.P00081516,WPI General -YoY,31-Oct-18,18.64,Percent,Normal,
Inflation Snapshot (New Base: 2015-16),TS_GP_PT_CPI_M.P00081516,WPI General -YoY,30-Nov-18,18.62,Percent,Normal,
Inflation Snapshot (New Base: 2015-16),TS_GP_PT_CPI_M.P00081516,WPI General -YoY,31-Dec-18,16.46,Percent,Normal,
Inflation Snapshot (New Base: 2015-16),TS_GP_PT_CPI_M.P00081516,WPI General -YoY,31-Jan-19,12.58,Percent,Normal,
Inflation Snapshot (New Base: 2015-16),TS_GP_PT_CPI_M.P00081516,WPI General -YoY,28-Feb-19,13.93,Percent,Normal,
Inflation Snapshot (New Base: 2015-16),TS_GP_PT_CPI_M.P00081516,WPI General -YoY,31-Mar-19,16.56,Percent,Normal,
Inflation Snapshot (New Base: 2015-16),TS_GP_PT_CPI_M.P00081516,WPI General -YoY,30-Apr-19,17.41,Percent,Normal,
Inflation Snapshot (New Base: 2015-16),TS_GP_PT_CPI_M.P00081516,WPI General -YoY,31-May-19,16.49,Percent,Normal,
Inflation Snapshot (New Base: 2015-16),TS_GP_PT_CPI_M.P00081516,WPI General -YoY,30-Jun-19,13.98,Percent,Normal,
Inflation Snapshot (New Base: 2015-16),TS_GP_PT_CPI_M.P00081516,WPI General -YoY,31-Jul-19,13.28,Percent,Normal,
Inflation Snapshot (New Base: 2015-16),TS_GP_PT_CPI_M.P00081516,WPI General -YoY,31-Aug-19,14.06,Percent,Normal,
Inflation Snapshot (New Base: 2015-16),TS_GP_PT_CPI_M.P00081516,WPI General -YoY,30-Sep-19,15.9,Percent,Normal,
Inflation Snapshot (New Base: 2015-16),TS_GP_PT_CPI_M.P00081516,WPI General -YoY,31-Oct-19,13.27,Percent,Normal,
Inflation Snapshot (New Base: 2015-16),TS_GP_PT_CPI_M.P00081516,WPI General -YoY,30-Nov-19,11.19,Percent,Normal,
Inflation Snapshot (New Base: 2015-16),TS_GP_PT_CPI_M.P00081516,WPI General -YoY,31-Dec-19,12.37,Percent,Normal,
Inflation Snapshot (New Base: 2015-16),TS_GP_PT_CPI_M.P00081516,WPI General -YoY,31-Jan-20,15.36,Percent,Normal,
Inflation Snapshot (New Base: 2015-16),TS_GP_PT_CPI_M.P00081516,WPI General -YoY,29-Feb-20,12.61,Percent,Normal,
Inflation Snapshot (New Base: 2015-16),TS_GP_PT_CPI_M.P00081516,WPI General -YoY,31-Mar-20,9.19,Percent,Normal,
Inflation Snapshot (New Base: 2015-16),TS_GP_PT_CPI_M.P00081516,WPI General -YoY,30-Apr-20,4.92,Percent,Normal,
Inflation Snapshot (New Base: 2015-16),TS_GP_PT_CPI_M.P00081516,WPI General -YoY,31-May-20,1.5,Percent,Normal,
Inflation Snapshot (New Base: 2015-16),TS_GP_PT_CPI_M.P00081516,WPI General -YoY,30-Jun-20,0.93,Percent,Normal,
Inflation Snapshot (New Base: 2015-16),TS_GP_PT_CPI_M.P00081516,WPI General -YoY,31-Jul-20,3.23,Percent,Normal,
Inflation Snapshot (New Base: 2015-16),TS_GP_PT_CPI_M.P00081516,WPI General -YoY,31-Aug-20,3.26,Percent,Normal,
Inflation Snapshot (New Base: 2015-16),TS_GP_PT_CPI_M.P00081516,WPI General -YoY,30-Sep-20,4.26,Percent,Normal,
Inflation Snapshot (New Base: 2015-16),TS_GP_PT_CPI_M.P00081516,WPI General -YoY,31-Oct-20,5.13,Percent,Normal,
Inflation Snapshot (New Base: 2015-16),TS_GP_PT_CPI_M.P00081516,WPI General -YoY,30-Nov-20,5,Percent,Normal,
Inflation Snapshot (New Base: 2015-16),TS_GP_PT_CPI_M.P00081516,WPI General -YoY,31-Dec-20,5.67,Percent,Normal,
Inflation Snapshot (New Base: 2015-16),TS_GP_PT_CPI_M.P00081516,WPI General -YoY,31-Jan-21,6.4,Percent,Normal,
Inflation Snapshot (New Base: 2015-16),TS_GP_PT_CPI_M.P00081516,WPI General -YoY,28-Feb-21,9.5,Percent,Normal,
Inflation Snapshot (New Base: 2015-16),TS_GP_PT_CPI_M.P00081516,WPI General -YoY,31-Mar-21,14.6,Percent,Normal,
Inflation Snapshot (New Base: 2015-16),TS_GP_PT_CPI_M.P00081516,WPI General -YoY,30-Apr-21,16.6,Percent,Normal,
Inflation Snapshot (New Base: 2015-16),TS_GP_PT_CPI_M.P00081516,WPI General -YoY,31-May-21,19.38633194,Percent,Normal,
Inflation Snapshot (New Base: 2015-16),TS_GP_PT_CPI_M.P00081516,WPI General -YoY,30-Jun-21,20.85419735,Percent,Normal,
Inflation Snapshot (New Base: 2015-16),TS_GP_PT_CPI_M.P00081516,WPI General -YoY,31-Jul-21,17.26980578,Percent,Normal,
Inflation Snapshot (New Base: 2015-16),TS_GP_PT_CPI_M.P00081516,WPI General -YoY,31-Aug-21,17.1495585,Percent,Normal,
Inflation Snapshot (New Base: 2015-16),TS_GP_PT_CPI_M.P00081516,WPI General -YoY,30-Sep-21,19.60677226,Percent,Normal,
Inflation Snapshot (New Base: 2015-16),TS_GP_PT_CPI_M.P00081516,WPI General -YoY,31-Oct-21,21.2,Percent,Normal,
Inflation Snapshot (New Base: 2015-16),TS_GP_PT_CPI_M.P00081516,WPI General -YoY,30-Nov-21,27,Percent,Normal,
Inflation Snapshot (New Base: 2015-16),TS_GP_PT_CPI_M.P00081516,WPI General -YoY,31-Dec-21,26.23673142,Percent,Normal,
Inflation Snapshot (New Base: 2015-16),TS_GP_PT_CPI_M.P00081516,WPI General -YoY,31-Jan-22,23.95623005,Percent,Normal,
Inflation Snapshot (New Base: 2015-16),TS_GP_PT_CPI_M.P00081516,WPI General -YoY,28-Feb-22,23.61376673,Percent,Normal,
Inflation Snapshot (New Base: 2015-16),TS_GP_PT_CPI_M.P00081516,WPI General -YoY,31-Mar-22,23.8,Percent,Normal,
Inflation Snapshot (New Base: 2015-16),TS_GP_PT_CPI_M.P00081516,WPI General -YoY,30-Apr-22,28.14677767,Percent,Normal,
Inflation Snapshot (New Base: 2015-16),TS_GP_PT_CPI_M.P00081516,WPI General -YoY,31-May-22,29.6,Percent,Normal,
Inflation Snapshot (New Base: 2015-16),TS_GP_PT_CPI_M.P00081516,WPI General -YoY,30-Jun-22,38.9,Percent,Normal,
Inflation Snapshot (New Base: 2015-16),TS_GP_PT_CPI_M.P00081516,WPI General -YoY,31-Jul-22,38.5,Percent,Normal,
Inflation Snapshot (New Base: 2015-16),TS_GP_PT_CPI_M.P00081516,WPI General -YoY,31-Aug-22,41.2,Percent,Normal,
Inflation Snapshot (New Base: 2015-16),TS_GP_PT_CPI_M.P00081516,WPI General -YoY,30-Sep-22,38.87,Percent,Normal,
Inflation Snapshot (New Base: 2015-16),TS_GP_PT_CPI_M.P00081516,WPI General -YoY,31-Oct-22,32.6,Percent,Normal,
Inflation Snapshot (New Base: 2015-16),TS_GP_PT_CPI_M.P00081516,WPI General -YoY,30-Nov-22,27.7,Percent,Normal,
Inflation Snapshot (New Base: 2015-16),TS_GP_PT_CPI_M.P00081516,WPI General -YoY,31-Dec-22,27.11,Percent,Normal,
Inflation Snapshot (New Base: 2015-16),TS_GP_PT_CPI_M.P00081516,WPI General -YoY,31-Jan-23,28.5,Percent,Normal,
Inflation Snapshot (New Base: 2015-16),TS_GP_PT_CPI_M.P00081516,WPI General -YoY,28-Feb-23,36.5,Percent,Normal,
Inflation Snapshot (New Base: 2015-16),TS_GP_PT_CPI_M.P00081516,WPI General -YoY,31-Mar-23,37.5,Percent,Normal,
Inflation Snapshot (New Base: 2015-16),TS_GP_PT_CPI_M.P00081516,WPI General -YoY,30-Apr-23,33.4,Percent,Normal,
Inflation Snapshot (New Base: 2015-16),TS_GP_PT_CPI_M.P00081516,WPI General -YoY,31-May-23,32.8,Percent,Normal,
Inflation Snapshot (New Base: 2015-16),TS_GP_PT_CPI_M.P00081516,WPI General -YoY,30-Jun-23,22.4,Percent,Normal,
Inflation Snapshot (New Base: 2015-16),TS_GP_PT_CPI_M.P00081516,WPI General -YoY,31-Jul-23,23.1,Percent,Normal,
Inflation Snapshot (New Base: 2015-16),TS_GP_PT_CPI_M.P00081516,WPI General -YoY,31-Aug-23,24.3,Percent,Normal,
Inflation Snapshot (New Base: 2015-16),TS_GP_PT_CPI_M.P00081516,WPI General -YoY,30-Sep-23,26.4,Percent,Normal,
Inflation Snapshot (New Base: 2015-16),TS_GP_PT_CPI_M.P00081516,WPI General -YoY,31-Oct-23,24.6,Percent,Normal,
Inflation Snapshot (New Base: 2015-16),TS_GP_PT_CPI_M.P00081516,WPI General -YoY,30-Nov-23,26.4,Percent,Normal,
Inflation Snapshot (New Base: 2015-16),TS_GP_PT_CPI_M.P00081516,WPI General -YoY,31-Dec-23,27.3,Percent,Normal,
Inflation Snapshot (New Base: 2015-16),TS_GP_PT_CPI_M.P00081516,WPI General -YoY,31-Jan-24,27,Percent,Normal,
Inflation Snapshot (New Base: 2015-16),TS_GP_PT_CPI_M.P00081516,WPI General -YoY,29-Feb-24,18.7,Percent,Normal,
Inflation Snapshot (New Base: 2015-16),TS_GP_PT_CPI_M.P00081516,WPI General -YoY,31-Mar-24,14.8,Percent,Normal,
