Dataset,Series Key,Series,Observation Date,Observation Value,Unit,Observation Status,Observation Status Comment
Economic Policy Uncertainty (EPU) Index,TS_GP_MFS_EPUI_M.EPUI4,EPUI-4 Newspapers,31-Jan-15,32.15827852,Index,Normal,
Economic Policy Uncertainty (EPU) Index,TS_GP_MFS_EPUI_M.EPUI4,EPUI-4 Newspapers,28-Feb-15,53.89839471,Index,Normal,
Economic Policy Uncertainty (EPU) Index,TS_GP_MFS_EPUI_M.EPUI4,EPUI-4 Newspapers,31-Mar-15,50.74081734,Index,Normal,
Economic Policy Uncertainty (EPU) Index,TS_GP_MFS_EPUI_M.EPUI4,EPUI-4 Newspapers,30-Apr-15,39.53142006,Index,Normal,
Economic Policy Uncertainty (EPU) Index,TS_GP_MFS_EPUI_M.EPUI4,EPUI-4 Newspapers,31-May-15,49.16109804,Index,Normal,
Economic Policy Uncertainty (EPU) Index,TS_GP_MFS_EPUI_M.EPUI4,EPUI-4 Newspapers,30-Jun-15,53.0720336,Index,Normal,
Economic Policy Uncertainty (EPU) Index,TS_GP_MFS_EPUI_M.EPUI4,EPUI-4 Newspapers,31-Jul-15,48.94925065,Index,Normal,
Economic Policy Uncertainty (EPU) Index,TS_GP_MFS_EPUI_M.EPUI4,EPUI-4 Newspapers,31-Aug-15,46.30451379,Index,Normal,
Economic Policy Uncertainty (EPU) Index,TS_GP_MFS_EPUI_M.EPUI4,EPUI-4 Newspapers,30-Sep-15,44.10082923,Index,Normal,
Economic Policy Uncertainty (EPU) Index,TS_GP_MFS_EPUI_M.EPUI4,EPUI-4 Newspapers,31-Oct-15,44.77410748,Index,Normal,
Economic Policy Uncertainty (EPU) Index,TS_GP_MFS_EPUI_M.EPUI4,EPUI-4 Newspapers,30-Nov-15,48.0062207,Index,Normal,
Economic Policy Uncertainty (EPU) Index,TS_GP_MFS_EPUI_M.EPUI4,EPUI-4 Newspapers,31-Dec-15,51.26191059,Index,Normal,
Economic Policy Uncertainty (EPU) Index,TS_GP_MFS_EPUI_M.EPUI4,EPUI-4 Newspapers,31-Jan-16,37.75590989,Index,Normal,
Economic Policy Uncertainty (EPU) Index,TS_GP_MFS_EPUI_M.EPUI4,EPUI-4 Newspapers,29-Feb-16,46.62137534,Index,Normal,
Economic Policy Uncertainty (EPU) Index,TS_GP_MFS_EPUI_M.EPUI4,EPUI-4 Newspapers,31-Mar-16,42.03019479,Index,Normal,
Economic Policy Uncertainty (EPU) Index,TS_GP_MFS_EPUI_M.EPUI4,EPUI-4 Newspapers,30-Apr-16,35.09926019,Index,Normal,
Economic Policy Uncertainty (EPU) Index,TS_GP_MFS_EPUI_M.EPUI4,EPUI-4 Newspapers,31-May-16,50.57416361,Index,Normal,
Economic Policy Uncertainty (EPU) Index,TS_GP_MFS_EPUI_M.EPUI4,EPUI-4 Newspapers,30-Jun-16,64.14169301,Index,Normal,
Economic Policy Uncertainty (EPU) Index,TS_GP_MFS_EPUI_M.EPUI4,EPUI-4 Newspapers,31-Jul-16,76.67176448,Index,Normal,
Economic Policy Uncertainty (EPU) Index,TS_GP_MFS_EPUI_M.EPUI4,EPUI-4 Newspapers,31-Aug-16,31.96754888,Index,Normal,
Economic Policy Uncertainty (EPU) Index,TS_GP_MFS_EPUI_M.EPUI4,EPUI-4 Newspapers,30-Sep-16,48.72593701,Index,Normal,
Economic Policy Uncertainty (EPU) Index,TS_GP_MFS_EPUI_M.EPUI4,EPUI-4 Newspapers,31-Oct-16,67.60485399,Index,Normal,
Economic Policy Uncertainty (EPU) Index,TS_GP_MFS_EPUI_M.EPUI4,EPUI-4 Newspapers,30-Nov-16,66.07437495,Index,Normal,
Economic Policy Uncertainty (EPU) Index,TS_GP_MFS_EPUI_M.EPUI4,EPUI-4 Newspapers,31-Dec-16,45.3643336,Index,Normal,
Economic Policy Uncertainty (EPU) Index,TS_GP_MFS_EPUI_M.EPUI4,EPUI-4 Newspapers,31-Jan-17,55.50909124,Index,Normal,
Economic Policy Uncertainty (EPU) Index,TS_GP_MFS_EPUI_M.EPUI4,EPUI-4 Newspapers,28-Feb-17,39.81559135,Index,Normal,
Economic Policy Uncertainty (EPU) Index,TS_GP_MFS_EPUI_M.EPUI4,EPUI-4 Newspapers,31-Mar-17,44.53805509,Index,Normal,
Economic Policy Uncertainty (EPU) Index,TS_GP_MFS_EPUI_M.EPUI4,EPUI-4 Newspapers,30-Apr-17,55.24557415,Index,Normal,
Economic Policy Uncertainty (EPU) Index,TS_GP_MFS_EPUI_M.EPUI4,EPUI-4 Newspapers,31-May-17,75.17461122,Index,Normal,
Economic Policy Uncertainty (EPU) Index,TS_GP_MFS_EPUI_M.EPUI4,EPUI-4 Newspapers,30-Jun-17,48.26470057,Index,Normal,
Economic Policy Uncertainty (EPU) Index,TS_GP_MFS_EPUI_M.EPUI4,EPUI-4 Newspapers,31-Jul-17,105.1328951,Index,Normal,
Economic Policy Uncertainty (EPU) Index,TS_GP_MFS_EPUI_M.EPUI4,EPUI-4 Newspapers,31-Aug-17,85.65619578,Index,Normal,
Economic Policy Uncertainty (EPU) Index,TS_GP_MFS_EPUI_M.EPUI4,EPUI-4 Newspapers,30-Sep-17,70.60408584,Index,Normal,
Economic Policy Uncertainty (EPU) Index,TS_GP_MFS_EPUI_M.EPUI4,EPUI-4 Newspapers,31-Oct-17,127.0659455,Index,Normal,
Economic Policy Uncertainty (EPU) Index,TS_GP_MFS_EPUI_M.EPUI4,EPUI-4 Newspapers,30-Nov-17,79.20607984,Index,Normal,
Economic Policy Uncertainty (EPU) Index,TS_GP_MFS_EPUI_M.EPUI4,EPUI-4 Newspapers,31-Dec-17,82.84255464,Index,Normal,
Economic Policy Uncertainty (EPU) Index,TS_GP_MFS_EPUI_M.EPUI4,EPUI-4 Newspapers,31-Jan-18,78.93118033,Index,Normal,
Economic Policy Uncertainty (EPU) Index,TS_GP_MFS_EPUI_M.EPUI4,EPUI-4 Newspapers,28-Feb-18,44.73907187,Index,Normal,
Economic Policy Uncertainty (EPU) Index,TS_GP_MFS_EPUI_M.EPUI4,EPUI-4 Newspapers,31-Mar-18,84.76766717,Index,Normal,
Economic Policy Uncertainty (EPU) Index,TS_GP_MFS_EPUI_M.EPUI4,EPUI-4 Newspapers,30-Apr-18,83.98332963,Index,Normal,
Economic Policy Uncertainty (EPU) Index,TS_GP_MFS_EPUI_M.EPUI4,EPUI-4 Newspapers,31-May-18,79.86456168,Index,Normal,
Economic Policy Uncertainty (EPU) Index,TS_GP_MFS_EPUI_M.EPUI4,EPUI-4 Newspapers,30-Jun-18,79.10197973,Index,Normal,
Economic Policy Uncertainty (EPU) Index,TS_GP_MFS_EPUI_M.EPUI4,EPUI-4 Newspapers,31-Jul-18,78.79507538,Index,Normal,
Economic Policy Uncertainty (EPU) Index,TS_GP_MFS_EPUI_M.EPUI4,EPUI-4 Newspapers,31-Aug-18,57.18298199,Index,Normal,
Economic Policy Uncertainty (EPU) Index,TS_GP_MFS_EPUI_M.EPUI4,EPUI-4 Newspapers,30-Sep-18,78.08851726,Index,Normal,
Economic Policy Uncertainty (EPU) Index,TS_GP_MFS_EPUI_M.EPUI4,EPUI-4 Newspapers,31-Oct-18,93.30397175,Index,Normal,
Economic Policy Uncertainty (EPU) Index,TS_GP_MFS_EPUI_M.EPUI4,EPUI-4 Newspapers,30-Nov-18,98.04566897,Index,Normal,
Economic Policy Uncertainty (EPU) Index,TS_GP_MFS_EPUI_M.EPUI4,EPUI-4 Newspapers,31-Dec-18,93.46121157,Index,Normal,
Economic Policy Uncertainty (EPU) Index,TS_GP_MFS_EPUI_M.EPUI4,EPUI-4 Newspapers,31-Jan-19,117.1715816,Index,Normal,
Economic Policy Uncertainty (EPU) Index,TS_GP_MFS_EPUI_M.EPUI4,EPUI-4 Newspapers,28-Feb-19,91.50847978,Index,Normal,
Economic Policy Uncertainty (EPU) Index,TS_GP_MFS_EPUI_M.EPUI4,EPUI-4 Newspapers,31-Mar-19,64.88966636,Index,Normal,
Economic Policy Uncertainty (EPU) Index,TS_GP_MFS_EPUI_M.EPUI4,EPUI-4 Newspapers,30-Apr-19,107.1034307,Index,Normal,
Economic Policy Uncertainty (EPU) Index,TS_GP_MFS_EPUI_M.EPUI4,EPUI-4 Newspapers,31-May-19,109.6021935,Index,Normal,
Economic Policy Uncertainty (EPU) Index,TS_GP_MFS_EPUI_M.EPUI4,EPUI-4 Newspapers,30-Jun-19,115.8144359,Index,Normal,
Economic Policy Uncertainty (EPU) Index,TS_GP_MFS_EPUI_M.EPUI4,EPUI-4 Newspapers,31-Jul-19,132.5116622,Index,Normal,
Economic Policy Uncertainty (EPU) Index,TS_GP_MFS_EPUI_M.EPUI4,EPUI-4 Newspapers,31-Aug-19,85.2680795,Index,Normal,
Economic Policy Uncertainty (EPU) Index,TS_GP_MFS_EPUI_M.EPUI4,EPUI-4 Newspapers,30-Sep-19,85.91858035,Index,Normal,
Economic Policy Uncertainty (EPU) Index,TS_GP_MFS_EPUI_M.EPUI4,EPUI-4 Newspapers,31-Oct-19,92.49646047,Index,Normal,
Economic Policy Uncertainty (EPU) Index,TS_GP_MFS_EPUI_M.EPUI4,EPUI-4 Newspapers,30-Nov-19,72.76259282,Index,Normal,
Economic Policy Uncertainty (EPU) Index,TS_GP_MFS_EPUI_M.EPUI4,EPUI-4 Newspapers,31-Dec-19,73.09777564,Index,Normal,
Economic Policy Uncertainty (EPU) Index,TS_GP_MFS_EPUI_M.EPUI4,EPUI-4 Newspapers,31-Jan-20,77.28840445,Index,Normal,
Economic Policy Uncertainty (EPU) Index,TS_GP_MFS_EPUI_M.EPUI4,EPUI-4 Newspapers,29-Feb-20,72.00097843,Index,Normal,
Economic Policy Uncertainty (EPU) Index,TS_GP_MFS_EPUI_M.EPUI4,EPUI-4 Newspapers,31-Mar-20,124.4714109,Index,Normal,
Economic Policy Uncertainty (EPU) Index,TS_GP_MFS_EPUI_M.EPUI4,EPUI-4 Newspapers,30-Apr-20,166.8064054,Index,Normal,
Economic Policy Uncertainty (EPU) Index,TS_GP_MFS_EPUI_M.EPUI4,EPUI-4 Newspapers,31-May-20,129.2212108,Index,Normal,
Economic Policy Uncertainty (EPU) Index,TS_GP_MFS_EPUI_M.EPUI4,EPUI-4 Newspapers,30-Jun-20,145.6633372,Index,Normal,
Economic Policy Uncertainty (EPU) Index,TS_GP_MFS_EPUI_M.EPUI4,EPUI-4 Newspapers,31-Jul-20,97.24223246,Index,Normal,
Economic Policy Uncertainty (EPU) Index,TS_GP_MFS_EPUI_M.EPUI4,EPUI-4 Newspapers,31-Aug-20,109.5985101,Index,Normal,
Economic Policy Uncertainty (EPU) Index,TS_GP_MFS_EPUI_M.EPUI4,EPUI-4 Newspapers,30-Sep-20,95.35425977,Index,Normal,
Economic Policy Uncertainty (EPU) Index,TS_GP_MFS_EPUI_M.EPUI4,EPUI-4 Newspapers,31-Oct-20,118.5460454,Index,Normal,
Economic Policy Uncertainty (EPU) Index,TS_GP_MFS_EPUI_M.EPUI4,EPUI-4 Newspapers,30-Nov-20,95.86372831,Index,Normal,
Economic Policy Uncertainty (EPU) Index,TS_GP_MFS_EPUI_M.EPUI4,EPUI-4 Newspapers,31-Dec-20,101.410496,Index,Normal,
Economic Policy Uncertainty (EPU) Index,TS_GP_MFS_EPUI_M.EPUI4,EPUI-4 Newspapers,31-Jan-21,88.17481691,Index,Normal,
Economic Policy Uncertainty (EPU) Index,TS_GP_MFS_EPUI_M.EPUI4,EPUI-4 Newspapers,28-Feb-21,52.59784752,Index,Normal,
Economic Policy Uncertainty (EPU) Index,TS_GP_MFS_EPUI_M.EPUI4,EPUI-4 Newspapers,31-Mar-21,97.30220115,Index,Normal,
Economic Policy Uncertainty (EPU) Index,TS_GP_MFS_EPUI_M.EPUI4,EPUI-4 Newspapers,30-Apr-21,99.62713401,Index,Normal,
Economic Policy Uncertainty (EPU) Index,TS_GP_MFS_EPUI_M.EPUI4,EPUI-4 Newspapers,31-May-21,78.67426055,Index,Normal,
Economic Policy Uncertainty (EPU) Index,TS_GP_MFS_EPUI_M.EPUI4,EPUI-4 Newspapers,30-Jun-21,84.58509366,Index,Normal,
Economic Policy Uncertainty (EPU) Index,TS_GP_MFS_EPUI_M.EPUI4,EPUI-4 Newspapers,31-Jul-21,60.1840818,Index,Normal,
Economic Policy Uncertainty (EPU) Index,TS_GP_MFS_EPUI_M.EPUI4,EPUI-4 Newspapers,31-Aug-21,111.6271788,Index,Normal,
Economic Policy Uncertainty (EPU) Index,TS_GP_MFS_EPUI_M.EPUI4,EPUI-4 Newspapers,30-Sep-21,124.4839127,Index,Normal,
Economic Policy Uncertainty (EPU) Index,TS_GP_MFS_EPUI_M.EPUI4,EPUI-4 Newspapers,31-Oct-21,121.7130032,Index,Normal,
Economic Policy Uncertainty (EPU) Index,TS_GP_MFS_EPUI_M.EPUI4,EPUI-4 Newspapers,30-Nov-21,102.9773274,Index,Normal,
Economic Policy Uncertainty (EPU) Index,TS_GP_MFS_EPUI_M.EPUI4,EPUI-4 Newspapers,31-Dec-21,106.9458699,Index,Normal,
Economic Policy Uncertainty (EPU) Index,TS_GP_MFS_EPUI_M.EPUI4,EPUI-4 Newspapers,31-Jan-22,92.99332068,Index,Normal,
Economic Policy Uncertainty (EPU) Index,TS_GP_MFS_EPUI_M.EPUI4,EPUI-4 Newspapers,28-Feb-22,80.96075428,Index,Normal,
Economic Policy Uncertainty (EPU) Index,TS_GP_MFS_EPUI_M.EPUI4,EPUI-4 Newspapers,31-Mar-22,164.7127914,Index,Normal,
Economic Policy Uncertainty (EPU) Index,TS_GP_MFS_EPUI_M.EPUI4,EPUI-4 Newspapers,30-Apr-22,257.403465,Index,Normal,
Economic Policy Uncertainty (EPU) Index,TS_GP_MFS_EPUI_M.EPUI4,EPUI-4 Newspapers,31-May-22,305.4640863,Index,Normal,
Economic Policy Uncertainty (EPU) Index,TS_GP_MFS_EPUI_M.EPUI4,EPUI-4 Newspapers,30-Jun-22,183.4820912,Index,Normal,
Economic Policy Uncertainty (EPU) Index,TS_GP_MFS_EPUI_M.EPUI4,EPUI-4 Newspapers,31-Jul-22,263.217868,Index,Normal,
Economic Policy Uncertainty (EPU) Index,TS_GP_MFS_EPUI_M.EPUI4,EPUI-4 Newspapers,31-Aug-22,173.7278261,Index,Normal,
Economic Policy Uncertainty (EPU) Index,TS_GP_MFS_EPUI_M.EPUI4,EPUI-4 Newspapers,30-Sep-22,132.0658293,Index,Normal,
Economic Policy Uncertainty (EPU) Index,TS_GP_MFS_EPUI_M.EPUI4,EPUI-4 Newspapers,31-Oct-22,131.6326858,Index,Normal,
Economic Policy Uncertainty (EPU) Index,TS_GP_MFS_EPUI_M.EPUI4,EPUI-4 Newspapers,30-Nov-22,157.3176361,Index,Normal,
Economic Policy Uncertainty (EPU) Index,TS_GP_MFS_EPUI_M.EPUI4,EPUI-4 Newspapers,31-Dec-22,214.7746813,Index,Normal,
Economic Policy Uncertainty (EPU) Index,TS_GP_MFS_EPUI_M.EPUI4,EPUI-4 Newspapers,31-Jan-23,215.7087664,Index,Normal,
Economic Policy Uncertainty (EPU) Index,TS_GP_MFS_EPUI_M.EPUI4,EPUI-4 Newspapers,28-Feb-23,163.9062302,Index,Normal,
Economic Policy Uncertainty (EPU) Index,TS_GP_MFS_EPUI_M.EPUI4,EPUI-4 Newspapers,31-Mar-23,150.1116202,Index,Normal,
Economic Policy Uncertainty (EPU) Index,TS_GP_MFS_EPUI_M.EPUI4,EPUI-4 Newspapers,30-Apr-23,194.2902198,Index,Normal,
Economic Policy Uncertainty (EPU) Index,TS_GP_MFS_EPUI_M.EPUI4,EPUI-4 Newspapers,31-May-23,205.9210242,Index,Normal,
Economic Policy Uncertainty (EPU) Index,TS_GP_MFS_EPUI_M.EPUI4,EPUI-4 Newspapers,30-Jun-23,195.8956206,Index,Normal,
Economic Policy Uncertainty (EPU) Index,TS_GP_MFS_EPUI_M.EPUI4,EPUI-4 Newspapers,31-Jul-23,180.7585627,Index,Normal,
Economic Policy Uncertainty (EPU) Index,TS_GP_MFS_EPUI_M.EPUI4,EPUI-4 Newspapers,31-Aug-23,177.5733748,Index,Normal,
Economic Policy Uncertainty (EPU) Index,TS_GP_MFS_EPUI_M.EPUI4,EPUI-4 Newspapers,30-Sep-23,167.1113104,Index,Normal,
Economic Policy Uncertainty (EPU) Index,TS_GP_MFS_EPUI_M.EPUI4,EPUI-4 Newspapers,31-Oct-23,139.8365612,Index,Normal,
Economic Policy Uncertainty (EPU) Index,TS_GP_MFS_EPUI_M.EPUI4,EPUI-4 Newspapers,30-Nov-23,110.2462231,Index,Normal,
Economic Policy Uncertainty (EPU) Index,TS_GP_MFS_EPUI_M.EPUI4,EPUI-4 Newspapers,31-Dec-23,136.4718833,Index,Normal,
