Dataset,Series Key,Series,Observation Date,Observation Value,Unit,Observation Status,Observation Status Comment
Production and Sales of Auto Vehicles,TS_GP_RLS_PSAUTO_M.TAS_001000,Total Automobile Sales,31-Jan-01,6883,Number,Normal,
Production and Sales of Auto Vehicles,TS_GP_RLS_PSAUTO_M.TAS_001000,Total Automobile Sales,28-Feb-01,7090,Number,Normal,
Production and Sales of Auto Vehicles,TS_GP_RLS_PSAUTO_M.TAS_001000,Total Automobile Sales,31-Mar-01,6006,Number,Normal,
Production and Sales of Auto Vehicles,TS_GP_RLS_PSAUTO_M.TAS_001000,Total Automobile Sales,30-Apr-01,7653,Number,Normal,
Production and Sales of Auto Vehicles,TS_GP_RLS_PSAUTO_M.TAS_001000,Total Automobile Sales,31-May-01,7529,Number,Normal,
Production and Sales of Auto Vehicles,TS_GP_RLS_PSAUTO_M.TAS_001000,Total Automobile Sales,30-Jun-01,7993,Number,Normal,
Production and Sales of Auto Vehicles,TS_GP_RLS_PSAUTO_M.TAS_001000,Total Automobile Sales,31-Jul-01,4811,Number,Normal,
Production and Sales of Auto Vehicles,TS_GP_RLS_PSAUTO_M.TAS_001000,Total Automobile Sales,31-Aug-01,5889,Number,Normal,
Production and Sales of Auto Vehicles,TS_GP_RLS_PSAUTO_M.TAS_001000,Total Automobile Sales,30-Sep-01,5525,Number,Normal,
Production and Sales of Auto Vehicles,TS_GP_RLS_PSAUTO_M.TAS_001000,Total Automobile Sales,31-Oct-01,5655,Number,Normal,
Production and Sales of Auto Vehicles,TS_GP_RLS_PSAUTO_M.TAS_001000,Total Automobile Sales,30-Nov-01,5572,Number,Normal,
Production and Sales of Auto Vehicles,TS_GP_RLS_PSAUTO_M.TAS_001000,Total Automobile Sales,31-Dec-01,4555,Number,Normal,
Production and Sales of Auto Vehicles,TS_GP_RLS_PSAUTO_M.TAS_001000,Total Automobile Sales,31-Jan-02,6158,Number,Normal,
Production and Sales of Auto Vehicles,TS_GP_RLS_PSAUTO_M.TAS_001000,Total Automobile Sales,28-Feb-02,5274,Number,Normal,
Production and Sales of Auto Vehicles,TS_GP_RLS_PSAUTO_M.TAS_001000,Total Automobile Sales,31-Mar-02,6783,Number,Normal,
Production and Sales of Auto Vehicles,TS_GP_RLS_PSAUTO_M.TAS_001000,Total Automobile Sales,30-Apr-02,8393,Number,Normal,
Production and Sales of Auto Vehicles,TS_GP_RLS_PSAUTO_M.TAS_001000,Total Automobile Sales,31-May-02,7799,Number,Normal,
Production and Sales of Auto Vehicles,TS_GP_RLS_PSAUTO_M.TAS_001000,Total Automobile Sales,30-Jun-02,10467,Number,Normal,
Production and Sales of Auto Vehicles,TS_GP_RLS_PSAUTO_M.TAS_001000,Total Automobile Sales,31-Jul-02,6308,Number,Normal,
Production and Sales of Auto Vehicles,TS_GP_RLS_PSAUTO_M.TAS_001000,Total Automobile Sales,31-Aug-02,6974,Number,Normal,
Production and Sales of Auto Vehicles,TS_GP_RLS_PSAUTO_M.TAS_001000,Total Automobile Sales,30-Sep-02,7707,Number,Normal,
Production and Sales of Auto Vehicles,TS_GP_RLS_PSAUTO_M.TAS_001000,Total Automobile Sales,31-Oct-02,7313,Number,Normal,
Production and Sales of Auto Vehicles,TS_GP_RLS_PSAUTO_M.TAS_001000,Total Automobile Sales,30-Nov-02,7496,Number,Normal,
Production and Sales of Auto Vehicles,TS_GP_RLS_PSAUTO_M.TAS_001000,Total Automobile Sales,31-Dec-02,7268,Number,Normal,
Production and Sales of Auto Vehicles,TS_GP_RLS_PSAUTO_M.TAS_001000,Total Automobile Sales,31-Jan-03,9249,Number,Normal,
Production and Sales of Auto Vehicles,TS_GP_RLS_PSAUTO_M.TAS_001000,Total Automobile Sales,28-Feb-03,7842,Number,Normal,
Production and Sales of Auto Vehicles,TS_GP_RLS_PSAUTO_M.TAS_001000,Total Automobile Sales,31-Mar-03,10816,Number,Normal,
Production and Sales of Auto Vehicles,TS_GP_RLS_PSAUTO_M.TAS_001000,Total Automobile Sales,30-Apr-03,11556,Number,Normal,
Production and Sales of Auto Vehicles,TS_GP_RLS_PSAUTO_M.TAS_001000,Total Automobile Sales,31-May-03,10969,Number,Normal,
Production and Sales of Auto Vehicles,TS_GP_RLS_PSAUTO_M.TAS_001000,Total Automobile Sales,30-Jun-03,11696,Number,Normal,
Production and Sales of Auto Vehicles,TS_GP_RLS_PSAUTO_M.TAS_001000,Total Automobile Sales,31-Jul-03,8357,Number,Normal,
Production and Sales of Auto Vehicles,TS_GP_RLS_PSAUTO_M.TAS_001000,Total Automobile Sales,31-Aug-03,9759,Number,Normal,
Production and Sales of Auto Vehicles,TS_GP_RLS_PSAUTO_M.TAS_001000,Total Automobile Sales,30-Sep-03,12700,Number,Normal,
Production and Sales of Auto Vehicles,TS_GP_RLS_PSAUTO_M.TAS_001000,Total Automobile Sales,31-Oct-03,13028,Number,Normal,
Production and Sales of Auto Vehicles,TS_GP_RLS_PSAUTO_M.TAS_001000,Total Automobile Sales,30-Nov-03,9254,Number,Normal,
Production and Sales of Auto Vehicles,TS_GP_RLS_PSAUTO_M.TAS_001000,Total Automobile Sales,31-Dec-03,14238,Number,Normal,
Production and Sales of Auto Vehicles,TS_GP_RLS_PSAUTO_M.TAS_001000,Total Automobile Sales,31-Jan-04,14470,Number,Normal,
Production and Sales of Auto Vehicles,TS_GP_RLS_PSAUTO_M.TAS_001000,Total Automobile Sales,29-Feb-04,10827,Number,Normal,
Production and Sales of Auto Vehicles,TS_GP_RLS_PSAUTO_M.TAS_001000,Total Automobile Sales,31-Mar-04,13038,Number,Normal,
Production and Sales of Auto Vehicles,TS_GP_RLS_PSAUTO_M.TAS_001000,Total Automobile Sales,30-Apr-04,15149,Number,Normal,
Production and Sales of Auto Vehicles,TS_GP_RLS_PSAUTO_M.TAS_001000,Total Automobile Sales,31-May-04,14682,Number,Normal,
Production and Sales of Auto Vehicles,TS_GP_RLS_PSAUTO_M.TAS_001000,Total Automobile Sales,30-Jun-04,15880,Number,Normal,
Production and Sales of Auto Vehicles,TS_GP_RLS_PSAUTO_M.TAS_001000,Total Automobile Sales,31-Jul-04,15512,Number,Normal,
Production and Sales of Auto Vehicles,TS_GP_RLS_PSAUTO_M.TAS_001000,Total Automobile Sales,31-Aug-04,13717,Number,Normal,
Production and Sales of Auto Vehicles,TS_GP_RLS_PSAUTO_M.TAS_001000,Total Automobile Sales,30-Sep-04,15548,Number,Normal,
Production and Sales of Auto Vehicles,TS_GP_RLS_PSAUTO_M.TAS_001000,Total Automobile Sales,31-Oct-04,15127,Number,Normal,
Production and Sales of Auto Vehicles,TS_GP_RLS_PSAUTO_M.TAS_001000,Total Automobile Sales,30-Nov-04,12865,Number,Normal,
Production and Sales of Auto Vehicles,TS_GP_RLS_PSAUTO_M.TAS_001000,Total Automobile Sales,31-Dec-04,18433,Number,Normal,
Production and Sales of Auto Vehicles,TS_GP_RLS_PSAUTO_M.TAS_001000,Total Automobile Sales,31-Jan-05,13835,Number,Normal,
Production and Sales of Auto Vehicles,TS_GP_RLS_PSAUTO_M.TAS_001000,Total Automobile Sales,28-Feb-05,14736,Number,Normal,
Production and Sales of Auto Vehicles,TS_GP_RLS_PSAUTO_M.TAS_001000,Total Automobile Sales,31-Mar-05,19401,Number,Normal,
Production and Sales of Auto Vehicles,TS_GP_RLS_PSAUTO_M.TAS_001000,Total Automobile Sales,30-Apr-05,20102,Number,Normal,
Production and Sales of Auto Vehicles,TS_GP_RLS_PSAUTO_M.TAS_001000,Total Automobile Sales,31-May-05,19707,Number,Normal,
Production and Sales of Auto Vehicles,TS_GP_RLS_PSAUTO_M.TAS_001000,Total Automobile Sales,30-Jun-05,22335,Number,Normal,
Production and Sales of Auto Vehicles,TS_GP_RLS_PSAUTO_M.TAS_001000,Total Automobile Sales,31-Jul-05,16546,Number,Normal,
Production and Sales of Auto Vehicles,TS_GP_RLS_PSAUTO_M.TAS_001000,Total Automobile Sales,31-Aug-05,18933,Number,Normal,
Production and Sales of Auto Vehicles,TS_GP_RLS_PSAUTO_M.TAS_001000,Total Automobile Sales,30-Sep-05,20202,Number,Normal,
Production and Sales of Auto Vehicles,TS_GP_RLS_PSAUTO_M.TAS_001000,Total Automobile Sales,31-Oct-05,17321,Number,Normal,
Production and Sales of Auto Vehicles,TS_GP_RLS_PSAUTO_M.TAS_001000,Total Automobile Sales,30-Nov-05,18187,Number,Normal,
Production and Sales of Auto Vehicles,TS_GP_RLS_PSAUTO_M.TAS_001000,Total Automobile Sales,31-Dec-05,20576,Number,Normal,
Production and Sales of Auto Vehicles,TS_GP_RLS_PSAUTO_M.TAS_001000,Total Automobile Sales,31-Jan-06,18336,Number,Normal,
Production and Sales of Auto Vehicles,TS_GP_RLS_PSAUTO_M.TAS_001000,Total Automobile Sales,28-Feb-06,19463,Number,Normal,
Production and Sales of Auto Vehicles,TS_GP_RLS_PSAUTO_M.TAS_001000,Total Automobile Sales,31-Mar-06,23968,Number,Normal,
Production and Sales of Auto Vehicles,TS_GP_RLS_PSAUTO_M.TAS_001000,Total Automobile Sales,30-Apr-06,20453,Number,Normal,
Production and Sales of Auto Vehicles,TS_GP_RLS_PSAUTO_M.TAS_001000,Total Automobile Sales,31-May-06,22843,Number,Normal,
Production and Sales of Auto Vehicles,TS_GP_RLS_PSAUTO_M.TAS_001000,Total Automobile Sales,30-Jun-06,24610,Number,Normal,
Production and Sales of Auto Vehicles,TS_GP_RLS_PSAUTO_M.TAS_001000,Total Automobile Sales,31-Jul-06,18687,Number,Normal,
Production and Sales of Auto Vehicles,TS_GP_RLS_PSAUTO_M.TAS_001000,Total Automobile Sales,31-Aug-06,21832,Number,Normal,
Production and Sales of Auto Vehicles,TS_GP_RLS_PSAUTO_M.TAS_001000,Total Automobile Sales,30-Sep-06,20398,Number,Normal,
Production and Sales of Auto Vehicles,TS_GP_RLS_PSAUTO_M.TAS_001000,Total Automobile Sales,31-Oct-06,16729,Number,Normal,
Production and Sales of Auto Vehicles,TS_GP_RLS_PSAUTO_M.TAS_001000,Total Automobile Sales,30-Nov-06,22860,Number,Normal,
Production and Sales of Auto Vehicles,TS_GP_RLS_PSAUTO_M.TAS_001000,Total Automobile Sales,31-Dec-06,19142,Number,Normal,
Production and Sales of Auto Vehicles,TS_GP_RLS_PSAUTO_M.TAS_001000,Total Automobile Sales,31-Jan-07,19227,Number,Normal,
Production and Sales of Auto Vehicles,TS_GP_RLS_PSAUTO_M.TAS_001000,Total Automobile Sales,28-Feb-07,22718,Number,Normal,
Production and Sales of Auto Vehicles,TS_GP_RLS_PSAUTO_M.TAS_001000,Total Automobile Sales,31-Mar-07,25130,Number,Normal,
Production and Sales of Auto Vehicles,TS_GP_RLS_PSAUTO_M.TAS_001000,Total Automobile Sales,30-Apr-07,23417,Number,Normal,
Production and Sales of Auto Vehicles,TS_GP_RLS_PSAUTO_M.TAS_001000,Total Automobile Sales,31-May-07,24367,Number,Normal,
Production and Sales of Auto Vehicles,TS_GP_RLS_PSAUTO_M.TAS_001000,Total Automobile Sales,30-Jun-07,29028,Number,Normal,
Production and Sales of Auto Vehicles,TS_GP_RLS_PSAUTO_M.TAS_001000,Total Automobile Sales,31-Jul-07,16739,Number,Normal,
Production and Sales of Auto Vehicles,TS_GP_RLS_PSAUTO_M.TAS_001000,Total Automobile Sales,31-Aug-07,25543,Number,Normal,
Production and Sales of Auto Vehicles,TS_GP_RLS_PSAUTO_M.TAS_001000,Total Automobile Sales,30-Sep-07,19063,Number,Normal,
Production and Sales of Auto Vehicles,TS_GP_RLS_PSAUTO_M.TAS_001000,Total Automobile Sales,31-Oct-07,19676,Number,Normal,
Production and Sales of Auto Vehicles,TS_GP_RLS_PSAUTO_M.TAS_001000,Total Automobile Sales,30-Nov-07,20365,Number,Normal,
Production and Sales of Auto Vehicles,TS_GP_RLS_PSAUTO_M.TAS_001000,Total Automobile Sales,31-Dec-07,15065,Number,Normal,
Production and Sales of Auto Vehicles,TS_GP_RLS_PSAUTO_M.TAS_001000,Total Automobile Sales,31-Jan-08,19564,Number,Normal,
Production and Sales of Auto Vehicles,TS_GP_RLS_PSAUTO_M.TAS_001000,Total Automobile Sales,29-Feb-08,19937,Number,Normal,
Production and Sales of Auto Vehicles,TS_GP_RLS_PSAUTO_M.TAS_001000,Total Automobile Sales,31-Mar-08,22243,Number,Normal,
Production and Sales of Auto Vehicles,TS_GP_RLS_PSAUTO_M.TAS_001000,Total Automobile Sales,30-Apr-08,22833,Number,Normal,
Production and Sales of Auto Vehicles,TS_GP_RLS_PSAUTO_M.TAS_001000,Total Automobile Sales,31-May-08,21419,Number,Normal,
Production and Sales of Auto Vehicles,TS_GP_RLS_PSAUTO_M.TAS_001000,Total Automobile Sales,30-Jun-08,24720,Number,Normal,
Production and Sales of Auto Vehicles,TS_GP_RLS_PSAUTO_M.TAS_001000,Total Automobile Sales,31-Jul-08,11342,Number,Normal,
Production and Sales of Auto Vehicles,TS_GP_RLS_PSAUTO_M.TAS_001000,Total Automobile Sales,31-Aug-08,14664,Number,Normal,
Production and Sales of Auto Vehicles,TS_GP_RLS_PSAUTO_M.TAS_001000,Total Automobile Sales,30-Sep-08,14451,Number,Normal,
Production and Sales of Auto Vehicles,TS_GP_RLS_PSAUTO_M.TAS_001000,Total Automobile Sales,31-Oct-08,16888,Number,Normal,
Production and Sales of Auto Vehicles,TS_GP_RLS_PSAUTO_M.TAS_001000,Total Automobile Sales,30-Nov-08,13531,Number,Normal,
Production and Sales of Auto Vehicles,TS_GP_RLS_PSAUTO_M.TAS_001000,Total Automobile Sales,31-Dec-08,10163,Number,Normal,
Production and Sales of Auto Vehicles,TS_GP_RLS_PSAUTO_M.TAS_001000,Total Automobile Sales,31-Jan-09,12596,Number,Normal,
Production and Sales of Auto Vehicles,TS_GP_RLS_PSAUTO_M.TAS_001000,Total Automobile Sales,28-Feb-09,10337,Number,Normal,
Production and Sales of Auto Vehicles,TS_GP_RLS_PSAUTO_M.TAS_001000,Total Automobile Sales,31-Mar-09,13699,Number,Normal,
Production and Sales of Auto Vehicles,TS_GP_RLS_PSAUTO_M.TAS_001000,Total Automobile Sales,30-Apr-09,14840,Number,Normal,
Production and Sales of Auto Vehicles,TS_GP_RLS_PSAUTO_M.TAS_001000,Total Automobile Sales,31-May-09,14575,Number,Normal,
Production and Sales of Auto Vehicles,TS_GP_RLS_PSAUTO_M.TAS_001000,Total Automobile Sales,30-Jun-09,16397,Number,Normal,
Production and Sales of Auto Vehicles,TS_GP_RLS_PSAUTO_M.TAS_001000,Total Automobile Sales,31-Jul-09,14267,Number,Normal,
Production and Sales of Auto Vehicles,TS_GP_RLS_PSAUTO_M.TAS_001000,Total Automobile Sales,31-Aug-09,16044,Number,Normal,
Production and Sales of Auto Vehicles,TS_GP_RLS_PSAUTO_M.TAS_001000,Total Automobile Sales,30-Sep-09,14069,Number,Normal,
Production and Sales of Auto Vehicles,TS_GP_RLS_PSAUTO_M.TAS_001000,Total Automobile Sales,31-Oct-09,18752,Number,Normal,
Production and Sales of Auto Vehicles,TS_GP_RLS_PSAUTO_M.TAS_001000,Total Automobile Sales,30-Nov-09,18170,Number,Normal,
Production and Sales of Auto Vehicles,TS_GP_RLS_PSAUTO_M.TAS_001000,Total Automobile Sales,31-Dec-09,15610,Number,Normal,
Production and Sales of Auto Vehicles,TS_GP_RLS_PSAUTO_M.TAS_001000,Total Automobile Sales,31-Jan-10,19178,Number,Normal,
Production and Sales of Auto Vehicles,TS_GP_RLS_PSAUTO_M.TAS_001000,Total Automobile Sales,28-Feb-10,18173,Number,Normal,
Production and Sales of Auto Vehicles,TS_GP_RLS_PSAUTO_M.TAS_001000,Total Automobile Sales,31-Mar-10,19108,Number,Normal,
Production and Sales of Auto Vehicles,TS_GP_RLS_PSAUTO_M.TAS_001000,Total Automobile Sales,30-Apr-10,19481,Number,Normal,
Production and Sales of Auto Vehicles,TS_GP_RLS_PSAUTO_M.TAS_001000,Total Automobile Sales,31-May-10,20274,Number,Normal,
Production and Sales of Auto Vehicles,TS_GP_RLS_PSAUTO_M.TAS_001000,Total Automobile Sales,30-Jun-10,24317,Number,Normal,
Production and Sales of Auto Vehicles,TS_GP_RLS_PSAUTO_M.TAS_001000,Total Automobile Sales,31-Jul-10,16684,Number,Normal,
Production and Sales of Auto Vehicles,TS_GP_RLS_PSAUTO_M.TAS_001000,Total Automobile Sales,31-Aug-10,14954,Number,Normal,
Production and Sales of Auto Vehicles,TS_GP_RLS_PSAUTO_M.TAS_001000,Total Automobile Sales,30-Sep-10,16838,Number,Normal,
Production and Sales of Auto Vehicles,TS_GP_RLS_PSAUTO_M.TAS_001000,Total Automobile Sales,31-Oct-10,20031,Number,Normal,
Production and Sales of Auto Vehicles,TS_GP_RLS_PSAUTO_M.TAS_001000,Total Automobile Sales,30-Nov-10,16705,Number,Normal,
Production and Sales of Auto Vehicles,TS_GP_RLS_PSAUTO_M.TAS_001000,Total Automobile Sales,31-Dec-10,17257,Number,Normal,
Production and Sales of Auto Vehicles,TS_GP_RLS_PSAUTO_M.TAS_001000,Total Automobile Sales,31-Jan-11,20614,Number,Normal,
Production and Sales of Auto Vehicles,TS_GP_RLS_PSAUTO_M.TAS_001000,Total Automobile Sales,28-Feb-11,20702,Number,Normal,
Production and Sales of Auto Vehicles,TS_GP_RLS_PSAUTO_M.TAS_001000,Total Automobile Sales,31-Mar-11,21035,Number,Normal,
Production and Sales of Auto Vehicles,TS_GP_RLS_PSAUTO_M.TAS_001000,Total Automobile Sales,30-Apr-11,19621,Number,Normal,
Production and Sales of Auto Vehicles,TS_GP_RLS_PSAUTO_M.TAS_001000,Total Automobile Sales,31-May-11,19969,Number,Normal,
Production and Sales of Auto Vehicles,TS_GP_RLS_PSAUTO_M.TAS_001000,Total Automobile Sales,30-Jun-11,14643,Number,Normal,
Production and Sales of Auto Vehicles,TS_GP_RLS_PSAUTO_M.TAS_001000,Total Automobile Sales,31-Jul-11,18730,Number,Normal,
Production and Sales of Auto Vehicles,TS_GP_RLS_PSAUTO_M.TAS_001000,Total Automobile Sales,31-Aug-11,13191,Number,Normal,
Production and Sales of Auto Vehicles,TS_GP_RLS_PSAUTO_M.TAS_001000,Total Automobile Sales,30-Sep-11,16468,Number,Normal,
Production and Sales of Auto Vehicles,TS_GP_RLS_PSAUTO_M.TAS_001000,Total Automobile Sales,31-Oct-11,19372,Number,Normal,
Production and Sales of Auto Vehicles,TS_GP_RLS_PSAUTO_M.TAS_001000,Total Automobile Sales,30-Nov-11,15695,Number,Normal,
Production and Sales of Auto Vehicles,TS_GP_RLS_PSAUTO_M.TAS_001000,Total Automobile Sales,31-Dec-11,12241,Number,Normal,
Production and Sales of Auto Vehicles,TS_GP_RLS_PSAUTO_M.TAS_001000,Total Automobile Sales,31-Jan-12,15722,Number,Normal,
Production and Sales of Auto Vehicles,TS_GP_RLS_PSAUTO_M.TAS_001000,Total Automobile Sales,29-Feb-12,24172,Number,Normal,
Production and Sales of Auto Vehicles,TS_GP_RLS_PSAUTO_M.TAS_001000,Total Automobile Sales,31-Mar-12,23286,Number,Normal,
Production and Sales of Auto Vehicles,TS_GP_RLS_PSAUTO_M.TAS_001000,Total Automobile Sales,30-Apr-12,21337,Number,Normal,
Production and Sales of Auto Vehicles,TS_GP_RLS_PSAUTO_M.TAS_001000,Total Automobile Sales,31-May-12,23713,Number,Normal,
Production and Sales of Auto Vehicles,TS_GP_RLS_PSAUTO_M.TAS_001000,Total Automobile Sales,30-Jun-12,27917,Number,Normal,
Production and Sales of Auto Vehicles,TS_GP_RLS_PSAUTO_M.TAS_001000,Total Automobile Sales,31-Jul-12,13462,Number,Normal,
Production and Sales of Auto Vehicles,TS_GP_RLS_PSAUTO_M.TAS_001000,Total Automobile Sales,31-Aug-12,13393,Number,Normal,
Production and Sales of Auto Vehicles,TS_GP_RLS_PSAUTO_M.TAS_001000,Total Automobile Sales,30-Sep-12,12436,Number,Normal,
Production and Sales of Auto Vehicles,TS_GP_RLS_PSAUTO_M.TAS_001000,Total Automobile Sales,31-Oct-12,15307,Number,Normal,
Production and Sales of Auto Vehicles,TS_GP_RLS_PSAUTO_M.TAS_001000,Total Automobile Sales,30-Nov-12,15218,Number,Normal,
Production and Sales of Auto Vehicles,TS_GP_RLS_PSAUTO_M.TAS_001000,Total Automobile Sales,31-Dec-12,16152,Number,Normal,
Production and Sales of Auto Vehicles,TS_GP_RLS_PSAUTO_M.TAS_001000,Total Automobile Sales,31-Jan-13,14665,Number,Normal,
Production and Sales of Auto Vehicles,TS_GP_RLS_PSAUTO_M.TAS_001000,Total Automobile Sales,28-Feb-13,15277,Number,Normal,
Production and Sales of Auto Vehicles,TS_GP_RLS_PSAUTO_M.TAS_001000,Total Automobile Sales,31-Mar-13,17474,Number,Normal,
Production and Sales of Auto Vehicles,TS_GP_RLS_PSAUTO_M.TAS_001000,Total Automobile Sales,30-Apr-13,16878,Number,Normal,
Production and Sales of Auto Vehicles,TS_GP_RLS_PSAUTO_M.TAS_001000,Total Automobile Sales,31-May-13,17899,Number,Normal,
Production and Sales of Auto Vehicles,TS_GP_RLS_PSAUTO_M.TAS_001000,Total Automobile Sales,30-Jun-13,20231,Number,Normal,
Production and Sales of Auto Vehicles,TS_GP_RLS_PSAUTO_M.TAS_001000,Total Automobile Sales,31-Jul-13,12042,Number,Normal,
Production and Sales of Auto Vehicles,TS_GP_RLS_PSAUTO_M.TAS_001000,Total Automobile Sales,31-Aug-13,13220,Number,Normal,
Production and Sales of Auto Vehicles,TS_GP_RLS_PSAUTO_M.TAS_001000,Total Automobile Sales,30-Sep-13,13157,Number,Normal,
Production and Sales of Auto Vehicles,TS_GP_RLS_PSAUTO_M.TAS_001000,Total Automobile Sales,31-Oct-13,13428,Number,Normal,
Production and Sales of Auto Vehicles,TS_GP_RLS_PSAUTO_M.TAS_001000,Total Automobile Sales,30-Nov-13,14117,Number,Normal,
Production and Sales of Auto Vehicles,TS_GP_RLS_PSAUTO_M.TAS_001000,Total Automobile Sales,31-Dec-13,14968,Number,Normal,
Production and Sales of Auto Vehicles,TS_GP_RLS_PSAUTO_M.TAS_001000,Total Automobile Sales,31-Jan-14,14689,Number,Normal,
Production and Sales of Auto Vehicles,TS_GP_RLS_PSAUTO_M.TAS_001000,Total Automobile Sales,28-Feb-14,14701,Number,Normal,
Production and Sales of Auto Vehicles,TS_GP_RLS_PSAUTO_M.TAS_001000,Total Automobile Sales,31-Mar-14,15565,Number,Normal,
Production and Sales of Auto Vehicles,TS_GP_RLS_PSAUTO_M.TAS_001000,Total Automobile Sales,30-Apr-14,16982,Number,Normal,
Production and Sales of Auto Vehicles,TS_GP_RLS_PSAUTO_M.TAS_001000,Total Automobile Sales,31-May-14,15759,Number,Normal,
Production and Sales of Auto Vehicles,TS_GP_RLS_PSAUTO_M.TAS_001000,Total Automobile Sales,30-Jun-14,14148,Number,Normal,
Production and Sales of Auto Vehicles,TS_GP_RLS_PSAUTO_M.TAS_001000,Total Automobile Sales,31-Jul-14,9927,Number,Normal,
Production and Sales of Auto Vehicles,TS_GP_RLS_PSAUTO_M.TAS_001000,Total Automobile Sales,31-Aug-14,15513,Number,Normal,
Production and Sales of Auto Vehicles,TS_GP_RLS_PSAUTO_M.TAS_001000,Total Automobile Sales,30-Sep-14,16778,Number,Normal,
Production and Sales of Auto Vehicles,TS_GP_RLS_PSAUTO_M.TAS_001000,Total Automobile Sales,31-Oct-14,17129,Number,Normal,
Production and Sales of Auto Vehicles,TS_GP_RLS_PSAUTO_M.TAS_001000,Total Automobile Sales,30-Nov-14,16974,Number,Normal,
Production and Sales of Auto Vehicles,TS_GP_RLS_PSAUTO_M.TAS_001000,Total Automobile Sales,31-Dec-14,13846,Number,Normal,
Production and Sales of Auto Vehicles,TS_GP_RLS_PSAUTO_M.TAS_001000,Total Automobile Sales,31-Jan-15,21691,Number,Normal,
Production and Sales of Auto Vehicles,TS_GP_RLS_PSAUTO_M.TAS_001000,Total Automobile Sales,28-Feb-15,21755,Number,Normal,
Production and Sales of Auto Vehicles,TS_GP_RLS_PSAUTO_M.TAS_001000,Total Automobile Sales,31-Mar-15,26331,Number,Normal,
Production and Sales of Auto Vehicles,TS_GP_RLS_PSAUTO_M.TAS_001000,Total Automobile Sales,30-Apr-15,24804,Number,Normal,
Production and Sales of Auto Vehicles,TS_GP_RLS_PSAUTO_M.TAS_001000,Total Automobile Sales,31-May-15,24283,Number,Normal,
Production and Sales of Auto Vehicles,TS_GP_RLS_PSAUTO_M.TAS_001000,Total Automobile Sales,30-Jun-15,22865,Number,Normal,
Production and Sales of Auto Vehicles,TS_GP_RLS_PSAUTO_M.TAS_001000,Total Automobile Sales,31-Jul-15,17869,Number,Normal,
Production and Sales of Auto Vehicles,TS_GP_RLS_PSAUTO_M.TAS_001000,Total Automobile Sales,31-Aug-15,22966,Number,Normal,
Production and Sales of Auto Vehicles,TS_GP_RLS_PSAUTO_M.TAS_001000,Total Automobile Sales,30-Sep-15,21953,Number,Normal,
Production and Sales of Auto Vehicles,TS_GP_RLS_PSAUTO_M.TAS_001000,Total Automobile Sales,31-Oct-15,22561,Number,Normal,
Production and Sales of Auto Vehicles,TS_GP_RLS_PSAUTO_M.TAS_001000,Total Automobile Sales,30-Nov-15,21754,Number,Normal,
Production and Sales of Auto Vehicles,TS_GP_RLS_PSAUTO_M.TAS_001000,Total Automobile Sales,31-Dec-15,19637,Number,Normal,
Production and Sales of Auto Vehicles,TS_GP_RLS_PSAUTO_M.TAS_001000,Total Automobile Sales,31-Jan-16,24670,Number,Normal,
Production and Sales of Auto Vehicles,TS_GP_RLS_PSAUTO_M.TAS_001000,Total Automobile Sales,29-Feb-16,19476,Number,Normal,
Production and Sales of Auto Vehicles,TS_GP_RLS_PSAUTO_M.TAS_001000,Total Automobile Sales,31-Mar-16,22632,Number,Normal,
Production and Sales of Auto Vehicles,TS_GP_RLS_PSAUTO_M.TAS_001000,Total Automobile Sales,30-Apr-16,22243,Number,Normal,
Production and Sales of Auto Vehicles,TS_GP_RLS_PSAUTO_M.TAS_001000,Total Automobile Sales,31-May-16,21812,Number,Normal,
Production and Sales of Auto Vehicles,TS_GP_RLS_PSAUTO_M.TAS_001000,Total Automobile Sales,30-Jun-16,20180,Number,Normal,
Production and Sales of Auto Vehicles,TS_GP_RLS_PSAUTO_M.TAS_001000,Total Automobile Sales,31-Jul-16,16687,Number,Normal,
Production and Sales of Auto Vehicles,TS_GP_RLS_PSAUTO_M.TAS_001000,Total Automobile Sales,31-Aug-16,20759,Number,Normal,
Production and Sales of Auto Vehicles,TS_GP_RLS_PSAUTO_M.TAS_001000,Total Automobile Sales,30-Sep-16,20050,Number,Normal,
Production and Sales of Auto Vehicles,TS_GP_RLS_PSAUTO_M.TAS_001000,Total Automobile Sales,31-Oct-16,21304,Number,Normal,
Production and Sales of Auto Vehicles,TS_GP_RLS_PSAUTO_M.TAS_001000,Total Automobile Sales,30-Nov-16,23657,Number,Normal,
Production and Sales of Auto Vehicles,TS_GP_RLS_PSAUTO_M.TAS_001000,Total Automobile Sales,31-Dec-16,19889,Number,Normal,
Production and Sales of Auto Vehicles,TS_GP_RLS_PSAUTO_M.TAS_001000,Total Automobile Sales,31-Jan-17,27102,Number,Normal,
Production and Sales of Auto Vehicles,TS_GP_RLS_PSAUTO_M.TAS_001000,Total Automobile Sales,28-Feb-17,26067,Number,Normal,
Production and Sales of Auto Vehicles,TS_GP_RLS_PSAUTO_M.TAS_001000,Total Automobile Sales,31-Mar-17,27887,Number,Normal,
Production and Sales of Auto Vehicles,TS_GP_RLS_PSAUTO_M.TAS_001000,Total Automobile Sales,30-Apr-17,25421,Number,Normal,
Production and Sales of Auto Vehicles,TS_GP_RLS_PSAUTO_M.TAS_001000,Total Automobile Sales,31-May-17,27287,Number,Normal,
Production and Sales of Auto Vehicles,TS_GP_RLS_PSAUTO_M.TAS_001000,Total Automobile Sales,30-Jun-17,20630,Number,Normal,
Production and Sales of Auto Vehicles,TS_GP_RLS_PSAUTO_M.TAS_001000,Total Automobile Sales,31-Jul-17,24988,Number,Normal,
Production and Sales of Auto Vehicles,TS_GP_RLS_PSAUTO_M.TAS_001000,Total Automobile Sales,31-Aug-17,28094,Number,Normal,
Production and Sales of Auto Vehicles,TS_GP_RLS_PSAUTO_M.TAS_001000,Total Automobile Sales,30-Sep-17,25544,Number,Normal,
Production and Sales of Auto Vehicles,TS_GP_RLS_PSAUTO_M.TAS_001000,Total Automobile Sales,31-Oct-17,30118,Number,Normal,
Production and Sales of Auto Vehicles,TS_GP_RLS_PSAUTO_M.TAS_001000,Total Automobile Sales,30-Nov-17,27342,Number,Normal,
Production and Sales of Auto Vehicles,TS_GP_RLS_PSAUTO_M.TAS_001000,Total Automobile Sales,31-Dec-17,24925,Number,Normal,
Production and Sales of Auto Vehicles,TS_GP_RLS_PSAUTO_M.TAS_001000,Total Automobile Sales,31-Jan-18,30363,Number,Normal,
Production and Sales of Auto Vehicles,TS_GP_RLS_PSAUTO_M.TAS_001000,Total Automobile Sales,28-Feb-18,29887,Number,Normal,
Production and Sales of Auto Vehicles,TS_GP_RLS_PSAUTO_M.TAS_001000,Total Automobile Sales,31-Mar-18,31039,Number,Normal,
Production and Sales of Auto Vehicles,TS_GP_RLS_PSAUTO_M.TAS_001000,Total Automobile Sales,30-Apr-18,34529,Number,Normal,
Production and Sales of Auto Vehicles,TS_GP_RLS_PSAUTO_M.TAS_001000,Total Automobile Sales,31-May-18,29472,Number,Normal,
Production and Sales of Auto Vehicles,TS_GP_RLS_PSAUTO_M.TAS_001000,Total Automobile Sales,30-Jun-18,23312,Number,Normal,
Production and Sales of Auto Vehicles,TS_GP_RLS_PSAUTO_M.TAS_001000,Total Automobile Sales,31-Jul-18,25966,Number,Normal,
Production and Sales of Auto Vehicles,TS_GP_RLS_PSAUTO_M.TAS_001000,Total Automobile Sales,31-Aug-18,22499,Number,Normal,
Production and Sales of Auto Vehicles,TS_GP_RLS_PSAUTO_M.TAS_001000,Total Automobile Sales,30-Sep-18,25827,Number,Normal,
Production and Sales of Auto Vehicles,TS_GP_RLS_PSAUTO_M.TAS_001000,Total Automobile Sales,31-Oct-18,31940,Number,Normal,
Production and Sales of Auto Vehicles,TS_GP_RLS_PSAUTO_M.TAS_001000,Total Automobile Sales,30-Nov-18,21895,Number,Normal,
Production and Sales of Auto Vehicles,TS_GP_RLS_PSAUTO_M.TAS_001000,Total Automobile Sales,31-Dec-18,20569,Number,Normal,
Production and Sales of Auto Vehicles,TS_GP_RLS_PSAUTO_M.TAS_001000,Total Automobile Sales,31-Jan-19,26626,Number,Normal,
Production and Sales of Auto Vehicles,TS_GP_RLS_PSAUTO_M.TAS_001000,Total Automobile Sales,28-Feb-19,24506,Number,Normal,
Production and Sales of Auto Vehicles,TS_GP_RLS_PSAUTO_M.TAS_001000,Total Automobile Sales,31-Mar-19,29099,Number,Normal,
Production and Sales of Auto Vehicles,TS_GP_RLS_PSAUTO_M.TAS_001000,Total Automobile Sales,30-Apr-19,25339,Number,Normal,
Production and Sales of Auto Vehicles,TS_GP_RLS_PSAUTO_M.TAS_001000,Total Automobile Sales,31-May-19,21941,Number,Normal,
Production and Sales of Auto Vehicles,TS_GP_RLS_PSAUTO_M.TAS_001000,Total Automobile Sales,30-Jun-19,21607,Number,Normal,
Production and Sales of Auto Vehicles,TS_GP_RLS_PSAUTO_M.TAS_001000,Total Automobile Sales,31-Jul-19,16208,Number,Normal,
Production and Sales of Auto Vehicles,TS_GP_RLS_PSAUTO_M.TAS_001000,Total Automobile Sales,31-Aug-19,13048,Number,Normal,
Production and Sales of Auto Vehicles,TS_GP_RLS_PSAUTO_M.TAS_001000,Total Automobile Sales,30-Sep-19,15844,Number,Normal,
Production and Sales of Auto Vehicles,TS_GP_RLS_PSAUTO_M.TAS_001000,Total Automobile Sales,31-Oct-19,14092,Number,Normal,
Production and Sales of Auto Vehicles,TS_GP_RLS_PSAUTO_M.TAS_001000,Total Automobile Sales,30-Nov-19,12048,Number,Normal,
Production and Sales of Auto Vehicles,TS_GP_RLS_PSAUTO_M.TAS_001000,Total Automobile Sales,31-Dec-19,13568,Number,Normal,
Production and Sales of Auto Vehicles,TS_GP_RLS_PSAUTO_M.TAS_001000,Total Automobile Sales,31-Jan-20,14621,Number,Normal,
Production and Sales of Auto Vehicles,TS_GP_RLS_PSAUTO_M.TAS_001000,Total Automobile Sales,29-Feb-20,15726,Number,Normal,
Production and Sales of Auto Vehicles,TS_GP_RLS_PSAUTO_M.TAS_001000,Total Automobile Sales,31-Mar-20,10436,Number,Normal,
Production and Sales of Auto Vehicles,TS_GP_RLS_PSAUTO_M.TAS_001000,Total Automobile Sales,30-Apr-20,2127,Number,Normal,
Production and Sales of Auto Vehicles,TS_GP_RLS_PSAUTO_M.TAS_001000,Total Automobile Sales,31-May-20,6454,Number,Normal,
Production and Sales of Auto Vehicles,TS_GP_RLS_PSAUTO_M.TAS_001000,Total Automobile Sales,30-Jun-20,14334,Number,Normal,
Production and Sales of Auto Vehicles,TS_GP_RLS_PSAUTO_M.TAS_001000,Total Automobile Sales,31-Jul-20,15527,Number,Normal,
Production and Sales of Auto Vehicles,TS_GP_RLS_PSAUTO_M.TAS_001000,Total Automobile Sales,31-Aug-20,14870,Number,Normal,
Production and Sales of Auto Vehicles,TS_GP_RLS_PSAUTO_M.TAS_001000,Total Automobile Sales,30-Sep-20,18639,Number,Normal,
Production and Sales of Auto Vehicles,TS_GP_RLS_PSAUTO_M.TAS_001000,Total Automobile Sales,31-Oct-20,19000,Number,Normal,
Production and Sales of Auto Vehicles,TS_GP_RLS_PSAUTO_M.TAS_001000,Total Automobile Sales,30-Nov-20,18082,Number,Normal,
Production and Sales of Auto Vehicles,TS_GP_RLS_PSAUTO_M.TAS_001000,Total Automobile Sales,31-Dec-20,17644,Number,Normal,
Production and Sales of Auto Vehicles,TS_GP_RLS_PSAUTO_M.TAS_001000,Total Automobile Sales,31-Jan-21,23125,Number,Normal,
Production and Sales of Auto Vehicles,TS_GP_RLS_PSAUTO_M.TAS_001000,Total Automobile Sales,28-Feb-21,21241,Number,Normal,
Production and Sales of Auto Vehicles,TS_GP_RLS_PSAUTO_M.TAS_001000,Total Automobile Sales,31-Mar-21,26919,Number,Normal,
Production and Sales of Auto Vehicles,TS_GP_RLS_PSAUTO_M.TAS_001000,Total Automobile Sales,30-Apr-21,22067,Number,Normal,
Production and Sales of Auto Vehicles,TS_GP_RLS_PSAUTO_M.TAS_001000,Total Automobile Sales,31-May-21,20302,Number,Normal,
Production and Sales of Auto Vehicles,TS_GP_RLS_PSAUTO_M.TAS_001000,Total Automobile Sales,30-Jun-21,19173,Number,Normal,
Production and Sales of Auto Vehicles,TS_GP_RLS_PSAUTO_M.TAS_001000,Total Automobile Sales,31-Jul-21,29852,Number,Normal,
Production and Sales of Auto Vehicles,TS_GP_RLS_PSAUTO_M.TAS_001000,Total Automobile Sales,31-Aug-21,25656,Number,Normal,
Production and Sales of Auto Vehicles,TS_GP_RLS_PSAUTO_M.TAS_001000,Total Automobile Sales,30-Sep-21,27125,Number,Normal,
Production and Sales of Auto Vehicles,TS_GP_RLS_PSAUTO_M.TAS_001000,Total Automobile Sales,31-Oct-21,26869,Number,Normal,
Production and Sales of Auto Vehicles,TS_GP_RLS_PSAUTO_M.TAS_001000,Total Automobile Sales,30-Nov-21,23863,Number,Normal,
Production and Sales of Auto Vehicles,TS_GP_RLS_PSAUTO_M.TAS_001000,Total Automobile Sales,31-Dec-21,32152,Number,Normal,
Production and Sales of Auto Vehicles,TS_GP_RLS_PSAUTO_M.TAS_001000,Total Automobile Sales,31-Jan-22,26354,Number,Normal,
Production and Sales of Auto Vehicles,TS_GP_RLS_PSAUTO_M.TAS_001000,Total Automobile Sales,28-Feb-22,26717,Number,Normal,
Production and Sales of Auto Vehicles,TS_GP_RLS_PSAUTO_M.TAS_001000,Total Automobile Sales,31-Mar-22,33418,Number,Normal,
Production and Sales of Auto Vehicles,TS_GP_RLS_PSAUTO_M.TAS_001000,Total Automobile Sales,30-Apr-22,27863,Number,Normal,
Production and Sales of Auto Vehicles,TS_GP_RLS_PSAUTO_M.TAS_001000,Total Automobile Sales,31-May-22,28285,Number,Normal,
Production and Sales of Auto Vehicles,TS_GP_RLS_PSAUTO_M.TAS_001000,Total Automobile Sales,30-Jun-22,36558,Number,Normal,
Production and Sales of Auto Vehicles,TS_GP_RLS_PSAUTO_M.TAS_001000,Total Automobile Sales,31-Jul-22,14453,Number,Normal,
Production and Sales of Auto Vehicles,TS_GP_RLS_PSAUTO_M.TAS_001000,Total Automobile Sales,31-Aug-22,15095,Number,Normal,
Production and Sales of Auto Vehicles,TS_GP_RLS_PSAUTO_M.TAS_001000,Total Automobile Sales,30-Sep-22,13815,Number,Normal,
Production and Sales of Auto Vehicles,TS_GP_RLS_PSAUTO_M.TAS_001000,Total Automobile Sales,31-Oct-22,15787,Number,Normal,
Production and Sales of Auto Vehicles,TS_GP_RLS_PSAUTO_M.TAS_001000,Total Automobile Sales,30-Nov-22,20113,Number,Normal,
Production and Sales of Auto Vehicles,TS_GP_RLS_PSAUTO_M.TAS_001000,Total Automobile Sales,31-Dec-22,18313,Number,Normal,
Production and Sales of Auto Vehicles,TS_GP_RLS_PSAUTO_M.TAS_001000,Total Automobile Sales,31-Jan-23,15000,Number,Normal,
Production and Sales of Auto Vehicles,TS_GP_RLS_PSAUTO_M.TAS_001000,Total Automobile Sales,28-Feb-23,10173,Number,Normal,
Production and Sales of Auto Vehicles,TS_GP_RLS_PSAUTO_M.TAS_001000,Total Automobile Sales,31-Mar-23,12764,Number,Normal,
Production and Sales of Auto Vehicles,TS_GP_RLS_PSAUTO_M.TAS_001000,Total Automobile Sales,30-Apr-23,7846,Number,Normal,
Production and Sales of Auto Vehicles,TS_GP_RLS_PSAUTO_M.TAS_001000,Total Automobile Sales,31-May-23,9125,Number,Normal,
Production and Sales of Auto Vehicles,TS_GP_RLS_PSAUTO_M.TAS_001000,Total Automobile Sales,30-Jun-23,9172,Number,Normal,
Production and Sales of Auto Vehicles,TS_GP_RLS_PSAUTO_M.TAS_001000,Total Automobile Sales,31-Jul-23,7965,Number,Normal,
Production and Sales of Auto Vehicles,TS_GP_RLS_PSAUTO_M.TAS_001000,Total Automobile Sales,31-Aug-23,11713,Number,Normal,
Production and Sales of Auto Vehicles,TS_GP_RLS_PSAUTO_M.TAS_001000,Total Automobile Sales,30-Sep-23,13942,Number,Normal,
Production and Sales of Auto Vehicles,TS_GP_RLS_PSAUTO_M.TAS_001000,Total Automobile Sales,31-Oct-23,11569,Number,Normal,
