Dataset,Series Key,Series,Observation Date,Observation Value,Unit,Observation Status,Observation Status Comment
Monthly Summary of Balance of Payments as per BPM6,TS_GP_BOP_BPM6SUM_M.P00060,Exports of services,31-Jul-13,343,Million USD,Normal,
Monthly Summary of Balance of Payments as per BPM6,TS_GP_BOP_BPM6SUM_M.P00060,Exports of services,31-Aug-13,305,Million USD,Normal,
Monthly Summary of Balance of Payments as per BPM6,TS_GP_BOP_BPM6SUM_M.P00060,Exports of services,30-Sep-13,347,Million USD,Normal,
Monthly Summary of Balance of Payments as per BPM6,TS_GP_BOP_BPM6SUM_M.P00060,Exports of services,31-Oct-13,671,Million USD,Normal,
Monthly Summary of Balance of Payments as per BPM6,TS_GP_BOP_BPM6SUM_M.P00060,Exports of services,30-Nov-13,341,Million USD,Normal,
Monthly Summary of Balance of Payments as per BPM6,TS_GP_BOP_BPM6SUM_M.P00060,Exports of services,31-Dec-13,428,Million USD,Normal,
Monthly Summary of Balance of Payments as per BPM6,TS_GP_BOP_BPM6SUM_M.P00060,Exports of services,31-Jan-14,347,Million USD,Normal,
Monthly Summary of Balance of Payments as per BPM6,TS_GP_BOP_BPM6SUM_M.P00060,Exports of services,28-Feb-14,667,Million USD,Normal,
Monthly Summary of Balance of Payments as per BPM6,TS_GP_BOP_BPM6SUM_M.P00060,Exports of services,31-Mar-14,382,Million USD,Normal,
Monthly Summary of Balance of Payments as per BPM6,TS_GP_BOP_BPM6SUM_M.P00060,Exports of services,30-Apr-14,383,Million USD,Normal,
Monthly Summary of Balance of Payments as per BPM6,TS_GP_BOP_BPM6SUM_M.P00060,Exports of services,31-May-14,758,Million USD,Normal,
Monthly Summary of Balance of Payments as per BPM6,TS_GP_BOP_BPM6SUM_M.P00060,Exports of services,30-Jun-14,373,Million USD,Normal,
Monthly Summary of Balance of Payments as per BPM6,TS_GP_BOP_BPM6SUM_M.P00060,Exports of services,31-Jul-14,359,Million USD,Normal,
Monthly Summary of Balance of Payments as per BPM6,TS_GP_BOP_BPM6SUM_M.P00060,Exports of services,31-Aug-14,691,Million USD,Normal,
Monthly Summary of Balance of Payments as per BPM6,TS_GP_BOP_BPM6SUM_M.P00060,Exports of services,30-Sep-14,693,Million USD,Normal,
Monthly Summary of Balance of Payments as per BPM6,TS_GP_BOP_BPM6SUM_M.P00060,Exports of services,31-Oct-14,401,Million USD,Normal,
Monthly Summary of Balance of Payments as per BPM6,TS_GP_BOP_BPM6SUM_M.P00060,Exports of services,30-Nov-14,310,Million USD,Normal,
Monthly Summary of Balance of Payments as per BPM6,TS_GP_BOP_BPM6SUM_M.P00060,Exports of services,31-Dec-14,453,Million USD,Normal,
Monthly Summary of Balance of Payments as per BPM6,TS_GP_BOP_BPM6SUM_M.P00060,Exports of services,31-Jan-15,360,Million USD,Normal,
Monthly Summary of Balance of Payments as per BPM6,TS_GP_BOP_BPM6SUM_M.P00060,Exports of services,28-Feb-15,1043,Million USD,Normal,
Monthly Summary of Balance of Payments as per BPM6,TS_GP_BOP_BPM6SUM_M.P00060,Exports of services,31-Mar-15,438,Million USD,Normal,
Monthly Summary of Balance of Payments as per BPM6,TS_GP_BOP_BPM6SUM_M.P00060,Exports of services,30-Apr-15,403,Million USD,Normal,
Monthly Summary of Balance of Payments as per BPM6,TS_GP_BOP_BPM6SUM_M.P00060,Exports of services,31-May-15,318,Million USD,Normal,
Monthly Summary of Balance of Payments as per BPM6,TS_GP_BOP_BPM6SUM_M.P00060,Exports of services,30-Jun-15,403,Million USD,Normal,
Monthly Summary of Balance of Payments as per BPM6,TS_GP_BOP_BPM6SUM_M.P00060,Exports of services,31-Jul-15,715,Million USD,Normal,
Monthly Summary of Balance of Payments as per BPM6,TS_GP_BOP_BPM6SUM_M.P00060,Exports of services,31-Aug-15,341,Million USD,Normal,
Monthly Summary of Balance of Payments as per BPM6,TS_GP_BOP_BPM6SUM_M.P00060,Exports of services,30-Sep-15,711,Million USD,Normal,
Monthly Summary of Balance of Payments as per BPM6,TS_GP_BOP_BPM6SUM_M.P00060,Exports of services,31-Oct-15,400,Million USD,Normal,
Monthly Summary of Balance of Payments as per BPM6,TS_GP_BOP_BPM6SUM_M.P00060,Exports of services,30-Nov-15,321,Million USD,Normal,
Monthly Summary of Balance of Payments as per BPM6,TS_GP_BOP_BPM6SUM_M.P00060,Exports of services,31-Dec-15,444,Million USD,Normal,
Monthly Summary of Balance of Payments as per BPM6,TS_GP_BOP_BPM6SUM_M.P00060,Exports of services,31-Jan-16,354,Million USD,Normal,
Monthly Summary of Balance of Payments as per BPM6,TS_GP_BOP_BPM6SUM_M.P00060,Exports of services,29-Feb-16,351,Million USD,Normal,
Monthly Summary of Balance of Payments as per BPM6,TS_GP_BOP_BPM6SUM_M.P00060,Exports of services,31-Mar-16,447,Million USD,Normal,
Monthly Summary of Balance of Payments as per BPM6,TS_GP_BOP_BPM6SUM_M.P00060,Exports of services,30-Apr-16,594,Million USD,Normal,
Monthly Summary of Balance of Payments as per BPM6,TS_GP_BOP_BPM6SUM_M.P00060,Exports of services,31-May-16,361,Million USD,Normal,
Monthly Summary of Balance of Payments as per BPM6,TS_GP_BOP_BPM6SUM_M.P00060,Exports of services,30-Jun-16,417,Million USD,Normal,
Monthly Summary of Balance of Payments as per BPM6,TS_GP_BOP_BPM6SUM_M.P00060,Exports of services,31-Jul-16,349,Million USD,Normal,
Monthly Summary of Balance of Payments as per BPM6,TS_GP_BOP_BPM6SUM_M.P00060,Exports of services,31-Aug-16,435,Million USD,Normal,
Monthly Summary of Balance of Payments as per BPM6,TS_GP_BOP_BPM6SUM_M.P00060,Exports of services,30-Sep-16,443,Million USD,Normal,
Monthly Summary of Balance of Payments as per BPM6,TS_GP_BOP_BPM6SUM_M.P00060,Exports of services,31-Oct-16,394,Million USD,Normal,
Monthly Summary of Balance of Payments as per BPM6,TS_GP_BOP_BPM6SUM_M.P00060,Exports of services,30-Nov-16,413,Million USD,Normal,
Monthly Summary of Balance of Payments as per BPM6,TS_GP_BOP_BPM6SUM_M.P00060,Exports of services,31-Dec-16,491,Million USD,Normal,
Monthly Summary of Balance of Payments as per BPM6,TS_GP_BOP_BPM6SUM_M.P00060,Exports of services,31-Jan-17,428,Million USD,Normal,
Monthly Summary of Balance of Payments as per BPM6,TS_GP_BOP_BPM6SUM_M.P00060,Exports of services,28-Feb-17,761,Million USD,Normal,
Monthly Summary of Balance of Payments as per BPM6,TS_GP_BOP_BPM6SUM_M.P00060,Exports of services,31-Mar-17,801,Million USD,Normal,
Monthly Summary of Balance of Payments as per BPM6,TS_GP_BOP_BPM6SUM_M.P00060,Exports of services,30-Apr-17,456,Million USD,Normal,
Monthly Summary of Balance of Payments as per BPM6,TS_GP_BOP_BPM6SUM_M.P00060,Exports of services,31-May-17,449,Million USD,Normal,
Monthly Summary of Balance of Payments as per BPM6,TS_GP_BOP_BPM6SUM_M.P00060,Exports of services,30-Jun-17,495,Million USD,Normal,
Monthly Summary of Balance of Payments as per BPM6,TS_GP_BOP_BPM6SUM_M.P00060,Exports of services,31-Jul-17,415,Million USD,Normal,
Monthly Summary of Balance of Payments as per BPM6,TS_GP_BOP_BPM6SUM_M.P00060,Exports of services,31-Aug-17,457,Million USD,Normal,
Monthly Summary of Balance of Payments as per BPM6,TS_GP_BOP_BPM6SUM_M.P00060,Exports of services,30-Sep-17,518,Million USD,Normal,
Monthly Summary of Balance of Payments as per BPM6,TS_GP_BOP_BPM6SUM_M.P00060,Exports of services,31-Oct-17,463,Million USD,Normal,
Monthly Summary of Balance of Payments as per BPM6,TS_GP_BOP_BPM6SUM_M.P00060,Exports of services,30-Nov-17,492,Million USD,Normal,
Monthly Summary of Balance of Payments as per BPM6,TS_GP_BOP_BPM6SUM_M.P00060,Exports of services,31-Dec-17,593,Million USD,Normal,
Monthly Summary of Balance of Payments as per BPM6,TS_GP_BOP_BPM6SUM_M.P00060,Exports of services,31-Jan-18,470,Million USD,Normal,
Monthly Summary of Balance of Payments as per BPM6,TS_GP_BOP_BPM6SUM_M.P00060,Exports of services,28-Feb-18,503,Million USD,Normal,
Monthly Summary of Balance of Payments as per BPM6,TS_GP_BOP_BPM6SUM_M.P00060,Exports of services,31-Mar-18,483,Million USD,Normal,
Monthly Summary of Balance of Payments as per BPM6,TS_GP_BOP_BPM6SUM_M.P00060,Exports of services,30-Apr-18,442,Million USD,Normal,
Monthly Summary of Balance of Payments as per BPM6,TS_GP_BOP_BPM6SUM_M.P00060,Exports of services,31-May-18,506,Million USD,Normal,
Monthly Summary of Balance of Payments as per BPM6,TS_GP_BOP_BPM6SUM_M.P00060,Exports of services,30-Jun-18,509,Million USD,Normal,
Monthly Summary of Balance of Payments as per BPM6,TS_GP_BOP_BPM6SUM_M.P00060,Exports of services,31-Jul-18,477,Million USD,Normal,
Monthly Summary of Balance of Payments as per BPM6,TS_GP_BOP_BPM6SUM_M.P00060,Exports of services,31-Aug-18,499,Million USD,Normal,
Monthly Summary of Balance of Payments as per BPM6,TS_GP_BOP_BPM6SUM_M.P00060,Exports of services,30-Sep-18,495,Million USD,Normal,
Monthly Summary of Balance of Payments as per BPM6,TS_GP_BOP_BPM6SUM_M.P00060,Exports of services,31-Oct-18,508,Million USD,Normal,
Monthly Summary of Balance of Payments as per BPM6,TS_GP_BOP_BPM6SUM_M.P00060,Exports of services,30-Nov-18,478,Million USD,Normal,
Monthly Summary of Balance of Payments as per BPM6,TS_GP_BOP_BPM6SUM_M.P00060,Exports of services,31-Dec-18,563,Million USD,Normal,
Monthly Summary of Balance of Payments as per BPM6,TS_GP_BOP_BPM6SUM_M.P00060,Exports of services,31-Jan-19,519,Million USD,Normal,
Monthly Summary of Balance of Payments as per BPM6,TS_GP_BOP_BPM6SUM_M.P00060,Exports of services,28-Feb-19,485,Million USD,Normal,
Monthly Summary of Balance of Payments as per BPM6,TS_GP_BOP_BPM6SUM_M.P00060,Exports of services,31-Mar-19,542,Million USD,Normal,
Monthly Summary of Balance of Payments as per BPM6,TS_GP_BOP_BPM6SUM_M.P00060,Exports of services,30-Apr-19,486,Million USD,Normal,
Monthly Summary of Balance of Payments as per BPM6,TS_GP_BOP_BPM6SUM_M.P00060,Exports of services,31-May-19,468,Million USD,Normal,
Monthly Summary of Balance of Payments as per BPM6,TS_GP_BOP_BPM6SUM_M.P00060,Exports of services,30-Jun-19,446,Million USD,Normal,
Monthly Summary of Balance of Payments as per BPM6,TS_GP_BOP_BPM6SUM_M.P00060,Exports of services,31-Jul-19,485,Million USD,Normal,
Monthly Summary of Balance of Payments as per BPM6,TS_GP_BOP_BPM6SUM_M.P00060,Exports of services,31-Aug-19,430,Million USD,Normal,
Monthly Summary of Balance of Payments as per BPM6,TS_GP_BOP_BPM6SUM_M.P00060,Exports of services,30-Sep-19,427,Million USD,Normal,
Monthly Summary of Balance of Payments as per BPM6,TS_GP_BOP_BPM6SUM_M.P00060,Exports of services,31-Oct-19,546,Million USD,Normal,
Monthly Summary of Balance of Payments as per BPM6,TS_GP_BOP_BPM6SUM_M.P00060,Exports of services,30-Nov-19,464,Million USD,Normal,
Monthly Summary of Balance of Payments as per BPM6,TS_GP_BOP_BPM6SUM_M.P00060,Exports of services,31-Dec-19,572,Million USD,Normal,
Monthly Summary of Balance of Payments as per BPM6,TS_GP_BOP_BPM6SUM_M.P00060,Exports of services,31-Jan-20,524,Million USD,Normal,
Monthly Summary of Balance of Payments as per BPM6,TS_GP_BOP_BPM6SUM_M.P00060,Exports of services,29-Feb-20,469,Million USD,Normal,
Monthly Summary of Balance of Payments as per BPM6,TS_GP_BOP_BPM6SUM_M.P00060,Exports of services,31-Mar-20,428,Million USD,Normal,
Monthly Summary of Balance of Payments as per BPM6,TS_GP_BOP_BPM6SUM_M.P00060,Exports of services,30-Apr-20,354,Million USD,Normal,
Monthly Summary of Balance of Payments as per BPM6,TS_GP_BOP_BPM6SUM_M.P00060,Exports of services,31-May-20,361,Million USD,Normal,
Monthly Summary of Balance of Payments as per BPM6,TS_GP_BOP_BPM6SUM_M.P00060,Exports of services,30-Jun-20,377,Million USD,Normal,
Monthly Summary of Balance of Payments as per BPM6,TS_GP_BOP_BPM6SUM_M.P00060,Exports of services,31-Jul-20,456,Million USD,Normal,
Monthly Summary of Balance of Payments as per BPM6,TS_GP_BOP_BPM6SUM_M.P00060,Exports of services,31-Aug-20,350,Million USD,Normal,
Monthly Summary of Balance of Payments as per BPM6,TS_GP_BOP_BPM6SUM_M.P00060,Exports of services,30-Sep-20,483,Million USD,Normal,
Monthly Summary of Balance of Payments as per BPM6,TS_GP_BOP_BPM6SUM_M.P00060,Exports of services,31-Oct-20,440,Million USD,Normal,
Monthly Summary of Balance of Payments as per BPM6,TS_GP_BOP_BPM6SUM_M.P00060,Exports of services,30-Nov-20,514,Million USD,Normal,
Monthly Summary of Balance of Payments as per BPM6,TS_GP_BOP_BPM6SUM_M.P00060,Exports of services,31-Dec-20,636,Million USD,Normal,
Monthly Summary of Balance of Payments as per BPM6,TS_GP_BOP_BPM6SUM_M.P00060,Exports of services,31-Jan-21,484,Million USD,Normal,
Monthly Summary of Balance of Payments as per BPM6,TS_GP_BOP_BPM6SUM_M.P00060,Exports of services,28-Feb-21,485,Million USD,Normal,
Monthly Summary of Balance of Payments as per BPM6,TS_GP_BOP_BPM6SUM_M.P00060,Exports of services,31-Mar-21,556,Million USD,Normal,
Monthly Summary of Balance of Payments as per BPM6,TS_GP_BOP_BPM6SUM_M.P00060,Exports of services,30-Apr-21,493,Million USD,Normal,
Monthly Summary of Balance of Payments as per BPM6,TS_GP_BOP_BPM6SUM_M.P00060,Exports of services,31-May-21,470,Million USD,Normal,
Monthly Summary of Balance of Payments as per BPM6,TS_GP_BOP_BPM6SUM_M.P00060,Exports of services,30-Jun-21,578,Million USD,Normal,
Monthly Summary of Balance of Payments as per BPM6,TS_GP_BOP_BPM6SUM_M.P00060,Exports of services,31-Jul-21,495,Million USD,Normal,
Monthly Summary of Balance of Payments as per BPM6,TS_GP_BOP_BPM6SUM_M.P00060,Exports of services,31-Aug-21,557,Million USD,Normal,
Monthly Summary of Balance of Payments as per BPM6,TS_GP_BOP_BPM6SUM_M.P00060,Exports of services,30-Sep-21,581,Million USD,Normal,
Monthly Summary of Balance of Payments as per BPM6,TS_GP_BOP_BPM6SUM_M.P00060,Exports of services,31-Oct-21,564,Million USD,Normal,
Monthly Summary of Balance of Payments as per BPM6,TS_GP_BOP_BPM6SUM_M.P00060,Exports of services,30-Nov-21,582,Million USD,Normal,
Monthly Summary of Balance of Payments as per BPM6,TS_GP_BOP_BPM6SUM_M.P00060,Exports of services,31-Dec-21,699,Million USD,Normal,
Monthly Summary of Balance of Payments as per BPM6,TS_GP_BOP_BPM6SUM_M.P00060,Exports of services,31-Jan-22,529,Million USD,Normal,
Monthly Summary of Balance of Payments as per BPM6,TS_GP_BOP_BPM6SUM_M.P00060,Exports of services,28-Feb-22,560,Million USD,Normal,
Monthly Summary of Balance of Payments as per BPM6,TS_GP_BOP_BPM6SUM_M.P00060,Exports of services,31-Mar-22,711,Million USD,Normal,
Monthly Summary of Balance of Payments as per BPM6,TS_GP_BOP_BPM6SUM_M.P00060,Exports of services,30-Apr-22,645,Million USD,Normal,
Monthly Summary of Balance of Payments as per BPM6,TS_GP_BOP_BPM6SUM_M.P00060,Exports of services,31-May-22,515,Million USD,Normal,
Monthly Summary of Balance of Payments as per BPM6,TS_GP_BOP_BPM6SUM_M.P00060,Exports of services,30-Jun-22,664,Million USD,Normal,
Monthly Summary of Balance of Payments as per BPM6,TS_GP_BOP_BPM6SUM_M.P00060,Exports of services,31-Jul-22,546,Million USD,Normal,
Monthly Summary of Balance of Payments as per BPM6,TS_GP_BOP_BPM6SUM_M.P00060,Exports of services,31-Aug-22,606,Million USD,Normal,
Monthly Summary of Balance of Payments as per BPM6,TS_GP_BOP_BPM6SUM_M.P00060,Exports of services,30-Sep-22,565,Million USD,Normal,
Monthly Summary of Balance of Payments as per BPM6,TS_GP_BOP_BPM6SUM_M.P00060,Exports of services,31-Oct-22,621,Million USD,Normal,
Monthly Summary of Balance of Payments as per BPM6,TS_GP_BOP_BPM6SUM_M.P00060,Exports of services,30-Nov-22,751,Million USD,Normal,
Monthly Summary of Balance of Payments as per BPM6,TS_GP_BOP_BPM6SUM_M.P00060,Exports of services,31-Dec-22,781,Million USD,Normal,
Monthly Summary of Balance of Payments as per BPM6,TS_GP_BOP_BPM6SUM_M.P00060,Exports of services,31-Jan-23,688,Million USD,Normal,
Monthly Summary of Balance of Payments as per BPM6,TS_GP_BOP_BPM6SUM_M.P00060,Exports of services,28-Feb-23,591,Million USD,Normal,
Monthly Summary of Balance of Payments as per BPM6,TS_GP_BOP_BPM6SUM_M.P00060,Exports of services,31-Mar-23,666,Million USD,Normal,
Monthly Summary of Balance of Payments as per BPM6,TS_GP_BOP_BPM6SUM_M.P00060,Exports of services,30-Apr-23,554,Million USD,Normal,
Monthly Summary of Balance of Payments as per BPM6,TS_GP_BOP_BPM6SUM_M.P00060,Exports of services,31-May-23,639,Million USD,Normal,
Monthly Summary of Balance of Payments as per BPM6,TS_GP_BOP_BPM6SUM_M.P00060,Exports of services,30-Jun-23,591,Million USD,Normal,
Monthly Summary of Balance of Payments as per BPM6,TS_GP_BOP_BPM6SUM_M.P00060,Exports of services,31-Jul-23,588,Million USD,Normal,
Monthly Summary of Balance of Payments as per BPM6,TS_GP_BOP_BPM6SUM_M.P00060,Exports of services,31-Aug-23,663,Million USD,Normal,
Monthly Summary of Balance of Payments as per BPM6,TS_GP_BOP_BPM6SUM_M.P00060,Exports of services,30-Sep-23,563,Million USD,Normal,
Monthly Summary of Balance of Payments as per BPM6,TS_GP_BOP_BPM6SUM_M.P00060,Exports of services,31-Oct-23,594,Million USD,Normal,
Monthly Summary of Balance of Payments as per BPM6,TS_GP_BOP_BPM6SUM_M.P00060,Exports of services,30-Nov-23,631,Million USD,Normal,
Monthly Summary of Balance of Payments as per BPM6,TS_GP_BOP_BPM6SUM_M.P00060,Exports of services,31-Dec-23,731,Million USD,Normal,
Monthly Summary of Balance of Payments as per BPM6,TS_GP_BOP_BPM6SUM_M.P00060,Exports of services,31-Jan-24,682,Million USD,Normal,
Monthly Summary of Balance of Payments as per BPM6,TS_GP_BOP_BPM6SUM_M.P00060,Exports of services,29-Feb-24,627,Million USD,Normal,
