Dataset,Series Key,Series,Observation Date,Observation Value,Unit,Observation Status,Observation Status Comment
Inflation Snapshot (New Base: 2015-16),TS_GP_PT_CPI_M.P00031516,CPI Rural -YoY,31-Jul-16,3.12,Percent,Normal,
Inflation Snapshot (New Base: 2015-16),TS_GP_PT_CPI_M.P00031516,CPI Rural -YoY,31-Aug-16,2.9,Percent,Normal,
Inflation Snapshot (New Base: 2015-16),TS_GP_PT_CPI_M.P00031516,CPI Rural -YoY,30-Sep-16,3.49,Percent,Normal,
Inflation Snapshot (New Base: 2015-16),TS_GP_PT_CPI_M.P00031516,CPI Rural -YoY,31-Oct-16,4.68,Percent,Normal,
Inflation Snapshot (New Base: 2015-16),TS_GP_PT_CPI_M.P00031516,CPI Rural -YoY,30-Nov-16,5.18,Percent,Normal,
Inflation Snapshot (New Base: 2015-16),TS_GP_PT_CPI_M.P00031516,CPI Rural -YoY,31-Dec-16,4.59,Percent,Normal,
Inflation Snapshot (New Base: 2015-16),TS_GP_PT_CPI_M.P00031516,CPI Rural -YoY,31-Jan-17,4.44,Percent,Normal,
Inflation Snapshot (New Base: 2015-16),TS_GP_PT_CPI_M.P00031516,CPI Rural -YoY,28-Feb-17,4.91,Percent,Normal,
Inflation Snapshot (New Base: 2015-16),TS_GP_PT_CPI_M.P00031516,CPI Rural -YoY,31-Mar-17,6.09,Percent,Normal,
Inflation Snapshot (New Base: 2015-16),TS_GP_PT_CPI_M.P00031516,CPI Rural -YoY,30-Apr-17,6.47,Percent,Normal,
Inflation Snapshot (New Base: 2015-16),TS_GP_PT_CPI_M.P00031516,CPI Rural -YoY,31-May-17,5.6,Percent,Normal,
Inflation Snapshot (New Base: 2015-16),TS_GP_PT_CPI_M.P00031516,CPI Rural -YoY,30-Jun-17,5.73,Percent,Normal,
Inflation Snapshot (New Base: 2015-16),TS_GP_PT_CPI_M.P00031516,CPI Rural -YoY,31-Jul-17,3.08,Percent,Normal,
Inflation Snapshot (New Base: 2015-16),TS_GP_PT_CPI_M.P00031516,CPI Rural -YoY,31-Aug-17,3.37,Percent,Normal,
Inflation Snapshot (New Base: 2015-16),TS_GP_PT_CPI_M.P00031516,CPI Rural -YoY,30-Sep-17,3.91,Percent,Normal,
Inflation Snapshot (New Base: 2015-16),TS_GP_PT_CPI_M.P00031516,CPI Rural -YoY,31-Oct-17,4.17,Percent,Normal,
Inflation Snapshot (New Base: 2015-16),TS_GP_PT_CPI_M.P00031516,CPI Rural -YoY,30-Nov-17,4.42,Percent,Normal,
Inflation Snapshot (New Base: 2015-16),TS_GP_PT_CPI_M.P00031516,CPI Rural -YoY,31-Dec-17,4.87,Percent,Normal,
Inflation Snapshot (New Base: 2015-16),TS_GP_PT_CPI_M.P00031516,CPI Rural -YoY,31-Jan-18,4.94,Percent,Normal,
Inflation Snapshot (New Base: 2015-16),TS_GP_PT_CPI_M.P00031516,CPI Rural -YoY,28-Feb-18,4,Percent,Normal,
Inflation Snapshot (New Base: 2015-16),TS_GP_PT_CPI_M.P00031516,CPI Rural -YoY,31-Mar-18,2.98,Percent,Normal,
Inflation Snapshot (New Base: 2015-16),TS_GP_PT_CPI_M.P00031516,CPI Rural -YoY,30-Apr-18,3.27,Percent,Normal,
Inflation Snapshot (New Base: 2015-16),TS_GP_PT_CPI_M.P00031516,CPI Rural -YoY,31-May-18,4.48,Percent,Normal,
Inflation Snapshot (New Base: 2015-16),TS_GP_PT_CPI_M.P00031516,CPI Rural -YoY,30-Jun-18,5.4,Percent,Normal,
Inflation Snapshot (New Base: 2015-16),TS_GP_PT_CPI_M.P00031516,CPI Rural -YoY,31-Jul-18,6.59,Percent,Normal,
Inflation Snapshot (New Base: 2015-16),TS_GP_PT_CPI_M.P00031516,CPI Rural -YoY,31-Aug-18,6.2,Percent,Normal,
Inflation Snapshot (New Base: 2015-16),TS_GP_PT_CPI_M.P00031516,CPI Rural -YoY,30-Sep-18,5.09,Percent,Normal,
Inflation Snapshot (New Base: 2015-16),TS_GP_PT_CPI_M.P00031516,CPI Rural -YoY,31-Oct-18,5.67,Percent,Normal,
Inflation Snapshot (New Base: 2015-16),TS_GP_PT_CPI_M.P00031516,CPI Rural -YoY,30-Nov-18,4.73,Percent,Normal,
Inflation Snapshot (New Base: 2015-16),TS_GP_PT_CPI_M.P00031516,CPI Rural -YoY,31-Dec-18,4.58,Percent,Normal,
Inflation Snapshot (New Base: 2015-16),TS_GP_PT_CPI_M.P00031516,CPI Rural -YoY,31-Jan-19,4.64,Percent,Normal,
Inflation Snapshot (New Base: 2015-16),TS_GP_PT_CPI_M.P00031516,CPI Rural -YoY,28-Feb-19,6.02,Percent,Normal,
Inflation Snapshot (New Base: 2015-16),TS_GP_PT_CPI_M.P00031516,CPI Rural -YoY,31-Mar-19,8.2,Percent,Normal,
Inflation Snapshot (New Base: 2015-16),TS_GP_PT_CPI_M.P00031516,CPI Rural -YoY,30-Apr-19,8.13,Percent,Normal,
Inflation Snapshot (New Base: 2015-16),TS_GP_PT_CPI_M.P00031516,CPI Rural -YoY,31-May-19,8.27,Percent,Normal,
Inflation Snapshot (New Base: 2015-16),TS_GP_PT_CPI_M.P00031516,CPI Rural -YoY,30-Jun-19,7.94,Percent,Normal,
Inflation Snapshot (New Base: 2015-16),TS_GP_PT_CPI_M.P00031516,CPI Rural -YoY,31-Jul-19,7.87,Percent,Normal,
Inflation Snapshot (New Base: 2015-16),TS_GP_PT_CPI_M.P00031516,CPI Rural -YoY,31-Aug-19,10.27,Percent,Normal,
Inflation Snapshot (New Base: 2015-16),TS_GP_PT_CPI_M.P00031516,CPI Rural -YoY,30-Sep-19,11.1,Percent,Normal,
Inflation Snapshot (New Base: 2015-16),TS_GP_PT_CPI_M.P00031516,CPI Rural -YoY,31-Oct-19,11.33,Percent,Normal,
Inflation Snapshot (New Base: 2015-16),TS_GP_PT_CPI_M.P00031516,CPI Rural -YoY,30-Nov-19,13.6,Percent,Normal,
Inflation Snapshot (New Base: 2015-16),TS_GP_PT_CPI_M.P00031516,CPI Rural -YoY,31-Dec-19,13.58,Percent,Normal,
Inflation Snapshot (New Base: 2015-16),TS_GP_PT_CPI_M.P00031516,CPI Rural -YoY,31-Jan-20,16.34,Percent,Normal,
Inflation Snapshot (New Base: 2015-16),TS_GP_PT_CPI_M.P00031516,CPI Rural -YoY,29-Feb-20,14.22,Percent,Normal,
Inflation Snapshot (New Base: 2015-16),TS_GP_PT_CPI_M.P00031516,CPI Rural -YoY,31-Mar-20,11.67,Percent,Normal,
Inflation Snapshot (New Base: 2015-16),TS_GP_PT_CPI_M.P00031516,CPI Rural -YoY,30-Apr-20,9.83,Percent,Normal,
Inflation Snapshot (New Base: 2015-16),TS_GP_PT_CPI_M.P00031516,CPI Rural -YoY,31-May-20,9.69,Percent,Normal,
Inflation Snapshot (New Base: 2015-16),TS_GP_PT_CPI_M.P00031516,CPI Rural -YoY,30-Jun-20,10.03,Percent,Normal,
Inflation Snapshot (New Base: 2015-16),TS_GP_PT_CPI_M.P00031516,CPI Rural -YoY,31-Jul-20,11.57,Percent,Normal,
Inflation Snapshot (New Base: 2015-16),TS_GP_PT_CPI_M.P00031516,CPI Rural -YoY,31-Aug-20,9.86,Percent,Normal,
Inflation Snapshot (New Base: 2015-16),TS_GP_PT_CPI_M.P00031516,CPI Rural -YoY,30-Sep-20,11.12,Percent,Normal,
Inflation Snapshot (New Base: 2015-16),TS_GP_PT_CPI_M.P00031516,CPI Rural -YoY,31-Oct-20,11.31,Percent,Normal,
Inflation Snapshot (New Base: 2015-16),TS_GP_PT_CPI_M.P00031516,CPI Rural -YoY,30-Nov-20,10.46,Percent,Normal,
Inflation Snapshot (New Base: 2015-16),TS_GP_PT_CPI_M.P00031516,CPI Rural -YoY,31-Dec-20,9.49,Percent,Normal,
Inflation Snapshot (New Base: 2015-16),TS_GP_PT_CPI_M.P00031516,CPI Rural -YoY,31-Jan-21,6.6,Percent,Normal,
Inflation Snapshot (New Base: 2015-16),TS_GP_PT_CPI_M.P00031516,CPI Rural -YoY,28-Feb-21,8.8,Percent,Normal,
Inflation Snapshot (New Base: 2015-16),TS_GP_PT_CPI_M.P00031516,CPI Rural -YoY,31-Mar-21,9.5,Percent,Normal,
Inflation Snapshot (New Base: 2015-16),TS_GP_PT_CPI_M.P00031516,CPI Rural -YoY,30-Apr-21,11.3,Percent,Normal,
Inflation Snapshot (New Base: 2015-16),TS_GP_PT_CPI_M.P00031516,CPI Rural -YoY,31-May-21,10.90589941,Percent,Normal,
Inflation Snapshot (New Base: 2015-16),TS_GP_PT_CPI_M.P00031516,CPI Rural -YoY,30-Jun-21,9.731036567,Percent,Normal,
Inflation Snapshot (New Base: 2015-16),TS_GP_PT_CPI_M.P00031516,CPI Rural -YoY,31-Jul-21,8.008213552,Percent,Normal,
Inflation Snapshot (New Base: 2015-16),TS_GP_PT_CPI_M.P00031516,CPI Rural -YoY,31-Aug-21,8.403975446,Percent,Normal,
Inflation Snapshot (New Base: 2015-16),TS_GP_PT_CPI_M.P00031516,CPI Rural -YoY,30-Sep-21,8.766396674,Percent,Normal,
Inflation Snapshot (New Base: 2015-16),TS_GP_PT_CPI_M.P00031516,CPI Rural -YoY,31-Oct-21,8.7,Percent,Normal,
Inflation Snapshot (New Base: 2015-16),TS_GP_PT_CPI_M.P00031516,CPI Rural -YoY,30-Nov-21,10.9,Percent,Normal,
Inflation Snapshot (New Base: 2015-16),TS_GP_PT_CPI_M.P00031516,CPI Rural -YoY,31-Dec-21,11.60883281,Percent,Normal,
Inflation Snapshot (New Base: 2015-16),TS_GP_PT_CPI_M.P00031516,CPI Rural -YoY,31-Jan-22,12.92976165,Percent,Normal,
Inflation Snapshot (New Base: 2015-16),TS_GP_PT_CPI_M.P00031516,CPI Rural -YoY,28-Feb-22,13.32916145,Percent,Normal,
Inflation Snapshot (New Base: 2015-16),TS_GP_PT_CPI_M.P00031516,CPI Rural -YoY,31-Mar-22,13.9,Percent,Normal,
Inflation Snapshot (New Base: 2015-16),TS_GP_PT_CPI_M.P00031516,CPI Rural -YoY,30-Apr-22,15.09252253,Percent,Normal,
Inflation Snapshot (New Base: 2015-16),TS_GP_PT_CPI_M.P00031516,CPI Rural -YoY,31-May-22,15.9,Percent,Normal,
Inflation Snapshot (New Base: 2015-16),TS_GP_PT_CPI_M.P00031516,CPI Rural -YoY,30-Jun-22,23.6,Percent,Normal,
Inflation Snapshot (New Base: 2015-16),TS_GP_PT_CPI_M.P00031516,CPI Rural -YoY,31-Jul-22,26.9,Percent,Normal,
Inflation Snapshot (New Base: 2015-16),TS_GP_PT_CPI_M.P00031516,CPI Rural -YoY,31-Aug-22,28.8,Percent,Normal,
Inflation Snapshot (New Base: 2015-16),TS_GP_PT_CPI_M.P00031516,CPI Rural -YoY,30-Sep-22,26.1,Percent,Normal,
Inflation Snapshot (New Base: 2015-16),TS_GP_PT_CPI_M.P00031516,CPI Rural -YoY,31-Oct-22,29.5,Percent,Normal,
Inflation Snapshot (New Base: 2015-16),TS_GP_PT_CPI_M.P00031516,CPI Rural -YoY,30-Nov-22,27.2,Percent,Normal,
Inflation Snapshot (New Base: 2015-16),TS_GP_PT_CPI_M.P00031516,CPI Rural -YoY,31-Dec-22,28.8,Percent,Normal,
Inflation Snapshot (New Base: 2015-16),TS_GP_PT_CPI_M.P00031516,CPI Rural -YoY,31-Jan-23,32.3,Percent,Normal,
Inflation Snapshot (New Base: 2015-16),TS_GP_PT_CPI_M.P00031516,CPI Rural -YoY,28-Feb-23,35.6,Percent,Normal,
Inflation Snapshot (New Base: 2015-16),TS_GP_PT_CPI_M.P00031516,CPI Rural -YoY,31-Mar-23,38.9,Percent,Normal,
Inflation Snapshot (New Base: 2015-16),TS_GP_PT_CPI_M.P00031516,CPI Rural -YoY,30-Apr-23,40.7,Percent,Normal,
Inflation Snapshot (New Base: 2015-16),TS_GP_PT_CPI_M.P00031516,CPI Rural -YoY,31-May-23,42.2,Percent,Normal,
Inflation Snapshot (New Base: 2015-16),TS_GP_PT_CPI_M.P00031516,CPI Rural -YoY,30-Jun-23,32.4,Percent,Normal,
Inflation Snapshot (New Base: 2015-16),TS_GP_PT_CPI_M.P00031516,CPI Rural -YoY,31-Jul-23,31.3,Percent,Normal,
Inflation Snapshot (New Base: 2015-16),TS_GP_PT_CPI_M.P00031516,CPI Rural -YoY,31-Aug-23,30.9,Percent,Normal,
Inflation Snapshot (New Base: 2015-16),TS_GP_PT_CPI_M.P00031516,CPI Rural -YoY,30-Sep-23,33.9,Percent,Normal,
Inflation Snapshot (New Base: 2015-16),TS_GP_PT_CPI_M.P00031516,CPI Rural -YoY,31-Oct-23,28.7,Percent,Normal,
Inflation Snapshot (New Base: 2015-16),TS_GP_PT_CPI_M.P00031516,CPI Rural -YoY,30-Nov-23,27.5,Percent,Normal,
Inflation Snapshot (New Base: 2015-16),TS_GP_PT_CPI_M.P00031516,CPI Rural -YoY,31-Dec-23,27.9,Percent,Normal,
Inflation Snapshot (New Base: 2015-16),TS_GP_PT_CPI_M.P00031516,CPI Rural -YoY,31-Jan-24,25.7,Percent,Normal,
Inflation Snapshot (New Base: 2015-16),TS_GP_PT_CPI_M.P00031516,CPI Rural -YoY,29-Feb-24,20.5,Percent,Normal,
Inflation Snapshot (New Base: 2015-16),TS_GP_PT_CPI_M.P00031516,CPI Rural -YoY,31-Mar-24,19,Percent,Normal,
