Dataset,Series Key,Series,Observation Date,Observation Value,Unit,Observation Status,Observation Status Comment
Special Convertible Rupee Accounts (SCRA) Daily Position by Country –Monthly Archive,TS_GP_BOP_SCRACOU_M.P04940,Cum Out Total Overall,31-Jul-16,183379.2509,Thousand USD,Normal,
Special Convertible Rupee Accounts (SCRA) Daily Position by Country –Monthly Archive,TS_GP_BOP_SCRACOU_M.P04940,Cum Out Total Overall,31-Aug-16,219140.8885,Thousand USD,Normal,
Special Convertible Rupee Accounts (SCRA) Daily Position by Country –Monthly Archive,TS_GP_BOP_SCRACOU_M.P04940,Cum Out Total Overall,30-Sep-16,179613.7479,Thousand USD,Normal,
Special Convertible Rupee Accounts (SCRA) Daily Position by Country –Monthly Archive,TS_GP_BOP_SCRACOU_M.P04940,Cum Out Total Overall,31-Oct-16,203845.8697,Thousand USD,Normal,
Special Convertible Rupee Accounts (SCRA) Daily Position by Country –Monthly Archive,TS_GP_BOP_SCRACOU_M.P04940,Cum Out Total Overall,30-Nov-16,252805.9687,Thousand USD,Normal,
Special Convertible Rupee Accounts (SCRA) Daily Position by Country –Monthly Archive,TS_GP_BOP_SCRACOU_M.P04940,Cum Out Total Overall,31-Dec-16,571261.6646,Thousand USD,Normal,
Special Convertible Rupee Accounts (SCRA) Daily Position by Country –Monthly Archive,TS_GP_BOP_SCRACOU_M.P04940,Cum Out Total Overall,31-Jan-17,301163.3141,Thousand USD,Normal,
Special Convertible Rupee Accounts (SCRA) Daily Position by Country –Monthly Archive,TS_GP_BOP_SCRACOU_M.P04940,Cum Out Total Overall,28-Feb-17,284040.2668,Thousand USD,Normal,
Special Convertible Rupee Accounts (SCRA) Daily Position by Country –Monthly Archive,TS_GP_BOP_SCRACOU_M.P04940,Cum Out Total Overall,31-Mar-17,291249.4358,Thousand USD,Normal,
Special Convertible Rupee Accounts (SCRA) Daily Position by Country –Monthly Archive,TS_GP_BOP_SCRACOU_M.P04940,Cum Out Total Overall,30-Apr-17,219257.2559,Thousand USD,Normal,
Special Convertible Rupee Accounts (SCRA) Daily Position by Country –Monthly Archive,TS_GP_BOP_SCRACOU_M.P04940,Cum Out Total Overall,31-May-17,514071.5231,Thousand USD,Normal,
Special Convertible Rupee Accounts (SCRA) Daily Position by Country –Monthly Archive,TS_GP_BOP_SCRACOU_M.P04940,Cum Out Total Overall,30-Jun-17,947450.5871,Thousand USD,Normal,
Special Convertible Rupee Accounts (SCRA) Daily Position by Country –Monthly Archive,TS_GP_BOP_SCRACOU_M.P04940,Cum Out Total Overall,31-Jul-17,236127.5329,Thousand USD,Normal,
Special Convertible Rupee Accounts (SCRA) Daily Position by Country –Monthly Archive,TS_GP_BOP_SCRACOU_M.P04940,Cum Out Total Overall,31-Aug-17,261425.7158,Thousand USD,Normal,
Special Convertible Rupee Accounts (SCRA) Daily Position by Country –Monthly Archive,TS_GP_BOP_SCRACOU_M.P04940,Cum Out Total Overall,30-Sep-17,162985.7484,Thousand USD,Normal,
Special Convertible Rupee Accounts (SCRA) Daily Position by Country –Monthly Archive,TS_GP_BOP_SCRACOU_M.P04940,Cum Out Total Overall,31-Oct-17,156742.3481,Thousand USD,Normal,
Special Convertible Rupee Accounts (SCRA) Daily Position by Country –Monthly Archive,TS_GP_BOP_SCRACOU_M.P04940,Cum Out Total Overall,30-Nov-17,203093.3956,Thousand USD,Normal,
Special Convertible Rupee Accounts (SCRA) Daily Position by Country –Monthly Archive,TS_GP_BOP_SCRACOU_M.P04940,Cum Out Total Overall,31-Dec-17,209507.1477,Thousand USD,Normal,
Special Convertible Rupee Accounts (SCRA) Daily Position by Country –Monthly Archive,TS_GP_BOP_SCRACOU_M.P04940,Cum Out Total Overall,31-Jan-18,132365.8715,Thousand USD,Normal,
Special Convertible Rupee Accounts (SCRA) Daily Position by Country –Monthly Archive,TS_GP_BOP_SCRACOU_M.P04940,Cum Out Total Overall,28-Feb-18,146496.0398,Thousand USD,Normal,
Special Convertible Rupee Accounts (SCRA) Daily Position by Country –Monthly Archive,TS_GP_BOP_SCRACOU_M.P04940,Cum Out Total Overall,31-Mar-18,155414.0797,Thousand USD,Normal,
Special Convertible Rupee Accounts (SCRA) Daily Position by Country –Monthly Archive,TS_GP_BOP_SCRACOU_M.P04940,Cum Out Total Overall,30-Apr-18,189090.6272,Thousand USD,Normal,
Special Convertible Rupee Accounts (SCRA) Daily Position by Country –Monthly Archive,TS_GP_BOP_SCRACOU_M.P04940,Cum Out Total Overall,31-May-18,180297.2577,Thousand USD,Normal,
Special Convertible Rupee Accounts (SCRA) Daily Position by Country –Monthly Archive,TS_GP_BOP_SCRACOU_M.P04940,Cum Out Total Overall,30-Jun-18,195823.274,Thousand USD,Normal,
Special Convertible Rupee Accounts (SCRA) Daily Position by Country –Monthly Archive,TS_GP_BOP_SCRACOU_M.P04940,Cum Out Total Overall,31-Jul-18,130940.1685,Thousand USD,Normal,
Special Convertible Rupee Accounts (SCRA) Daily Position by Country –Monthly Archive,TS_GP_BOP_SCRACOU_M.P04940,Cum Out Total Overall,31-Aug-18,152850.4593,Thousand USD,Normal,
Special Convertible Rupee Accounts (SCRA) Daily Position by Country –Monthly Archive,TS_GP_BOP_SCRACOU_M.P04940,Cum Out Total Overall,30-Sep-18,133306.8951,Thousand USD,Normal,
Special Convertible Rupee Accounts (SCRA) Daily Position by Country –Monthly Archive,TS_GP_BOP_SCRACOU_M.P04940,Cum Out Total Overall,31-Oct-18,157651.9485,Thousand USD,Normal,
Special Convertible Rupee Accounts (SCRA) Daily Position by Country –Monthly Archive,TS_GP_BOP_SCRACOU_M.P04940,Cum Out Total Overall,30-Nov-18,145713.4977,Thousand USD,Normal,
Special Convertible Rupee Accounts (SCRA) Daily Position by Country –Monthly Archive,TS_GP_BOP_SCRACOU_M.P04940,Cum Out Total Overall,31-Dec-18,202345.0317,Thousand USD,Normal,
Special Convertible Rupee Accounts (SCRA) Daily Position by Country –Monthly Archive,TS_GP_BOP_SCRACOU_M.P04940,Cum Out Total Overall,31-Jan-19,59655.85801,Thousand USD,Normal,
Special Convertible Rupee Accounts (SCRA) Daily Position by Country –Monthly Archive,TS_GP_BOP_SCRACOU_M.P04940,Cum Out Total Overall,28-Feb-19,73171.01081,Thousand USD,Normal,
Special Convertible Rupee Accounts (SCRA) Daily Position by Country –Monthly Archive,TS_GP_BOP_SCRACOU_M.P04940,Cum Out Total Overall,31-Mar-19,82965.04561,Thousand USD,Normal,
Special Convertible Rupee Accounts (SCRA) Daily Position by Country –Monthly Archive,TS_GP_BOP_SCRACOU_M.P04940,Cum Out Total Overall,30-Apr-19,84967.71177,Thousand USD,Normal,
Special Convertible Rupee Accounts (SCRA) Daily Position by Country –Monthly Archive,TS_GP_BOP_SCRACOU_M.P04940,Cum Out Total Overall,31-May-19,94331.3742,Thousand USD,Normal,
Special Convertible Rupee Accounts (SCRA) Daily Position by Country –Monthly Archive,TS_GP_BOP_SCRACOU_M.P04940,Cum Out Total Overall,30-Jun-19,99712.72524,Thousand USD,Normal,
Special Convertible Rupee Accounts (SCRA) Daily Position by Country –Monthly Archive,TS_GP_BOP_SCRACOU_M.P04940,Cum Out Total Overall,31-Jul-19,73792.44648,Thousand USD,Normal,
Special Convertible Rupee Accounts (SCRA) Daily Position by Country –Monthly Archive,TS_GP_BOP_SCRACOU_M.P04940,Cum Out Total Overall,31-Aug-19,58521.12055,Thousand USD,Normal,
Special Convertible Rupee Accounts (SCRA) Daily Position by Country –Monthly Archive,TS_GP_BOP_SCRACOU_M.P04940,Cum Out Total Overall,30-Sep-19,72698.76228,Thousand USD,Normal,
Special Convertible Rupee Accounts (SCRA) Daily Position by Country –Monthly Archive,TS_GP_BOP_SCRACOU_M.P04940,Cum Out Total Overall,31-Oct-19,108814.3351,Thousand USD,Normal,
Special Convertible Rupee Accounts (SCRA) Daily Position by Country –Monthly Archive,TS_GP_BOP_SCRACOU_M.P04940,Cum Out Total Overall,30-Nov-19,87537.16907,Thousand USD,Normal,
Special Convertible Rupee Accounts (SCRA) Daily Position by Country –Monthly Archive,TS_GP_BOP_SCRACOU_M.P04940,Cum Out Total Overall,31-Dec-19,149820.4025,Thousand USD,Normal,
Special Convertible Rupee Accounts (SCRA) Daily Position by Country –Monthly Archive,TS_GP_BOP_SCRACOU_M.P04940,Cum Out Total Overall,31-Jan-20,106384.7119,Thousand USD,Normal,
Special Convertible Rupee Accounts (SCRA) Daily Position by Country –Monthly Archive,TS_GP_BOP_SCRACOU_M.P04940,Cum Out Total Overall,29-Feb-20,350376.1438,Thousand USD,Normal,
Special Convertible Rupee Accounts (SCRA) Daily Position by Country –Monthly Archive,TS_GP_BOP_SCRACOU_M.P04940,Cum Out Total Overall,31-Mar-20,1923759.624,Thousand USD,Normal,
Special Convertible Rupee Accounts (SCRA) Daily Position by Country –Monthly Archive,TS_GP_BOP_SCRACOU_M.P04940,Cum Out Total Overall,30-Apr-20,938510.5241,Thousand USD,Normal,
Special Convertible Rupee Accounts (SCRA) Daily Position by Country –Monthly Archive,TS_GP_BOP_SCRACOU_M.P04940,Cum Out Total Overall,31-May-20,271310.7187,Thousand USD,Normal,
Special Convertible Rupee Accounts (SCRA) Daily Position by Country –Monthly Archive,TS_GP_BOP_SCRACOU_M.P04940,Cum Out Total Overall,30-Jun-20,108741.8931,Thousand USD,Normal,
Special Convertible Rupee Accounts (SCRA) Daily Position by Country –Monthly Archive,TS_GP_BOP_SCRACOU_M.P04940,Cum Out Total Overall,31-Jul-20,175140.0947,Thousand USD,Normal,
Special Convertible Rupee Accounts (SCRA) Daily Position by Country –Monthly Archive,TS_GP_BOP_SCRACOU_M.P04940,Cum Out Total Overall,31-Aug-20,99124.53829,Thousand USD,Normal,
Special Convertible Rupee Accounts (SCRA) Daily Position by Country –Monthly Archive,TS_GP_BOP_SCRACOU_M.P04940,Cum Out Total Overall,30-Sep-20,144498.6984,Thousand USD,Normal,
Special Convertible Rupee Accounts (SCRA) Daily Position by Country –Monthly Archive,TS_GP_BOP_SCRACOU_M.P04940,Cum Out Total Overall,31-Oct-20,357264.324,Thousand USD,Normal,
Special Convertible Rupee Accounts (SCRA) Daily Position by Country –Monthly Archive,TS_GP_BOP_SCRACOU_M.P04940,Cum Out Total Overall,30-Nov-20,120222.2163,Thousand USD,Normal,
Special Convertible Rupee Accounts (SCRA) Daily Position by Country –Monthly Archive,TS_GP_BOP_SCRACOU_M.P04940,Cum Out Total Overall,31-Dec-20,142996.6177,Thousand USD,Normal,
Special Convertible Rupee Accounts (SCRA) Daily Position by Country –Monthly Archive,TS_GP_BOP_SCRACOU_M.P04940,Cum Out Total Overall,31-Jan-21,104547.2951,Thousand USD,Normal,
Special Convertible Rupee Accounts (SCRA) Daily Position by Country –Monthly Archive,TS_GP_BOP_SCRACOU_M.P04940,Cum Out Total Overall,28-Feb-21,162894.7886,Thousand USD,Normal,
Special Convertible Rupee Accounts (SCRA) Daily Position by Country –Monthly Archive,TS_GP_BOP_SCRACOU_M.P04940,Cum Out Total Overall,31-Mar-21,246398.6591,Thousand USD,Normal,
Special Convertible Rupee Accounts (SCRA) Daily Position by Country –Monthly Archive,TS_GP_BOP_SCRACOU_M.P04940,Cum Out Total Overall,30-Apr-21,156364.2989,Thousand USD,Normal,
Special Convertible Rupee Accounts (SCRA) Daily Position by Country –Monthly Archive,TS_GP_BOP_SCRACOU_M.P04940,Cum Out Total Overall,31-May-21,153111.9147,Thousand USD,Normal,
Special Convertible Rupee Accounts (SCRA) Daily Position by Country –Monthly Archive,TS_GP_BOP_SCRACOU_M.P04940,Cum Out Total Overall,30-Jun-21,152880.1066,Thousand USD,Normal,
Special Convertible Rupee Accounts (SCRA) Daily Position by Country –Monthly Archive,TS_GP_BOP_SCRACOU_M.P04940,Cum Out Total Overall,31-Jul-21,130295.9642,Thousand USD,Normal,
Special Convertible Rupee Accounts (SCRA) Daily Position by Country –Monthly Archive,TS_GP_BOP_SCRACOU_M.P04940,Cum Out Total Overall,31-Aug-21,69022.81293,Thousand USD,Normal,
Special Convertible Rupee Accounts (SCRA) Daily Position by Country –Monthly Archive,TS_GP_BOP_SCRACOU_M.P04940,Cum Out Total Overall,30-Sep-21,187995.2425,Thousand USD,Normal,
Special Convertible Rupee Accounts (SCRA) Daily Position by Country –Monthly Archive,TS_GP_BOP_SCRACOU_M.P04940,Cum Out Total Overall,31-Oct-21,215896.7041,Thousand USD,Normal,
Special Convertible Rupee Accounts (SCRA) Daily Position by Country –Monthly Archive,TS_GP_BOP_SCRACOU_M.P04940,Cum Out Total Overall,30-Nov-21,222431.2383,Thousand USD,Normal,
Special Convertible Rupee Accounts (SCRA) Daily Position by Country –Monthly Archive,TS_GP_BOP_SCRACOU_M.P04940,Cum Out Total Overall,31-Dec-21,181484.3215,Thousand USD,Normal,
Special Convertible Rupee Accounts (SCRA) Daily Position by Country –Monthly Archive,TS_GP_BOP_SCRACOU_M.P04940,Cum Out Total Overall,31-Jan-22,28489.38126,Thousand USD,Normal,
Special Convertible Rupee Accounts (SCRA) Daily Position by Country –Monthly Archive,TS_GP_BOP_SCRACOU_M.P04940,Cum Out Total Overall,28-Feb-22,120729.9697,Thousand USD,Normal,
Special Convertible Rupee Accounts (SCRA) Daily Position by Country –Monthly Archive,TS_GP_BOP_SCRACOU_M.P04940,Cum Out Total Overall,31-Mar-22,470746.5991,Thousand USD,Normal,
Special Convertible Rupee Accounts (SCRA) Daily Position by Country –Monthly Archive,TS_GP_BOP_SCRACOU_M.P04940,Cum Out Total Overall,30-Apr-22,106311.9849,Thousand USD,Normal,
Special Convertible Rupee Accounts (SCRA) Daily Position by Country –Monthly Archive,TS_GP_BOP_SCRACOU_M.P04940,Cum Out Total Overall,31-May-22,167480.0368,Thousand USD,Normal,
Special Convertible Rupee Accounts (SCRA) Daily Position by Country –Monthly Archive,TS_GP_BOP_SCRACOU_M.P04940,Cum Out Total Overall,30-Jun-22,99594.40769,Thousand USD,Normal,
Special Convertible Rupee Accounts (SCRA) Daily Position by Country –Monthly Archive,TS_GP_BOP_SCRACOU_M.P04940,Cum Out Total Overall,31-Jul-22,40225.16903,Thousand USD,Normal,
Special Convertible Rupee Accounts (SCRA) Daily Position by Country –Monthly Archive,TS_GP_BOP_SCRACOU_M.P04940,Cum Out Total Overall,31-Aug-22,25742.73,Thousand USD,Normal,
Special Convertible Rupee Accounts (SCRA) Daily Position by Country –Monthly Archive,TS_GP_BOP_SCRACOU_M.P04940,Cum Out Total Overall,30-Sep-22,34138.81,Thousand USD,Normal,
Special Convertible Rupee Accounts (SCRA) Daily Position by Country –Monthly Archive,TS_GP_BOP_SCRACOU_M.P04940,Cum Out Total Overall,31-Oct-22,30490.49,Thousand USD,Normal,
Special Convertible Rupee Accounts (SCRA) Daily Position by Country –Monthly Archive,TS_GP_BOP_SCRACOU_M.P04940,Cum Out Total Overall,30-Nov-22,28644.97039,Thousand USD,Normal,
Special Convertible Rupee Accounts (SCRA) Daily Position by Country –Monthly Archive,TS_GP_BOP_SCRACOU_M.P04940,Cum Out Total Overall,31-Dec-22,28811.65811,Thousand USD,Normal,
Special Convertible Rupee Accounts (SCRA) Daily Position by Country –Monthly Archive,TS_GP_BOP_SCRACOU_M.P04940,Cum Out Total Overall,31-Jan-23,41440,Thousand USD,Normal,
Special Convertible Rupee Accounts (SCRA) Daily Position by Country –Monthly Archive,TS_GP_BOP_SCRACOU_M.P04940,Cum Out Total Overall,28-Feb-23,19613.08811,Thousand USD,Normal,
Special Convertible Rupee Accounts (SCRA) Daily Position by Country –Monthly Archive,TS_GP_BOP_SCRACOU_M.P04940,Cum Out Total Overall,31-Mar-23,34954,Thousand USD,Normal,
Special Convertible Rupee Accounts (SCRA) Daily Position by Country –Monthly Archive,TS_GP_BOP_SCRACOU_M.P04940,Cum Out Total Overall,30-Apr-23,9822,Thousand USD,Normal,
Special Convertible Rupee Accounts (SCRA) Daily Position by Country –Monthly Archive,TS_GP_BOP_SCRACOU_M.P04940,Cum Out Total Overall,31-May-23,47725.99593,Thousand USD,Normal,
