Dataset,Series Key,Series,Observation Date,Observation Value,Unit,Observation Status,Observation Status Comment
Domestic Sale and Export of Cement,TS_GP_RLS_CEMSEC_M.C_002000,Domestic Cement Sales,31-Jul-91,599.2,Thousand Metric Ton,Normal,
Domestic Sale and Export of Cement,TS_GP_RLS_CEMSEC_M.C_002000,Domestic Cement Sales,31-Aug-91,632.4,Thousand Metric Ton,Normal,
Domestic Sale and Export of Cement,TS_GP_RLS_CEMSEC_M.C_002000,Domestic Cement Sales,30-Sep-91,633,Thousand Metric Ton,Normal,
Domestic Sale and Export of Cement,TS_GP_RLS_CEMSEC_M.C_002000,Domestic Cement Sales,31-Oct-91,701.3,Thousand Metric Ton,Normal,
Domestic Sale and Export of Cement,TS_GP_RLS_CEMSEC_M.C_002000,Domestic Cement Sales,30-Nov-91,635.3,Thousand Metric Ton,Normal,
Domestic Sale and Export of Cement,TS_GP_RLS_CEMSEC_M.C_002000,Domestic Cement Sales,31-Dec-91,689.1,Thousand Metric Ton,Normal,
Domestic Sale and Export of Cement,TS_GP_RLS_CEMSEC_M.C_002000,Domestic Cement Sales,31-Jan-92,579.6,Thousand Metric Ton,Normal,
Domestic Sale and Export of Cement,TS_GP_RLS_CEMSEC_M.C_002000,Domestic Cement Sales,29-Feb-92,612.1,Thousand Metric Ton,Normal,
Domestic Sale and Export of Cement,TS_GP_RLS_CEMSEC_M.C_002000,Domestic Cement Sales,31-Mar-92,725.2,Thousand Metric Ton,Normal,
Domestic Sale and Export of Cement,TS_GP_RLS_CEMSEC_M.C_002000,Domestic Cement Sales,30-Apr-92,641.1,Thousand Metric Ton,Normal,
Domestic Sale and Export of Cement,TS_GP_RLS_CEMSEC_M.C_002000,Domestic Cement Sales,31-May-92,693.1,Thousand Metric Ton,Normal,
Domestic Sale and Export of Cement,TS_GP_RLS_CEMSEC_M.C_002000,Domestic Cement Sales,30-Jun-92,592.7,Thousand Metric Ton,Normal,
Domestic Sale and Export of Cement,TS_GP_RLS_CEMSEC_M.C_002000,Domestic Cement Sales,31-Jul-92,600.2,Thousand Metric Ton,Normal,
Domestic Sale and Export of Cement,TS_GP_RLS_CEMSEC_M.C_002000,Domestic Cement Sales,31-Aug-92,574.2,Thousand Metric Ton,Normal,
Domestic Sale and Export of Cement,TS_GP_RLS_CEMSEC_M.C_002000,Domestic Cement Sales,30-Sep-92,569.2,Thousand Metric Ton,Normal,
Domestic Sale and Export of Cement,TS_GP_RLS_CEMSEC_M.C_002000,Domestic Cement Sales,31-Oct-92,673.3,Thousand Metric Ton,Normal,
Domestic Sale and Export of Cement,TS_GP_RLS_CEMSEC_M.C_002000,Domestic Cement Sales,30-Nov-92,622.3,Thousand Metric Ton,Normal,
Domestic Sale and Export of Cement,TS_GP_RLS_CEMSEC_M.C_002000,Domestic Cement Sales,31-Dec-92,621.1,Thousand Metric Ton,Normal,
Domestic Sale and Export of Cement,TS_GP_RLS_CEMSEC_M.C_002000,Domestic Cement Sales,31-Jan-93,684.3,Thousand Metric Ton,Normal,
Domestic Sale and Export of Cement,TS_GP_RLS_CEMSEC_M.C_002000,Domestic Cement Sales,28-Feb-93,619.8,Thousand Metric Ton,Normal,
Domestic Sale and Export of Cement,TS_GP_RLS_CEMSEC_M.C_002000,Domestic Cement Sales,31-Mar-93,621.7,Thousand Metric Ton,Normal,
Domestic Sale and Export of Cement,TS_GP_RLS_CEMSEC_M.C_002000,Domestic Cement Sales,30-Apr-93,642.2,Thousand Metric Ton,Normal,
Domestic Sale and Export of Cement,TS_GP_RLS_CEMSEC_M.C_002000,Domestic Cement Sales,31-May-93,697,Thousand Metric Ton,Normal,
Domestic Sale and Export of Cement,TS_GP_RLS_CEMSEC_M.C_002000,Domestic Cement Sales,30-Jun-93,629.9,Thousand Metric Ton,Normal,
Domestic Sale and Export of Cement,TS_GP_RLS_CEMSEC_M.C_002000,Domestic Cement Sales,31-Jul-93,704.6,Thousand Metric Ton,Normal,
Domestic Sale and Export of Cement,TS_GP_RLS_CEMSEC_M.C_002000,Domestic Cement Sales,31-Aug-93,653.3,Thousand Metric Ton,Normal,
Domestic Sale and Export of Cement,TS_GP_RLS_CEMSEC_M.C_002000,Domestic Cement Sales,30-Sep-93,724.4,Thousand Metric Ton,Normal,
Domestic Sale and Export of Cement,TS_GP_RLS_CEMSEC_M.C_002000,Domestic Cement Sales,31-Oct-93,686.6,Thousand Metric Ton,Normal,
Domestic Sale and Export of Cement,TS_GP_RLS_CEMSEC_M.C_002000,Domestic Cement Sales,30-Nov-93,720,Thousand Metric Ton,Normal,
Domestic Sale and Export of Cement,TS_GP_RLS_CEMSEC_M.C_002000,Domestic Cement Sales,31-Dec-93,708.5,Thousand Metric Ton,Normal,
Domestic Sale and Export of Cement,TS_GP_RLS_CEMSEC_M.C_002000,Domestic Cement Sales,31-Jan-94,679,Thousand Metric Ton,Normal,
Domestic Sale and Export of Cement,TS_GP_RLS_CEMSEC_M.C_002000,Domestic Cement Sales,28-Feb-94,605.3,Thousand Metric Ton,Normal,
Domestic Sale and Export of Cement,TS_GP_RLS_CEMSEC_M.C_002000,Domestic Cement Sales,31-Mar-94,626.4,Thousand Metric Ton,Normal,
Domestic Sale and Export of Cement,TS_GP_RLS_CEMSEC_M.C_002000,Domestic Cement Sales,30-Apr-94,669.2,Thousand Metric Ton,Normal,
Domestic Sale and Export of Cement,TS_GP_RLS_CEMSEC_M.C_002000,Domestic Cement Sales,31-May-94,597.8,Thousand Metric Ton,Normal,
Domestic Sale and Export of Cement,TS_GP_RLS_CEMSEC_M.C_002000,Domestic Cement Sales,30-Jun-94,508.5,Thousand Metric Ton,Normal,
Domestic Sale and Export of Cement,TS_GP_RLS_CEMSEC_M.C_002000,Domestic Cement Sales,31-Jul-94,652.8,Thousand Metric Ton,Normal,
Domestic Sale and Export of Cement,TS_GP_RLS_CEMSEC_M.C_002000,Domestic Cement Sales,31-Aug-94,637.4,Thousand Metric Ton,Normal,
Domestic Sale and Export of Cement,TS_GP_RLS_CEMSEC_M.C_002000,Domestic Cement Sales,30-Sep-94,624.1,Thousand Metric Ton,Normal,
Domestic Sale and Export of Cement,TS_GP_RLS_CEMSEC_M.C_002000,Domestic Cement Sales,31-Oct-94,746.2,Thousand Metric Ton,Normal,
Domestic Sale and Export of Cement,TS_GP_RLS_CEMSEC_M.C_002000,Domestic Cement Sales,30-Nov-94,728.8,Thousand Metric Ton,Normal,
Domestic Sale and Export of Cement,TS_GP_RLS_CEMSEC_M.C_002000,Domestic Cement Sales,31-Dec-94,670,Thousand Metric Ton,Normal,
Domestic Sale and Export of Cement,TS_GP_RLS_CEMSEC_M.C_002000,Domestic Cement Sales,31-Jan-95,659.6,Thousand Metric Ton,Normal,
Domestic Sale and Export of Cement,TS_GP_RLS_CEMSEC_M.C_002000,Domestic Cement Sales,28-Feb-95,650.8,Thousand Metric Ton,Normal,
Domestic Sale and Export of Cement,TS_GP_RLS_CEMSEC_M.C_002000,Domestic Cement Sales,31-Mar-95,621,Thousand Metric Ton,Normal,
Domestic Sale and Export of Cement,TS_GP_RLS_CEMSEC_M.C_002000,Domestic Cement Sales,30-Apr-95,843.8,Thousand Metric Ton,Normal,
Domestic Sale and Export of Cement,TS_GP_RLS_CEMSEC_M.C_002000,Domestic Cement Sales,31-May-95,748.7,Thousand Metric Ton,Normal,
Domestic Sale and Export of Cement,TS_GP_RLS_CEMSEC_M.C_002000,Domestic Cement Sales,30-Jun-95,764.2,Thousand Metric Ton,Normal,
Domestic Sale and Export of Cement,TS_GP_RLS_CEMSEC_M.C_002000,Domestic Cement Sales,31-Jul-95,722.1,Thousand Metric Ton,Normal,
Domestic Sale and Export of Cement,TS_GP_RLS_CEMSEC_M.C_002000,Domestic Cement Sales,31-Aug-95,732.6,Thousand Metric Ton,Normal,
Domestic Sale and Export of Cement,TS_GP_RLS_CEMSEC_M.C_002000,Domestic Cement Sales,30-Sep-95,766.3,Thousand Metric Ton,Normal,
Domestic Sale and Export of Cement,TS_GP_RLS_CEMSEC_M.C_002000,Domestic Cement Sales,31-Oct-95,861,Thousand Metric Ton,Normal,
Domestic Sale and Export of Cement,TS_GP_RLS_CEMSEC_M.C_002000,Domestic Cement Sales,30-Nov-95,839.4,Thousand Metric Ton,Normal,
Domestic Sale and Export of Cement,TS_GP_RLS_CEMSEC_M.C_002000,Domestic Cement Sales,31-Dec-95,782.1,Thousand Metric Ton,Normal,
Domestic Sale and Export of Cement,TS_GP_RLS_CEMSEC_M.C_002000,Domestic Cement Sales,31-Jan-96,761.9,Thousand Metric Ton,Normal,
Domestic Sale and Export of Cement,TS_GP_RLS_CEMSEC_M.C_002000,Domestic Cement Sales,29-Feb-96,647.8,Thousand Metric Ton,Normal,
Domestic Sale and Export of Cement,TS_GP_RLS_CEMSEC_M.C_002000,Domestic Cement Sales,31-Mar-96,883.6,Thousand Metric Ton,Normal,
Domestic Sale and Export of Cement,TS_GP_RLS_CEMSEC_M.C_002000,Domestic Cement Sales,30-Apr-96,844.2,Thousand Metric Ton,Normal,
Domestic Sale and Export of Cement,TS_GP_RLS_CEMSEC_M.C_002000,Domestic Cement Sales,31-May-96,817.9,Thousand Metric Ton,Normal,
Domestic Sale and Export of Cement,TS_GP_RLS_CEMSEC_M.C_002000,Domestic Cement Sales,30-Jun-96,801.5,Thousand Metric Ton,Normal,
Domestic Sale and Export of Cement,TS_GP_RLS_CEMSEC_M.C_002000,Domestic Cement Sales,31-Jul-96,752.8,Thousand Metric Ton,Normal,
Domestic Sale and Export of Cement,TS_GP_RLS_CEMSEC_M.C_002000,Domestic Cement Sales,31-Aug-96,853.3,Thousand Metric Ton,Normal,
Domestic Sale and Export of Cement,TS_GP_RLS_CEMSEC_M.C_002000,Domestic Cement Sales,30-Sep-96,840.6,Thousand Metric Ton,Normal,
Domestic Sale and Export of Cement,TS_GP_RLS_CEMSEC_M.C_002000,Domestic Cement Sales,31-Oct-96,863.9,Thousand Metric Ton,Normal,
Domestic Sale and Export of Cement,TS_GP_RLS_CEMSEC_M.C_002000,Domestic Cement Sales,30-Nov-96,820.3,Thousand Metric Ton,Normal,
Domestic Sale and Export of Cement,TS_GP_RLS_CEMSEC_M.C_002000,Domestic Cement Sales,31-Dec-96,769.9,Thousand Metric Ton,Normal,
Domestic Sale and Export of Cement,TS_GP_RLS_CEMSEC_M.C_002000,Domestic Cement Sales,31-Jan-97,722.3,Thousand Metric Ton,Normal,
Domestic Sale and Export of Cement,TS_GP_RLS_CEMSEC_M.C_002000,Domestic Cement Sales,28-Feb-97,602.6,Thousand Metric Ton,Normal,
Domestic Sale and Export of Cement,TS_GP_RLS_CEMSEC_M.C_002000,Domestic Cement Sales,31-Mar-97,878.4,Thousand Metric Ton,Normal,
Domestic Sale and Export of Cement,TS_GP_RLS_CEMSEC_M.C_002000,Domestic Cement Sales,30-Apr-97,819.4,Thousand Metric Ton,Normal,
Domestic Sale and Export of Cement,TS_GP_RLS_CEMSEC_M.C_002000,Domestic Cement Sales,31-May-97,805.2,Thousand Metric Ton,Normal,
Domestic Sale and Export of Cement,TS_GP_RLS_CEMSEC_M.C_002000,Domestic Cement Sales,30-Jun-97,816.1,Thousand Metric Ton,Normal,
Domestic Sale and Export of Cement,TS_GP_RLS_CEMSEC_M.C_002000,Domestic Cement Sales,31-Jul-97,820.9,Thousand Metric Ton,Normal,
Domestic Sale and Export of Cement,TS_GP_RLS_CEMSEC_M.C_002000,Domestic Cement Sales,31-Aug-97,721,Thousand Metric Ton,Normal,
Domestic Sale and Export of Cement,TS_GP_RLS_CEMSEC_M.C_002000,Domestic Cement Sales,30-Sep-97,859.6,Thousand Metric Ton,Normal,
Domestic Sale and Export of Cement,TS_GP_RLS_CEMSEC_M.C_002000,Domestic Cement Sales,31-Oct-97,874.6,Thousand Metric Ton,Normal,
Domestic Sale and Export of Cement,TS_GP_RLS_CEMSEC_M.C_002000,Domestic Cement Sales,30-Nov-97,765.6,Thousand Metric Ton,Normal,
Domestic Sale and Export of Cement,TS_GP_RLS_CEMSEC_M.C_002000,Domestic Cement Sales,31-Dec-97,833.6,Thousand Metric Ton,Normal,
Domestic Sale and Export of Cement,TS_GP_RLS_CEMSEC_M.C_002000,Domestic Cement Sales,31-Jan-98,598.1,Thousand Metric Ton,Normal,
Domestic Sale and Export of Cement,TS_GP_RLS_CEMSEC_M.C_002000,Domestic Cement Sales,28-Feb-98,593.9,Thousand Metric Ton,Normal,
Domestic Sale and Export of Cement,TS_GP_RLS_CEMSEC_M.C_002000,Domestic Cement Sales,31-Mar-98,792.4,Thousand Metric Ton,Normal,
Domestic Sale and Export of Cement,TS_GP_RLS_CEMSEC_M.C_002000,Domestic Cement Sales,30-Apr-98,721,Thousand Metric Ton,Normal,
Domestic Sale and Export of Cement,TS_GP_RLS_CEMSEC_M.C_002000,Domestic Cement Sales,31-May-98,700,Thousand Metric Ton,Normal,
Domestic Sale and Export of Cement,TS_GP_RLS_CEMSEC_M.C_002000,Domestic Cement Sales,30-Jun-98,826.1,Thousand Metric Ton,Normal,
Domestic Sale and Export of Cement,TS_GP_RLS_CEMSEC_M.C_002000,Domestic Cement Sales,31-Jul-98,1050.3,Thousand Metric Ton,Normal,
Domestic Sale and Export of Cement,TS_GP_RLS_CEMSEC_M.C_002000,Domestic Cement Sales,31-Aug-98,1007.9,Thousand Metric Ton,Normal,
Domestic Sale and Export of Cement,TS_GP_RLS_CEMSEC_M.C_002000,Domestic Cement Sales,30-Sep-98,791.2,Thousand Metric Ton,Normal,
Domestic Sale and Export of Cement,TS_GP_RLS_CEMSEC_M.C_002000,Domestic Cement Sales,31-Oct-98,727.1,Thousand Metric Ton,Normal,
Domestic Sale and Export of Cement,TS_GP_RLS_CEMSEC_M.C_002000,Domestic Cement Sales,30-Nov-98,774.5,Thousand Metric Ton,Normal,
Domestic Sale and Export of Cement,TS_GP_RLS_CEMSEC_M.C_002000,Domestic Cement Sales,31-Dec-98,741.4,Thousand Metric Ton,Normal,
Domestic Sale and Export of Cement,TS_GP_RLS_CEMSEC_M.C_002000,Domestic Cement Sales,31-Jan-99,542,Thousand Metric Ton,Normal,
Domestic Sale and Export of Cement,TS_GP_RLS_CEMSEC_M.C_002000,Domestic Cement Sales,28-Feb-99,617.4,Thousand Metric Ton,Normal,
Domestic Sale and Export of Cement,TS_GP_RLS_CEMSEC_M.C_002000,Domestic Cement Sales,31-Mar-99,764.9,Thousand Metric Ton,Normal,
Domestic Sale and Export of Cement,TS_GP_RLS_CEMSEC_M.C_002000,Domestic Cement Sales,30-Apr-99,788.1,Thousand Metric Ton,Normal,
Domestic Sale and Export of Cement,TS_GP_RLS_CEMSEC_M.C_002000,Domestic Cement Sales,31-May-99,898.7,Thousand Metric Ton,Normal,
Domestic Sale and Export of Cement,TS_GP_RLS_CEMSEC_M.C_002000,Domestic Cement Sales,30-Jun-99,886.4,Thousand Metric Ton,Normal,
Domestic Sale and Export of Cement,TS_GP_RLS_CEMSEC_M.C_002000,Domestic Cement Sales,31-Jul-99,826.9,Thousand Metric Ton,Normal,
Domestic Sale and Export of Cement,TS_GP_RLS_CEMSEC_M.C_002000,Domestic Cement Sales,31-Aug-99,854.6,Thousand Metric Ton,Normal,
Domestic Sale and Export of Cement,TS_GP_RLS_CEMSEC_M.C_002000,Domestic Cement Sales,30-Sep-99,896.6,Thousand Metric Ton,Normal,
Domestic Sale and Export of Cement,TS_GP_RLS_CEMSEC_M.C_002000,Domestic Cement Sales,31-Oct-99,868.9,Thousand Metric Ton,Normal,
Domestic Sale and Export of Cement,TS_GP_RLS_CEMSEC_M.C_002000,Domestic Cement Sales,30-Nov-99,821,Thousand Metric Ton,Normal,
Domestic Sale and Export of Cement,TS_GP_RLS_CEMSEC_M.C_002000,Domestic Cement Sales,31-Dec-99,819.5,Thousand Metric Ton,Normal,
Domestic Sale and Export of Cement,TS_GP_RLS_CEMSEC_M.C_002000,Domestic Cement Sales,31-Jan-00,596.3,Thousand Metric Ton,Normal,
Domestic Sale and Export of Cement,TS_GP_RLS_CEMSEC_M.C_002000,Domestic Cement Sales,29-Feb-00,848.8,Thousand Metric Ton,Normal,
Domestic Sale and Export of Cement,TS_GP_RLS_CEMSEC_M.C_002000,Domestic Cement Sales,31-Mar-00,855,Thousand Metric Ton,Normal,
Domestic Sale and Export of Cement,TS_GP_RLS_CEMSEC_M.C_002000,Domestic Cement Sales,30-Apr-00,811.6,Thousand Metric Ton,Normal,
Domestic Sale and Export of Cement,TS_GP_RLS_CEMSEC_M.C_002000,Domestic Cement Sales,31-May-00,822.4,Thousand Metric Ton,Normal,
Domestic Sale and Export of Cement,TS_GP_RLS_CEMSEC_M.C_002000,Domestic Cement Sales,30-Jun-00,890.5,Thousand Metric Ton,Normal,
Domestic Sale and Export of Cement,TS_GP_RLS_CEMSEC_M.C_002000,Domestic Cement Sales,31-Jul-00,790.7,Thousand Metric Ton,Normal,
Domestic Sale and Export of Cement,TS_GP_RLS_CEMSEC_M.C_002000,Domestic Cement Sales,31-Aug-00,860.6,Thousand Metric Ton,Normal,
Domestic Sale and Export of Cement,TS_GP_RLS_CEMSEC_M.C_002000,Domestic Cement Sales,30-Sep-00,851.1,Thousand Metric Ton,Normal,
Domestic Sale and Export of Cement,TS_GP_RLS_CEMSEC_M.C_002000,Domestic Cement Sales,31-Oct-00,934.7,Thousand Metric Ton,Normal,
Domestic Sale and Export of Cement,TS_GP_RLS_CEMSEC_M.C_002000,Domestic Cement Sales,30-Nov-00,968.9,Thousand Metric Ton,Normal,
Domestic Sale and Export of Cement,TS_GP_RLS_CEMSEC_M.C_002000,Domestic Cement Sales,31-Dec-00,651.5,Thousand Metric Ton,Normal,
Domestic Sale and Export of Cement,TS_GP_RLS_CEMSEC_M.C_002000,Domestic Cement Sales,31-Jan-01,891.7,Thousand Metric Ton,Normal,
Domestic Sale and Export of Cement,TS_GP_RLS_CEMSEC_M.C_002000,Domestic Cement Sales,28-Feb-01,875,Thousand Metric Ton,Normal,
Domestic Sale and Export of Cement,TS_GP_RLS_CEMSEC_M.C_002000,Domestic Cement Sales,31-Mar-01,602.5,Thousand Metric Ton,Normal,
Domestic Sale and Export of Cement,TS_GP_RLS_CEMSEC_M.C_002000,Domestic Cement Sales,30-Apr-01,833.7,Thousand Metric Ton,Normal,
Domestic Sale and Export of Cement,TS_GP_RLS_CEMSEC_M.C_002000,Domestic Cement Sales,31-May-01,832.1,Thousand Metric Ton,Normal,
Domestic Sale and Export of Cement,TS_GP_RLS_CEMSEC_M.C_002000,Domestic Cement Sales,30-Jun-01,819.7,Thousand Metric Ton,Normal,
Domestic Sale and Export of Cement,TS_GP_RLS_CEMSEC_M.C_002000,Domestic Cement Sales,31-Jul-01,761.1,Thousand Metric Ton,Normal,
Domestic Sale and Export of Cement,TS_GP_RLS_CEMSEC_M.C_002000,Domestic Cement Sales,31-Aug-01,787.7,Thousand Metric Ton,Normal,
Domestic Sale and Export of Cement,TS_GP_RLS_CEMSEC_M.C_002000,Domestic Cement Sales,30-Sep-01,848.6,Thousand Metric Ton,Normal,
Domestic Sale and Export of Cement,TS_GP_RLS_CEMSEC_M.C_002000,Domestic Cement Sales,31-Oct-01,873.6,Thousand Metric Ton,Normal,
Domestic Sale and Export of Cement,TS_GP_RLS_CEMSEC_M.C_002000,Domestic Cement Sales,30-Nov-01,764.1,Thousand Metric Ton,Normal,
Domestic Sale and Export of Cement,TS_GP_RLS_CEMSEC_M.C_002000,Domestic Cement Sales,31-Dec-01,650.4,Thousand Metric Ton,Normal,
Domestic Sale and Export of Cement,TS_GP_RLS_CEMSEC_M.C_002000,Domestic Cement Sales,31-Jan-02,748.5,Thousand Metric Ton,Normal,
Domestic Sale and Export of Cement,TS_GP_RLS_CEMSEC_M.C_002000,Domestic Cement Sales,28-Feb-02,695.8,Thousand Metric Ton,Normal,
Domestic Sale and Export of Cement,TS_GP_RLS_CEMSEC_M.C_002000,Domestic Cement Sales,31-Mar-02,895.1,Thousand Metric Ton,Normal,
Domestic Sale and Export of Cement,TS_GP_RLS_CEMSEC_M.C_002000,Domestic Cement Sales,30-Apr-02,959.1,Thousand Metric Ton,Normal,
Domestic Sale and Export of Cement,TS_GP_RLS_CEMSEC_M.C_002000,Domestic Cement Sales,31-May-02,900.3,Thousand Metric Ton,Normal,
Domestic Sale and Export of Cement,TS_GP_RLS_CEMSEC_M.C_002000,Domestic Cement Sales,30-Jun-02,948.6,Thousand Metric Ton,Normal,
Domestic Sale and Export of Cement,TS_GP_RLS_CEMSEC_M.C_002000,Domestic Cement Sales,31-Jul-02,927.9,Thousand Metric Ton,Normal,
Domestic Sale and Export of Cement,TS_GP_RLS_CEMSEC_M.C_002000,Domestic Cement Sales,31-Aug-02,864.5,Thousand Metric Ton,Normal,
Domestic Sale and Export of Cement,TS_GP_RLS_CEMSEC_M.C_002000,Domestic Cement Sales,30-Sep-02,867.8,Thousand Metric Ton,Normal,
Domestic Sale and Export of Cement,TS_GP_RLS_CEMSEC_M.C_002000,Domestic Cement Sales,31-Oct-02,907.4,Thousand Metric Ton,Normal,
Domestic Sale and Export of Cement,TS_GP_RLS_CEMSEC_M.C_002000,Domestic Cement Sales,30-Nov-02,923,Thousand Metric Ton,Normal,
Domestic Sale and Export of Cement,TS_GP_RLS_CEMSEC_M.C_002000,Domestic Cement Sales,31-Dec-02,871.5,Thousand Metric Ton,Normal,
Domestic Sale and Export of Cement,TS_GP_RLS_CEMSEC_M.C_002000,Domestic Cement Sales,31-Jan-03,1057.9,Thousand Metric Ton,Normal,
Domestic Sale and Export of Cement,TS_GP_RLS_CEMSEC_M.C_002000,Domestic Cement Sales,28-Feb-03,723.4,Thousand Metric Ton,Normal,
Domestic Sale and Export of Cement,TS_GP_RLS_CEMSEC_M.C_002000,Domestic Cement Sales,31-Mar-03,1155.8,Thousand Metric Ton,Normal,
Domestic Sale and Export of Cement,TS_GP_RLS_CEMSEC_M.C_002000,Domestic Cement Sales,30-Apr-03,917.6,Thousand Metric Ton,Normal,
Domestic Sale and Export of Cement,TS_GP_RLS_CEMSEC_M.C_002000,Domestic Cement Sales,31-May-03,819.9,Thousand Metric Ton,Normal,
Domestic Sale and Export of Cement,TS_GP_RLS_CEMSEC_M.C_002000,Domestic Cement Sales,30-Jun-03,921.8,Thousand Metric Ton,Normal,
Domestic Sale and Export of Cement,TS_GP_RLS_CEMSEC_M.C_002000,Domestic Cement Sales,31-Jul-03,964.1,Thousand Metric Ton,Normal,
Domestic Sale and Export of Cement,TS_GP_RLS_CEMSEC_M.C_002000,Domestic Cement Sales,31-Aug-03,951.4,Thousand Metric Ton,Normal,
Domestic Sale and Export of Cement,TS_GP_RLS_CEMSEC_M.C_002000,Domestic Cement Sales,30-Sep-03,1032.4,Thousand Metric Ton,Normal,
Domestic Sale and Export of Cement,TS_GP_RLS_CEMSEC_M.C_002000,Domestic Cement Sales,31-Oct-03,1096.6,Thousand Metric Ton,Normal,
Domestic Sale and Export of Cement,TS_GP_RLS_CEMSEC_M.C_002000,Domestic Cement Sales,30-Nov-03,802.6,Thousand Metric Ton,Normal,
Domestic Sale and Export of Cement,TS_GP_RLS_CEMSEC_M.C_002000,Domestic Cement Sales,31-Dec-03,955.7,Thousand Metric Ton,Normal,
Domestic Sale and Export of Cement,TS_GP_RLS_CEMSEC_M.C_002000,Domestic Cement Sales,31-Jan-04,1088.5,Thousand Metric Ton,Normal,
Domestic Sale and Export of Cement,TS_GP_RLS_CEMSEC_M.C_002000,Domestic Cement Sales,29-Feb-04,884.2,Thousand Metric Ton,Normal,
Domestic Sale and Export of Cement,TS_GP_RLS_CEMSEC_M.C_002000,Domestic Cement Sales,31-Mar-04,1234.1,Thousand Metric Ton,Normal,
Domestic Sale and Export of Cement,TS_GP_RLS_CEMSEC_M.C_002000,Domestic Cement Sales,30-Apr-04,1154.8,Thousand Metric Ton,Normal,
Domestic Sale and Export of Cement,TS_GP_RLS_CEMSEC_M.C_002000,Domestic Cement Sales,31-May-04,1136.6,Thousand Metric Ton,Normal,
Domestic Sale and Export of Cement,TS_GP_RLS_CEMSEC_M.C_002000,Domestic Cement Sales,30-Jun-04,1243.7,Thousand Metric Ton,Normal,
Domestic Sale and Export of Cement,TS_GP_RLS_CEMSEC_M.C_002000,Domestic Cement Sales,31-Jul-04,1245,Thousand Metric Ton,Normal,
Domestic Sale and Export of Cement,TS_GP_RLS_CEMSEC_M.C_002000,Domestic Cement Sales,31-Aug-04,1148.7,Thousand Metric Ton,Normal,
Domestic Sale and Export of Cement,TS_GP_RLS_CEMSEC_M.C_002000,Domestic Cement Sales,30-Sep-04,1254.1,Thousand Metric Ton,Normal,
Domestic Sale and Export of Cement,TS_GP_RLS_CEMSEC_M.C_002000,Domestic Cement Sales,31-Oct-04,1197.4,Thousand Metric Ton,Normal,
Domestic Sale and Export of Cement,TS_GP_RLS_CEMSEC_M.C_002000,Domestic Cement Sales,30-Nov-04,1017.9,Thousand Metric Ton,Normal,
Domestic Sale and Export of Cement,TS_GP_RLS_CEMSEC_M.C_002000,Domestic Cement Sales,31-Dec-04,1171.7,Thousand Metric Ton,Normal,
Domestic Sale and Export of Cement,TS_GP_RLS_CEMSEC_M.C_002000,Domestic Cement Sales,31-Jan-05,1171.7,Thousand Metric Ton,Normal,
Domestic Sale and Export of Cement,TS_GP_RLS_CEMSEC_M.C_002000,Domestic Cement Sales,28-Feb-05,990.2,Thousand Metric Ton,Normal,
Domestic Sale and Export of Cement,TS_GP_RLS_CEMSEC_M.C_002000,Domestic Cement Sales,31-Mar-05,1444.2,Thousand Metric Ton,Normal,
Domestic Sale and Export of Cement,TS_GP_RLS_CEMSEC_M.C_002000,Domestic Cement Sales,30-Apr-05,1463.8,Thousand Metric Ton,Normal,
Domestic Sale and Export of Cement,TS_GP_RLS_CEMSEC_M.C_002000,Domestic Cement Sales,31-May-05,1301.2,Thousand Metric Ton,Normal,
Domestic Sale and Export of Cement,TS_GP_RLS_CEMSEC_M.C_002000,Domestic Cement Sales,30-Jun-05,1383,Thousand Metric Ton,Normal,
Domestic Sale and Export of Cement,TS_GP_RLS_CEMSEC_M.C_002000,Domestic Cement Sales,31-Jul-05,1298.9,Thousand Metric Ton,Normal,
Domestic Sale and Export of Cement,TS_GP_RLS_CEMSEC_M.C_002000,Domestic Cement Sales,31-Aug-05,1350.8,Thousand Metric Ton,Normal,
Domestic Sale and Export of Cement,TS_GP_RLS_CEMSEC_M.C_002000,Domestic Cement Sales,30-Sep-05,1393.9,Thousand Metric Ton,Normal,
Domestic Sale and Export of Cement,TS_GP_RLS_CEMSEC_M.C_002000,Domestic Cement Sales,31-Oct-05,1435.2,Thousand Metric Ton,Normal,
Domestic Sale and Export of Cement,TS_GP_RLS_CEMSEC_M.C_002000,Domestic Cement Sales,30-Nov-05,1097.3,Thousand Metric Ton,Normal,
Domestic Sale and Export of Cement,TS_GP_RLS_CEMSEC_M.C_002000,Domestic Cement Sales,31-Dec-05,1404.9,Thousand Metric Ton,Normal,
Domestic Sale and Export of Cement,TS_GP_RLS_CEMSEC_M.C_002000,Domestic Cement Sales,31-Jan-06,1141.4,Thousand Metric Ton,Normal,
Domestic Sale and Export of Cement,TS_GP_RLS_CEMSEC_M.C_002000,Domestic Cement Sales,28-Feb-06,1427.2,Thousand Metric Ton,Normal,
Domestic Sale and Export of Cement,TS_GP_RLS_CEMSEC_M.C_002000,Domestic Cement Sales,31-Mar-06,1643.2,Thousand Metric Ton,Normal,
Domestic Sale and Export of Cement,TS_GP_RLS_CEMSEC_M.C_002000,Domestic Cement Sales,30-Apr-06,1445.1,Thousand Metric Ton,Normal,
Domestic Sale and Export of Cement,TS_GP_RLS_CEMSEC_M.C_002000,Domestic Cement Sales,31-May-06,1546.5,Thousand Metric Ton,Normal,
Domestic Sale and Export of Cement,TS_GP_RLS_CEMSEC_M.C_002000,Domestic Cement Sales,30-Jun-06,1722.7,Thousand Metric Ton,Normal,
Domestic Sale and Export of Cement,TS_GP_RLS_CEMSEC_M.C_002000,Domestic Cement Sales,31-Jul-06,1502.6,Thousand Metric Ton,Normal,
Domestic Sale and Export of Cement,TS_GP_RLS_CEMSEC_M.C_002000,Domestic Cement Sales,31-Aug-06,1562,Thousand Metric Ton,Normal,
Domestic Sale and Export of Cement,TS_GP_RLS_CEMSEC_M.C_002000,Domestic Cement Sales,30-Sep-06,1691.9,Thousand Metric Ton,Normal,
Domestic Sale and Export of Cement,TS_GP_RLS_CEMSEC_M.C_002000,Domestic Cement Sales,31-Oct-06,1514.3,Thousand Metric Ton,Normal,
Domestic Sale and Export of Cement,TS_GP_RLS_CEMSEC_M.C_002000,Domestic Cement Sales,30-Nov-06,1837.3,Thousand Metric Ton,Normal,
Domestic Sale and Export of Cement,TS_GP_RLS_CEMSEC_M.C_002000,Domestic Cement Sales,31-Dec-06,1871.1,Thousand Metric Ton,Normal,
Domestic Sale and Export of Cement,TS_GP_RLS_CEMSEC_M.C_002000,Domestic Cement Sales,31-Jan-07,1853.5,Thousand Metric Ton,Normal,
Domestic Sale and Export of Cement,TS_GP_RLS_CEMSEC_M.C_002000,Domestic Cement Sales,28-Feb-07,1637,Thousand Metric Ton,Normal,
Domestic Sale and Export of Cement,TS_GP_RLS_CEMSEC_M.C_002000,Domestic Cement Sales,31-Mar-07,1910.7,Thousand Metric Ton,Normal,
Domestic Sale and Export of Cement,TS_GP_RLS_CEMSEC_M.C_002000,Domestic Cement Sales,30-Apr-07,1880.1,Thousand Metric Ton,Normal,
Domestic Sale and Export of Cement,TS_GP_RLS_CEMSEC_M.C_002000,Domestic Cement Sales,31-May-07,1940.6,Thousand Metric Ton,Normal,
Domestic Sale and Export of Cement,TS_GP_RLS_CEMSEC_M.C_002000,Domestic Cement Sales,30-Jun-07,1833.3,Thousand Metric Ton,Normal,
Domestic Sale and Export of Cement,TS_GP_RLS_CEMSEC_M.C_002000,Domestic Cement Sales,31-Jul-07,1947.1,Thousand Metric Ton,Normal,
Domestic Sale and Export of Cement,TS_GP_RLS_CEMSEC_M.C_002000,Domestic Cement Sales,31-Aug-07,1963.1,Thousand Metric Ton,Normal,
Domestic Sale and Export of Cement,TS_GP_RLS_CEMSEC_M.C_002000,Domestic Cement Sales,30-Sep-07,1805.1,Thousand Metric Ton,Normal,
Domestic Sale and Export of Cement,TS_GP_RLS_CEMSEC_M.C_002000,Domestic Cement Sales,31-Oct-07,1741.1,Thousand Metric Ton,Normal,
Domestic Sale and Export of Cement,TS_GP_RLS_CEMSEC_M.C_002000,Domestic Cement Sales,30-Nov-07,1989.7,Thousand Metric Ton,Normal,
Domestic Sale and Export of Cement,TS_GP_RLS_CEMSEC_M.C_002000,Domestic Cement Sales,31-Dec-07,1493.7,Thousand Metric Ton,Normal,
Domestic Sale and Export of Cement,TS_GP_RLS_CEMSEC_M.C_002000,Domestic Cement Sales,31-Jan-08,1650.7,Thousand Metric Ton,Normal,
Domestic Sale and Export of Cement,TS_GP_RLS_CEMSEC_M.C_002000,Domestic Cement Sales,29-Feb-08,1846.5,Thousand Metric Ton,Normal,
Domestic Sale and Export of Cement,TS_GP_RLS_CEMSEC_M.C_002000,Domestic Cement Sales,31-Mar-08,2295.5,Thousand Metric Ton,Normal,
Domestic Sale and Export of Cement,TS_GP_RLS_CEMSEC_M.C_002000,Domestic Cement Sales,30-Apr-08,1989.3,Thousand Metric Ton,Normal,
Domestic Sale and Export of Cement,TS_GP_RLS_CEMSEC_M.C_002000,Domestic Cement Sales,31-May-08,1922.4,Thousand Metric Ton,Normal,
Domestic Sale and Export of Cement,TS_GP_RLS_CEMSEC_M.C_002000,Domestic Cement Sales,30-Jun-08,1932.6,Thousand Metric Ton,Normal,
Domestic Sale and Export of Cement,TS_GP_RLS_CEMSEC_M.C_002000,Domestic Cement Sales,31-Jul-08,1794.9,Thousand Metric Ton,Normal,
Domestic Sale and Export of Cement,TS_GP_RLS_CEMSEC_M.C_002000,Domestic Cement Sales,31-Aug-08,1550.1,Thousand Metric Ton,Normal,
Domestic Sale and Export of Cement,TS_GP_RLS_CEMSEC_M.C_002000,Domestic Cement Sales,30-Sep-08,1540.6,Thousand Metric Ton,Normal,
Domestic Sale and Export of Cement,TS_GP_RLS_CEMSEC_M.C_002000,Domestic Cement Sales,31-Oct-08,1521.3,Thousand Metric Ton,Normal,
Domestic Sale and Export of Cement,TS_GP_RLS_CEMSEC_M.C_002000,Domestic Cement Sales,30-Nov-08,1683.4,Thousand Metric Ton,Normal,
Domestic Sale and Export of Cement,TS_GP_RLS_CEMSEC_M.C_002000,Domestic Cement Sales,31-Dec-08,1366.4,Thousand Metric Ton,Normal,
Domestic Sale and Export of Cement,TS_GP_RLS_CEMSEC_M.C_002000,Domestic Cement Sales,31-Jan-09,1685.7,Thousand Metric Ton,Normal,
Domestic Sale and Export of Cement,TS_GP_RLS_CEMSEC_M.C_002000,Domestic Cement Sales,28-Feb-09,1728.3,Thousand Metric Ton,Normal,
Domestic Sale and Export of Cement,TS_GP_RLS_CEMSEC_M.C_002000,Domestic Cement Sales,31-Mar-09,2021.7,Thousand Metric Ton,Normal,
Domestic Sale and Export of Cement,TS_GP_RLS_CEMSEC_M.C_002000,Domestic Cement Sales,30-Apr-09,1840.8,Thousand Metric Ton,Normal,
Domestic Sale and Export of Cement,TS_GP_RLS_CEMSEC_M.C_002000,Domestic Cement Sales,31-May-09,1813.3,Thousand Metric Ton,Normal,
Domestic Sale and Export of Cement,TS_GP_RLS_CEMSEC_M.C_002000,Domestic Cement Sales,30-Jun-09,1986.9,Thousand Metric Ton,Normal,
Domestic Sale and Export of Cement,TS_GP_RLS_CEMSEC_M.C_002000,Domestic Cement Sales,31-Jul-09,1755.7,Thousand Metric Ton,Normal,
Domestic Sale and Export of Cement,TS_GP_RLS_CEMSEC_M.C_002000,Domestic Cement Sales,31-Aug-09,1998.8,Thousand Metric Ton,Normal,
Domestic Sale and Export of Cement,TS_GP_RLS_CEMSEC_M.C_002000,Domestic Cement Sales,30-Sep-09,1741.4,Thousand Metric Ton,Normal,
Domestic Sale and Export of Cement,TS_GP_RLS_CEMSEC_M.C_002000,Domestic Cement Sales,31-Oct-09,1919.1,Thousand Metric Ton,Normal,
Domestic Sale and Export of Cement,TS_GP_RLS_CEMSEC_M.C_002000,Domestic Cement Sales,30-Nov-09,1711.4,Thousand Metric Ton,Normal,
Domestic Sale and Export of Cement,TS_GP_RLS_CEMSEC_M.C_002000,Domestic Cement Sales,31-Dec-09,1883.6,Thousand Metric Ton,Normal,
Domestic Sale and Export of Cement,TS_GP_RLS_CEMSEC_M.C_002000,Domestic Cement Sales,31-Jan-10,2274.2,Thousand Metric Ton,Normal,
Domestic Sale and Export of Cement,TS_GP_RLS_CEMSEC_M.C_002000,Domestic Cement Sales,28-Feb-10,1777.6,Thousand Metric Ton,Normal,
Domestic Sale and Export of Cement,TS_GP_RLS_CEMSEC_M.C_002000,Domestic Cement Sales,31-Mar-10,2309.9,Thousand Metric Ton,Normal,
Domestic Sale and Export of Cement,TS_GP_RLS_CEMSEC_M.C_002000,Domestic Cement Sales,30-Apr-10,1992.1,Thousand Metric Ton,Normal,
Domestic Sale and Export of Cement,TS_GP_RLS_CEMSEC_M.C_002000,Domestic Cement Sales,31-May-10,2083.8,Thousand Metric Ton,Normal,
Domestic Sale and Export of Cement,TS_GP_RLS_CEMSEC_M.C_002000,Domestic Cement Sales,30-Jun-10,2090.2,Thousand Metric Ton,Normal,
Domestic Sale and Export of Cement,TS_GP_RLS_CEMSEC_M.C_002000,Domestic Cement Sales,31-Jul-10,1749.8,Thousand Metric Ton,Normal,
Domestic Sale and Export of Cement,TS_GP_RLS_CEMSEC_M.C_002000,Domestic Cement Sales,31-Aug-10,1489.2,Thousand Metric Ton,Normal,
Domestic Sale and Export of Cement,TS_GP_RLS_CEMSEC_M.C_002000,Domestic Cement Sales,30-Sep-10,1378.5,Thousand Metric Ton,Normal,
Domestic Sale and Export of Cement,TS_GP_RLS_CEMSEC_M.C_002000,Domestic Cement Sales,31-Oct-10,1974.4,Thousand Metric Ton,Normal,
Domestic Sale and Export of Cement,TS_GP_RLS_CEMSEC_M.C_002000,Domestic Cement Sales,30-Nov-10,1731.3,Thousand Metric Ton,Normal,
Domestic Sale and Export of Cement,TS_GP_RLS_CEMSEC_M.C_002000,Domestic Cement Sales,31-Dec-10,1785,Thousand Metric Ton,Normal,
Domestic Sale and Export of Cement,TS_GP_RLS_CEMSEC_M.C_002000,Domestic Cement Sales,31-Jan-11,1907.4,Thousand Metric Ton,Normal,
Domestic Sale and Export of Cement,TS_GP_RLS_CEMSEC_M.C_002000,Domestic Cement Sales,28-Feb-11,1778,Thousand Metric Ton,Normal,
Domestic Sale and Export of Cement,TS_GP_RLS_CEMSEC_M.C_002000,Domestic Cement Sales,31-Mar-11,2223.1,Thousand Metric Ton,Normal,
Domestic Sale and Export of Cement,TS_GP_RLS_CEMSEC_M.C_002000,Domestic Cement Sales,30-Apr-11,2047.4,Thousand Metric Ton,Normal,
Domestic Sale and Export of Cement,TS_GP_RLS_CEMSEC_M.C_002000,Domestic Cement Sales,31-May-11,1879.3,Thousand Metric Ton,Normal,
Domestic Sale and Export of Cement,TS_GP_RLS_CEMSEC_M.C_002000,Domestic Cement Sales,30-Jun-11,2031.2,Thousand Metric Ton,Normal,
Domestic Sale and Export of Cement,TS_GP_RLS_CEMSEC_M.C_002000,Domestic Cement Sales,31-Jul-11,2024.4,Thousand Metric Ton,Normal,
Domestic Sale and Export of Cement,TS_GP_RLS_CEMSEC_M.C_002000,Domestic Cement Sales,31-Aug-11,1639.1,Thousand Metric Ton,Normal,
Domestic Sale and Export of Cement,TS_GP_RLS_CEMSEC_M.C_002000,Domestic Cement Sales,30-Sep-11,1497.3,Thousand Metric Ton,Normal,
Domestic Sale and Export of Cement,TS_GP_RLS_CEMSEC_M.C_002000,Domestic Cement Sales,31-Oct-11,2082.4,Thousand Metric Ton,Normal,
Domestic Sale and Export of Cement,TS_GP_RLS_CEMSEC_M.C_002000,Domestic Cement Sales,30-Nov-11,1638.6,Thousand Metric Ton,Normal,
Domestic Sale and Export of Cement,TS_GP_RLS_CEMSEC_M.C_002000,Domestic Cement Sales,31-Dec-11,2016.7,Thousand Metric Ton,Normal,
Domestic Sale and Export of Cement,TS_GP_RLS_CEMSEC_M.C_002000,Domestic Cement Sales,31-Jan-12,1938.9,Thousand Metric Ton,Normal,
Domestic Sale and Export of Cement,TS_GP_RLS_CEMSEC_M.C_002000,Domestic Cement Sales,29-Feb-12,1934,Thousand Metric Ton,Normal,
Domestic Sale and Export of Cement,TS_GP_RLS_CEMSEC_M.C_002000,Domestic Cement Sales,31-Mar-12,2553.6,Thousand Metric Ton,Normal,
Domestic Sale and Export of Cement,TS_GP_RLS_CEMSEC_M.C_002000,Domestic Cement Sales,30-Apr-12,2236.3,Thousand Metric Ton,Normal,
Domestic Sale and Export of Cement,TS_GP_RLS_CEMSEC_M.C_002000,Domestic Cement Sales,31-May-12,2096.4,Thousand Metric Ton,Normal,
Domestic Sale and Export of Cement,TS_GP_RLS_CEMSEC_M.C_002000,Domestic Cement Sales,30-Jun-12,2289.4,Thousand Metric Ton,Normal,
Domestic Sale and Export of Cement,TS_GP_RLS_CEMSEC_M.C_002000,Domestic Cement Sales,31-Jul-12,2060.9,Thousand Metric Ton,Normal,
Domestic Sale and Export of Cement,TS_GP_RLS_CEMSEC_M.C_002000,Domestic Cement Sales,31-Aug-12,1583.3,Thousand Metric Ton,Normal,
Domestic Sale and Export of Cement,TS_GP_RLS_CEMSEC_M.C_002000,Domestic Cement Sales,30-Sep-12,1793.3,Thousand Metric Ton,Normal,
Domestic Sale and Export of Cement,TS_GP_RLS_CEMSEC_M.C_002000,Domestic Cement Sales,31-Oct-12,2086.3,Thousand Metric Ton,Normal,
Domestic Sale and Export of Cement,TS_GP_RLS_CEMSEC_M.C_002000,Domestic Cement Sales,30-Nov-12,1960.3,Thousand Metric Ton,Normal,
Domestic Sale and Export of Cement,TS_GP_RLS_CEMSEC_M.C_002000,Domestic Cement Sales,31-Dec-12,2242.4,Thousand Metric Ton,Normal,
Domestic Sale and Export of Cement,TS_GP_RLS_CEMSEC_M.C_002000,Domestic Cement Sales,31-Jan-13,2134.7,Thousand Metric Ton,Normal,
Domestic Sale and Export of Cement,TS_GP_RLS_CEMSEC_M.C_002000,Domestic Cement Sales,28-Feb-13,1956.4,Thousand Metric Ton,Normal,
Domestic Sale and Export of Cement,TS_GP_RLS_CEMSEC_M.C_002000,Domestic Cement Sales,31-Mar-13,2557.9,Thousand Metric Ton,Normal,
Domestic Sale and Export of Cement,TS_GP_RLS_CEMSEC_M.C_002000,Domestic Cement Sales,30-Apr-13,2368.2,Thousand Metric Ton,Normal,
Domestic Sale and Export of Cement,TS_GP_RLS_CEMSEC_M.C_002000,Domestic Cement Sales,31-May-13,2102.4,Thousand Metric Ton,Normal,
Domestic Sale and Export of Cement,TS_GP_RLS_CEMSEC_M.C_002000,Domestic Cement Sales,30-Jun-13,2215.3,Thousand Metric Ton,Normal,
Domestic Sale and Export of Cement,TS_GP_RLS_CEMSEC_M.C_002000,Domestic Cement Sales,31-Jul-13,1851.8,Thousand Metric Ton,Normal,
Domestic Sale and Export of Cement,TS_GP_RLS_CEMSEC_M.C_002000,Domestic Cement Sales,31-Aug-13,1577.5,Thousand Metric Ton,Normal,
Domestic Sale and Export of Cement,TS_GP_RLS_CEMSEC_M.C_002000,Domestic Cement Sales,30-Sep-13,2126.5,Thousand Metric Ton,Normal,
Domestic Sale and Export of Cement,TS_GP_RLS_CEMSEC_M.C_002000,Domestic Cement Sales,31-Oct-13,1973.7,Thousand Metric Ton,Normal,
Domestic Sale and Export of Cement,TS_GP_RLS_CEMSEC_M.C_002000,Domestic Cement Sales,30-Nov-13,2125,Thousand Metric Ton,Normal,
Domestic Sale and Export of Cement,TS_GP_RLS_CEMSEC_M.C_002000,Domestic Cement Sales,31-Dec-13,2320.3,Thousand Metric Ton,Normal,
Domestic Sale and Export of Cement,TS_GP_RLS_CEMSEC_M.C_002000,Domestic Cement Sales,31-Jan-14,2173.4,Thousand Metric Ton,Normal,
Domestic Sale and Export of Cement,TS_GP_RLS_CEMSEC_M.C_002000,Domestic Cement Sales,28-Feb-14,2148.1,Thousand Metric Ton,Normal,
Domestic Sale and Export of Cement,TS_GP_RLS_CEMSEC_M.C_002000,Domestic Cement Sales,31-Mar-14,2463.7,Thousand Metric Ton,Normal,
Domestic Sale and Export of Cement,TS_GP_RLS_CEMSEC_M.C_002000,Domestic Cement Sales,30-Apr-14,2538.4,Thousand Metric Ton,Normal,
Domestic Sale and Export of Cement,TS_GP_RLS_CEMSEC_M.C_002000,Domestic Cement Sales,31-May-14,2309.7,Thousand Metric Ton,Normal,
Domestic Sale and Export of Cement,TS_GP_RLS_CEMSEC_M.C_002000,Domestic Cement Sales,30-Jun-14,2537.3,Thousand Metric Ton,Normal,
Domestic Sale and Export of Cement,TS_GP_RLS_CEMSEC_M.C_002000,Domestic Cement Sales,31-Jul-14,1726.7,Thousand Metric Ton,Normal,
Domestic Sale and Export of Cement,TS_GP_RLS_CEMSEC_M.C_002000,Domestic Cement Sales,31-Aug-14,1948.6,Thousand Metric Ton,Normal,
Domestic Sale and Export of Cement,TS_GP_RLS_CEMSEC_M.C_002000,Domestic Cement Sales,30-Sep-14,2421.3,Thousand Metric Ton,Normal,
Domestic Sale and Export of Cement,TS_GP_RLS_CEMSEC_M.C_002000,Domestic Cement Sales,31-Oct-14,2094.9,Thousand Metric Ton,Normal,
Domestic Sale and Export of Cement,TS_GP_RLS_CEMSEC_M.C_002000,Domestic Cement Sales,30-Nov-14,2369.6,Thousand Metric Ton,Normal,
Domestic Sale and Export of Cement,TS_GP_RLS_CEMSEC_M.C_002000,Domestic Cement Sales,31-Dec-14,2503.9,Thousand Metric Ton,Normal,
Domestic Sale and Export of Cement,TS_GP_RLS_CEMSEC_M.C_002000,Domestic Cement Sales,31-Jan-15,2419.8,Thousand Metric Ton,Normal,
Domestic Sale and Export of Cement,TS_GP_RLS_CEMSEC_M.C_002000,Domestic Cement Sales,28-Feb-15,2297.6,Thousand Metric Ton,Normal,
Domestic Sale and Export of Cement,TS_GP_RLS_CEMSEC_M.C_002000,Domestic Cement Sales,31-Mar-15,2559.4,Thousand Metric Ton,Normal,
Domestic Sale and Export of Cement,TS_GP_RLS_CEMSEC_M.C_002000,Domestic Cement Sales,30-Apr-15,2654.3,Thousand Metric Ton,Normal,
Domestic Sale and Export of Cement,TS_GP_RLS_CEMSEC_M.C_002000,Domestic Cement Sales,31-May-15,2496.2,Thousand Metric Ton,Normal,
Domestic Sale and Export of Cement,TS_GP_RLS_CEMSEC_M.C_002000,Domestic Cement Sales,30-Jun-15,2713.8,Thousand Metric Ton,Normal,
Domestic Sale and Export of Cement,TS_GP_RLS_CEMSEC_M.C_002000,Domestic Cement Sales,31-Jul-15,1796.2,Thousand Metric Ton,Normal,
Domestic Sale and Export of Cement,TS_GP_RLS_CEMSEC_M.C_002000,Domestic Cement Sales,31-Aug-15,2504,Thousand Metric Ton,Normal,
Domestic Sale and Export of Cement,TS_GP_RLS_CEMSEC_M.C_002000,Domestic Cement Sales,30-Sep-15,2486.1,Thousand Metric Ton,Normal,
Domestic Sale and Export of Cement,TS_GP_RLS_CEMSEC_M.C_002000,Domestic Cement Sales,31-Oct-15,2595.4,Thousand Metric Ton,Normal,
Domestic Sale and Export of Cement,TS_GP_RLS_CEMSEC_M.C_002000,Domestic Cement Sales,30-Nov-15,2843.5,Thousand Metric Ton,Normal,
Domestic Sale and Export of Cement,TS_GP_RLS_CEMSEC_M.C_002000,Domestic Cement Sales,31-Dec-15,2984.4,Thousand Metric Ton,Normal,
Domestic Sale and Export of Cement,TS_GP_RLS_CEMSEC_M.C_002000,Domestic Cement Sales,31-Jan-16,2700.6,Thousand Metric Ton,Normal,
Domestic Sale and Export of Cement,TS_GP_RLS_CEMSEC_M.C_002000,Domestic Cement Sales,29-Feb-16,2981.9,Thousand Metric Ton,Normal,
Domestic Sale and Export of Cement,TS_GP_RLS_CEMSEC_M.C_002000,Domestic Cement Sales,31-Mar-16,3049,Thousand Metric Ton,Normal,
Domestic Sale and Export of Cement,TS_GP_RLS_CEMSEC_M.C_002000,Domestic Cement Sales,30-Apr-16,3031.1,Thousand Metric Ton,Normal,
Domestic Sale and Export of Cement,TS_GP_RLS_CEMSEC_M.C_002000,Domestic Cement Sales,31-May-16,3064.7,Thousand Metric Ton,Normal,
Domestic Sale and Export of Cement,TS_GP_RLS_CEMSEC_M.C_002000,Domestic Cement Sales,30-Jun-16,2963.6,Thousand Metric Ton,Normal,
Domestic Sale and Export of Cement,TS_GP_RLS_CEMSEC_M.C_002000,Domestic Cement Sales,31-Jul-16,1867.1,Thousand Metric Ton,Normal,
Domestic Sale and Export of Cement,TS_GP_RLS_CEMSEC_M.C_002000,Domestic Cement Sales,31-Aug-16,3027.8,Thousand Metric Ton,Normal,
Domestic Sale and Export of Cement,TS_GP_RLS_CEMSEC_M.C_002000,Domestic Cement Sales,30-Sep-16,2536.2,Thousand Metric Ton,Normal,
Domestic Sale and Export of Cement,TS_GP_RLS_CEMSEC_M.C_002000,Domestic Cement Sales,31-Oct-16,3008.1,Thousand Metric Ton,Normal,
Domestic Sale and Export of Cement,TS_GP_RLS_CEMSEC_M.C_002000,Domestic Cement Sales,30-Nov-16,3270,Thousand Metric Ton,Normal,
Domestic Sale and Export of Cement,TS_GP_RLS_CEMSEC_M.C_002000,Domestic Cement Sales,31-Dec-16,3185.6,Thousand Metric Ton,Normal,
Domestic Sale and Export of Cement,TS_GP_RLS_CEMSEC_M.C_002000,Domestic Cement Sales,31-Jan-17,2721.6,Thousand Metric Ton,Normal,
Domestic Sale and Export of Cement,TS_GP_RLS_CEMSEC_M.C_002000,Domestic Cement Sales,28-Feb-17,3181.5,Thousand Metric Ton,Normal,
Domestic Sale and Export of Cement,TS_GP_RLS_CEMSEC_M.C_002000,Domestic Cement Sales,31-Mar-17,3753,Thousand Metric Ton,Normal,
Domestic Sale and Export of Cement,TS_GP_RLS_CEMSEC_M.C_002000,Domestic Cement Sales,30-Apr-17,3319.9,Thousand Metric Ton,Normal,
Domestic Sale and Export of Cement,TS_GP_RLS_CEMSEC_M.C_002000,Domestic Cement Sales,31-May-17,3398.8,Thousand Metric Ton,Normal,
Domestic Sale and Export of Cement,TS_GP_RLS_CEMSEC_M.C_002000,Domestic Cement Sales,30-Jun-17,2382,Thousand Metric Ton,Normal,
Domestic Sale and Export of Cement,TS_GP_RLS_CEMSEC_M.C_002000,Domestic Cement Sales,31-Jul-17,2906.5,Thousand Metric Ton,Normal,
Domestic Sale and Export of Cement,TS_GP_RLS_CEMSEC_M.C_002000,Domestic Cement Sales,31-Aug-17,3356.3,Thousand Metric Ton,Normal,
Domestic Sale and Export of Cement,TS_GP_RLS_CEMSEC_M.C_002000,Domestic Cement Sales,30-Sep-17,2798.2,Thousand Metric Ton,Normal,
Domestic Sale and Export of Cement,TS_GP_RLS_CEMSEC_M.C_002000,Domestic Cement Sales,31-Oct-17,3778.6,Thousand Metric Ton,Normal,
Domestic Sale and Export of Cement,TS_GP_RLS_CEMSEC_M.C_002000,Domestic Cement Sales,30-Nov-17,3593.3,Thousand Metric Ton,Normal,
Domestic Sale and Export of Cement,TS_GP_RLS_CEMSEC_M.C_002000,Domestic Cement Sales,31-Dec-17,3402.8,Thousand Metric Ton,Normal,
Domestic Sale and Export of Cement,TS_GP_RLS_CEMSEC_M.C_002000,Domestic Cement Sales,31-Jan-18,3736.9,Thousand Metric Ton,Normal,
Domestic Sale and Export of Cement,TS_GP_RLS_CEMSEC_M.C_002000,Domestic Cement Sales,28-Feb-18,3479.8,Thousand Metric Ton,Normal,
Domestic Sale and Export of Cement,TS_GP_RLS_CEMSEC_M.C_002000,Domestic Cement Sales,31-Mar-18,4260.4,Thousand Metric Ton,Normal,
Domestic Sale and Export of Cement,TS_GP_RLS_CEMSEC_M.C_002000,Domestic Cement Sales,30-Apr-18,3772.2,Thousand Metric Ton,Normal,
Domestic Sale and Export of Cement,TS_GP_RLS_CEMSEC_M.C_002000,Domestic Cement Sales,31-May-18,3480.2,Thousand Metric Ton,Normal,
Domestic Sale and Export of Cement,TS_GP_RLS_CEMSEC_M.C_002000,Domestic Cement Sales,30-Jun-18,2581.2,Thousand Metric Ton,Normal,
Domestic Sale and Export of Cement,TS_GP_RLS_CEMSEC_M.C_002000,Domestic Cement Sales,31-Jul-18,3035,Thousand Metric Ton,Normal,
Domestic Sale and Export of Cement,TS_GP_RLS_CEMSEC_M.C_002000,Domestic Cement Sales,31-Aug-18,2895.3,Thousand Metric Ton,Normal,
Domestic Sale and Export of Cement,TS_GP_RLS_CEMSEC_M.C_002000,Domestic Cement Sales,30-Sep-18,3091.3,Thousand Metric Ton,Normal,
Domestic Sale and Export of Cement,TS_GP_RLS_CEMSEC_M.C_002000,Domestic Cement Sales,31-Oct-18,3920.6,Thousand Metric Ton,Normal,
Domestic Sale and Export of Cement,TS_GP_RLS_CEMSEC_M.C_002000,Domestic Cement Sales,30-Nov-18,3336.8,Thousand Metric Ton,Normal,
Domestic Sale and Export of Cement,TS_GP_RLS_CEMSEC_M.C_002000,Domestic Cement Sales,31-Dec-18,3274.5,Thousand Metric Ton,Normal,
Domestic Sale and Export of Cement,TS_GP_RLS_CEMSEC_M.C_002000,Domestic Cement Sales,31-Jan-19,3066.8,Thousand Metric Ton,Normal,
Domestic Sale and Export of Cement,TS_GP_RLS_CEMSEC_M.C_002000,Domestic Cement Sales,28-Feb-19,2844,Thousand Metric Ton,Normal,
Domestic Sale and Export of Cement,TS_GP_RLS_CEMSEC_M.C_002000,Domestic Cement Sales,31-Mar-19,3858.1,Thousand Metric Ton,Normal,
Domestic Sale and Export of Cement,TS_GP_RLS_CEMSEC_M.C_002000,Domestic Cement Sales,30-Apr-19,4037.1,Thousand Metric Ton,Normal,
Domestic Sale and Export of Cement,TS_GP_RLS_CEMSEC_M.C_002000,Domestic Cement Sales,31-May-19,3640.7,Thousand Metric Ton,Normal,
Domestic Sale and Export of Cement,TS_GP_RLS_CEMSEC_M.C_002000,Domestic Cement Sales,30-Jun-19,3207.2,Thousand Metric Ton,Normal,
Domestic Sale and Export of Cement,TS_GP_RLS_CEMSEC_M.C_002000,Domestic Cement Sales,31-Jul-19,2966.8,Thousand Metric Ton,Normal,
Domestic Sale and Export of Cement,TS_GP_RLS_CEMSEC_M.C_002000,Domestic Cement Sales,31-Aug-19,2655.2,Thousand Metric Ton,Normal,
Domestic Sale and Export of Cement,TS_GP_RLS_CEMSEC_M.C_002000,Domestic Cement Sales,30-Sep-19,3472.5,Thousand Metric Ton,Normal,
Domestic Sale and Export of Cement,TS_GP_RLS_CEMSEC_M.C_002000,Domestic Cement Sales,31-Oct-19,4195.7,Thousand Metric Ton,Normal,
Domestic Sale and Export of Cement,TS_GP_RLS_CEMSEC_M.C_002000,Domestic Cement Sales,30-Nov-19,3538.3,Thousand Metric Ton,Normal,
Domestic Sale and Export of Cement,TS_GP_RLS_CEMSEC_M.C_002000,Domestic Cement Sales,31-Dec-19,3536.5,Thousand Metric Ton,Normal,
Domestic Sale and Export of Cement,TS_GP_RLS_CEMSEC_M.C_002000,Domestic Cement Sales,31-Jan-20,3264.9,Thousand Metric Ton,Normal,
Domestic Sale and Export of Cement,TS_GP_RLS_CEMSEC_M.C_002000,Domestic Cement Sales,29-Feb-20,3735.6,Thousand Metric Ton,Normal,
Domestic Sale and Export of Cement,TS_GP_RLS_CEMSEC_M.C_002000,Domestic Cement Sales,31-Mar-20,3213,Thousand Metric Ton,Normal,
Domestic Sale and Export of Cement,TS_GP_RLS_CEMSEC_M.C_002000,Domestic Cement Sales,30-Apr-20,3271,Thousand Metric Ton,Normal,
Domestic Sale and Export of Cement,TS_GP_RLS_CEMSEC_M.C_002000,Domestic Cement Sales,31-May-20,2270,Thousand Metric Ton,Normal,
Domestic Sale and Export of Cement,TS_GP_RLS_CEMSEC_M.C_002000,Domestic Cement Sales,30-Jun-20,3834.8,Thousand Metric Ton,Normal,
Domestic Sale and Export of Cement,TS_GP_RLS_CEMSEC_M.C_002000,Domestic Cement Sales,31-Jul-20,3953,Thousand Metric Ton,Normal,
Domestic Sale and Export of Cement,TS_GP_RLS_CEMSEC_M.C_002000,Domestic Cement Sales,31-Aug-20,2796.3,Thousand Metric Ton,Normal,
Domestic Sale and Export of Cement,TS_GP_RLS_CEMSEC_M.C_002000,Domestic Cement Sales,30-Sep-20,4095,Thousand Metric Ton,Normal,
Domestic Sale and Export of Cement,TS_GP_RLS_CEMSEC_M.C_002000,Domestic Cement Sales,31-Oct-20,4860,Thousand Metric Ton,Normal,
Domestic Sale and Export of Cement,TS_GP_RLS_CEMSEC_M.C_002000,Domestic Cement Sales,30-Nov-20,3742,Thousand Metric Ton,Normal,
Domestic Sale and Export of Cement,TS_GP_RLS_CEMSEC_M.C_002000,Domestic Cement Sales,31-Dec-20,4150,Thousand Metric Ton,Normal,
Domestic Sale and Export of Cement,TS_GP_RLS_CEMSEC_M.C_002000,Domestic Cement Sales,31-Jan-21,4042.1,Thousand Metric Ton,Normal,
Domestic Sale and Export of Cement,TS_GP_RLS_CEMSEC_M.C_002000,Domestic Cement Sales,28-Feb-21,3961.8,Thousand Metric Ton,Normal,
Domestic Sale and Export of Cement,TS_GP_RLS_CEMSEC_M.C_002000,Domestic Cement Sales,31-Mar-21,4562.7,Thousand Metric Ton,Normal,
Domestic Sale and Export of Cement,TS_GP_RLS_CEMSEC_M.C_002000,Domestic Cement Sales,30-Apr-21,4066,Thousand Metric Ton,Normal,
Domestic Sale and Export of Cement,TS_GP_RLS_CEMSEC_M.C_002000,Domestic Cement Sales,31-May-21,3200.6,Thousand Metric Ton,Normal,
Domestic Sale and Export of Cement,TS_GP_RLS_CEMSEC_M.C_002000,Domestic Cement Sales,30-Jun-21,4668.5,Thousand Metric Ton,Normal,
Domestic Sale and Export of Cement,TS_GP_RLS_CEMSEC_M.C_002000,Domestic Cement Sales,31-Jul-21,3446.3,Thousand Metric Ton,Normal,
Domestic Sale and Export of Cement,TS_GP_RLS_CEMSEC_M.C_002000,Domestic Cement Sales,31-Aug-21,3815,Thousand Metric Ton,Normal,
Domestic Sale and Export of Cement,TS_GP_RLS_CEMSEC_M.C_002000,Domestic Cement Sales,30-Sep-21,4016.9,Thousand Metric Ton,Normal,
Domestic Sale and Export of Cement,TS_GP_RLS_CEMSEC_M.C_002000,Domestic Cement Sales,31-Oct-21,4603.9,Thousand Metric Ton,Normal,
Domestic Sale and Export of Cement,TS_GP_RLS_CEMSEC_M.C_002000,Domestic Cement Sales,30-Nov-21,4124.7,Thousand Metric Ton,Normal,
Domestic Sale and Export of Cement,TS_GP_RLS_CEMSEC_M.C_002000,Domestic Cement Sales,31-Dec-21,4057.3,Thousand Metric Ton,Normal,
Domestic Sale and Export of Cement,TS_GP_RLS_CEMSEC_M.C_002000,Domestic Cement Sales,31-Jan-22,3408.6,Thousand Metric Ton,Normal,
Domestic Sale and Export of Cement,TS_GP_RLS_CEMSEC_M.C_002000,Domestic Cement Sales,28-Feb-22,3942.9,Thousand Metric Ton,Normal,
Domestic Sale and Export of Cement,TS_GP_RLS_CEMSEC_M.C_002000,Domestic Cement Sales,31-Mar-22,4710.4,Thousand Metric Ton,Normal,
Domestic Sale and Export of Cement,TS_GP_RLS_CEMSEC_M.C_002000,Domestic Cement Sales,30-Apr-22,3379.8,Thousand Metric Ton,Normal,
Domestic Sale and Export of Cement,TS_GP_RLS_CEMSEC_M.C_002000,Domestic Cement Sales,31-May-22,3150,Thousand Metric Ton,Normal,
Domestic Sale and Export of Cement,TS_GP_RLS_CEMSEC_M.C_002000,Domestic Cement Sales,30-Jun-22,4972,Thousand Metric Ton,Normal,
Domestic Sale and Export of Cement,TS_GP_RLS_CEMSEC_M.C_002000,Domestic Cement Sales,31-Jul-22,1886.8,Thousand Metric Ton,Normal,
Domestic Sale and Export of Cement,TS_GP_RLS_CEMSEC_M.C_002000,Domestic Cement Sales,31-Aug-22,2909.1,Thousand Metric Ton,Normal,
Domestic Sale and Export of Cement,TS_GP_RLS_CEMSEC_M.C_002000,Domestic Cement Sales,30-Sep-22,3806,Thousand Metric Ton,Normal,
Domestic Sale and Export of Cement,TS_GP_RLS_CEMSEC_M.C_002000,Domestic Cement Sales,31-Oct-22,3890.4,Thousand Metric Ton,Normal,
Domestic Sale and Export of Cement,TS_GP_RLS_CEMSEC_M.C_002000,Domestic Cement Sales,30-Nov-22,3861.7,Thousand Metric Ton,Normal,
Domestic Sale and Export of Cement,TS_GP_RLS_CEMSEC_M.C_002000,Domestic Cement Sales,31-Dec-22,3675.6,Thousand Metric Ton,Normal,
Domestic Sale and Export of Cement,TS_GP_RLS_CEMSEC_M.C_002000,Domestic Cement Sales,31-Jan-23,3588.3,Thousand Metric Ton,Normal,
Domestic Sale and Export of Cement,TS_GP_RLS_CEMSEC_M.C_002000,Domestic Cement Sales,28-Feb-23,3589.7,Thousand Metric Ton,Normal,
Domestic Sale and Export of Cement,TS_GP_RLS_CEMSEC_M.C_002000,Domestic Cement Sales,31-Mar-23,3356.8,Thousand Metric Ton,Normal,
Domestic Sale and Export of Cement,TS_GP_RLS_CEMSEC_M.C_002000,Domestic Cement Sales,30-Apr-23,2530.6,Thousand Metric Ton,Normal,
