Dataset,Series Key,Series,Observation Date,Observation Value,Unit,Observation Status,Observation Status Comment
Monthly Summary of Balance of Payments as per BPM6,TS_GP_BOP_BPM6SUM_M.P00070,Imports of services,31-Jul-13,567,Million USD,Normal,
Monthly Summary of Balance of Payments as per BPM6,TS_GP_BOP_BPM6SUM_M.P00070,Imports of services,31-Aug-13,684,Million USD,Normal,
Monthly Summary of Balance of Payments as per BPM6,TS_GP_BOP_BPM6SUM_M.P00070,Imports of services,30-Sep-13,652,Million USD,Normal,
Monthly Summary of Balance of Payments as per BPM6,TS_GP_BOP_BPM6SUM_M.P00070,Imports of services,31-Oct-13,713,Million USD,Normal,
Monthly Summary of Balance of Payments as per BPM6,TS_GP_BOP_BPM6SUM_M.P00070,Imports of services,30-Nov-13,701,Million USD,Normal,
Monthly Summary of Balance of Payments as per BPM6,TS_GP_BOP_BPM6SUM_M.P00070,Imports of services,31-Dec-13,626,Million USD,Normal,
Monthly Summary of Balance of Payments as per BPM6,TS_GP_BOP_BPM6SUM_M.P00070,Imports of services,31-Jan-14,668,Million USD,Normal,
Monthly Summary of Balance of Payments as per BPM6,TS_GP_BOP_BPM6SUM_M.P00070,Imports of services,28-Feb-14,656,Million USD,Normal,
Monthly Summary of Balance of Payments as per BPM6,TS_GP_BOP_BPM6SUM_M.P00070,Imports of services,31-Mar-14,692,Million USD,Normal,
Monthly Summary of Balance of Payments as per BPM6,TS_GP_BOP_BPM6SUM_M.P00070,Imports of services,30-Apr-14,695,Million USD,Normal,
Monthly Summary of Balance of Payments as per BPM6,TS_GP_BOP_BPM6SUM_M.P00070,Imports of services,31-May-14,658,Million USD,Normal,
Monthly Summary of Balance of Payments as per BPM6,TS_GP_BOP_BPM6SUM_M.P00070,Imports of services,30-Jun-14,683,Million USD,Normal,
Monthly Summary of Balance of Payments as per BPM6,TS_GP_BOP_BPM6SUM_M.P00070,Imports of services,31-Jul-14,742,Million USD,Normal,
Monthly Summary of Balance of Payments as per BPM6,TS_GP_BOP_BPM6SUM_M.P00070,Imports of services,31-Aug-14,802,Million USD,Normal,
Monthly Summary of Balance of Payments as per BPM6,TS_GP_BOP_BPM6SUM_M.P00070,Imports of services,30-Sep-14,861,Million USD,Normal,
Monthly Summary of Balance of Payments as per BPM6,TS_GP_BOP_BPM6SUM_M.P00070,Imports of services,31-Oct-14,697,Million USD,Normal,
Monthly Summary of Balance of Payments as per BPM6,TS_GP_BOP_BPM6SUM_M.P00070,Imports of services,30-Nov-14,623,Million USD,Normal,
Monthly Summary of Balance of Payments as per BPM6,TS_GP_BOP_BPM6SUM_M.P00070,Imports of services,31-Dec-14,689,Million USD,Normal,
Monthly Summary of Balance of Payments as per BPM6,TS_GP_BOP_BPM6SUM_M.P00070,Imports of services,31-Jan-15,715,Million USD,Normal,
Monthly Summary of Balance of Payments as per BPM6,TS_GP_BOP_BPM6SUM_M.P00070,Imports of services,28-Feb-15,641,Million USD,Normal,
Monthly Summary of Balance of Payments as per BPM6,TS_GP_BOP_BPM6SUM_M.P00070,Imports of services,31-Mar-15,745,Million USD,Normal,
Monthly Summary of Balance of Payments as per BPM6,TS_GP_BOP_BPM6SUM_M.P00070,Imports of services,30-Apr-15,752,Million USD,Normal,
Monthly Summary of Balance of Payments as per BPM6,TS_GP_BOP_BPM6SUM_M.P00070,Imports of services,31-May-15,703,Million USD,Normal,
Monthly Summary of Balance of Payments as per BPM6,TS_GP_BOP_BPM6SUM_M.P00070,Imports of services,30-Jun-15,878,Million USD,Normal,
Monthly Summary of Balance of Payments as per BPM6,TS_GP_BOP_BPM6SUM_M.P00070,Imports of services,31-Jul-15,676,Million USD,Normal,
Monthly Summary of Balance of Payments as per BPM6,TS_GP_BOP_BPM6SUM_M.P00070,Imports of services,31-Aug-15,782,Million USD,Normal,
Monthly Summary of Balance of Payments as per BPM6,TS_GP_BOP_BPM6SUM_M.P00070,Imports of services,30-Sep-15,687,Million USD,Normal,
Monthly Summary of Balance of Payments as per BPM6,TS_GP_BOP_BPM6SUM_M.P00070,Imports of services,31-Oct-15,759,Million USD,Normal,
Monthly Summary of Balance of Payments as per BPM6,TS_GP_BOP_BPM6SUM_M.P00070,Imports of services,30-Nov-15,614,Million USD,Normal,
Monthly Summary of Balance of Payments as per BPM6,TS_GP_BOP_BPM6SUM_M.P00070,Imports of services,31-Dec-15,855,Million USD,Normal,
Monthly Summary of Balance of Payments as per BPM6,TS_GP_BOP_BPM6SUM_M.P00070,Imports of services,31-Jan-16,672,Million USD,Normal,
Monthly Summary of Balance of Payments as per BPM6,TS_GP_BOP_BPM6SUM_M.P00070,Imports of services,29-Feb-16,582,Million USD,Normal,
Monthly Summary of Balance of Payments as per BPM6,TS_GP_BOP_BPM6SUM_M.P00070,Imports of services,31-Mar-16,724,Million USD,Normal,
Monthly Summary of Balance of Payments as per BPM6,TS_GP_BOP_BPM6SUM_M.P00070,Imports of services,30-Apr-16,848,Million USD,Normal,
Monthly Summary of Balance of Payments as per BPM6,TS_GP_BOP_BPM6SUM_M.P00070,Imports of services,31-May-16,1060,Million USD,Normal,
Monthly Summary of Balance of Payments as per BPM6,TS_GP_BOP_BPM6SUM_M.P00070,Imports of services,30-Jun-16,743,Million USD,Normal,
Monthly Summary of Balance of Payments as per BPM6,TS_GP_BOP_BPM6SUM_M.P00070,Imports of services,31-Jul-16,712,Million USD,Normal,
Monthly Summary of Balance of Payments as per BPM6,TS_GP_BOP_BPM6SUM_M.P00070,Imports of services,31-Aug-16,858,Million USD,Normal,
Monthly Summary of Balance of Payments as per BPM6,TS_GP_BOP_BPM6SUM_M.P00070,Imports of services,30-Sep-16,966,Million USD,Normal,
Monthly Summary of Balance of Payments as per BPM6,TS_GP_BOP_BPM6SUM_M.P00070,Imports of services,31-Oct-16,771,Million USD,Normal,
Monthly Summary of Balance of Payments as per BPM6,TS_GP_BOP_BPM6SUM_M.P00070,Imports of services,30-Nov-16,759,Million USD,Normal,
Monthly Summary of Balance of Payments as per BPM6,TS_GP_BOP_BPM6SUM_M.P00070,Imports of services,31-Dec-16,1011,Million USD,Normal,
Monthly Summary of Balance of Payments as per BPM6,TS_GP_BOP_BPM6SUM_M.P00070,Imports of services,31-Jan-17,827,Million USD,Normal,
Monthly Summary of Balance of Payments as per BPM6,TS_GP_BOP_BPM6SUM_M.P00070,Imports of services,28-Feb-17,890,Million USD,Normal,
Monthly Summary of Balance of Payments as per BPM6,TS_GP_BOP_BPM6SUM_M.P00070,Imports of services,31-Mar-17,832,Million USD,Normal,
Monthly Summary of Balance of Payments as per BPM6,TS_GP_BOP_BPM6SUM_M.P00070,Imports of services,30-Apr-17,880,Million USD,Normal,
Monthly Summary of Balance of Payments as per BPM6,TS_GP_BOP_BPM6SUM_M.P00070,Imports of services,31-May-17,1033,Million USD,Normal,
Monthly Summary of Balance of Payments as per BPM6,TS_GP_BOP_BPM6SUM_M.P00070,Imports of services,30-Jun-17,1037,Million USD,Normal,
Monthly Summary of Balance of Payments as per BPM6,TS_GP_BOP_BPM6SUM_M.P00070,Imports of services,31-Jul-17,1011,Million USD,Normal,
Monthly Summary of Balance of Payments as per BPM6,TS_GP_BOP_BPM6SUM_M.P00070,Imports of services,31-Aug-17,1047,Million USD,Normal,
Monthly Summary of Balance of Payments as per BPM6,TS_GP_BOP_BPM6SUM_M.P00070,Imports of services,30-Sep-17,990,Million USD,Normal,
Monthly Summary of Balance of Payments as per BPM6,TS_GP_BOP_BPM6SUM_M.P00070,Imports of services,31-Oct-17,850,Million USD,Normal,
Monthly Summary of Balance of Payments as per BPM6,TS_GP_BOP_BPM6SUM_M.P00070,Imports of services,30-Nov-17,1116,Million USD,Normal,
Monthly Summary of Balance of Payments as per BPM6,TS_GP_BOP_BPM6SUM_M.P00070,Imports of services,31-Dec-17,1228,Million USD,Normal,
Monthly Summary of Balance of Payments as per BPM6,TS_GP_BOP_BPM6SUM_M.P00070,Imports of services,31-Jan-18,904,Million USD,Normal,
Monthly Summary of Balance of Payments as per BPM6,TS_GP_BOP_BPM6SUM_M.P00070,Imports of services,28-Feb-18,913,Million USD,Normal,
Monthly Summary of Balance of Payments as per BPM6,TS_GP_BOP_BPM6SUM_M.P00070,Imports of services,31-Mar-18,900,Million USD,Normal,
Monthly Summary of Balance of Payments as per BPM6,TS_GP_BOP_BPM6SUM_M.P00070,Imports of services,30-Apr-18,1241,Million USD,Normal,
Monthly Summary of Balance of Payments as per BPM6,TS_GP_BOP_BPM6SUM_M.P00070,Imports of services,31-May-18,1000,Million USD,Normal,
Monthly Summary of Balance of Payments as per BPM6,TS_GP_BOP_BPM6SUM_M.P00070,Imports of services,30-Jun-18,1077,Million USD,Normal,
Monthly Summary of Balance of Payments as per BPM6,TS_GP_BOP_BPM6SUM_M.P00070,Imports of services,31-Jul-18,1218,Million USD,Normal,
Monthly Summary of Balance of Payments as per BPM6,TS_GP_BOP_BPM6SUM_M.P00070,Imports of services,31-Aug-18,901,Million USD,Normal,
Monthly Summary of Balance of Payments as per BPM6,TS_GP_BOP_BPM6SUM_M.P00070,Imports of services,30-Sep-18,764,Million USD,Normal,
Monthly Summary of Balance of Payments as per BPM6,TS_GP_BOP_BPM6SUM_M.P00070,Imports of services,31-Oct-18,841,Million USD,Normal,
Monthly Summary of Balance of Payments as per BPM6,TS_GP_BOP_BPM6SUM_M.P00070,Imports of services,30-Nov-18,870,Million USD,Normal,
Monthly Summary of Balance of Payments as per BPM6,TS_GP_BOP_BPM6SUM_M.P00070,Imports of services,31-Dec-18,1041,Million USD,Normal,
Monthly Summary of Balance of Payments as per BPM6,TS_GP_BOP_BPM6SUM_M.P00070,Imports of services,31-Jan-19,849,Million USD,Normal,
Monthly Summary of Balance of Payments as per BPM6,TS_GP_BOP_BPM6SUM_M.P00070,Imports of services,28-Feb-19,741,Million USD,Normal,
Monthly Summary of Balance of Payments as per BPM6,TS_GP_BOP_BPM6SUM_M.P00070,Imports of services,31-Mar-19,829,Million USD,Normal,
Monthly Summary of Balance of Payments as per BPM6,TS_GP_BOP_BPM6SUM_M.P00070,Imports of services,30-Apr-19,928,Million USD,Normal,
Monthly Summary of Balance of Payments as per BPM6,TS_GP_BOP_BPM6SUM_M.P00070,Imports of services,31-May-19,1164,Million USD,Normal,
Monthly Summary of Balance of Payments as per BPM6,TS_GP_BOP_BPM6SUM_M.P00070,Imports of services,30-Jun-19,790,Million USD,Normal,
Monthly Summary of Balance of Payments as per BPM6,TS_GP_BOP_BPM6SUM_M.P00070,Imports of services,31-Jul-19,913,Million USD,Normal,
Monthly Summary of Balance of Payments as per BPM6,TS_GP_BOP_BPM6SUM_M.P00070,Imports of services,31-Aug-19,961,Million USD,Normal,
Monthly Summary of Balance of Payments as per BPM6,TS_GP_BOP_BPM6SUM_M.P00070,Imports of services,30-Sep-19,646,Million USD,Normal,
Monthly Summary of Balance of Payments as per BPM6,TS_GP_BOP_BPM6SUM_M.P00070,Imports of services,31-Oct-19,738,Million USD,Normal,
Monthly Summary of Balance of Payments as per BPM6,TS_GP_BOP_BPM6SUM_M.P00070,Imports of services,30-Nov-19,707,Million USD,Normal,
Monthly Summary of Balance of Payments as per BPM6,TS_GP_BOP_BPM6SUM_M.P00070,Imports of services,31-Dec-19,1029,Million USD,Normal,
Monthly Summary of Balance of Payments as per BPM6,TS_GP_BOP_BPM6SUM_M.P00070,Imports of services,31-Jan-20,730,Million USD,Normal,
Monthly Summary of Balance of Payments as per BPM6,TS_GP_BOP_BPM6SUM_M.P00070,Imports of services,29-Feb-20,898,Million USD,Normal,
Monthly Summary of Balance of Payments as per BPM6,TS_GP_BOP_BPM6SUM_M.P00070,Imports of services,31-Mar-20,584,Million USD,Normal,
Monthly Summary of Balance of Payments as per BPM6,TS_GP_BOP_BPM6SUM_M.P00070,Imports of services,30-Apr-20,516,Million USD,Normal,
Monthly Summary of Balance of Payments as per BPM6,TS_GP_BOP_BPM6SUM_M.P00070,Imports of services,31-May-20,387,Million USD,Normal,
Monthly Summary of Balance of Payments as per BPM6,TS_GP_BOP_BPM6SUM_M.P00070,Imports of services,30-Jun-20,644,Million USD,Normal,
Monthly Summary of Balance of Payments as per BPM6,TS_GP_BOP_BPM6SUM_M.P00070,Imports of services,31-Jul-20,807,Million USD,Normal,
Monthly Summary of Balance of Payments as per BPM6,TS_GP_BOP_BPM6SUM_M.P00070,Imports of services,31-Aug-20,523,Million USD,Normal,
Monthly Summary of Balance of Payments as per BPM6,TS_GP_BOP_BPM6SUM_M.P00070,Imports of services,30-Sep-20,622,Million USD,Normal,
Monthly Summary of Balance of Payments as per BPM6,TS_GP_BOP_BPM6SUM_M.P00070,Imports of services,31-Oct-20,714,Million USD,Normal,
Monthly Summary of Balance of Payments as per BPM6,TS_GP_BOP_BPM6SUM_M.P00070,Imports of services,30-Nov-20,647,Million USD,Normal,
Monthly Summary of Balance of Payments as per BPM6,TS_GP_BOP_BPM6SUM_M.P00070,Imports of services,31-Dec-20,913,Million USD,Normal,
Monthly Summary of Balance of Payments as per BPM6,TS_GP_BOP_BPM6SUM_M.P00070,Imports of services,31-Jan-21,675,Million USD,Normal,
Monthly Summary of Balance of Payments as per BPM6,TS_GP_BOP_BPM6SUM_M.P00070,Imports of services,28-Feb-21,702,Million USD,Normal,
Monthly Summary of Balance of Payments as per BPM6,TS_GP_BOP_BPM6SUM_M.P00070,Imports of services,31-Mar-21,744,Million USD,Normal,
Monthly Summary of Balance of Payments as per BPM6,TS_GP_BOP_BPM6SUM_M.P00070,Imports of services,30-Apr-21,641,Million USD,Normal,
Monthly Summary of Balance of Payments as per BPM6,TS_GP_BOP_BPM6SUM_M.P00070,Imports of services,31-May-21,602,Million USD,Normal,
Monthly Summary of Balance of Payments as per BPM6,TS_GP_BOP_BPM6SUM_M.P00070,Imports of services,30-Jun-21,871,Million USD,Normal,
Monthly Summary of Balance of Payments as per BPM6,TS_GP_BOP_BPM6SUM_M.P00070,Imports of services,31-Jul-21,889,Million USD,Normal,
Monthly Summary of Balance of Payments as per BPM6,TS_GP_BOP_BPM6SUM_M.P00070,Imports of services,31-Aug-21,1065,Million USD,Normal,
Monthly Summary of Balance of Payments as per BPM6,TS_GP_BOP_BPM6SUM_M.P00070,Imports of services,30-Sep-21,905,Million USD,Normal,
Monthly Summary of Balance of Payments as per BPM6,TS_GP_BOP_BPM6SUM_M.P00070,Imports of services,31-Oct-21,1108,Million USD,Normal,
Monthly Summary of Balance of Payments as per BPM6,TS_GP_BOP_BPM6SUM_M.P00070,Imports of services,30-Nov-21,1128,Million USD,Normal,
Monthly Summary of Balance of Payments as per BPM6,TS_GP_BOP_BPM6SUM_M.P00070,Imports of services,31-Dec-21,1257,Million USD,Normal,
Monthly Summary of Balance of Payments as per BPM6,TS_GP_BOP_BPM6SUM_M.P00070,Imports of services,31-Jan-22,1119,Million USD,Normal,
Monthly Summary of Balance of Payments as per BPM6,TS_GP_BOP_BPM6SUM_M.P00070,Imports of services,28-Feb-22,968,Million USD,Normal,
Monthly Summary of Balance of Payments as per BPM6,TS_GP_BOP_BPM6SUM_M.P00070,Imports of services,31-Mar-22,1105,Million USD,Normal,
Monthly Summary of Balance of Payments as per BPM6,TS_GP_BOP_BPM6SUM_M.P00070,Imports of services,30-Apr-22,1091,Million USD,Normal,
Monthly Summary of Balance of Payments as per BPM6,TS_GP_BOP_BPM6SUM_M.P00070,Imports of services,31-May-22,978,Million USD,Normal,
Monthly Summary of Balance of Payments as per BPM6,TS_GP_BOP_BPM6SUM_M.P00070,Imports of services,30-Jun-22,1329,Million USD,Normal,
Monthly Summary of Balance of Payments as per BPM6,TS_GP_BOP_BPM6SUM_M.P00070,Imports of services,31-Jul-22,589,Million USD,Normal,
Monthly Summary of Balance of Payments as per BPM6,TS_GP_BOP_BPM6SUM_M.P00070,Imports of services,31-Aug-22,751,Million USD,Normal,
Monthly Summary of Balance of Payments as per BPM6,TS_GP_BOP_BPM6SUM_M.P00070,Imports of services,30-Sep-22,688,Million USD,Normal,
Monthly Summary of Balance of Payments as per BPM6,TS_GP_BOP_BPM6SUM_M.P00070,Imports of services,31-Oct-22,701,Million USD,Normal,
Monthly Summary of Balance of Payments as per BPM6,TS_GP_BOP_BPM6SUM_M.P00070,Imports of services,30-Nov-22,677,Million USD,Normal,
Monthly Summary of Balance of Payments as per BPM6,TS_GP_BOP_BPM6SUM_M.P00070,Imports of services,31-Dec-22,734,Million USD,Normal,
Monthly Summary of Balance of Payments as per BPM6,TS_GP_BOP_BPM6SUM_M.P00070,Imports of services,31-Jan-23,650,Million USD,Normal,
Monthly Summary of Balance of Payments as per BPM6,TS_GP_BOP_BPM6SUM_M.P00070,Imports of services,28-Feb-23,648,Million USD,Normal,
Monthly Summary of Balance of Payments as per BPM6,TS_GP_BOP_BPM6SUM_M.P00070,Imports of services,31-Mar-23,677,Million USD,Normal,
Monthly Summary of Balance of Payments as per BPM6,TS_GP_BOP_BPM6SUM_M.P00070,Imports of services,30-Apr-23,727,Million USD,Normal,
Monthly Summary of Balance of Payments as per BPM6,TS_GP_BOP_BPM6SUM_M.P00070,Imports of services,31-May-23,981,Million USD,Normal,
Monthly Summary of Balance of Payments as per BPM6,TS_GP_BOP_BPM6SUM_M.P00070,Imports of services,30-Jun-23,745,Million USD,Normal,
Monthly Summary of Balance of Payments as per BPM6,TS_GP_BOP_BPM6SUM_M.P00070,Imports of services,31-Jul-23,849,Million USD,Normal,
Monthly Summary of Balance of Payments as per BPM6,TS_GP_BOP_BPM6SUM_M.P00070,Imports of services,31-Aug-23,883,Million USD,Normal,
Monthly Summary of Balance of Payments as per BPM6,TS_GP_BOP_BPM6SUM_M.P00070,Imports of services,30-Sep-23,881,Million USD,Normal,
Monthly Summary of Balance of Payments as per BPM6,TS_GP_BOP_BPM6SUM_M.P00070,Imports of services,31-Oct-23,844,Million USD,Normal,
Monthly Summary of Balance of Payments as per BPM6,TS_GP_BOP_BPM6SUM_M.P00070,Imports of services,30-Nov-23,857,Million USD,Normal,
Monthly Summary of Balance of Payments as per BPM6,TS_GP_BOP_BPM6SUM_M.P00070,Imports of services,31-Dec-23,859,Million USD,Normal,
Monthly Summary of Balance of Payments as per BPM6,TS_GP_BOP_BPM6SUM_M.P00070,Imports of services,31-Jan-24,1013,Million USD,Normal,
Monthly Summary of Balance of Payments as per BPM6,TS_GP_BOP_BPM6SUM_M.P00070,Imports of services,29-Feb-24,785,Million USD,Normal,
