Dataset,Series Key,Series,Observation Date,Observation Value,Unit,Observation Status,Observation Status Comment
Gold and Foreign Exchange Reserves of Pakistan,TS_GP_EXT_PAKRES_M.Z00040,FX Reserves with Banks,30-Jun-71,19,Million USD,Normal,
Gold and Foreign Exchange Reserves of Pakistan,TS_GP_EXT_PAKRES_M.Z00040,FX Reserves with Banks,31-Jul-71,18,Million USD,Normal,
Gold and Foreign Exchange Reserves of Pakistan,TS_GP_EXT_PAKRES_M.Z00040,FX Reserves with Banks,31-Aug-71,22,Million USD,Normal,
Gold and Foreign Exchange Reserves of Pakistan,TS_GP_EXT_PAKRES_M.Z00040,FX Reserves with Banks,30-Sep-71,20,Million USD,Normal,
Gold and Foreign Exchange Reserves of Pakistan,TS_GP_EXT_PAKRES_M.Z00040,FX Reserves with Banks,31-Oct-71,19,Million USD,Normal,
Gold and Foreign Exchange Reserves of Pakistan,TS_GP_EXT_PAKRES_M.Z00040,FX Reserves with Banks,30-Nov-71,18,Million USD,Normal,
Gold and Foreign Exchange Reserves of Pakistan,TS_GP_EXT_PAKRES_M.Z00040,FX Reserves with Banks,31-Dec-71,18,Million USD,Normal,
Gold and Foreign Exchange Reserves of Pakistan,TS_GP_EXT_PAKRES_M.Z00040,FX Reserves with Banks,31-Jan-72,15,Million USD,Normal,
Gold and Foreign Exchange Reserves of Pakistan,TS_GP_EXT_PAKRES_M.Z00040,FX Reserves with Banks,29-Feb-72,22,Million USD,Normal,
Gold and Foreign Exchange Reserves of Pakistan,TS_GP_EXT_PAKRES_M.Z00040,FX Reserves with Banks,31-Mar-72,14,Million USD,Normal,
Gold and Foreign Exchange Reserves of Pakistan,TS_GP_EXT_PAKRES_M.Z00040,FX Reserves with Banks,30-Apr-72,17,Million USD,Normal,
Gold and Foreign Exchange Reserves of Pakistan,TS_GP_EXT_PAKRES_M.Z00040,FX Reserves with Banks,31-May-72,21,Million USD,Normal,
Gold and Foreign Exchange Reserves of Pakistan,TS_GP_EXT_PAKRES_M.Z00040,FX Reserves with Banks,30-Jun-72,14,Million USD,Normal,
Gold and Foreign Exchange Reserves of Pakistan,TS_GP_EXT_PAKRES_M.Z00040,FX Reserves with Banks,31-Jul-72,11,Million USD,Normal,
Gold and Foreign Exchange Reserves of Pakistan,TS_GP_EXT_PAKRES_M.Z00040,FX Reserves with Banks,31-Aug-72,6,Million USD,Normal,
Gold and Foreign Exchange Reserves of Pakistan,TS_GP_EXT_PAKRES_M.Z00040,FX Reserves with Banks,30-Sep-72,8,Million USD,Normal,
Gold and Foreign Exchange Reserves of Pakistan,TS_GP_EXT_PAKRES_M.Z00040,FX Reserves with Banks,31-Oct-72,5,Million USD,Normal,
Gold and Foreign Exchange Reserves of Pakistan,TS_GP_EXT_PAKRES_M.Z00040,FX Reserves with Banks,30-Nov-72,7,Million USD,Normal,
Gold and Foreign Exchange Reserves of Pakistan,TS_GP_EXT_PAKRES_M.Z00040,FX Reserves with Banks,31-Dec-72,1,Million USD,Normal,
Gold and Foreign Exchange Reserves of Pakistan,TS_GP_EXT_PAKRES_M.Z00040,FX Reserves with Banks,31-Jan-73,3,Million USD,Normal,
Gold and Foreign Exchange Reserves of Pakistan,TS_GP_EXT_PAKRES_M.Z00040,FX Reserves with Banks,28-Feb-73,11,Million USD,Normal,
Gold and Foreign Exchange Reserves of Pakistan,TS_GP_EXT_PAKRES_M.Z00040,FX Reserves with Banks,31-Mar-73,7,Million USD,Normal,
Gold and Foreign Exchange Reserves of Pakistan,TS_GP_EXT_PAKRES_M.Z00040,FX Reserves with Banks,30-Apr-73,5,Million USD,Normal,
Gold and Foreign Exchange Reserves of Pakistan,TS_GP_EXT_PAKRES_M.Z00040,FX Reserves with Banks,31-May-73,3,Million USD,Normal,
Gold and Foreign Exchange Reserves of Pakistan,TS_GP_EXT_PAKRES_M.Z00040,FX Reserves with Banks,30-Jun-73,3,Million USD,Normal,
Gold and Foreign Exchange Reserves of Pakistan,TS_GP_EXT_PAKRES_M.Z00040,FX Reserves with Banks,31-Jul-73,10,Million USD,Normal,
Gold and Foreign Exchange Reserves of Pakistan,TS_GP_EXT_PAKRES_M.Z00040,FX Reserves with Banks,31-Aug-73,5,Million USD,Normal,
Gold and Foreign Exchange Reserves of Pakistan,TS_GP_EXT_PAKRES_M.Z00040,FX Reserves with Banks,30-Sep-73,12,Million USD,Normal,
Gold and Foreign Exchange Reserves of Pakistan,TS_GP_EXT_PAKRES_M.Z00040,FX Reserves with Banks,31-Oct-73,17,Million USD,Normal,
Gold and Foreign Exchange Reserves of Pakistan,TS_GP_EXT_PAKRES_M.Z00040,FX Reserves with Banks,30-Nov-73,13,Million USD,Normal,
Gold and Foreign Exchange Reserves of Pakistan,TS_GP_EXT_PAKRES_M.Z00040,FX Reserves with Banks,31-Dec-73,16,Million USD,Normal,
Gold and Foreign Exchange Reserves of Pakistan,TS_GP_EXT_PAKRES_M.Z00040,FX Reserves with Banks,31-Jan-74,18,Million USD,Normal,
Gold and Foreign Exchange Reserves of Pakistan,TS_GP_EXT_PAKRES_M.Z00040,FX Reserves with Banks,28-Feb-74,7,Million USD,Normal,
Gold and Foreign Exchange Reserves of Pakistan,TS_GP_EXT_PAKRES_M.Z00040,FX Reserves with Banks,31-Mar-74,9,Million USD,Normal,
Gold and Foreign Exchange Reserves of Pakistan,TS_GP_EXT_PAKRES_M.Z00040,FX Reserves with Banks,30-Apr-74,15,Million USD,Normal,
Gold and Foreign Exchange Reserves of Pakistan,TS_GP_EXT_PAKRES_M.Z00040,FX Reserves with Banks,31-May-74,25,Million USD,Normal,
Gold and Foreign Exchange Reserves of Pakistan,TS_GP_EXT_PAKRES_M.Z00040,FX Reserves with Banks,30-Jun-74,31,Million USD,Normal,
Gold and Foreign Exchange Reserves of Pakistan,TS_GP_EXT_PAKRES_M.Z00040,FX Reserves with Banks,31-Jul-74,30,Million USD,Normal,
Gold and Foreign Exchange Reserves of Pakistan,TS_GP_EXT_PAKRES_M.Z00040,FX Reserves with Banks,31-Aug-74,27,Million USD,Normal,
Gold and Foreign Exchange Reserves of Pakistan,TS_GP_EXT_PAKRES_M.Z00040,FX Reserves with Banks,30-Sep-74,20,Million USD,Normal,
Gold and Foreign Exchange Reserves of Pakistan,TS_GP_EXT_PAKRES_M.Z00040,FX Reserves with Banks,31-Oct-74,19,Million USD,Normal,
Gold and Foreign Exchange Reserves of Pakistan,TS_GP_EXT_PAKRES_M.Z00040,FX Reserves with Banks,30-Nov-74,24,Million USD,Normal,
Gold and Foreign Exchange Reserves of Pakistan,TS_GP_EXT_PAKRES_M.Z00040,FX Reserves with Banks,31-Dec-74,29,Million USD,Normal,
Gold and Foreign Exchange Reserves of Pakistan,TS_GP_EXT_PAKRES_M.Z00040,FX Reserves with Banks,31-Jan-75,20,Million USD,Normal,
Gold and Foreign Exchange Reserves of Pakistan,TS_GP_EXT_PAKRES_M.Z00040,FX Reserves with Banks,28-Feb-75,9,Million USD,Normal,
Gold and Foreign Exchange Reserves of Pakistan,TS_GP_EXT_PAKRES_M.Z00040,FX Reserves with Banks,31-Mar-75,17,Million USD,Normal,
Gold and Foreign Exchange Reserves of Pakistan,TS_GP_EXT_PAKRES_M.Z00040,FX Reserves with Banks,30-Apr-75,5,Million USD,Normal,
Gold and Foreign Exchange Reserves of Pakistan,TS_GP_EXT_PAKRES_M.Z00040,FX Reserves with Banks,31-May-75,27,Million USD,Normal,
Gold and Foreign Exchange Reserves of Pakistan,TS_GP_EXT_PAKRES_M.Z00040,FX Reserves with Banks,30-Jun-75,15,Million USD,Normal,
Gold and Foreign Exchange Reserves of Pakistan,TS_GP_EXT_PAKRES_M.Z00040,FX Reserves with Banks,31-Jul-75,11,Million USD,Normal,
Gold and Foreign Exchange Reserves of Pakistan,TS_GP_EXT_PAKRES_M.Z00040,FX Reserves with Banks,31-Aug-75,2,Million USD,Normal,
Gold and Foreign Exchange Reserves of Pakistan,TS_GP_EXT_PAKRES_M.Z00040,FX Reserves with Banks,30-Sep-75,-10,Million USD,Normal,
Gold and Foreign Exchange Reserves of Pakistan,TS_GP_EXT_PAKRES_M.Z00040,FX Reserves with Banks,31-Oct-75,16,Million USD,Normal,
Gold and Foreign Exchange Reserves of Pakistan,TS_GP_EXT_PAKRES_M.Z00040,FX Reserves with Banks,30-Nov-75,27,Million USD,Normal,
Gold and Foreign Exchange Reserves of Pakistan,TS_GP_EXT_PAKRES_M.Z00040,FX Reserves with Banks,31-Dec-75,33,Million USD,Normal,
Gold and Foreign Exchange Reserves of Pakistan,TS_GP_EXT_PAKRES_M.Z00040,FX Reserves with Banks,31-Jan-76,21,Million USD,Normal,
Gold and Foreign Exchange Reserves of Pakistan,TS_GP_EXT_PAKRES_M.Z00040,FX Reserves with Banks,29-Feb-76,5,Million USD,Normal,
Gold and Foreign Exchange Reserves of Pakistan,TS_GP_EXT_PAKRES_M.Z00040,FX Reserves with Banks,31-Mar-76,7,Million USD,Normal,
Gold and Foreign Exchange Reserves of Pakistan,TS_GP_EXT_PAKRES_M.Z00040,FX Reserves with Banks,30-Apr-76,15,Million USD,Normal,
Gold and Foreign Exchange Reserves of Pakistan,TS_GP_EXT_PAKRES_M.Z00040,FX Reserves with Banks,31-May-76,18,Million USD,Normal,
Gold and Foreign Exchange Reserves of Pakistan,TS_GP_EXT_PAKRES_M.Z00040,FX Reserves with Banks,30-Jun-76,12,Million USD,Normal,
Gold and Foreign Exchange Reserves of Pakistan,TS_GP_EXT_PAKRES_M.Z00040,FX Reserves with Banks,31-Jul-76,-3,Million USD,Normal,
Gold and Foreign Exchange Reserves of Pakistan,TS_GP_EXT_PAKRES_M.Z00040,FX Reserves with Banks,31-Aug-76,14,Million USD,Normal,
Gold and Foreign Exchange Reserves of Pakistan,TS_GP_EXT_PAKRES_M.Z00040,FX Reserves with Banks,30-Sep-76,10,Million USD,Normal,
Gold and Foreign Exchange Reserves of Pakistan,TS_GP_EXT_PAKRES_M.Z00040,FX Reserves with Banks,31-Oct-76,1,Million USD,Normal,
Gold and Foreign Exchange Reserves of Pakistan,TS_GP_EXT_PAKRES_M.Z00040,FX Reserves with Banks,30-Nov-76,-4,Million USD,Normal,
Gold and Foreign Exchange Reserves of Pakistan,TS_GP_EXT_PAKRES_M.Z00040,FX Reserves with Banks,31-Dec-76,-4,Million USD,Normal,
Gold and Foreign Exchange Reserves of Pakistan,TS_GP_EXT_PAKRES_M.Z00040,FX Reserves with Banks,31-Jan-77,-7,Million USD,Normal,
Gold and Foreign Exchange Reserves of Pakistan,TS_GP_EXT_PAKRES_M.Z00040,FX Reserves with Banks,28-Feb-77,3,Million USD,Normal,
Gold and Foreign Exchange Reserves of Pakistan,TS_GP_EXT_PAKRES_M.Z00040,FX Reserves with Banks,31-Mar-77,-2,Million USD,Normal,
Gold and Foreign Exchange Reserves of Pakistan,TS_GP_EXT_PAKRES_M.Z00040,FX Reserves with Banks,30-Apr-77,5,Million USD,Normal,
Gold and Foreign Exchange Reserves of Pakistan,TS_GP_EXT_PAKRES_M.Z00040,FX Reserves with Banks,31-May-77,5,Million USD,Normal,
Gold and Foreign Exchange Reserves of Pakistan,TS_GP_EXT_PAKRES_M.Z00040,FX Reserves with Banks,30-Jun-77,6,Million USD,Normal,
Gold and Foreign Exchange Reserves of Pakistan,TS_GP_EXT_PAKRES_M.Z00040,FX Reserves with Banks,31-Jul-77,12,Million USD,Normal,
Gold and Foreign Exchange Reserves of Pakistan,TS_GP_EXT_PAKRES_M.Z00040,FX Reserves with Banks,31-Aug-77,20,Million USD,Normal,
Gold and Foreign Exchange Reserves of Pakistan,TS_GP_EXT_PAKRES_M.Z00040,FX Reserves with Banks,30-Sep-77,12,Million USD,Normal,
Gold and Foreign Exchange Reserves of Pakistan,TS_GP_EXT_PAKRES_M.Z00040,FX Reserves with Banks,31-Oct-77,20,Million USD,Normal,
Gold and Foreign Exchange Reserves of Pakistan,TS_GP_EXT_PAKRES_M.Z00040,FX Reserves with Banks,30-Nov-77,14,Million USD,Normal,
Gold and Foreign Exchange Reserves of Pakistan,TS_GP_EXT_PAKRES_M.Z00040,FX Reserves with Banks,31-Dec-77,29,Million USD,Normal,
Gold and Foreign Exchange Reserves of Pakistan,TS_GP_EXT_PAKRES_M.Z00040,FX Reserves with Banks,31-Jan-78,9,Million USD,Normal,
Gold and Foreign Exchange Reserves of Pakistan,TS_GP_EXT_PAKRES_M.Z00040,FX Reserves with Banks,28-Feb-78,-8,Million USD,Normal,
Gold and Foreign Exchange Reserves of Pakistan,TS_GP_EXT_PAKRES_M.Z00040,FX Reserves with Banks,31-Mar-78,-4,Million USD,Normal,
Gold and Foreign Exchange Reserves of Pakistan,TS_GP_EXT_PAKRES_M.Z00040,FX Reserves with Banks,30-Apr-78,7,Million USD,Normal,
Gold and Foreign Exchange Reserves of Pakistan,TS_GP_EXT_PAKRES_M.Z00040,FX Reserves with Banks,31-May-78,19,Million USD,Normal,
Gold and Foreign Exchange Reserves of Pakistan,TS_GP_EXT_PAKRES_M.Z00040,FX Reserves with Banks,30-Jun-78,12,Million USD,Normal,
Gold and Foreign Exchange Reserves of Pakistan,TS_GP_EXT_PAKRES_M.Z00040,FX Reserves with Banks,31-Jul-78,11,Million USD,Normal,
Gold and Foreign Exchange Reserves of Pakistan,TS_GP_EXT_PAKRES_M.Z00040,FX Reserves with Banks,31-Aug-78,15,Million USD,Normal,
Gold and Foreign Exchange Reserves of Pakistan,TS_GP_EXT_PAKRES_M.Z00040,FX Reserves with Banks,30-Sep-78,14,Million USD,Normal,
Gold and Foreign Exchange Reserves of Pakistan,TS_GP_EXT_PAKRES_M.Z00040,FX Reserves with Banks,31-Oct-78,14,Million USD,Normal,
Gold and Foreign Exchange Reserves of Pakistan,TS_GP_EXT_PAKRES_M.Z00040,FX Reserves with Banks,30-Nov-78,19,Million USD,Normal,
Gold and Foreign Exchange Reserves of Pakistan,TS_GP_EXT_PAKRES_M.Z00040,FX Reserves with Banks,31-Dec-78,34,Million USD,Normal,
Gold and Foreign Exchange Reserves of Pakistan,TS_GP_EXT_PAKRES_M.Z00040,FX Reserves with Banks,31-Jan-79,34,Million USD,Normal,
Gold and Foreign Exchange Reserves of Pakistan,TS_GP_EXT_PAKRES_M.Z00040,FX Reserves with Banks,28-Feb-79,25,Million USD,Normal,
Gold and Foreign Exchange Reserves of Pakistan,TS_GP_EXT_PAKRES_M.Z00040,FX Reserves with Banks,31-Mar-79,29,Million USD,Normal,
Gold and Foreign Exchange Reserves of Pakistan,TS_GP_EXT_PAKRES_M.Z00040,FX Reserves with Banks,30-Apr-79,17,Million USD,Normal,
Gold and Foreign Exchange Reserves of Pakistan,TS_GP_EXT_PAKRES_M.Z00040,FX Reserves with Banks,31-May-79,30,Million USD,Normal,
Gold and Foreign Exchange Reserves of Pakistan,TS_GP_EXT_PAKRES_M.Z00040,FX Reserves with Banks,30-Jun-79,42,Million USD,Normal,
Gold and Foreign Exchange Reserves of Pakistan,TS_GP_EXT_PAKRES_M.Z00040,FX Reserves with Banks,31-Jul-79,73,Million USD,Normal,
Gold and Foreign Exchange Reserves of Pakistan,TS_GP_EXT_PAKRES_M.Z00040,FX Reserves with Banks,31-Aug-79,63,Million USD,Normal,
Gold and Foreign Exchange Reserves of Pakistan,TS_GP_EXT_PAKRES_M.Z00040,FX Reserves with Banks,30-Sep-79,40,Million USD,Normal,
Gold and Foreign Exchange Reserves of Pakistan,TS_GP_EXT_PAKRES_M.Z00040,FX Reserves with Banks,31-Oct-79,36,Million USD,Normal,
Gold and Foreign Exchange Reserves of Pakistan,TS_GP_EXT_PAKRES_M.Z00040,FX Reserves with Banks,30-Nov-79,43,Million USD,Normal,
Gold and Foreign Exchange Reserves of Pakistan,TS_GP_EXT_PAKRES_M.Z00040,FX Reserves with Banks,31-Dec-79,54,Million USD,Normal,
Gold and Foreign Exchange Reserves of Pakistan,TS_GP_EXT_PAKRES_M.Z00040,FX Reserves with Banks,31-Jan-80,59,Million USD,Normal,
Gold and Foreign Exchange Reserves of Pakistan,TS_GP_EXT_PAKRES_M.Z00040,FX Reserves with Banks,29-Feb-80,39,Million USD,Normal,
Gold and Foreign Exchange Reserves of Pakistan,TS_GP_EXT_PAKRES_M.Z00040,FX Reserves with Banks,31-Mar-80,26,Million USD,Normal,
Gold and Foreign Exchange Reserves of Pakistan,TS_GP_EXT_PAKRES_M.Z00040,FX Reserves with Banks,30-Apr-80,50,Million USD,Normal,
Gold and Foreign Exchange Reserves of Pakistan,TS_GP_EXT_PAKRES_M.Z00040,FX Reserves with Banks,31-May-80,67,Million USD,Normal,
Gold and Foreign Exchange Reserves of Pakistan,TS_GP_EXT_PAKRES_M.Z00040,FX Reserves with Banks,30-Jun-80,45,Million USD,Normal,
Gold and Foreign Exchange Reserves of Pakistan,TS_GP_EXT_PAKRES_M.Z00040,FX Reserves with Banks,31-Jul-80,91,Million USD,Normal,
Gold and Foreign Exchange Reserves of Pakistan,TS_GP_EXT_PAKRES_M.Z00040,FX Reserves with Banks,31-Aug-80,87,Million USD,Normal,
Gold and Foreign Exchange Reserves of Pakistan,TS_GP_EXT_PAKRES_M.Z00040,FX Reserves with Banks,30-Sep-80,101,Million USD,Normal,
Gold and Foreign Exchange Reserves of Pakistan,TS_GP_EXT_PAKRES_M.Z00040,FX Reserves with Banks,31-Oct-80,111,Million USD,Normal,
Gold and Foreign Exchange Reserves of Pakistan,TS_GP_EXT_PAKRES_M.Z00040,FX Reserves with Banks,30-Nov-80,113,Million USD,Normal,
Gold and Foreign Exchange Reserves of Pakistan,TS_GP_EXT_PAKRES_M.Z00040,FX Reserves with Banks,31-Dec-80,140,Million USD,Normal,
Gold and Foreign Exchange Reserves of Pakistan,TS_GP_EXT_PAKRES_M.Z00040,FX Reserves with Banks,31-Jan-81,83,Million USD,Normal,
Gold and Foreign Exchange Reserves of Pakistan,TS_GP_EXT_PAKRES_M.Z00040,FX Reserves with Banks,28-Feb-81,84,Million USD,Normal,
Gold and Foreign Exchange Reserves of Pakistan,TS_GP_EXT_PAKRES_M.Z00040,FX Reserves with Banks,31-Mar-81,76,Million USD,Normal,
Gold and Foreign Exchange Reserves of Pakistan,TS_GP_EXT_PAKRES_M.Z00040,FX Reserves with Banks,30-Apr-81,64,Million USD,Normal,
Gold and Foreign Exchange Reserves of Pakistan,TS_GP_EXT_PAKRES_M.Z00040,FX Reserves with Banks,31-May-81,77,Million USD,Normal,
Gold and Foreign Exchange Reserves of Pakistan,TS_GP_EXT_PAKRES_M.Z00040,FX Reserves with Banks,30-Jun-81,42,Million USD,Normal,
Gold and Foreign Exchange Reserves of Pakistan,TS_GP_EXT_PAKRES_M.Z00040,FX Reserves with Banks,31-Jul-81,80,Million USD,Normal,
Gold and Foreign Exchange Reserves of Pakistan,TS_GP_EXT_PAKRES_M.Z00040,FX Reserves with Banks,31-Aug-81,84,Million USD,Normal,
Gold and Foreign Exchange Reserves of Pakistan,TS_GP_EXT_PAKRES_M.Z00040,FX Reserves with Banks,30-Sep-81,96,Million USD,Normal,
Gold and Foreign Exchange Reserves of Pakistan,TS_GP_EXT_PAKRES_M.Z00040,FX Reserves with Banks,31-Oct-81,85,Million USD,Normal,
Gold and Foreign Exchange Reserves of Pakistan,TS_GP_EXT_PAKRES_M.Z00040,FX Reserves with Banks,30-Nov-81,73,Million USD,Normal,
Gold and Foreign Exchange Reserves of Pakistan,TS_GP_EXT_PAKRES_M.Z00040,FX Reserves with Banks,31-Dec-81,83,Million USD,Normal,
Gold and Foreign Exchange Reserves of Pakistan,TS_GP_EXT_PAKRES_M.Z00040,FX Reserves with Banks,31-Jan-82,71,Million USD,Normal,
Gold and Foreign Exchange Reserves of Pakistan,TS_GP_EXT_PAKRES_M.Z00040,FX Reserves with Banks,28-Feb-82,78,Million USD,Normal,
Gold and Foreign Exchange Reserves of Pakistan,TS_GP_EXT_PAKRES_M.Z00040,FX Reserves with Banks,31-Mar-82,69,Million USD,Normal,
Gold and Foreign Exchange Reserves of Pakistan,TS_GP_EXT_PAKRES_M.Z00040,FX Reserves with Banks,30-Apr-82,54,Million USD,Normal,
Gold and Foreign Exchange Reserves of Pakistan,TS_GP_EXT_PAKRES_M.Z00040,FX Reserves with Banks,31-May-82,69,Million USD,Normal,
Gold and Foreign Exchange Reserves of Pakistan,TS_GP_EXT_PAKRES_M.Z00040,FX Reserves with Banks,30-Jun-82,55,Million USD,Normal,
Gold and Foreign Exchange Reserves of Pakistan,TS_GP_EXT_PAKRES_M.Z00040,FX Reserves with Banks,31-Jul-82,79,Million USD,Normal,
Gold and Foreign Exchange Reserves of Pakistan,TS_GP_EXT_PAKRES_M.Z00040,FX Reserves with Banks,31-Aug-82,56,Million USD,Normal,
Gold and Foreign Exchange Reserves of Pakistan,TS_GP_EXT_PAKRES_M.Z00040,FX Reserves with Banks,30-Sep-82,62,Million USD,Normal,
Gold and Foreign Exchange Reserves of Pakistan,TS_GP_EXT_PAKRES_M.Z00040,FX Reserves with Banks,31-Oct-82,100,Million USD,Normal,
Gold and Foreign Exchange Reserves of Pakistan,TS_GP_EXT_PAKRES_M.Z00040,FX Reserves with Banks,30-Nov-82,65,Million USD,Normal,
Gold and Foreign Exchange Reserves of Pakistan,TS_GP_EXT_PAKRES_M.Z00040,FX Reserves with Banks,31-Dec-82,73,Million USD,Normal,
Gold and Foreign Exchange Reserves of Pakistan,TS_GP_EXT_PAKRES_M.Z00040,FX Reserves with Banks,31-Jan-83,75,Million USD,Normal,
Gold and Foreign Exchange Reserves of Pakistan,TS_GP_EXT_PAKRES_M.Z00040,FX Reserves with Banks,28-Feb-83,78,Million USD,Normal,
Gold and Foreign Exchange Reserves of Pakistan,TS_GP_EXT_PAKRES_M.Z00040,FX Reserves with Banks,31-Mar-83,106,Million USD,Normal,
Gold and Foreign Exchange Reserves of Pakistan,TS_GP_EXT_PAKRES_M.Z00040,FX Reserves with Banks,30-Apr-83,120,Million USD,Normal,
Gold and Foreign Exchange Reserves of Pakistan,TS_GP_EXT_PAKRES_M.Z00040,FX Reserves with Banks,31-May-83,119,Million USD,Normal,
Gold and Foreign Exchange Reserves of Pakistan,TS_GP_EXT_PAKRES_M.Z00040,FX Reserves with Banks,30-Jun-83,126,Million USD,Normal,
Gold and Foreign Exchange Reserves of Pakistan,TS_GP_EXT_PAKRES_M.Z00040,FX Reserves with Banks,31-Jul-83,139,Million USD,Normal,
Gold and Foreign Exchange Reserves of Pakistan,TS_GP_EXT_PAKRES_M.Z00040,FX Reserves with Banks,31-Aug-83,142,Million USD,Normal,
Gold and Foreign Exchange Reserves of Pakistan,TS_GP_EXT_PAKRES_M.Z00040,FX Reserves with Banks,30-Sep-83,162,Million USD,Normal,
Gold and Foreign Exchange Reserves of Pakistan,TS_GP_EXT_PAKRES_M.Z00040,FX Reserves with Banks,31-Oct-83,130,Million USD,Normal,
Gold and Foreign Exchange Reserves of Pakistan,TS_GP_EXT_PAKRES_M.Z00040,FX Reserves with Banks,30-Nov-83,148,Million USD,Normal,
Gold and Foreign Exchange Reserves of Pakistan,TS_GP_EXT_PAKRES_M.Z00040,FX Reserves with Banks,31-Dec-83,132,Million USD,Normal,
Gold and Foreign Exchange Reserves of Pakistan,TS_GP_EXT_PAKRES_M.Z00040,FX Reserves with Banks,31-Jan-84,133,Million USD,Normal,
Gold and Foreign Exchange Reserves of Pakistan,TS_GP_EXT_PAKRES_M.Z00040,FX Reserves with Banks,29-Feb-84,151,Million USD,Normal,
Gold and Foreign Exchange Reserves of Pakistan,TS_GP_EXT_PAKRES_M.Z00040,FX Reserves with Banks,31-Mar-84,165,Million USD,Normal,
Gold and Foreign Exchange Reserves of Pakistan,TS_GP_EXT_PAKRES_M.Z00040,FX Reserves with Banks,30-Apr-84,153,Million USD,Normal,
Gold and Foreign Exchange Reserves of Pakistan,TS_GP_EXT_PAKRES_M.Z00040,FX Reserves with Banks,31-May-84,173,Million USD,Normal,
Gold and Foreign Exchange Reserves of Pakistan,TS_GP_EXT_PAKRES_M.Z00040,FX Reserves with Banks,30-Jun-84,171,Million USD,Normal,
Gold and Foreign Exchange Reserves of Pakistan,TS_GP_EXT_PAKRES_M.Z00040,FX Reserves with Banks,31-Jul-84,162,Million USD,Normal,
Gold and Foreign Exchange Reserves of Pakistan,TS_GP_EXT_PAKRES_M.Z00040,FX Reserves with Banks,31-Aug-84,167,Million USD,Normal,
Gold and Foreign Exchange Reserves of Pakistan,TS_GP_EXT_PAKRES_M.Z00040,FX Reserves with Banks,30-Sep-84,149,Million USD,Normal,
Gold and Foreign Exchange Reserves of Pakistan,TS_GP_EXT_PAKRES_M.Z00040,FX Reserves with Banks,31-Oct-84,153,Million USD,Normal,
Gold and Foreign Exchange Reserves of Pakistan,TS_GP_EXT_PAKRES_M.Z00040,FX Reserves with Banks,30-Nov-84,134,Million USD,Normal,
Gold and Foreign Exchange Reserves of Pakistan,TS_GP_EXT_PAKRES_M.Z00040,FX Reserves with Banks,31-Dec-84,161,Million USD,Normal,
Gold and Foreign Exchange Reserves of Pakistan,TS_GP_EXT_PAKRES_M.Z00040,FX Reserves with Banks,31-Jan-85,135,Million USD,Normal,
Gold and Foreign Exchange Reserves of Pakistan,TS_GP_EXT_PAKRES_M.Z00040,FX Reserves with Banks,28-Feb-85,55,Million USD,Normal,
Gold and Foreign Exchange Reserves of Pakistan,TS_GP_EXT_PAKRES_M.Z00040,FX Reserves with Banks,31-Mar-85,45,Million USD,Normal,
Gold and Foreign Exchange Reserves of Pakistan,TS_GP_EXT_PAKRES_M.Z00040,FX Reserves with Banks,30-Apr-85,58,Million USD,Normal,
Gold and Foreign Exchange Reserves of Pakistan,TS_GP_EXT_PAKRES_M.Z00040,FX Reserves with Banks,31-May-85,67,Million USD,Normal,
Gold and Foreign Exchange Reserves of Pakistan,TS_GP_EXT_PAKRES_M.Z00040,FX Reserves with Banks,30-Jun-85,41,Million USD,Normal,
Gold and Foreign Exchange Reserves of Pakistan,TS_GP_EXT_PAKRES_M.Z00040,FX Reserves with Banks,31-Jul-85,70,Million USD,Normal,
Gold and Foreign Exchange Reserves of Pakistan,TS_GP_EXT_PAKRES_M.Z00040,FX Reserves with Banks,31-Aug-85,64,Million USD,Normal,
Gold and Foreign Exchange Reserves of Pakistan,TS_GP_EXT_PAKRES_M.Z00040,FX Reserves with Banks,30-Sep-85,57,Million USD,Normal,
Gold and Foreign Exchange Reserves of Pakistan,TS_GP_EXT_PAKRES_M.Z00040,FX Reserves with Banks,31-Oct-85,107,Million USD,Normal,
Gold and Foreign Exchange Reserves of Pakistan,TS_GP_EXT_PAKRES_M.Z00040,FX Reserves with Banks,30-Nov-85,113,Million USD,Normal,
Gold and Foreign Exchange Reserves of Pakistan,TS_GP_EXT_PAKRES_M.Z00040,FX Reserves with Banks,31-Dec-85,57,Million USD,Normal,
Gold and Foreign Exchange Reserves of Pakistan,TS_GP_EXT_PAKRES_M.Z00040,FX Reserves with Banks,31-Jan-86,71,Million USD,Normal,
Gold and Foreign Exchange Reserves of Pakistan,TS_GP_EXT_PAKRES_M.Z00040,FX Reserves with Banks,28-Feb-86,77,Million USD,Normal,
Gold and Foreign Exchange Reserves of Pakistan,TS_GP_EXT_PAKRES_M.Z00040,FX Reserves with Banks,31-Mar-86,97,Million USD,Normal,
Gold and Foreign Exchange Reserves of Pakistan,TS_GP_EXT_PAKRES_M.Z00040,FX Reserves with Banks,30-Apr-86,64,Million USD,Normal,
Gold and Foreign Exchange Reserves of Pakistan,TS_GP_EXT_PAKRES_M.Z00040,FX Reserves with Banks,31-May-86,101,Million USD,Normal,
Gold and Foreign Exchange Reserves of Pakistan,TS_GP_EXT_PAKRES_M.Z00040,FX Reserves with Banks,30-Jun-86,90,Million USD,Normal,
Gold and Foreign Exchange Reserves of Pakistan,TS_GP_EXT_PAKRES_M.Z00040,FX Reserves with Banks,31-Jul-86,51,Million USD,Normal,
Gold and Foreign Exchange Reserves of Pakistan,TS_GP_EXT_PAKRES_M.Z00040,FX Reserves with Banks,31-Aug-86,89,Million USD,Normal,
Gold and Foreign Exchange Reserves of Pakistan,TS_GP_EXT_PAKRES_M.Z00040,FX Reserves with Banks,30-Sep-86,71,Million USD,Normal,
Gold and Foreign Exchange Reserves of Pakistan,TS_GP_EXT_PAKRES_M.Z00040,FX Reserves with Banks,31-Oct-86,75,Million USD,Normal,
Gold and Foreign Exchange Reserves of Pakistan,TS_GP_EXT_PAKRES_M.Z00040,FX Reserves with Banks,30-Nov-86,78,Million USD,Normal,
Gold and Foreign Exchange Reserves of Pakistan,TS_GP_EXT_PAKRES_M.Z00040,FX Reserves with Banks,31-Dec-86,79,Million USD,Normal,
Gold and Foreign Exchange Reserves of Pakistan,TS_GP_EXT_PAKRES_M.Z00040,FX Reserves with Banks,31-Jan-87,31,Million USD,Normal,
Gold and Foreign Exchange Reserves of Pakistan,TS_GP_EXT_PAKRES_M.Z00040,FX Reserves with Banks,28-Feb-87,63,Million USD,Normal,
Gold and Foreign Exchange Reserves of Pakistan,TS_GP_EXT_PAKRES_M.Z00040,FX Reserves with Banks,31-Mar-87,67,Million USD,Normal,
Gold and Foreign Exchange Reserves of Pakistan,TS_GP_EXT_PAKRES_M.Z00040,FX Reserves with Banks,30-Apr-87,46,Million USD,Normal,
Gold and Foreign Exchange Reserves of Pakistan,TS_GP_EXT_PAKRES_M.Z00040,FX Reserves with Banks,31-May-87,52,Million USD,Normal,
Gold and Foreign Exchange Reserves of Pakistan,TS_GP_EXT_PAKRES_M.Z00040,FX Reserves with Banks,30-Jun-87,49,Million USD,Normal,
Gold and Foreign Exchange Reserves of Pakistan,TS_GP_EXT_PAKRES_M.Z00040,FX Reserves with Banks,31-Jul-87,68,Million USD,Normal,
Gold and Foreign Exchange Reserves of Pakistan,TS_GP_EXT_PAKRES_M.Z00040,FX Reserves with Banks,31-Aug-87,44,Million USD,Normal,
Gold and Foreign Exchange Reserves of Pakistan,TS_GP_EXT_PAKRES_M.Z00040,FX Reserves with Banks,30-Sep-87,35,Million USD,Normal,
Gold and Foreign Exchange Reserves of Pakistan,TS_GP_EXT_PAKRES_M.Z00040,FX Reserves with Banks,31-Oct-87,39,Million USD,Normal,
Gold and Foreign Exchange Reserves of Pakistan,TS_GP_EXT_PAKRES_M.Z00040,FX Reserves with Banks,30-Nov-87,35,Million USD,Normal,
Gold and Foreign Exchange Reserves of Pakistan,TS_GP_EXT_PAKRES_M.Z00040,FX Reserves with Banks,31-Dec-87,44,Million USD,Normal,
Gold and Foreign Exchange Reserves of Pakistan,TS_GP_EXT_PAKRES_M.Z00040,FX Reserves with Banks,31-Jan-88,30,Million USD,Normal,
Gold and Foreign Exchange Reserves of Pakistan,TS_GP_EXT_PAKRES_M.Z00040,FX Reserves with Banks,29-Feb-88,19,Million USD,Normal,
Gold and Foreign Exchange Reserves of Pakistan,TS_GP_EXT_PAKRES_M.Z00040,FX Reserves with Banks,31-Mar-88,24,Million USD,Normal,
Gold and Foreign Exchange Reserves of Pakistan,TS_GP_EXT_PAKRES_M.Z00040,FX Reserves with Banks,30-Apr-88,24,Million USD,Normal,
Gold and Foreign Exchange Reserves of Pakistan,TS_GP_EXT_PAKRES_M.Z00040,FX Reserves with Banks,31-May-88,46,Million USD,Normal,
Gold and Foreign Exchange Reserves of Pakistan,TS_GP_EXT_PAKRES_M.Z00040,FX Reserves with Banks,30-Jun-88,41,Million USD,Normal,
Gold and Foreign Exchange Reserves of Pakistan,TS_GP_EXT_PAKRES_M.Z00040,FX Reserves with Banks,31-Jul-88,59,Million USD,Normal,
Gold and Foreign Exchange Reserves of Pakistan,TS_GP_EXT_PAKRES_M.Z00040,FX Reserves with Banks,31-Aug-88,64,Million USD,Normal,
Gold and Foreign Exchange Reserves of Pakistan,TS_GP_EXT_PAKRES_M.Z00040,FX Reserves with Banks,30-Sep-88,45,Million USD,Normal,
Gold and Foreign Exchange Reserves of Pakistan,TS_GP_EXT_PAKRES_M.Z00040,FX Reserves with Banks,31-Oct-88,65,Million USD,Normal,
Gold and Foreign Exchange Reserves of Pakistan,TS_GP_EXT_PAKRES_M.Z00040,FX Reserves with Banks,30-Nov-88,76,Million USD,Normal,
Gold and Foreign Exchange Reserves of Pakistan,TS_GP_EXT_PAKRES_M.Z00040,FX Reserves with Banks,31-Dec-88,111,Million USD,Normal,
Gold and Foreign Exchange Reserves of Pakistan,TS_GP_EXT_PAKRES_M.Z00040,FX Reserves with Banks,31-Jan-89,65,Million USD,Normal,
Gold and Foreign Exchange Reserves of Pakistan,TS_GP_EXT_PAKRES_M.Z00040,FX Reserves with Banks,28-Feb-89,45,Million USD,Normal,
Gold and Foreign Exchange Reserves of Pakistan,TS_GP_EXT_PAKRES_M.Z00040,FX Reserves with Banks,31-Mar-89,74,Million USD,Normal,
Gold and Foreign Exchange Reserves of Pakistan,TS_GP_EXT_PAKRES_M.Z00040,FX Reserves with Banks,30-Apr-89,71,Million USD,Normal,
Gold and Foreign Exchange Reserves of Pakistan,TS_GP_EXT_PAKRES_M.Z00040,FX Reserves with Banks,31-May-89,67,Million USD,Normal,
Gold and Foreign Exchange Reserves of Pakistan,TS_GP_EXT_PAKRES_M.Z00040,FX Reserves with Banks,30-Jun-89,43,Million USD,Normal,
Gold and Foreign Exchange Reserves of Pakistan,TS_GP_EXT_PAKRES_M.Z00040,FX Reserves with Banks,31-Jul-89,90,Million USD,Normal,
Gold and Foreign Exchange Reserves of Pakistan,TS_GP_EXT_PAKRES_M.Z00040,FX Reserves with Banks,31-Aug-89,65,Million USD,Normal,
Gold and Foreign Exchange Reserves of Pakistan,TS_GP_EXT_PAKRES_M.Z00040,FX Reserves with Banks,30-Sep-89,65,Million USD,Normal,
Gold and Foreign Exchange Reserves of Pakistan,TS_GP_EXT_PAKRES_M.Z00040,FX Reserves with Banks,31-Oct-89,90,Million USD,Normal,
Gold and Foreign Exchange Reserves of Pakistan,TS_GP_EXT_PAKRES_M.Z00040,FX Reserves with Banks,30-Nov-89,96,Million USD,Normal,
Gold and Foreign Exchange Reserves of Pakistan,TS_GP_EXT_PAKRES_M.Z00040,FX Reserves with Banks,31-Dec-89,64,Million USD,Normal,
Gold and Foreign Exchange Reserves of Pakistan,TS_GP_EXT_PAKRES_M.Z00040,FX Reserves with Banks,31-Jan-90,80,Million USD,Normal,
Gold and Foreign Exchange Reserves of Pakistan,TS_GP_EXT_PAKRES_M.Z00040,FX Reserves with Banks,28-Feb-90,111,Million USD,Normal,
Gold and Foreign Exchange Reserves of Pakistan,TS_GP_EXT_PAKRES_M.Z00040,FX Reserves with Banks,31-Mar-90,64,Million USD,Normal,
Gold and Foreign Exchange Reserves of Pakistan,TS_GP_EXT_PAKRES_M.Z00040,FX Reserves with Banks,30-Apr-90,66,Million USD,Normal,
Gold and Foreign Exchange Reserves of Pakistan,TS_GP_EXT_PAKRES_M.Z00040,FX Reserves with Banks,31-May-90,60,Million USD,Normal,
Gold and Foreign Exchange Reserves of Pakistan,TS_GP_EXT_PAKRES_M.Z00040,FX Reserves with Banks,30-Jun-90,144,Million USD,Normal,
Gold and Foreign Exchange Reserves of Pakistan,TS_GP_EXT_PAKRES_M.Z00040,FX Reserves with Banks,31-Jul-90,99,Million USD,Normal,
Gold and Foreign Exchange Reserves of Pakistan,TS_GP_EXT_PAKRES_M.Z00040,FX Reserves with Banks,31-Aug-90,96,Million USD,Normal,
Gold and Foreign Exchange Reserves of Pakistan,TS_GP_EXT_PAKRES_M.Z00040,FX Reserves with Banks,30-Sep-90,71,Million USD,Normal,
Gold and Foreign Exchange Reserves of Pakistan,TS_GP_EXT_PAKRES_M.Z00040,FX Reserves with Banks,31-Oct-90,108,Million USD,Normal,
Gold and Foreign Exchange Reserves of Pakistan,TS_GP_EXT_PAKRES_M.Z00040,FX Reserves with Banks,30-Nov-90,110,Million USD,Normal,
Gold and Foreign Exchange Reserves of Pakistan,TS_GP_EXT_PAKRES_M.Z00040,FX Reserves with Banks,31-Dec-90,84,Million USD,Normal,
Gold and Foreign Exchange Reserves of Pakistan,TS_GP_EXT_PAKRES_M.Z00040,FX Reserves with Banks,31-Jan-91,110,Million USD,Normal,
Gold and Foreign Exchange Reserves of Pakistan,TS_GP_EXT_PAKRES_M.Z00040,FX Reserves with Banks,28-Feb-91,66,Million USD,Normal,
Gold and Foreign Exchange Reserves of Pakistan,TS_GP_EXT_PAKRES_M.Z00040,FX Reserves with Banks,31-Mar-91,86,Million USD,Normal,
Gold and Foreign Exchange Reserves of Pakistan,TS_GP_EXT_PAKRES_M.Z00040,FX Reserves with Banks,30-Apr-91,94,Million USD,Normal,
Gold and Foreign Exchange Reserves of Pakistan,TS_GP_EXT_PAKRES_M.Z00040,FX Reserves with Banks,31-May-91,126,Million USD,Normal,
Gold and Foreign Exchange Reserves of Pakistan,TS_GP_EXT_PAKRES_M.Z00040,FX Reserves with Banks,30-Jun-91,102,Million USD,Normal,
Gold and Foreign Exchange Reserves of Pakistan,TS_GP_EXT_PAKRES_M.Z00040,FX Reserves with Banks,31-Jul-91,119,Million USD,Normal,
Gold and Foreign Exchange Reserves of Pakistan,TS_GP_EXT_PAKRES_M.Z00040,FX Reserves with Banks,31-Aug-91,100,Million USD,Normal,
Gold and Foreign Exchange Reserves of Pakistan,TS_GP_EXT_PAKRES_M.Z00040,FX Reserves with Banks,30-Sep-91,70,Million USD,Normal,
Gold and Foreign Exchange Reserves of Pakistan,TS_GP_EXT_PAKRES_M.Z00040,FX Reserves with Banks,31-Oct-91,63,Million USD,Normal,
Gold and Foreign Exchange Reserves of Pakistan,TS_GP_EXT_PAKRES_M.Z00040,FX Reserves with Banks,30-Nov-91,73,Million USD,Normal,
Gold and Foreign Exchange Reserves of Pakistan,TS_GP_EXT_PAKRES_M.Z00040,FX Reserves with Banks,31-Dec-91,84,Million USD,Normal,
Gold and Foreign Exchange Reserves of Pakistan,TS_GP_EXT_PAKRES_M.Z00040,FX Reserves with Banks,31-Jan-92,63,Million USD,Normal,
Gold and Foreign Exchange Reserves of Pakistan,TS_GP_EXT_PAKRES_M.Z00040,FX Reserves with Banks,29-Feb-92,22,Million USD,Normal,
Gold and Foreign Exchange Reserves of Pakistan,TS_GP_EXT_PAKRES_M.Z00040,FX Reserves with Banks,31-Mar-92,-41,Million USD,Normal,
Gold and Foreign Exchange Reserves of Pakistan,TS_GP_EXT_PAKRES_M.Z00040,FX Reserves with Banks,30-Apr-92,-22,Million USD,Normal,
Gold and Foreign Exchange Reserves of Pakistan,TS_GP_EXT_PAKRES_M.Z00040,FX Reserves with Banks,31-May-92,78,Million USD,Normal,
Gold and Foreign Exchange Reserves of Pakistan,TS_GP_EXT_PAKRES_M.Z00040,FX Reserves with Banks,30-Jun-92,31,Million USD,Normal,
Gold and Foreign Exchange Reserves of Pakistan,TS_GP_EXT_PAKRES_M.Z00040,FX Reserves with Banks,31-Jul-92,123,Million USD,Normal,
Gold and Foreign Exchange Reserves of Pakistan,TS_GP_EXT_PAKRES_M.Z00040,FX Reserves with Banks,31-Aug-92,63,Million USD,Normal,
Gold and Foreign Exchange Reserves of Pakistan,TS_GP_EXT_PAKRES_M.Z00040,FX Reserves with Banks,30-Sep-92,23,Million USD,Normal,
Gold and Foreign Exchange Reserves of Pakistan,TS_GP_EXT_PAKRES_M.Z00040,FX Reserves with Banks,31-Oct-92,123,Million USD,Normal,
Gold and Foreign Exchange Reserves of Pakistan,TS_GP_EXT_PAKRES_M.Z00040,FX Reserves with Banks,30-Nov-92,82,Million USD,Normal,
Gold and Foreign Exchange Reserves of Pakistan,TS_GP_EXT_PAKRES_M.Z00040,FX Reserves with Banks,31-Dec-92,106,Million USD,Normal,
Gold and Foreign Exchange Reserves of Pakistan,TS_GP_EXT_PAKRES_M.Z00040,FX Reserves with Banks,31-Jan-93,71,Million USD,Normal,
Gold and Foreign Exchange Reserves of Pakistan,TS_GP_EXT_PAKRES_M.Z00040,FX Reserves with Banks,28-Feb-93,40,Million USD,Normal,
Gold and Foreign Exchange Reserves of Pakistan,TS_GP_EXT_PAKRES_M.Z00040,FX Reserves with Banks,31-Mar-93,105,Million USD,Normal,
Gold and Foreign Exchange Reserves of Pakistan,TS_GP_EXT_PAKRES_M.Z00040,FX Reserves with Banks,30-Apr-93,58,Million USD,Normal,
Gold and Foreign Exchange Reserves of Pakistan,TS_GP_EXT_PAKRES_M.Z00040,FX Reserves with Banks,31-May-93,95,Million USD,Normal,
Gold and Foreign Exchange Reserves of Pakistan,TS_GP_EXT_PAKRES_M.Z00040,FX Reserves with Banks,30-Jun-93,135,Million USD,Normal,
Gold and Foreign Exchange Reserves of Pakistan,TS_GP_EXT_PAKRES_M.Z00040,FX Reserves with Banks,31-Jul-93,95,Million USD,Normal,
Gold and Foreign Exchange Reserves of Pakistan,TS_GP_EXT_PAKRES_M.Z00040,FX Reserves with Banks,31-Aug-93,26,Million USD,Normal,
Gold and Foreign Exchange Reserves of Pakistan,TS_GP_EXT_PAKRES_M.Z00040,FX Reserves with Banks,30-Sep-93,196,Million USD,Normal,
Gold and Foreign Exchange Reserves of Pakistan,TS_GP_EXT_PAKRES_M.Z00040,FX Reserves with Banks,31-Oct-93,207,Million USD,Normal,
Gold and Foreign Exchange Reserves of Pakistan,TS_GP_EXT_PAKRES_M.Z00040,FX Reserves with Banks,30-Nov-93,169,Million USD,Normal,
Gold and Foreign Exchange Reserves of Pakistan,TS_GP_EXT_PAKRES_M.Z00040,FX Reserves with Banks,31-Dec-93,179,Million USD,Normal,
Gold and Foreign Exchange Reserves of Pakistan,TS_GP_EXT_PAKRES_M.Z00040,FX Reserves with Banks,31-Jan-94,183,Million USD,Normal,
Gold and Foreign Exchange Reserves of Pakistan,TS_GP_EXT_PAKRES_M.Z00040,FX Reserves with Banks,28-Feb-94,242,Million USD,Normal,
Gold and Foreign Exchange Reserves of Pakistan,TS_GP_EXT_PAKRES_M.Z00040,FX Reserves with Banks,31-Mar-94,166,Million USD,Normal,
Gold and Foreign Exchange Reserves of Pakistan,TS_GP_EXT_PAKRES_M.Z00040,FX Reserves with Banks,30-Apr-94,146,Million USD,Normal,
Gold and Foreign Exchange Reserves of Pakistan,TS_GP_EXT_PAKRES_M.Z00040,FX Reserves with Banks,31-May-94,153,Million USD,Normal,
Gold and Foreign Exchange Reserves of Pakistan,TS_GP_EXT_PAKRES_M.Z00040,FX Reserves with Banks,30-Jun-94,239,Million USD,Normal,
Gold and Foreign Exchange Reserves of Pakistan,TS_GP_EXT_PAKRES_M.Z00040,FX Reserves with Banks,31-Jul-94,356,Million USD,Normal,
Gold and Foreign Exchange Reserves of Pakistan,TS_GP_EXT_PAKRES_M.Z00040,FX Reserves with Banks,31-Aug-94,398,Million USD,Normal,
Gold and Foreign Exchange Reserves of Pakistan,TS_GP_EXT_PAKRES_M.Z00040,FX Reserves with Banks,30-Sep-94,442,Million USD,Normal,
Gold and Foreign Exchange Reserves of Pakistan,TS_GP_EXT_PAKRES_M.Z00040,FX Reserves with Banks,31-Oct-94,448,Million USD,Normal,
Gold and Foreign Exchange Reserves of Pakistan,TS_GP_EXT_PAKRES_M.Z00040,FX Reserves with Banks,30-Nov-94,363,Million USD,Normal,
Gold and Foreign Exchange Reserves of Pakistan,TS_GP_EXT_PAKRES_M.Z00040,FX Reserves with Banks,31-Dec-94,439,Million USD,Normal,
Gold and Foreign Exchange Reserves of Pakistan,TS_GP_EXT_PAKRES_M.Z00040,FX Reserves with Banks,31-Jan-95,372,Million USD,Normal,
Gold and Foreign Exchange Reserves of Pakistan,TS_GP_EXT_PAKRES_M.Z00040,FX Reserves with Banks,28-Feb-95,370,Million USD,Normal,
Gold and Foreign Exchange Reserves of Pakistan,TS_GP_EXT_PAKRES_M.Z00040,FX Reserves with Banks,31-Mar-95,414,Million USD,Normal,
Gold and Foreign Exchange Reserves of Pakistan,TS_GP_EXT_PAKRES_M.Z00040,FX Reserves with Banks,30-Apr-95,401,Million USD,Normal,
Gold and Foreign Exchange Reserves of Pakistan,TS_GP_EXT_PAKRES_M.Z00040,FX Reserves with Banks,31-May-95,356,Million USD,Normal,
Gold and Foreign Exchange Reserves of Pakistan,TS_GP_EXT_PAKRES_M.Z00040,FX Reserves with Banks,30-Jun-95,192,Million USD,Normal,
Gold and Foreign Exchange Reserves of Pakistan,TS_GP_EXT_PAKRES_M.Z00040,FX Reserves with Banks,31-Jul-95,221,Million USD,Normal,
Gold and Foreign Exchange Reserves of Pakistan,TS_GP_EXT_PAKRES_M.Z00040,FX Reserves with Banks,31-Aug-95,220,Million USD,Normal,
Gold and Foreign Exchange Reserves of Pakistan,TS_GP_EXT_PAKRES_M.Z00040,FX Reserves with Banks,30-Sep-95,225,Million USD,Normal,
Gold and Foreign Exchange Reserves of Pakistan,TS_GP_EXT_PAKRES_M.Z00040,FX Reserves with Banks,31-Oct-95,378,Million USD,Normal,
Gold and Foreign Exchange Reserves of Pakistan,TS_GP_EXT_PAKRES_M.Z00040,FX Reserves with Banks,30-Nov-95,229,Million USD,Normal,
Gold and Foreign Exchange Reserves of Pakistan,TS_GP_EXT_PAKRES_M.Z00040,FX Reserves with Banks,31-Dec-95,244,Million USD,Normal,
Gold and Foreign Exchange Reserves of Pakistan,TS_GP_EXT_PAKRES_M.Z00040,FX Reserves with Banks,31-Jan-96,169,Million USD,Normal,
Gold and Foreign Exchange Reserves of Pakistan,TS_GP_EXT_PAKRES_M.Z00040,FX Reserves with Banks,29-Feb-96,318,Million USD,Normal,
Gold and Foreign Exchange Reserves of Pakistan,TS_GP_EXT_PAKRES_M.Z00040,FX Reserves with Banks,31-Mar-96,297,Million USD,Normal,
Gold and Foreign Exchange Reserves of Pakistan,TS_GP_EXT_PAKRES_M.Z00040,FX Reserves with Banks,30-Apr-96,327,Million USD,Normal,
Gold and Foreign Exchange Reserves of Pakistan,TS_GP_EXT_PAKRES_M.Z00040,FX Reserves with Banks,31-May-96,327,Million USD,Normal,
Gold and Foreign Exchange Reserves of Pakistan,TS_GP_EXT_PAKRES_M.Z00040,FX Reserves with Banks,30-Jun-96,410,Million USD,Normal,
Gold and Foreign Exchange Reserves of Pakistan,TS_GP_EXT_PAKRES_M.Z00040,FX Reserves with Banks,31-Jul-96,352,Million USD,Normal,
Gold and Foreign Exchange Reserves of Pakistan,TS_GP_EXT_PAKRES_M.Z00040,FX Reserves with Banks,31-Aug-96,386,Million USD,Normal,
Gold and Foreign Exchange Reserves of Pakistan,TS_GP_EXT_PAKRES_M.Z00040,FX Reserves with Banks,30-Sep-96,318,Million USD,Normal,
Gold and Foreign Exchange Reserves of Pakistan,TS_GP_EXT_PAKRES_M.Z00040,FX Reserves with Banks,31-Oct-96,429,Million USD,Normal,
Gold and Foreign Exchange Reserves of Pakistan,TS_GP_EXT_PAKRES_M.Z00040,FX Reserves with Banks,30-Nov-96,331,Million USD,Normal,
Gold and Foreign Exchange Reserves of Pakistan,TS_GP_EXT_PAKRES_M.Z00040,FX Reserves with Banks,31-Dec-96,254,Million USD,Normal,
Gold and Foreign Exchange Reserves of Pakistan,TS_GP_EXT_PAKRES_M.Z00040,FX Reserves with Banks,31-Jan-97,165,Million USD,Normal,
Gold and Foreign Exchange Reserves of Pakistan,TS_GP_EXT_PAKRES_M.Z00040,FX Reserves with Banks,28-Feb-97,208,Million USD,Normal,
Gold and Foreign Exchange Reserves of Pakistan,TS_GP_EXT_PAKRES_M.Z00040,FX Reserves with Banks,31-Mar-97,71,Million USD,Normal,
Gold and Foreign Exchange Reserves of Pakistan,TS_GP_EXT_PAKRES_M.Z00040,FX Reserves with Banks,30-Apr-97,71,Million USD,Normal,
Gold and Foreign Exchange Reserves of Pakistan,TS_GP_EXT_PAKRES_M.Z00040,FX Reserves with Banks,31-May-97,147,Million USD,Normal,
Gold and Foreign Exchange Reserves of Pakistan,TS_GP_EXT_PAKRES_M.Z00040,FX Reserves with Banks,30-Jun-97,144,Million USD,Normal,
Gold and Foreign Exchange Reserves of Pakistan,TS_GP_EXT_PAKRES_M.Z00040,FX Reserves with Banks,31-Jul-97,138,Million USD,Normal,
Gold and Foreign Exchange Reserves of Pakistan,TS_GP_EXT_PAKRES_M.Z00040,FX Reserves with Banks,31-Aug-97,127,Million USD,Normal,
Gold and Foreign Exchange Reserves of Pakistan,TS_GP_EXT_PAKRES_M.Z00040,FX Reserves with Banks,30-Sep-97,202,Million USD,Normal,
Gold and Foreign Exchange Reserves of Pakistan,TS_GP_EXT_PAKRES_M.Z00040,FX Reserves with Banks,31-Oct-97,218,Million USD,Normal,
Gold and Foreign Exchange Reserves of Pakistan,TS_GP_EXT_PAKRES_M.Z00040,FX Reserves with Banks,30-Nov-97,250,Million USD,Normal,
Gold and Foreign Exchange Reserves of Pakistan,TS_GP_EXT_PAKRES_M.Z00040,FX Reserves with Banks,31-Dec-97,97,Million USD,Normal,
Gold and Foreign Exchange Reserves of Pakistan,TS_GP_EXT_PAKRES_M.Z00040,FX Reserves with Banks,31-Jan-98,236,Million USD,Normal,
Gold and Foreign Exchange Reserves of Pakistan,TS_GP_EXT_PAKRES_M.Z00040,FX Reserves with Banks,28-Feb-98,272,Million USD,Normal,
Gold and Foreign Exchange Reserves of Pakistan,TS_GP_EXT_PAKRES_M.Z00040,FX Reserves with Banks,31-Mar-98,202,Million USD,Normal,
Gold and Foreign Exchange Reserves of Pakistan,TS_GP_EXT_PAKRES_M.Z00040,FX Reserves with Banks,30-Apr-98,178,Million USD,Normal,
Gold and Foreign Exchange Reserves of Pakistan,TS_GP_EXT_PAKRES_M.Z00040,FX Reserves with Banks,31-May-98,92,Million USD,Normal,
Gold and Foreign Exchange Reserves of Pakistan,TS_GP_EXT_PAKRES_M.Z00040,FX Reserves with Banks,30-Jun-98,190,Million USD,Normal,
Gold and Foreign Exchange Reserves of Pakistan,TS_GP_EXT_PAKRES_M.Z00040,FX Reserves with Banks,31-Jul-98,328,Million USD,Normal,
Gold and Foreign Exchange Reserves of Pakistan,TS_GP_EXT_PAKRES_M.Z00040,FX Reserves with Banks,31-Aug-98,337,Million USD,Normal,
Gold and Foreign Exchange Reserves of Pakistan,TS_GP_EXT_PAKRES_M.Z00040,FX Reserves with Banks,30-Sep-98,277,Million USD,Normal,
Gold and Foreign Exchange Reserves of Pakistan,TS_GP_EXT_PAKRES_M.Z00040,FX Reserves with Banks,31-Oct-98,330,Million USD,Normal,
Gold and Foreign Exchange Reserves of Pakistan,TS_GP_EXT_PAKRES_M.Z00040,FX Reserves with Banks,30-Nov-98,285,Million USD,Normal,
Gold and Foreign Exchange Reserves of Pakistan,TS_GP_EXT_PAKRES_M.Z00040,FX Reserves with Banks,31-Dec-98,273,Million USD,Normal,
Gold and Foreign Exchange Reserves of Pakistan,TS_GP_EXT_PAKRES_M.Z00040,FX Reserves with Banks,31-Jan-99,335,Million USD,Normal,
Gold and Foreign Exchange Reserves of Pakistan,TS_GP_EXT_PAKRES_M.Z00040,FX Reserves with Banks,28-Feb-99,414,Million USD,Normal,
Gold and Foreign Exchange Reserves of Pakistan,TS_GP_EXT_PAKRES_M.Z00040,FX Reserves with Banks,31-Mar-99,510,Million USD,Normal,
Gold and Foreign Exchange Reserves of Pakistan,TS_GP_EXT_PAKRES_M.Z00040,FX Reserves with Banks,30-Apr-99,557,Million USD,Normal,
Gold and Foreign Exchange Reserves of Pakistan,TS_GP_EXT_PAKRES_M.Z00040,FX Reserves with Banks,31-May-99,688,Million USD,Normal,
Gold and Foreign Exchange Reserves of Pakistan,TS_GP_EXT_PAKRES_M.Z00040,FX Reserves with Banks,30-Jun-99,705,Million USD,Normal,
Gold and Foreign Exchange Reserves of Pakistan,TS_GP_EXT_PAKRES_M.Z00040,FX Reserves with Banks,31-Jul-99,779,Million USD,Normal,
Gold and Foreign Exchange Reserves of Pakistan,TS_GP_EXT_PAKRES_M.Z00040,FX Reserves with Banks,31-Aug-99,771,Million USD,Normal,
Gold and Foreign Exchange Reserves of Pakistan,TS_GP_EXT_PAKRES_M.Z00040,FX Reserves with Banks,30-Sep-99,854,Million USD,Normal,
Gold and Foreign Exchange Reserves of Pakistan,TS_GP_EXT_PAKRES_M.Z00040,FX Reserves with Banks,31-Oct-99,859,Million USD,Normal,
Gold and Foreign Exchange Reserves of Pakistan,TS_GP_EXT_PAKRES_M.Z00040,FX Reserves with Banks,30-Nov-99,810,Million USD,Normal,
Gold and Foreign Exchange Reserves of Pakistan,TS_GP_EXT_PAKRES_M.Z00040,FX Reserves with Banks,31-Dec-99,866,Million USD,Normal,
Gold and Foreign Exchange Reserves of Pakistan,TS_GP_EXT_PAKRES_M.Z00040,FX Reserves with Banks,31-Jan-00,861,Million USD,Normal,
Gold and Foreign Exchange Reserves of Pakistan,TS_GP_EXT_PAKRES_M.Z00040,FX Reserves with Banks,29-Feb-00,926,Million USD,Normal,
Gold and Foreign Exchange Reserves of Pakistan,TS_GP_EXT_PAKRES_M.Z00040,FX Reserves with Banks,31-Mar-00,964,Million USD,Normal,
Gold and Foreign Exchange Reserves of Pakistan,TS_GP_EXT_PAKRES_M.Z00040,FX Reserves with Banks,30-Apr-00,961,Million USD,Normal,
Gold and Foreign Exchange Reserves of Pakistan,TS_GP_EXT_PAKRES_M.Z00040,FX Reserves with Banks,31-May-00,984,Million USD,Normal,
Gold and Foreign Exchange Reserves of Pakistan,TS_GP_EXT_PAKRES_M.Z00040,FX Reserves with Banks,30-Jun-00,1166,Million USD,Normal,
Gold and Foreign Exchange Reserves of Pakistan,TS_GP_EXT_PAKRES_M.Z00040,FX Reserves with Banks,31-Jul-00,1238,Million USD,Normal,
Gold and Foreign Exchange Reserves of Pakistan,TS_GP_EXT_PAKRES_M.Z00040,FX Reserves with Banks,31-Aug-00,1269,Million USD,Normal,
Gold and Foreign Exchange Reserves of Pakistan,TS_GP_EXT_PAKRES_M.Z00040,FX Reserves with Banks,30-Sep-00,1192,Million USD,Normal,
Gold and Foreign Exchange Reserves of Pakistan,TS_GP_EXT_PAKRES_M.Z00040,FX Reserves with Banks,31-Oct-00,1243,Million USD,Normal,
Gold and Foreign Exchange Reserves of Pakistan,TS_GP_EXT_PAKRES_M.Z00040,FX Reserves with Banks,30-Nov-00,1158,Million USD,Normal,
Gold and Foreign Exchange Reserves of Pakistan,TS_GP_EXT_PAKRES_M.Z00040,FX Reserves with Banks,31-Dec-00,1135,Million USD,Normal,
Gold and Foreign Exchange Reserves of Pakistan,TS_GP_EXT_PAKRES_M.Z00040,FX Reserves with Banks,31-Jan-01,1215,Million USD,Normal,
Gold and Foreign Exchange Reserves of Pakistan,TS_GP_EXT_PAKRES_M.Z00040,FX Reserves with Banks,28-Feb-01,1263,Million USD,Normal,
Gold and Foreign Exchange Reserves of Pakistan,TS_GP_EXT_PAKRES_M.Z00040,FX Reserves with Banks,31-Mar-01,1468,Million USD,Normal,
Gold and Foreign Exchange Reserves of Pakistan,TS_GP_EXT_PAKRES_M.Z00040,FX Reserves with Banks,30-Apr-01,1536,Million USD,Normal,
Gold and Foreign Exchange Reserves of Pakistan,TS_GP_EXT_PAKRES_M.Z00040,FX Reserves with Banks,31-May-01,1500,Million USD,Normal,
Gold and Foreign Exchange Reserves of Pakistan,TS_GP_EXT_PAKRES_M.Z00040,FX Reserves with Banks,30-Jun-01,1555,Million USD,Normal,
Gold and Foreign Exchange Reserves of Pakistan,TS_GP_EXT_PAKRES_M.Z00040,FX Reserves with Banks,31-Jul-01,1553,Million USD,Normal,
Gold and Foreign Exchange Reserves of Pakistan,TS_GP_EXT_PAKRES_M.Z00040,FX Reserves with Banks,31-Aug-01,1655,Million USD,Normal,
Gold and Foreign Exchange Reserves of Pakistan,TS_GP_EXT_PAKRES_M.Z00040,FX Reserves with Banks,30-Sep-01,1666,Million USD,Normal,
Gold and Foreign Exchange Reserves of Pakistan,TS_GP_EXT_PAKRES_M.Z00040,FX Reserves with Banks,31-Oct-01,1673,Million USD,Normal,
Gold and Foreign Exchange Reserves of Pakistan,TS_GP_EXT_PAKRES_M.Z00040,FX Reserves with Banks,30-Nov-01,1692,Million USD,Normal,
Gold and Foreign Exchange Reserves of Pakistan,TS_GP_EXT_PAKRES_M.Z00040,FX Reserves with Banks,31-Dec-01,1754,Million USD,Normal,
Gold and Foreign Exchange Reserves of Pakistan,TS_GP_EXT_PAKRES_M.Z00040,FX Reserves with Banks,31-Jan-02,1827,Million USD,Normal,
Gold and Foreign Exchange Reserves of Pakistan,TS_GP_EXT_PAKRES_M.Z00040,FX Reserves with Banks,28-Feb-02,1896,Million USD,Normal,
Gold and Foreign Exchange Reserves of Pakistan,TS_GP_EXT_PAKRES_M.Z00040,FX Reserves with Banks,31-Mar-02,1749,Million USD,Normal,
Gold and Foreign Exchange Reserves of Pakistan,TS_GP_EXT_PAKRES_M.Z00040,FX Reserves with Banks,30-Apr-02,1927,Million USD,Normal,
Gold and Foreign Exchange Reserves of Pakistan,TS_GP_EXT_PAKRES_M.Z00040,FX Reserves with Banks,31-May-02,1922,Million USD,Normal,
Gold and Foreign Exchange Reserves of Pakistan,TS_GP_EXT_PAKRES_M.Z00040,FX Reserves with Banks,30-Jun-02,2061,Million USD,Normal,
Gold and Foreign Exchange Reserves of Pakistan,TS_GP_EXT_PAKRES_M.Z00040,FX Reserves with Banks,31-Jul-02,2043,Million USD,Normal,
Gold and Foreign Exchange Reserves of Pakistan,TS_GP_EXT_PAKRES_M.Z00040,FX Reserves with Banks,31-Aug-02,2083,Million USD,Normal,
Gold and Foreign Exchange Reserves of Pakistan,TS_GP_EXT_PAKRES_M.Z00040,FX Reserves with Banks,30-Sep-02,2241,Million USD,Normal,
Gold and Foreign Exchange Reserves of Pakistan,TS_GP_EXT_PAKRES_M.Z00040,FX Reserves with Banks,31-Oct-02,1982,Million USD,Normal,
Gold and Foreign Exchange Reserves of Pakistan,TS_GP_EXT_PAKRES_M.Z00040,FX Reserves with Banks,30-Nov-02,2102,Million USD,Normal,
Gold and Foreign Exchange Reserves of Pakistan,TS_GP_EXT_PAKRES_M.Z00040,FX Reserves with Banks,31-Dec-02,1516,Million USD,Normal,
Gold and Foreign Exchange Reserves of Pakistan,TS_GP_EXT_PAKRES_M.Z00040,FX Reserves with Banks,31-Jan-03,1228,Million USD,Normal,
Gold and Foreign Exchange Reserves of Pakistan,TS_GP_EXT_PAKRES_M.Z00040,FX Reserves with Banks,28-Feb-03,1013,Million USD,Normal,
Gold and Foreign Exchange Reserves of Pakistan,TS_GP_EXT_PAKRES_M.Z00040,FX Reserves with Banks,31-Mar-03,1029,Million USD,Normal,
Gold and Foreign Exchange Reserves of Pakistan,TS_GP_EXT_PAKRES_M.Z00040,FX Reserves with Banks,30-Apr-03,1094,Million USD,Normal,
Gold and Foreign Exchange Reserves of Pakistan,TS_GP_EXT_PAKRES_M.Z00040,FX Reserves with Banks,31-May-03,1174,Million USD,Normal,
Gold and Foreign Exchange Reserves of Pakistan,TS_GP_EXT_PAKRES_M.Z00040,FX Reserves with Banks,30-Jun-03,1218,Million USD,Normal,
Gold and Foreign Exchange Reserves of Pakistan,TS_GP_EXT_PAKRES_M.Z00040,FX Reserves with Banks,31-Jul-03,1308,Million USD,Normal,
Gold and Foreign Exchange Reserves of Pakistan,TS_GP_EXT_PAKRES_M.Z00040,FX Reserves with Banks,31-Aug-03,1426,Million USD,Normal,
Gold and Foreign Exchange Reserves of Pakistan,TS_GP_EXT_PAKRES_M.Z00040,FX Reserves with Banks,30-Sep-03,1363,Million USD,Normal,
Gold and Foreign Exchange Reserves of Pakistan,TS_GP_EXT_PAKRES_M.Z00040,FX Reserves with Banks,31-Oct-03,1459,Million USD,Normal,
Gold and Foreign Exchange Reserves of Pakistan,TS_GP_EXT_PAKRES_M.Z00040,FX Reserves with Banks,30-Nov-03,1367,Million USD,Normal,
Gold and Foreign Exchange Reserves of Pakistan,TS_GP_EXT_PAKRES_M.Z00040,FX Reserves with Banks,31-Dec-03,1314,Million USD,Normal,
Gold and Foreign Exchange Reserves of Pakistan,TS_GP_EXT_PAKRES_M.Z00040,FX Reserves with Banks,31-Jan-04,1413,Million USD,Normal,
Gold and Foreign Exchange Reserves of Pakistan,TS_GP_EXT_PAKRES_M.Z00040,FX Reserves with Banks,29-Feb-04,1547,Million USD,Normal,
Gold and Foreign Exchange Reserves of Pakistan,TS_GP_EXT_PAKRES_M.Z00040,FX Reserves with Banks,31-Mar-04,1499,Million USD,Normal,
Gold and Foreign Exchange Reserves of Pakistan,TS_GP_EXT_PAKRES_M.Z00040,FX Reserves with Banks,30-Apr-04,1513,Million USD,Normal,
Gold and Foreign Exchange Reserves of Pakistan,TS_GP_EXT_PAKRES_M.Z00040,FX Reserves with Banks,31-May-04,1873,Million USD,Normal,
Gold and Foreign Exchange Reserves of Pakistan,TS_GP_EXT_PAKRES_M.Z00040,FX Reserves with Banks,30-Jun-04,1760,Million USD,Normal,
Gold and Foreign Exchange Reserves of Pakistan,TS_GP_EXT_PAKRES_M.Z00040,FX Reserves with Banks,31-Jul-04,2016,Million USD,Normal,
Gold and Foreign Exchange Reserves of Pakistan,TS_GP_EXT_PAKRES_M.Z00040,FX Reserves with Banks,31-Aug-04,2090,Million USD,Normal,
Gold and Foreign Exchange Reserves of Pakistan,TS_GP_EXT_PAKRES_M.Z00040,FX Reserves with Banks,30-Sep-04,2144,Million USD,Normal,
Gold and Foreign Exchange Reserves of Pakistan,TS_GP_EXT_PAKRES_M.Z00040,FX Reserves with Banks,31-Oct-04,2444,Million USD,Normal,
Gold and Foreign Exchange Reserves of Pakistan,TS_GP_EXT_PAKRES_M.Z00040,FX Reserves with Banks,30-Nov-04,2739,Million USD,Normal,
Gold and Foreign Exchange Reserves of Pakistan,TS_GP_EXT_PAKRES_M.Z00040,FX Reserves with Banks,31-Dec-04,2959,Million USD,Normal,
Gold and Foreign Exchange Reserves of Pakistan,TS_GP_EXT_PAKRES_M.Z00040,FX Reserves with Banks,31-Jan-05,2690,Million USD,Normal,
Gold and Foreign Exchange Reserves of Pakistan,TS_GP_EXT_PAKRES_M.Z00040,FX Reserves with Banks,28-Feb-05,3066,Million USD,Normal,
Gold and Foreign Exchange Reserves of Pakistan,TS_GP_EXT_PAKRES_M.Z00040,FX Reserves with Banks,31-Mar-05,2792,Million USD,Normal,
Gold and Foreign Exchange Reserves of Pakistan,TS_GP_EXT_PAKRES_M.Z00040,FX Reserves with Banks,30-Apr-05,2807,Million USD,Normal,
Gold and Foreign Exchange Reserves of Pakistan,TS_GP_EXT_PAKRES_M.Z00040,FX Reserves with Banks,31-May-05,2424,Million USD,Normal,
Gold and Foreign Exchange Reserves of Pakistan,TS_GP_EXT_PAKRES_M.Z00040,FX Reserves with Banks,30-Jun-05,2616,Million USD,Normal,
Gold and Foreign Exchange Reserves of Pakistan,TS_GP_EXT_PAKRES_M.Z00040,FX Reserves with Banks,31-Jul-05,2590,Million USD,Normal,
Gold and Foreign Exchange Reserves of Pakistan,TS_GP_EXT_PAKRES_M.Z00040,FX Reserves with Banks,31-Aug-05,2355,Million USD,Normal,
Gold and Foreign Exchange Reserves of Pakistan,TS_GP_EXT_PAKRES_M.Z00040,FX Reserves with Banks,30-Sep-05,2164,Million USD,Normal,
Gold and Foreign Exchange Reserves of Pakistan,TS_GP_EXT_PAKRES_M.Z00040,FX Reserves with Banks,31-Oct-05,2129,Million USD,Normal,
Gold and Foreign Exchange Reserves of Pakistan,TS_GP_EXT_PAKRES_M.Z00040,FX Reserves with Banks,30-Nov-05,2037,Million USD,Normal,
Gold and Foreign Exchange Reserves of Pakistan,TS_GP_EXT_PAKRES_M.Z00040,FX Reserves with Banks,31-Dec-05,2121,Million USD,Normal,
Gold and Foreign Exchange Reserves of Pakistan,TS_GP_EXT_PAKRES_M.Z00040,FX Reserves with Banks,31-Jan-06,2115,Million USD,Normal,
Gold and Foreign Exchange Reserves of Pakistan,TS_GP_EXT_PAKRES_M.Z00040,FX Reserves with Banks,28-Feb-06,1845,Million USD,Normal,
Gold and Foreign Exchange Reserves of Pakistan,TS_GP_EXT_PAKRES_M.Z00040,FX Reserves with Banks,31-Mar-06,1921,Million USD,Normal,
Gold and Foreign Exchange Reserves of Pakistan,TS_GP_EXT_PAKRES_M.Z00040,FX Reserves with Banks,30-Apr-06,2326,Million USD,Normal,
Gold and Foreign Exchange Reserves of Pakistan,TS_GP_EXT_PAKRES_M.Z00040,FX Reserves with Banks,31-May-06,1958,Million USD,Normal,
Gold and Foreign Exchange Reserves of Pakistan,TS_GP_EXT_PAKRES_M.Z00040,FX Reserves with Banks,30-Jun-06,2250,Million USD,Normal,
Gold and Foreign Exchange Reserves of Pakistan,TS_GP_EXT_PAKRES_M.Z00040,FX Reserves with Banks,31-Jul-06,1984,Million USD,Normal,
Gold and Foreign Exchange Reserves of Pakistan,TS_GP_EXT_PAKRES_M.Z00040,FX Reserves with Banks,31-Aug-06,1841,Million USD,Normal,
Gold and Foreign Exchange Reserves of Pakistan,TS_GP_EXT_PAKRES_M.Z00040,FX Reserves with Banks,30-Sep-06,1877,Million USD,Normal,
Gold and Foreign Exchange Reserves of Pakistan,TS_GP_EXT_PAKRES_M.Z00040,FX Reserves with Banks,31-Oct-06,1882,Million USD,Normal,
Gold and Foreign Exchange Reserves of Pakistan,TS_GP_EXT_PAKRES_M.Z00040,FX Reserves with Banks,30-Nov-06,1842,Million USD,Normal,
Gold and Foreign Exchange Reserves of Pakistan,TS_GP_EXT_PAKRES_M.Z00040,FX Reserves with Banks,31-Dec-06,2164,Million USD,Normal,
Gold and Foreign Exchange Reserves of Pakistan,TS_GP_EXT_PAKRES_M.Z00040,FX Reserves with Banks,31-Jan-07,2152,Million USD,Normal,
Gold and Foreign Exchange Reserves of Pakistan,TS_GP_EXT_PAKRES_M.Z00040,FX Reserves with Banks,28-Feb-07,2010,Million USD,Normal,
Gold and Foreign Exchange Reserves of Pakistan,TS_GP_EXT_PAKRES_M.Z00040,FX Reserves with Banks,31-Mar-07,2731,Million USD,Normal,
Gold and Foreign Exchange Reserves of Pakistan,TS_GP_EXT_PAKRES_M.Z00040,FX Reserves with Banks,30-Apr-07,2483,Million USD,Normal,
Gold and Foreign Exchange Reserves of Pakistan,TS_GP_EXT_PAKRES_M.Z00040,FX Reserves with Banks,31-May-07,2450,Million USD,Normal,
Gold and Foreign Exchange Reserves of Pakistan,TS_GP_EXT_PAKRES_M.Z00040,FX Reserves with Banks,30-Jun-07,3213,Million USD,Normal,
Gold and Foreign Exchange Reserves of Pakistan,TS_GP_EXT_PAKRES_M.Z00040,FX Reserves with Banks,31-Jul-07,3033,Million USD,Normal,
Gold and Foreign Exchange Reserves of Pakistan,TS_GP_EXT_PAKRES_M.Z00040,FX Reserves with Banks,31-Aug-07,2693,Million USD,Normal,
Gold and Foreign Exchange Reserves of Pakistan,TS_GP_EXT_PAKRES_M.Z00040,FX Reserves with Banks,30-Sep-07,2854,Million USD,Normal,
Gold and Foreign Exchange Reserves of Pakistan,TS_GP_EXT_PAKRES_M.Z00040,FX Reserves with Banks,31-Oct-07,2460,Million USD,Normal,
Gold and Foreign Exchange Reserves of Pakistan,TS_GP_EXT_PAKRES_M.Z00040,FX Reserves with Banks,30-Nov-07,2242,Million USD,Normal,
Gold and Foreign Exchange Reserves of Pakistan,TS_GP_EXT_PAKRES_M.Z00040,FX Reserves with Banks,31-Dec-07,1892,Million USD,Normal,
Gold and Foreign Exchange Reserves of Pakistan,TS_GP_EXT_PAKRES_M.Z00040,FX Reserves with Banks,31-Jan-08,1686,Million USD,Normal,
Gold and Foreign Exchange Reserves of Pakistan,TS_GP_EXT_PAKRES_M.Z00040,FX Reserves with Banks,29-Feb-08,1623,Million USD,Normal,
Gold and Foreign Exchange Reserves of Pakistan,TS_GP_EXT_PAKRES_M.Z00040,FX Reserves with Banks,31-Mar-08,1727,Million USD,Normal,
Gold and Foreign Exchange Reserves of Pakistan,TS_GP_EXT_PAKRES_M.Z00040,FX Reserves with Banks,30-Apr-08,1585,Million USD,Normal,
Gold and Foreign Exchange Reserves of Pakistan,TS_GP_EXT_PAKRES_M.Z00040,FX Reserves with Banks,31-May-08,1745,Million USD,Normal,
Gold and Foreign Exchange Reserves of Pakistan,TS_GP_EXT_PAKRES_M.Z00040,FX Reserves with Banks,30-Jun-08,2765,Million USD,Normal,
Gold and Foreign Exchange Reserves of Pakistan,TS_GP_EXT_PAKRES_M.Z00040,FX Reserves with Banks,31-Jul-08,2806,Million USD,Normal,
Gold and Foreign Exchange Reserves of Pakistan,TS_GP_EXT_PAKRES_M.Z00040,FX Reserves with Banks,31-Aug-08,2714,Million USD,Normal,
Gold and Foreign Exchange Reserves of Pakistan,TS_GP_EXT_PAKRES_M.Z00040,FX Reserves with Banks,30-Sep-08,2521,Million USD,Normal,
Gold and Foreign Exchange Reserves of Pakistan,TS_GP_EXT_PAKRES_M.Z00040,FX Reserves with Banks,31-Oct-08,2433,Million USD,Normal,
Gold and Foreign Exchange Reserves of Pakistan,TS_GP_EXT_PAKRES_M.Z00040,FX Reserves with Banks,30-Nov-08,2612,Million USD,Normal,
Gold and Foreign Exchange Reserves of Pakistan,TS_GP_EXT_PAKRES_M.Z00040,FX Reserves with Banks,31-Dec-08,2612,Million USD,Normal,
Gold and Foreign Exchange Reserves of Pakistan,TS_GP_EXT_PAKRES_M.Z00040,FX Reserves with Banks,31-Jan-09,2808,Million USD,Normal,
Gold and Foreign Exchange Reserves of Pakistan,TS_GP_EXT_PAKRES_M.Z00040,FX Reserves with Banks,28-Feb-09,2683,Million USD,Normal,
Gold and Foreign Exchange Reserves of Pakistan,TS_GP_EXT_PAKRES_M.Z00040,FX Reserves with Banks,31-Mar-09,2673,Million USD,Normal,
Gold and Foreign Exchange Reserves of Pakistan,TS_GP_EXT_PAKRES_M.Z00040,FX Reserves with Banks,30-Apr-09,2754,Million USD,Normal,
Gold and Foreign Exchange Reserves of Pakistan,TS_GP_EXT_PAKRES_M.Z00040,FX Reserves with Banks,31-May-09,2587,Million USD,Normal,
Gold and Foreign Exchange Reserves of Pakistan,TS_GP_EXT_PAKRES_M.Z00040,FX Reserves with Banks,30-Jun-09,2509,Million USD,Normal,
Gold and Foreign Exchange Reserves of Pakistan,TS_GP_EXT_PAKRES_M.Z00040,FX Reserves with Banks,31-Jul-09,2772,Million USD,Normal,
Gold and Foreign Exchange Reserves of Pakistan,TS_GP_EXT_PAKRES_M.Z00040,FX Reserves with Banks,31-Aug-09,2630,Million USD,Normal,
Gold and Foreign Exchange Reserves of Pakistan,TS_GP_EXT_PAKRES_M.Z00040,FX Reserves with Banks,30-Sep-09,2540,Million USD,Normal,
Gold and Foreign Exchange Reserves of Pakistan,TS_GP_EXT_PAKRES_M.Z00040,FX Reserves with Banks,31-Oct-09,2619,Million USD,Normal,
Gold and Foreign Exchange Reserves of Pakistan,TS_GP_EXT_PAKRES_M.Z00040,FX Reserves with Banks,30-Nov-09,2621,Million USD,Normal,
Gold and Foreign Exchange Reserves of Pakistan,TS_GP_EXT_PAKRES_M.Z00040,FX Reserves with Banks,31-Dec-09,2488,Million USD,Normal,
Gold and Foreign Exchange Reserves of Pakistan,TS_GP_EXT_PAKRES_M.Z00040,FX Reserves with Banks,31-Jan-10,2568,Million USD,Normal,
Gold and Foreign Exchange Reserves of Pakistan,TS_GP_EXT_PAKRES_M.Z00040,FX Reserves with Banks,28-Feb-10,2450,Million USD,Normal,
Gold and Foreign Exchange Reserves of Pakistan,TS_GP_EXT_PAKRES_M.Z00040,FX Reserves with Banks,31-Mar-10,2548,Million USD,Normal,
Gold and Foreign Exchange Reserves of Pakistan,TS_GP_EXT_PAKRES_M.Z00040,FX Reserves with Banks,30-Apr-10,2409,Million USD,Normal,
Gold and Foreign Exchange Reserves of Pakistan,TS_GP_EXT_PAKRES_M.Z00040,FX Reserves with Banks,31-May-10,2263,Million USD,Normal,
Gold and Foreign Exchange Reserves of Pakistan,TS_GP_EXT_PAKRES_M.Z00040,FX Reserves with Banks,30-Jun-10,2239,Million USD,Normal,
Gold and Foreign Exchange Reserves of Pakistan,TS_GP_EXT_PAKRES_M.Z00040,FX Reserves with Banks,31-Jul-10,2200,Million USD,Normal,
Gold and Foreign Exchange Reserves of Pakistan,TS_GP_EXT_PAKRES_M.Z00040,FX Reserves with Banks,31-Aug-10,2488,Million USD,Normal,
Gold and Foreign Exchange Reserves of Pakistan,TS_GP_EXT_PAKRES_M.Z00040,FX Reserves with Banks,30-Sep-10,2374,Million USD,Normal,
Gold and Foreign Exchange Reserves of Pakistan,TS_GP_EXT_PAKRES_M.Z00040,FX Reserves with Banks,31-Oct-10,2463,Million USD,Normal,
Gold and Foreign Exchange Reserves of Pakistan,TS_GP_EXT_PAKRES_M.Z00040,FX Reserves with Banks,30-Nov-10,2511,Million USD,Normal,
Gold and Foreign Exchange Reserves of Pakistan,TS_GP_EXT_PAKRES_M.Z00040,FX Reserves with Banks,31-Dec-10,2296,Million USD,Normal,
Gold and Foreign Exchange Reserves of Pakistan,TS_GP_EXT_PAKRES_M.Z00040,FX Reserves with Banks,31-Jan-11,2095,Million USD,Normal,
Gold and Foreign Exchange Reserves of Pakistan,TS_GP_EXT_PAKRES_M.Z00040,FX Reserves with Banks,28-Feb-11,2021,Million USD,Normal,
Gold and Foreign Exchange Reserves of Pakistan,TS_GP_EXT_PAKRES_M.Z00040,FX Reserves with Banks,31-Mar-11,1987,Million USD,Normal,
Gold and Foreign Exchange Reserves of Pakistan,TS_GP_EXT_PAKRES_M.Z00040,FX Reserves with Banks,30-Apr-11,2844,Million USD,Normal,
Gold and Foreign Exchange Reserves of Pakistan,TS_GP_EXT_PAKRES_M.Z00040,FX Reserves with Banks,31-May-11,2200,Million USD,Normal,
Gold and Foreign Exchange Reserves of Pakistan,TS_GP_EXT_PAKRES_M.Z00040,FX Reserves with Banks,30-Jun-11,2163,Million USD,Normal,
Gold and Foreign Exchange Reserves of Pakistan,TS_GP_EXT_PAKRES_M.Z00040,FX Reserves with Banks,31-Jul-11,2140,Million USD,Normal,
Gold and Foreign Exchange Reserves of Pakistan,TS_GP_EXT_PAKRES_M.Z00040,FX Reserves with Banks,31-Aug-11,1935,Million USD,Normal,
Gold and Foreign Exchange Reserves of Pakistan,TS_GP_EXT_PAKRES_M.Z00040,FX Reserves with Banks,30-Sep-11,2114,Million USD,Normal,
Gold and Foreign Exchange Reserves of Pakistan,TS_GP_EXT_PAKRES_M.Z00040,FX Reserves with Banks,31-Oct-11,2676,Million USD,Normal,
Gold and Foreign Exchange Reserves of Pakistan,TS_GP_EXT_PAKRES_M.Z00040,FX Reserves with Banks,30-Nov-11,2311,Million USD,Normal,
Gold and Foreign Exchange Reserves of Pakistan,TS_GP_EXT_PAKRES_M.Z00040,FX Reserves with Banks,31-Dec-11,2380,Million USD,Normal,
Gold and Foreign Exchange Reserves of Pakistan,TS_GP_EXT_PAKRES_M.Z00040,FX Reserves with Banks,31-Jan-12,2575,Million USD,Normal,
Gold and Foreign Exchange Reserves of Pakistan,TS_GP_EXT_PAKRES_M.Z00040,FX Reserves with Banks,29-Feb-12,2490,Million USD,Normal,
Gold and Foreign Exchange Reserves of Pakistan,TS_GP_EXT_PAKRES_M.Z00040,FX Reserves with Banks,31-Mar-12,2428,Million USD,Normal,
Gold and Foreign Exchange Reserves of Pakistan,TS_GP_EXT_PAKRES_M.Z00040,FX Reserves with Banks,30-Apr-12,2177,Million USD,Normal,
Gold and Foreign Exchange Reserves of Pakistan,TS_GP_EXT_PAKRES_M.Z00040,FX Reserves with Banks,31-May-12,2069,Million USD,Normal,
Gold and Foreign Exchange Reserves of Pakistan,TS_GP_EXT_PAKRES_M.Z00040,FX Reserves with Banks,30-Jun-12,2326,Million USD,Normal,
Gold and Foreign Exchange Reserves of Pakistan,TS_GP_EXT_PAKRES_M.Z00040,FX Reserves with Banks,31-Jul-12,2394,Million USD,Normal,
Gold and Foreign Exchange Reserves of Pakistan,TS_GP_EXT_PAKRES_M.Z00040,FX Reserves with Banks,31-Aug-12,2608,Million USD,Normal,
Gold and Foreign Exchange Reserves of Pakistan,TS_GP_EXT_PAKRES_M.Z00040,FX Reserves with Banks,30-Sep-12,2559,Million USD,Normal,
Gold and Foreign Exchange Reserves of Pakistan,TS_GP_EXT_PAKRES_M.Z00040,FX Reserves with Banks,31-Oct-12,2503,Million USD,Normal,
Gold and Foreign Exchange Reserves of Pakistan,TS_GP_EXT_PAKRES_M.Z00040,FX Reserves with Banks,30-Nov-12,2733,Million USD,Normal,
Gold and Foreign Exchange Reserves of Pakistan,TS_GP_EXT_PAKRES_M.Z00040,FX Reserves with Banks,31-Dec-12,2947,Million USD,Normal,
Gold and Foreign Exchange Reserves of Pakistan,TS_GP_EXT_PAKRES_M.Z00040,FX Reserves with Banks,31-Jan-13,2771,Million USD,Normal,
Gold and Foreign Exchange Reserves of Pakistan,TS_GP_EXT_PAKRES_M.Z00040,FX Reserves with Banks,28-Feb-13,2402,Million USD,Normal,
Gold and Foreign Exchange Reserves of Pakistan,TS_GP_EXT_PAKRES_M.Z00040,FX Reserves with Banks,31-Mar-13,2499,Million USD,Normal,
Gold and Foreign Exchange Reserves of Pakistan,TS_GP_EXT_PAKRES_M.Z00040,FX Reserves with Banks,30-Apr-13,2737,Million USD,Normal,
Gold and Foreign Exchange Reserves of Pakistan,TS_GP_EXT_PAKRES_M.Z00040,FX Reserves with Banks,31-May-13,2431,Million USD,Normal,
Gold and Foreign Exchange Reserves of Pakistan,TS_GP_EXT_PAKRES_M.Z00040,FX Reserves with Banks,30-Jun-13,2315,Million USD,Normal,
Gold and Foreign Exchange Reserves of Pakistan,TS_GP_EXT_PAKRES_M.Z00040,FX Reserves with Banks,31-Jul-13,2540,Million USD,Normal,
Gold and Foreign Exchange Reserves of Pakistan,TS_GP_EXT_PAKRES_M.Z00040,FX Reserves with Banks,31-Aug-13,2568,Million USD,Normal,
Gold and Foreign Exchange Reserves of Pakistan,TS_GP_EXT_PAKRES_M.Z00040,FX Reserves with Banks,30-Sep-13,2232,Million USD,Normal,
Gold and Foreign Exchange Reserves of Pakistan,TS_GP_EXT_PAKRES_M.Z00040,FX Reserves with Banks,31-Oct-13,2623,Million USD,Normal,
Gold and Foreign Exchange Reserves of Pakistan,TS_GP_EXT_PAKRES_M.Z00040,FX Reserves with Banks,30-Nov-13,2408,Million USD,Normal,
Gold and Foreign Exchange Reserves of Pakistan,TS_GP_EXT_PAKRES_M.Z00040,FX Reserves with Banks,31-Dec-13,2523,Million USD,Normal,
Gold and Foreign Exchange Reserves of Pakistan,TS_GP_EXT_PAKRES_M.Z00040,FX Reserves with Banks,31-Jan-14,2485,Million USD,Normal,
Gold and Foreign Exchange Reserves of Pakistan,TS_GP_EXT_PAKRES_M.Z00040,FX Reserves with Banks,28-Feb-14,2614,Million USD,Normal,
Gold and Foreign Exchange Reserves of Pakistan,TS_GP_EXT_PAKRES_M.Z00040,FX Reserves with Banks,31-Mar-14,2272,Million USD,Normal,
Gold and Foreign Exchange Reserves of Pakistan,TS_GP_EXT_PAKRES_M.Z00040,FX Reserves with Banks,30-Apr-14,2555,Million USD,Normal,
Gold and Foreign Exchange Reserves of Pakistan,TS_GP_EXT_PAKRES_M.Z00040,FX Reserves with Banks,31-May-14,2594,Million USD,Normal,
Gold and Foreign Exchange Reserves of Pakistan,TS_GP_EXT_PAKRES_M.Z00040,FX Reserves with Banks,30-Jun-14,2509,Million USD,Normal,
Gold and Foreign Exchange Reserves of Pakistan,TS_GP_EXT_PAKRES_M.Z00040,FX Reserves with Banks,31-Jul-14,2388,Million USD,Normal,
Gold and Foreign Exchange Reserves of Pakistan,TS_GP_EXT_PAKRES_M.Z00040,FX Reserves with Banks,31-Aug-14,2690,Million USD,Normal,
Gold and Foreign Exchange Reserves of Pakistan,TS_GP_EXT_PAKRES_M.Z00040,FX Reserves with Banks,30-Sep-14,2460,Million USD,Normal,
Gold and Foreign Exchange Reserves of Pakistan,TS_GP_EXT_PAKRES_M.Z00040,FX Reserves with Banks,31-Oct-14,2697,Million USD,Normal,
Gold and Foreign Exchange Reserves of Pakistan,TS_GP_EXT_PAKRES_M.Z00040,FX Reserves with Banks,30-Nov-14,2396,Million USD,Normal,
Gold and Foreign Exchange Reserves of Pakistan,TS_GP_EXT_PAKRES_M.Z00040,FX Reserves with Banks,31-Dec-14,2443,Million USD,Normal,
Gold and Foreign Exchange Reserves of Pakistan,TS_GP_EXT_PAKRES_M.Z00040,FX Reserves with Banks,31-Jan-15,2643,Million USD,Normal,
Gold and Foreign Exchange Reserves of Pakistan,TS_GP_EXT_PAKRES_M.Z00040,FX Reserves with Banks,28-Feb-15,2783,Million USD,Normal,
Gold and Foreign Exchange Reserves of Pakistan,TS_GP_EXT_PAKRES_M.Z00040,FX Reserves with Banks,31-Mar-15,2653,Million USD,Normal,
Gold and Foreign Exchange Reserves of Pakistan,TS_GP_EXT_PAKRES_M.Z00040,FX Reserves with Banks,30-Apr-15,2727,Million USD,Normal,
Gold and Foreign Exchange Reserves of Pakistan,TS_GP_EXT_PAKRES_M.Z00040,FX Reserves with Banks,31-May-15,2498,Million USD,Normal,
Gold and Foreign Exchange Reserves of Pakistan,TS_GP_EXT_PAKRES_M.Z00040,FX Reserves with Banks,30-Jun-15,2717,Million USD,Normal,
Gold and Foreign Exchange Reserves of Pakistan,TS_GP_EXT_PAKRES_M.Z00040,FX Reserves with Banks,31-Jul-15,2567,Million USD,Normal,
Gold and Foreign Exchange Reserves of Pakistan,TS_GP_EXT_PAKRES_M.Z00040,FX Reserves with Banks,31-Aug-15,2527,Million USD,Normal,
Gold and Foreign Exchange Reserves of Pakistan,TS_GP_EXT_PAKRES_M.Z00040,FX Reserves with Banks,30-Sep-15,2571,Million USD,Normal,
Gold and Foreign Exchange Reserves of Pakistan,TS_GP_EXT_PAKRES_M.Z00040,FX Reserves with Banks,31-Oct-15,3024,Million USD,Normal,
Gold and Foreign Exchange Reserves of Pakistan,TS_GP_EXT_PAKRES_M.Z00040,FX Reserves with Banks,30-Nov-15,2790,Million USD,Normal,
Gold and Foreign Exchange Reserves of Pakistan,TS_GP_EXT_PAKRES_M.Z00040,FX Reserves with Banks,31-Dec-15,2895,Million USD,Normal,
Gold and Foreign Exchange Reserves of Pakistan,TS_GP_EXT_PAKRES_M.Z00040,FX Reserves with Banks,31-Jan-16,2630,Million USD,Normal,
Gold and Foreign Exchange Reserves of Pakistan,TS_GP_EXT_PAKRES_M.Z00040,FX Reserves with Banks,29-Feb-16,2597,Million USD,Normal,
Gold and Foreign Exchange Reserves of Pakistan,TS_GP_EXT_PAKRES_M.Z00040,FX Reserves with Banks,31-Mar-16,2385,Million USD,Normal,
Gold and Foreign Exchange Reserves of Pakistan,TS_GP_EXT_PAKRES_M.Z00040,FX Reserves with Banks,30-Apr-16,2592,Million USD,Normal,
Gold and Foreign Exchange Reserves of Pakistan,TS_GP_EXT_PAKRES_M.Z00040,FX Reserves with Banks,31-May-16,2448,Million USD,Normal,
Gold and Foreign Exchange Reserves of Pakistan,TS_GP_EXT_PAKRES_M.Z00040,FX Reserves with Banks,30-Jun-16,2608,Million USD,Normal,
Gold and Foreign Exchange Reserves of Pakistan,TS_GP_EXT_PAKRES_M.Z00040,FX Reserves with Banks,31-Jul-16,2529,Million USD,Normal,
Gold and Foreign Exchange Reserves of Pakistan,TS_GP_EXT_PAKRES_M.Z00040,FX Reserves with Banks,31-Aug-16,2464,Million USD,Normal,
Gold and Foreign Exchange Reserves of Pakistan,TS_GP_EXT_PAKRES_M.Z00040,FX Reserves with Banks,30-Sep-16,2490,Million USD,Normal,
Gold and Foreign Exchange Reserves of Pakistan,TS_GP_EXT_PAKRES_M.Z00040,FX Reserves with Banks,31-Oct-16,2396,Million USD,Normal,
Gold and Foreign Exchange Reserves of Pakistan,TS_GP_EXT_PAKRES_M.Z00040,FX Reserves with Banks,30-Nov-16,2386,Million USD,Normal,
Gold and Foreign Exchange Reserves of Pakistan,TS_GP_EXT_PAKRES_M.Z00040,FX Reserves with Banks,31-Dec-16,2469,Million USD,Normal,
Gold and Foreign Exchange Reserves of Pakistan,TS_GP_EXT_PAKRES_M.Z00040,FX Reserves with Banks,31-Jan-17,2302,Million USD,Normal,
Gold and Foreign Exchange Reserves of Pakistan,TS_GP_EXT_PAKRES_M.Z00040,FX Reserves with Banks,28-Feb-17,2248,Million USD,Normal,
Gold and Foreign Exchange Reserves of Pakistan,TS_GP_EXT_PAKRES_M.Z00040,FX Reserves with Banks,31-Mar-17,2199,Million USD,Normal,
Gold and Foreign Exchange Reserves of Pakistan,TS_GP_EXT_PAKRES_M.Z00040,FX Reserves with Banks,30-Apr-17,2219,Million USD,Normal,
Gold and Foreign Exchange Reserves of Pakistan,TS_GP_EXT_PAKRES_M.Z00040,FX Reserves with Banks,31-May-17,2165,Million USD,Normal,
Gold and Foreign Exchange Reserves of Pakistan,TS_GP_EXT_PAKRES_M.Z00040,FX Reserves with Banks,30-Jun-17,3039,Million USD,Normal,
Gold and Foreign Exchange Reserves of Pakistan,TS_GP_EXT_PAKRES_M.Z00040,FX Reserves with Banks,31-Jul-17,2758,Million USD,Normal,
Gold and Foreign Exchange Reserves of Pakistan,TS_GP_EXT_PAKRES_M.Z00040,FX Reserves with Banks,31-Aug-17,2630,Million USD,Normal,
Gold and Foreign Exchange Reserves of Pakistan,TS_GP_EXT_PAKRES_M.Z00040,FX Reserves with Banks,30-Sep-17,2608,Million USD,Normal,
Gold and Foreign Exchange Reserves of Pakistan,TS_GP_EXT_PAKRES_M.Z00040,FX Reserves with Banks,31-Oct-17,2827,Million USD,Normal,
Gold and Foreign Exchange Reserves of Pakistan,TS_GP_EXT_PAKRES_M.Z00040,FX Reserves with Banks,30-Nov-17,2592,Million USD,Normal,
Gold and Foreign Exchange Reserves of Pakistan,TS_GP_EXT_PAKRES_M.Z00040,FX Reserves with Banks,31-Dec-17,2840,Million USD,Normal,
Gold and Foreign Exchange Reserves of Pakistan,TS_GP_EXT_PAKRES_M.Z00040,FX Reserves with Banks,31-Jan-18,2721,Million USD,Normal,
Gold and Foreign Exchange Reserves of Pakistan,TS_GP_EXT_PAKRES_M.Z00040,FX Reserves with Banks,28-Feb-18,2769,Million USD,Normal,
Gold and Foreign Exchange Reserves of Pakistan,TS_GP_EXT_PAKRES_M.Z00040,FX Reserves with Banks,31-Mar-18,2755,Million USD,Normal,
Gold and Foreign Exchange Reserves of Pakistan,TS_GP_EXT_PAKRES_M.Z00040,FX Reserves with Banks,30-Apr-18,2732,Million USD,Normal,
Gold and Foreign Exchange Reserves of Pakistan,TS_GP_EXT_PAKRES_M.Z00040,FX Reserves with Banks,31-May-18,2716,Million USD,Normal,
Gold and Foreign Exchange Reserves of Pakistan,TS_GP_EXT_PAKRES_M.Z00040,FX Reserves with Banks,30-Jun-18,2938,Million USD,Normal,
Gold and Foreign Exchange Reserves of Pakistan,TS_GP_EXT_PAKRES_M.Z00040,FX Reserves with Banks,31-Jul-18,2927,Million USD,Normal,
Gold and Foreign Exchange Reserves of Pakistan,TS_GP_EXT_PAKRES_M.Z00040,FX Reserves with Banks,31-Aug-18,2648,Million USD,Normal,
Gold and Foreign Exchange Reserves of Pakistan,TS_GP_EXT_PAKRES_M.Z00040,FX Reserves with Banks,30-Sep-18,2633,Million USD,Normal,
Gold and Foreign Exchange Reserves of Pakistan,TS_GP_EXT_PAKRES_M.Z00040,FX Reserves with Banks,31-Oct-18,2600,Million USD,Normal,
Gold and Foreign Exchange Reserves of Pakistan,TS_GP_EXT_PAKRES_M.Z00040,FX Reserves with Banks,30-Nov-18,2526,Million USD,Normal,
Gold and Foreign Exchange Reserves of Pakistan,TS_GP_EXT_PAKRES_M.Z00040,FX Reserves with Banks,31-Dec-18,2504,Million USD,Normal,
Gold and Foreign Exchange Reserves of Pakistan,TS_GP_EXT_PAKRES_M.Z00040,FX Reserves with Banks,31-Jan-19,2759,Million USD,Normal,
Gold and Foreign Exchange Reserves of Pakistan,TS_GP_EXT_PAKRES_M.Z00040,FX Reserves with Banks,28-Feb-19,2888,Million USD,Normal,
Gold and Foreign Exchange Reserves of Pakistan,TS_GP_EXT_PAKRES_M.Z00040,FX Reserves with Banks,31-Mar-19,2960,Million USD,Normal,
Gold and Foreign Exchange Reserves of Pakistan,TS_GP_EXT_PAKRES_M.Z00040,FX Reserves with Banks,30-Apr-19,2784,Million USD,Normal,
Gold and Foreign Exchange Reserves of Pakistan,TS_GP_EXT_PAKRES_M.Z00040,FX Reserves with Banks,31-May-19,2881,Million USD,Normal,
Gold and Foreign Exchange Reserves of Pakistan,TS_GP_EXT_PAKRES_M.Z00040,FX Reserves with Banks,30-Jun-19,2878,Million USD,Normal,
Gold and Foreign Exchange Reserves of Pakistan,TS_GP_EXT_PAKRES_M.Z00040,FX Reserves with Banks,31-Jul-19,3015,Million USD,Normal,
Gold and Foreign Exchange Reserves of Pakistan,TS_GP_EXT_PAKRES_M.Z00040,FX Reserves with Banks,31-Aug-19,3105,Million USD,Normal,
Gold and Foreign Exchange Reserves of Pakistan,TS_GP_EXT_PAKRES_M.Z00040,FX Reserves with Banks,30-Sep-19,2819,Million USD,Normal,
Gold and Foreign Exchange Reserves of Pakistan,TS_GP_EXT_PAKRES_M.Z00040,FX Reserves with Banks,31-Oct-19,2915,Million USD,Normal,
Gold and Foreign Exchange Reserves of Pakistan,TS_GP_EXT_PAKRES_M.Z00040,FX Reserves with Banks,30-Nov-19,2840,Million USD,Normal,
Gold and Foreign Exchange Reserves of Pakistan,TS_GP_EXT_PAKRES_M.Z00040,FX Reserves with Banks,31-Dec-19,2678,Million USD,Normal,
Gold and Foreign Exchange Reserves of Pakistan,TS_GP_EXT_PAKRES_M.Z00040,FX Reserves with Banks,31-Jan-20,3175,Million USD,Normal,
Gold and Foreign Exchange Reserves of Pakistan,TS_GP_EXT_PAKRES_M.Z00040,FX Reserves with Banks,29-Feb-20,3057,Million USD,Normal,
Gold and Foreign Exchange Reserves of Pakistan,TS_GP_EXT_PAKRES_M.Z00040,FX Reserves with Banks,31-Mar-20,2624,Million USD,Normal,
Gold and Foreign Exchange Reserves of Pakistan,TS_GP_EXT_PAKRES_M.Z00040,FX Reserves with Banks,30-Apr-20,2224,Million USD,Normal,
Gold and Foreign Exchange Reserves of Pakistan,TS_GP_EXT_PAKRES_M.Z00040,FX Reserves with Banks,31-May-20,2445,Million USD,Normal,
Gold and Foreign Exchange Reserves of Pakistan,TS_GP_EXT_PAKRES_M.Z00040,FX Reserves with Banks,30-Jun-20,2672,Million USD,Normal,
Gold and Foreign Exchange Reserves of Pakistan,TS_GP_EXT_PAKRES_M.Z00040,FX Reserves with Banks,31-Jul-20,3368,Million USD,Normal,
Gold and Foreign Exchange Reserves of Pakistan,TS_GP_EXT_PAKRES_M.Z00040,FX Reserves with Banks,31-Aug-20,3467,Million USD,Normal,
Gold and Foreign Exchange Reserves of Pakistan,TS_GP_EXT_PAKRES_M.Z00040,FX Reserves with Banks,30-Sep-20,3443,Million USD,Normal,
Gold and Foreign Exchange Reserves of Pakistan,TS_GP_EXT_PAKRES_M.Z00040,FX Reserves with Banks,31-Oct-20,3544,Million USD,Normal,
Gold and Foreign Exchange Reserves of Pakistan,TS_GP_EXT_PAKRES_M.Z00040,FX Reserves with Banks,30-Nov-20,3686,Million USD,Normal,
Gold and Foreign Exchange Reserves of Pakistan,TS_GP_EXT_PAKRES_M.Z00040,FX Reserves with Banks,31-Dec-20,3746,Million USD,Normal,
Gold and Foreign Exchange Reserves of Pakistan,TS_GP_EXT_PAKRES_M.Z00040,FX Reserves with Banks,31-Jan-21,3730,Million USD,Normal,
Gold and Foreign Exchange Reserves of Pakistan,TS_GP_EXT_PAKRES_M.Z00040,FX Reserves with Banks,28-Feb-21,3715,Million USD,Normal,
Gold and Foreign Exchange Reserves of Pakistan,TS_GP_EXT_PAKRES_M.Z00040,FX Reserves with Banks,31-Mar-21,3255,Million USD,Normal,
Gold and Foreign Exchange Reserves of Pakistan,TS_GP_EXT_PAKRES_M.Z00040,FX Reserves with Banks,30-Apr-21,2890,Million USD,Normal,
Gold and Foreign Exchange Reserves of Pakistan,TS_GP_EXT_PAKRES_M.Z00040,FX Reserves with Banks,31-May-21,2779,Million USD,Normal,
Gold and Foreign Exchange Reserves of Pakistan,TS_GP_EXT_PAKRES_M.Z00040,FX Reserves with Banks,30-Jun-21,2568,Million USD,Normal,
Gold and Foreign Exchange Reserves of Pakistan,TS_GP_EXT_PAKRES_M.Z00040,FX Reserves with Banks,31-Jul-21,2580,Million USD,Normal,
Gold and Foreign Exchange Reserves of Pakistan,TS_GP_EXT_PAKRES_M.Z00040,FX Reserves with Banks,31-Aug-21,2731,Million USD,Normal,
Gold and Foreign Exchange Reserves of Pakistan,TS_GP_EXT_PAKRES_M.Z00040,FX Reserves with Banks,30-Sep-21,2484,Million USD,Normal,
Gold and Foreign Exchange Reserves of Pakistan,TS_GP_EXT_PAKRES_M.Z00040,FX Reserves with Banks,31-Oct-21,2285,Million USD,Normal,
Gold and Foreign Exchange Reserves of Pakistan,TS_GP_EXT_PAKRES_M.Z00040,FX Reserves with Banks,30-Nov-21,2275,Million USD,Normal,
Gold and Foreign Exchange Reserves of Pakistan,TS_GP_EXT_PAKRES_M.Z00040,FX Reserves with Banks,31-Dec-21,2298,Million USD,Normal,
Gold and Foreign Exchange Reserves of Pakistan,TS_GP_EXT_PAKRES_M.Z00040,FX Reserves with Banks,31-Jan-22,2806,Million USD,Normal,
Gold and Foreign Exchange Reserves of Pakistan,TS_GP_EXT_PAKRES_M.Z00040,FX Reserves with Banks,28-Feb-22,3084,Million USD,Normal,
Gold and Foreign Exchange Reserves of Pakistan,TS_GP_EXT_PAKRES_M.Z00040,FX Reserves with Banks,31-Mar-22,2940,Million USD,Normal,
Gold and Foreign Exchange Reserves of Pakistan,TS_GP_EXT_PAKRES_M.Z00040,FX Reserves with Banks,30-Apr-22,2772,Million USD,Normal,
Gold and Foreign Exchange Reserves of Pakistan,TS_GP_EXT_PAKRES_M.Z00040,FX Reserves with Banks,31-May-22,2089,Million USD,Normal,
Gold and Foreign Exchange Reserves of Pakistan,TS_GP_EXT_PAKRES_M.Z00040,FX Reserves with Banks,30-Jun-22,2580,Million USD,Normal,
Gold and Foreign Exchange Reserves of Pakistan,TS_GP_EXT_PAKRES_M.Z00040,FX Reserves with Banks,31-Jul-22,2021,Million USD,Normal,
Gold and Foreign Exchange Reserves of Pakistan,TS_GP_EXT_PAKRES_M.Z00040,FX Reserves with Banks,31-Aug-22,1852,Million USD,Normal,
Gold and Foreign Exchange Reserves of Pakistan,TS_GP_EXT_PAKRES_M.Z00040,FX Reserves with Banks,30-Sep-22,2201,Million USD,Normal,
Gold and Foreign Exchange Reserves of Pakistan,TS_GP_EXT_PAKRES_M.Z00040,FX Reserves with Banks,31-Oct-22,1856,Million USD,Normal,
Gold and Foreign Exchange Reserves of Pakistan,TS_GP_EXT_PAKRES_M.Z00040,FX Reserves with Banks,30-Nov-22,2039,Million USD,Normal,
Gold and Foreign Exchange Reserves of Pakistan,TS_GP_EXT_PAKRES_M.Z00040,FX Reserves with Banks,31-Dec-22,1752,Million USD,Normal,
Gold and Foreign Exchange Reserves of Pakistan,TS_GP_EXT_PAKRES_M.Z00040,FX Reserves with Banks,31-Jan-23,2119,Million USD,Normal,
Gold and Foreign Exchange Reserves of Pakistan,TS_GP_EXT_PAKRES_M.Z00040,FX Reserves with Banks,28-Feb-23,2108,Million USD,Normal,
Gold and Foreign Exchange Reserves of Pakistan,TS_GP_EXT_PAKRES_M.Z00040,FX Reserves with Banks,31-Mar-23,2855,Million USD,Normal,
Gold and Foreign Exchange Reserves of Pakistan,TS_GP_EXT_PAKRES_M.Z00040,FX Reserves with Banks,30-Apr-23,2882,Million USD,Normal,
Gold and Foreign Exchange Reserves of Pakistan,TS_GP_EXT_PAKRES_M.Z00040,FX Reserves with Banks,31-May-23,2818,Million USD,Normal,
Gold and Foreign Exchange Reserves of Pakistan,TS_GP_EXT_PAKRES_M.Z00040,FX Reserves with Banks,30-Jun-23,2754,Million USD,Normal,
Gold and Foreign Exchange Reserves of Pakistan,TS_GP_EXT_PAKRES_M.Z00040,FX Reserves with Banks,31-Jul-23,2712,Million USD,Normal,
Gold and Foreign Exchange Reserves of Pakistan,TS_GP_EXT_PAKRES_M.Z00040,FX Reserves with Banks,31-Aug-23,2738,Million USD,Normal,
Gold and Foreign Exchange Reserves of Pakistan,TS_GP_EXT_PAKRES_M.Z00040,FX Reserves with Banks,30-Sep-23,2425,Million USD,Normal,
Gold and Foreign Exchange Reserves of Pakistan,TS_GP_EXT_PAKRES_M.Z00040,FX Reserves with Banks,31-Oct-23,2336,Million USD,Normal,
Gold and Foreign Exchange Reserves of Pakistan,TS_GP_EXT_PAKRES_M.Z00040,FX Reserves with Banks,30-Nov-23,2582,Million USD,Normal,
