Dataset,Series Key,Series,Observation Date,Observation Value,Unit,Observation Status,Observation Status Comment
Structure of Interest Rate: Rate of Remuneration for FE-25 CRR Deposits,TS_GP_BAM_SIRFE25_M.RRFE0010,Rate of Remun. on FE-25 CRR,01-Sep-03,0.62,Percent,Normal,
Structure of Interest Rate: Rate of Remuneration for FE-25 CRR Deposits,TS_GP_BAM_SIRFE25_M.RRFE0010,Rate of Remun. on FE-25 CRR,01-Oct-03,0.62,Percent,Normal,
Structure of Interest Rate: Rate of Remuneration for FE-25 CRR Deposits,TS_GP_BAM_SIRFE25_M.RRFE0010,Rate of Remun. on FE-25 CRR,01-Nov-03,0.62,Percent,Normal,
Structure of Interest Rate: Rate of Remuneration for FE-25 CRR Deposits,TS_GP_BAM_SIRFE25_M.RRFE0010,Rate of Remun. on FE-25 CRR,01-Dec-03,0.67,Percent,Normal,
Structure of Interest Rate: Rate of Remuneration for FE-25 CRR Deposits,TS_GP_BAM_SIRFE25_M.RRFE0010,Rate of Remun. on FE-25 CRR,01-Jan-04,0.62,Percent,Normal,
Structure of Interest Rate: Rate of Remuneration for FE-25 CRR Deposits,TS_GP_BAM_SIRFE25_M.RRFE0010,Rate of Remun. on FE-25 CRR,01-Feb-04,0.6,Percent,Normal,
Structure of Interest Rate: Rate of Remuneration for FE-25 CRR Deposits,TS_GP_BAM_SIRFE25_M.RRFE0010,Rate of Remun. on FE-25 CRR,01-Mar-04,0.6,Percent,Normal,
Structure of Interest Rate: Rate of Remuneration for FE-25 CRR Deposits,TS_GP_BAM_SIRFE25_M.RRFE0010,Rate of Remun. on FE-25 CRR,01-Apr-04,0.59,Percent,Normal,
Structure of Interest Rate: Rate of Remuneration for FE-25 CRR Deposits,TS_GP_BAM_SIRFE25_M.RRFE0010,Rate of Remun. on FE-25 CRR,01-May-04,0.6,Percent,Normal,
Structure of Interest Rate: Rate of Remuneration for FE-25 CRR Deposits,TS_GP_BAM_SIRFE25_M.RRFE0010,Rate of Remun. on FE-25 CRR,01-Jun-04,0.61,Percent,Normal,
Structure of Interest Rate: Rate of Remuneration for FE-25 CRR Deposits,TS_GP_BAM_SIRFE25_M.RRFE0010,Rate of Remun. on FE-25 CRR,01-Jul-04,0.87,Percent,Normal,
Structure of Interest Rate: Rate of Remuneration for FE-25 CRR Deposits,TS_GP_BAM_SIRFE25_M.RRFE0010,Rate of Remun. on FE-25 CRR,01-Aug-04,1,Percent,Normal,
Structure of Interest Rate: Rate of Remuneration for FE-25 CRR Deposits,TS_GP_BAM_SIRFE25_M.RRFE0010,Rate of Remun. on FE-25 CRR,01-Sep-04,1.17,Percent,Normal,
Structure of Interest Rate: Rate of Remuneration for FE-25 CRR Deposits,TS_GP_BAM_SIRFE25_M.RRFE0010,Rate of Remun. on FE-25 CRR,01-Oct-04,1.34,Percent,Normal,
Structure of Interest Rate: Rate of Remuneration for FE-25 CRR Deposits,TS_GP_BAM_SIRFE25_M.RRFE0010,Rate of Remun. on FE-25 CRR,01-Nov-04,1.5,Percent,Normal,
Structure of Interest Rate: Rate of Remuneration for FE-25 CRR Deposits,TS_GP_BAM_SIRFE25_M.RRFE0010,Rate of Remun. on FE-25 CRR,01-Dec-04,1.29,Percent,Normal,
Structure of Interest Rate: Rate of Remuneration for FE-25 CRR Deposits,TS_GP_BAM_SIRFE25_M.RRFE0010,Rate of Remun. on FE-25 CRR,01-Jan-05,1.4,Percent,Normal,
Structure of Interest Rate: Rate of Remuneration for FE-25 CRR Deposits,TS_GP_BAM_SIRFE25_M.RRFE0010,Rate of Remun. on FE-25 CRR,01-Feb-05,1.59,Percent,Normal,
Structure of Interest Rate: Rate of Remuneration for FE-25 CRR Deposits,TS_GP_BAM_SIRFE25_M.RRFE0010,Rate of Remun. on FE-25 CRR,01-Mar-05,1.72,Percent,Normal,
Structure of Interest Rate: Rate of Remuneration for FE-25 CRR Deposits,TS_GP_BAM_SIRFE25_M.RRFE0010,Rate of Remun. on FE-25 CRR,01-Apr-05,1.87,Percent,Normal,
Structure of Interest Rate: Rate of Remuneration for FE-25 CRR Deposits,TS_GP_BAM_SIRFE25_M.RRFE0010,Rate of Remun. on FE-25 CRR,01-May-05,2.09,Percent,Normal,
Structure of Interest Rate: Rate of Remuneration for FE-25 CRR Deposits,TS_GP_BAM_SIRFE25_M.RRFE0010,Rate of Remun. on FE-25 CRR,01-Jun-05,2.13,Percent,Normal,
Structure of Interest Rate: Rate of Remuneration for FE-25 CRR Deposits,TS_GP_BAM_SIRFE25_M.RRFE0010,Rate of Remun. on FE-25 CRR,01-Jul-05,2.34,Percent,Normal,
Structure of Interest Rate: Rate of Remuneration for FE-25 CRR Deposits,TS_GP_BAM_SIRFE25_M.RRFE0010,Rate of Remun. on FE-25 CRR,01-Aug-05,2.52,Percent,Normal,
Structure of Interest Rate: Rate of Remuneration for FE-25 CRR Deposits,TS_GP_BAM_SIRFE25_M.RRFE0010,Rate of Remun. on FE-25 CRR,01-Sep-05,2.7,Percent,Normal,
Structure of Interest Rate: Rate of Remuneration for FE-25 CRR Deposits,TS_GP_BAM_SIRFE25_M.RRFE0010,Rate of Remun. on FE-25 CRR,01-Oct-05,2.86,Percent,Normal,
Structure of Interest Rate: Rate of Remuneration for FE-25 CRR Deposits,TS_GP_BAM_SIRFE25_M.RRFE0010,Rate of Remun. on FE-25 CRR,01-Nov-05,3.09,Percent,Normal,
Structure of Interest Rate: Rate of Remuneration for FE-25 CRR Deposits,TS_GP_BAM_SIRFE25_M.RRFE0010,Rate of Remun. on FE-25 CRR,01-Dec-05,3.29,Percent,Normal,
Structure of Interest Rate: Rate of Remuneration for FE-25 CRR Deposits,TS_GP_BAM_SIRFE25_M.RRFE0010,Rate of Remun. on FE-25 CRR,01-Jan-06,3.39,Percent,Normal,
Structure of Interest Rate: Rate of Remuneration for FE-25 CRR Deposits,TS_GP_BAM_SIRFE25_M.RRFE0010,Rate of Remun. on FE-25 CRR,01-Feb-06,3.57,Percent,Normal,
Structure of Interest Rate: Rate of Remuneration for FE-25 CRR Deposits,TS_GP_BAM_SIRFE25_M.RRFE0010,Rate of Remun. on FE-25 CRR,01-Mar-06,3.63,Percent,Normal,
Structure of Interest Rate: Rate of Remuneration for FE-25 CRR Deposits,TS_GP_BAM_SIRFE25_M.RRFE0010,Rate of Remun. on FE-25 CRR,01-Apr-06,3.83,Percent,Normal,
Structure of Interest Rate: Rate of Remuneration for FE-25 CRR Deposits,TS_GP_BAM_SIRFE25_M.RRFE0010,Rate of Remun. on FE-25 CRR,01-May-06,4.04,Percent,Normal,
Structure of Interest Rate: Rate of Remuneration for FE-25 CRR Deposits,TS_GP_BAM_SIRFE25_M.RRFE0010,Rate of Remun. on FE-25 CRR,01-Jun-06,4.11,Percent,Normal,
Structure of Interest Rate: Rate of Remuneration for FE-25 CRR Deposits,TS_GP_BAM_SIRFE25_M.RRFE0010,Rate of Remun. on FE-25 CRR,01-Jul-06,4.33,Percent,Normal,
Structure of Interest Rate: Rate of Remuneration for FE-25 CRR Deposits,TS_GP_BAM_SIRFE25_M.RRFE0010,Rate of Remun. on FE-25 CRR,01-Aug-06,4.39,Percent,Normal,
Structure of Interest Rate: Rate of Remuneration for FE-25 CRR Deposits,TS_GP_BAM_SIRFE25_M.RRFE0010,Rate of Remun. on FE-25 CRR,01-Sep-06,4.33,Percent,Normal,
Structure of Interest Rate: Rate of Remuneration for FE-25 CRR Deposits,TS_GP_BAM_SIRFE25_M.RRFE0010,Rate of Remun. on FE-25 CRR,02-Oct-06,4.32,Percent,Normal,
Structure of Interest Rate: Rate of Remuneration for FE-25 CRR Deposits,TS_GP_BAM_SIRFE25_M.RRFE0010,Rate of Remun. on FE-25 CRR,02-Nov-06,4.32,Percent,Normal,
Structure of Interest Rate: Rate of Remuneration for FE-25 CRR Deposits,TS_GP_BAM_SIRFE25_M.RRFE0010,Rate of Remun. on FE-25 CRR,03-Dec-06,4.35,Percent,Normal,
Structure of Interest Rate: Rate of Remuneration for FE-25 CRR Deposits,TS_GP_BAM_SIRFE25_M.RRFE0010,Rate of Remun. on FE-25 CRR,03-Jan-07,4.32,Percent,Normal,
Structure of Interest Rate: Rate of Remuneration for FE-25 CRR Deposits,TS_GP_BAM_SIRFE25_M.RRFE0010,Rate of Remun. on FE-25 CRR,04-Oct-07,4.12,Percent,Normal,
Structure of Interest Rate: Rate of Remuneration for FE-25 CRR Deposits,TS_GP_BAM_SIRFE25_M.RRFE0010,Rate of Remun. on FE-25 CRR,05-Nov-07,3.71,Percent,Normal,
Structure of Interest Rate: Rate of Remuneration for FE-25 CRR Deposits,TS_GP_BAM_SIRFE25_M.RRFE0010,Rate of Remun. on FE-25 CRR,06-Dec-07,4.24,Percent,Normal,
Structure of Interest Rate: Rate of Remuneration for FE-25 CRR Deposits,TS_GP_BAM_SIRFE25_M.RRFE0010,Rate of Remun. on FE-25 CRR,06-Jan-08,3.6,Percent,Normal,
Structure of Interest Rate: Rate of Remuneration for FE-25 CRR Deposits,TS_GP_BAM_SIRFE25_M.RRFE0010,Rate of Remun. on FE-25 CRR,07-Feb-08,2.14,Percent,Normal,
Structure of Interest Rate: Rate of Remuneration for FE-25 CRR Deposits,TS_GP_BAM_SIRFE25_M.RRFE0010,Rate of Remun. on FE-25 CRR,08-Mar-08,2.11,Percent,Normal,
Structure of Interest Rate: Rate of Remuneration for FE-25 CRR Deposits,TS_GP_BAM_SIRFE25_M.RRFE0010,Rate of Remun. on FE-25 CRR,07-Apr-08,1.7,Percent,Normal,
Structure of Interest Rate: Rate of Remuneration for FE-25 CRR Deposits,TS_GP_BAM_SIRFE25_M.RRFE0010,Rate of Remun. on FE-25 CRR,07-May-08,1.8,Percent,Normal,
Structure of Interest Rate: Rate of Remuneration for FE-25 CRR Deposits,TS_GP_BAM_SIRFE25_M.RRFE0010,Rate of Remun. on FE-25 CRR,07-Jun-08,1.46,Percent,Normal,
Structure of Interest Rate: Rate of Remuneration for FE-25 CRR Deposits,TS_GP_BAM_SIRFE25_M.RRFE0010,Rate of Remun. on FE-25 CRR,08-Jul-08,1.46,Percent,Normal,
Structure of Interest Rate: Rate of Remuneration for FE-25 CRR Deposits,TS_GP_BAM_SIRFE25_M.RRFE0010,Rate of Remun. on FE-25 CRR,08-Aug-08,1.46,Percent,Normal,
Structure of Interest Rate: Rate of Remuneration for FE-25 CRR Deposits,TS_GP_BAM_SIRFE25_M.RRFE0010,Rate of Remun. on FE-25 CRR,08-Sep-08,1.49,Percent,Normal,
Structure of Interest Rate: Rate of Remuneration for FE-25 CRR Deposits,TS_GP_BAM_SIRFE25_M.RRFE0010,Rate of Remun. on FE-25 CRR,08-Oct-08,2.93,Percent,Normal,
Structure of Interest Rate: Rate of Remuneration for FE-25 CRR Deposits,TS_GP_BAM_SIRFE25_M.RRFE0010,Rate of Remun. on FE-25 CRR,08-Nov-08,1.58,Percent,Normal,
Structure of Interest Rate: Rate of Remuneration for FE-25 CRR Deposits,TS_GP_BAM_SIRFE25_M.RRFE0010,Rate of Remun. on FE-25 CRR,08-Dec-08,0.9,Percent,Normal,
Structure of Interest Rate: Rate of Remuneration for FE-25 CRR Deposits,TS_GP_BAM_SIRFE25_M.RRFE0010,Rate of Remun. on FE-25 CRR,08-Jan-09,0,Percent,Normal,
Structure of Interest Rate: Rate of Remuneration for FE-25 CRR Deposits,TS_GP_BAM_SIRFE25_M.RRFE0010,Rate of Remun. on FE-25 CRR,09-Feb-09,0,Percent,Normal,
Structure of Interest Rate: Rate of Remuneration for FE-25 CRR Deposits,TS_GP_BAM_SIRFE25_M.RRFE0010,Rate of Remun. on FE-25 CRR,13-Mar-09,0,Percent,Normal,
Structure of Interest Rate: Rate of Remuneration for FE-25 CRR Deposits,TS_GP_BAM_SIRFE25_M.RRFE0010,Rate of Remun. on FE-25 CRR,14-Apr-09,0,Percent,Normal,
Structure of Interest Rate: Rate of Remuneration for FE-25 CRR Deposits,TS_GP_BAM_SIRFE25_M.RRFE0010,Rate of Remun. on FE-25 CRR,15-May-09,0,Percent,Normal,
Structure of Interest Rate: Rate of Remuneration for FE-25 CRR Deposits,TS_GP_BAM_SIRFE25_M.RRFE0010,Rate of Remun. on FE-25 CRR,01-Jun-09,0,Percent,Normal,
Structure of Interest Rate: Rate of Remuneration for FE-25 CRR Deposits,TS_GP_BAM_SIRFE25_M.RRFE0010,Rate of Remun. on FE-25 CRR,02-Jul-09,0,Percent,Normal,
Structure of Interest Rate: Rate of Remuneration for FE-25 CRR Deposits,TS_GP_BAM_SIRFE25_M.RRFE0010,Rate of Remun. on FE-25 CRR,03-Aug-09,0,Percent,Normal,
Structure of Interest Rate: Rate of Remuneration for FE-25 CRR Deposits,TS_GP_BAM_SIRFE25_M.RRFE0010,Rate of Remun. on FE-25 CRR,04-Sep-09,0,Percent,Normal,
Structure of Interest Rate: Rate of Remuneration for FE-25 CRR Deposits,TS_GP_BAM_SIRFE25_M.RRFE0010,Rate of Remun. on FE-25 CRR,05-Oct-09,0,Percent,Normal,
Structure of Interest Rate: Rate of Remuneration for FE-25 CRR Deposits,TS_GP_BAM_SIRFE25_M.RRFE0010,Rate of Remun. on FE-25 CRR,06-Nov-09,0,Percent,Normal,
Structure of Interest Rate: Rate of Remuneration for FE-25 CRR Deposits,TS_GP_BAM_SIRFE25_M.RRFE0010,Rate of Remun. on FE-25 CRR,08-Dec-09,0,Percent,Normal,
Structure of Interest Rate: Rate of Remuneration for FE-25 CRR Deposits,TS_GP_BAM_SIRFE25_M.RRFE0010,Rate of Remun. on FE-25 CRR,02-Jan-10,0,Percent,Normal,
Structure of Interest Rate: Rate of Remuneration for FE-25 CRR Deposits,TS_GP_BAM_SIRFE25_M.RRFE0010,Rate of Remun. on FE-25 CRR,02-Feb-10,0,Percent,Normal,
Structure of Interest Rate: Rate of Remuneration for FE-25 CRR Deposits,TS_GP_BAM_SIRFE25_M.RRFE0010,Rate of Remun. on FE-25 CRR,02-Mar-10,0,Percent,Normal,
Structure of Interest Rate: Rate of Remuneration for FE-25 CRR Deposits,TS_GP_BAM_SIRFE25_M.RRFE0010,Rate of Remun. on FE-25 CRR,03-Apr-10,1,Percent,Normal,
Structure of Interest Rate: Rate of Remuneration for FE-25 CRR Deposits,TS_GP_BAM_SIRFE25_M.RRFE0010,Rate of Remun. on FE-25 CRR,02-May-10,0,Percent,Normal,
Structure of Interest Rate: Rate of Remuneration for FE-25 CRR Deposits,TS_GP_BAM_SIRFE25_M.RRFE0010,Rate of Remun. on FE-25 CRR,03-Jun-10,0,Percent,Normal,
Structure of Interest Rate: Rate of Remuneration for FE-25 CRR Deposits,TS_GP_BAM_SIRFE25_M.RRFE0010,Rate of Remun. on FE-25 CRR,04-Jul-10,0,Percent,Normal,
Structure of Interest Rate: Rate of Remuneration for FE-25 CRR Deposits,TS_GP_BAM_SIRFE25_M.RRFE0010,Rate of Remun. on FE-25 CRR,05-Aug-10,0,Percent,Normal,
Structure of Interest Rate: Rate of Remuneration for FE-25 CRR Deposits,TS_GP_BAM_SIRFE25_M.RRFE0010,Rate of Remun. on FE-25 CRR,01-Sep-10,0,Percent,Normal,
Structure of Interest Rate: Rate of Remuneration for FE-25 CRR Deposits,TS_GP_BAM_SIRFE25_M.RRFE0010,Rate of Remun. on FE-25 CRR,02-Oct-10,0,Percent,Normal,
Structure of Interest Rate: Rate of Remuneration for FE-25 CRR Deposits,TS_GP_BAM_SIRFE25_M.RRFE0010,Rate of Remun. on FE-25 CRR,03-Nov-10,0,Percent,Normal,
Structure of Interest Rate: Rate of Remuneration for FE-25 CRR Deposits,TS_GP_BAM_SIRFE25_M.RRFE0010,Rate of Remun. on FE-25 CRR,04-Dec-10,0,Percent,Normal,
Structure of Interest Rate: Rate of Remuneration for FE-25 CRR Deposits,TS_GP_BAM_SIRFE25_M.RRFE0010,Rate of Remun. on FE-25 CRR,31-Jan-11,0,Percent,Normal,
Structure of Interest Rate: Rate of Remuneration for FE-25 CRR Deposits,TS_GP_BAM_SIRFE25_M.RRFE0010,Rate of Remun. on FE-25 CRR,01-Feb-11,0,Percent,Normal,
Structure of Interest Rate: Rate of Remuneration for FE-25 CRR Deposits,TS_GP_BAM_SIRFE25_M.RRFE0010,Rate of Remun. on FE-25 CRR,02-Mar-11,0,Percent,Normal,
Structure of Interest Rate: Rate of Remuneration for FE-25 CRR Deposits,TS_GP_BAM_SIRFE25_M.RRFE0010,Rate of Remun. on FE-25 CRR,02-Apr-11,0,Percent,Normal,
Structure of Interest Rate: Rate of Remuneration for FE-25 CRR Deposits,TS_GP_BAM_SIRFE25_M.RRFE0010,Rate of Remun. on FE-25 CRR,03-May-11,0,Percent,Normal,
Structure of Interest Rate: Rate of Remuneration for FE-25 CRR Deposits,TS_GP_BAM_SIRFE25_M.RRFE0010,Rate of Remun. on FE-25 CRR,04-Jun-11,0,Percent,Normal,
Structure of Interest Rate: Rate of Remuneration for FE-25 CRR Deposits,TS_GP_BAM_SIRFE25_M.RRFE0010,Rate of Remun. on FE-25 CRR,05-Jul-11,0,Percent,Normal,
Structure of Interest Rate: Rate of Remuneration for FE-25 CRR Deposits,TS_GP_BAM_SIRFE25_M.RRFE0010,Rate of Remun. on FE-25 CRR,05-Aug-11,0,Percent,Normal,
Structure of Interest Rate: Rate of Remuneration for FE-25 CRR Deposits,TS_GP_BAM_SIRFE25_M.RRFE0010,Rate of Remun. on FE-25 CRR,05-Sep-11,0,Percent,Normal,
Structure of Interest Rate: Rate of Remuneration for FE-25 CRR Deposits,TS_GP_BAM_SIRFE25_M.RRFE0010,Rate of Remun. on FE-25 CRR,05-Oct-11,0,Percent,Normal,
Structure of Interest Rate: Rate of Remuneration for FE-25 CRR Deposits,TS_GP_BAM_SIRFE25_M.RRFE0010,Rate of Remun. on FE-25 CRR,05-Nov-11,0,Percent,Normal,
Structure of Interest Rate: Rate of Remuneration for FE-25 CRR Deposits,TS_GP_BAM_SIRFE25_M.RRFE0010,Rate of Remun. on FE-25 CRR,05-Dec-11,0,Percent,Normal,
Structure of Interest Rate: Rate of Remuneration for FE-25 CRR Deposits,TS_GP_BAM_SIRFE25_M.RRFE0010,Rate of Remun. on FE-25 CRR,05-Jan-12,0,Percent,Normal,
Structure of Interest Rate: Rate of Remuneration for FE-25 CRR Deposits,TS_GP_BAM_SIRFE25_M.RRFE0010,Rate of Remun. on FE-25 CRR,05-Feb-12,0,Percent,Normal,
Structure of Interest Rate: Rate of Remuneration for FE-25 CRR Deposits,TS_GP_BAM_SIRFE25_M.RRFE0010,Rate of Remun. on FE-25 CRR,05-Mar-12,0,Percent,Normal,
Structure of Interest Rate: Rate of Remuneration for FE-25 CRR Deposits,TS_GP_BAM_SIRFE25_M.RRFE0010,Rate of Remun. on FE-25 CRR,05-Apr-12,0,Percent,Normal,
Structure of Interest Rate: Rate of Remuneration for FE-25 CRR Deposits,TS_GP_BAM_SIRFE25_M.RRFE0010,Rate of Remun. on FE-25 CRR,05-May-12,0,Percent,Normal,
Structure of Interest Rate: Rate of Remuneration for FE-25 CRR Deposits,TS_GP_BAM_SIRFE25_M.RRFE0010,Rate of Remun. on FE-25 CRR,05-Jun-12,0,Percent,Normal,
Structure of Interest Rate: Rate of Remuneration for FE-25 CRR Deposits,TS_GP_BAM_SIRFE25_M.RRFE0010,Rate of Remun. on FE-25 CRR,05-Jul-12,0,Percent,Normal,
Structure of Interest Rate: Rate of Remuneration for FE-25 CRR Deposits,TS_GP_BAM_SIRFE25_M.RRFE0010,Rate of Remun. on FE-25 CRR,05-Aug-12,0,Percent,Normal,
Structure of Interest Rate: Rate of Remuneration for FE-25 CRR Deposits,TS_GP_BAM_SIRFE25_M.RRFE0010,Rate of Remun. on FE-25 CRR,05-Sep-12,0,Percent,Normal,
Structure of Interest Rate: Rate of Remuneration for FE-25 CRR Deposits,TS_GP_BAM_SIRFE25_M.RRFE0010,Rate of Remun. on FE-25 CRR,05-Oct-12,0,Percent,Normal,
Structure of Interest Rate: Rate of Remuneration for FE-25 CRR Deposits,TS_GP_BAM_SIRFE25_M.RRFE0010,Rate of Remun. on FE-25 CRR,05-Nov-12,0,Percent,Normal,
Structure of Interest Rate: Rate of Remuneration for FE-25 CRR Deposits,TS_GP_BAM_SIRFE25_M.RRFE0010,Rate of Remun. on FE-25 CRR,05-Dec-12,0,Percent,Normal,
Structure of Interest Rate: Rate of Remuneration for FE-25 CRR Deposits,TS_GP_BAM_SIRFE25_M.RRFE0010,Rate of Remun. on FE-25 CRR,05-Jan-13,0,Percent,Normal,
Structure of Interest Rate: Rate of Remuneration for FE-25 CRR Deposits,TS_GP_BAM_SIRFE25_M.RRFE0010,Rate of Remun. on FE-25 CRR,05-Feb-13,0,Percent,Normal,
Structure of Interest Rate: Rate of Remuneration for FE-25 CRR Deposits,TS_GP_BAM_SIRFE25_M.RRFE0010,Rate of Remun. on FE-25 CRR,05-Mar-13,0,Percent,Normal,
Structure of Interest Rate: Rate of Remuneration for FE-25 CRR Deposits,TS_GP_BAM_SIRFE25_M.RRFE0010,Rate of Remun. on FE-25 CRR,05-Apr-13,0,Percent,Normal,
Structure of Interest Rate: Rate of Remuneration for FE-25 CRR Deposits,TS_GP_BAM_SIRFE25_M.RRFE0010,Rate of Remun. on FE-25 CRR,05-May-13,0,Percent,Normal,
Structure of Interest Rate: Rate of Remuneration for FE-25 CRR Deposits,TS_GP_BAM_SIRFE25_M.RRFE0010,Rate of Remun. on FE-25 CRR,05-Jun-13,0,Percent,Normal,
Structure of Interest Rate: Rate of Remuneration for FE-25 CRR Deposits,TS_GP_BAM_SIRFE25_M.RRFE0010,Rate of Remun. on FE-25 CRR,05-Jul-13,0,Percent,Normal,
Structure of Interest Rate: Rate of Remuneration for FE-25 CRR Deposits,TS_GP_BAM_SIRFE25_M.RRFE0010,Rate of Remun. on FE-25 CRR,05-Aug-13,0,Percent,Normal,
Structure of Interest Rate: Rate of Remuneration for FE-25 CRR Deposits,TS_GP_BAM_SIRFE25_M.RRFE0010,Rate of Remun. on FE-25 CRR,05-Sep-13,0,Percent,Normal,
Structure of Interest Rate: Rate of Remuneration for FE-25 CRR Deposits,TS_GP_BAM_SIRFE25_M.RRFE0010,Rate of Remun. on FE-25 CRR,05-Oct-13,0,Percent,Normal,
Structure of Interest Rate: Rate of Remuneration for FE-25 CRR Deposits,TS_GP_BAM_SIRFE25_M.RRFE0010,Rate of Remun. on FE-25 CRR,05-Nov-13,0,Percent,Normal,
Structure of Interest Rate: Rate of Remuneration for FE-25 CRR Deposits,TS_GP_BAM_SIRFE25_M.RRFE0010,Rate of Remun. on FE-25 CRR,05-Dec-13,0,Percent,Normal,
Structure of Interest Rate: Rate of Remuneration for FE-25 CRR Deposits,TS_GP_BAM_SIRFE25_M.RRFE0010,Rate of Remun. on FE-25 CRR,05-Jan-14,0,Percent,Normal,
Structure of Interest Rate: Rate of Remuneration for FE-25 CRR Deposits,TS_GP_BAM_SIRFE25_M.RRFE0010,Rate of Remun. on FE-25 CRR,05-Feb-14,0,Percent,Normal,
Structure of Interest Rate: Rate of Remuneration for FE-25 CRR Deposits,TS_GP_BAM_SIRFE25_M.RRFE0010,Rate of Remun. on FE-25 CRR,05-Mar-14,0,Percent,Normal,
Structure of Interest Rate: Rate of Remuneration for FE-25 CRR Deposits,TS_GP_BAM_SIRFE25_M.RRFE0010,Rate of Remun. on FE-25 CRR,09-Apr-14,0,Percent,Normal,
Structure of Interest Rate: Rate of Remuneration for FE-25 CRR Deposits,TS_GP_BAM_SIRFE25_M.RRFE0010,Rate of Remun. on FE-25 CRR,10-May-14,0,Percent,Normal,
Structure of Interest Rate: Rate of Remuneration for FE-25 CRR Deposits,TS_GP_BAM_SIRFE25_M.RRFE0010,Rate of Remun. on FE-25 CRR,30-Jun-14,0,Percent,Normal,
Structure of Interest Rate: Rate of Remuneration for FE-25 CRR Deposits,TS_GP_BAM_SIRFE25_M.RRFE0010,Rate of Remun. on FE-25 CRR,01-Jul-14,0,Percent,Normal,
Structure of Interest Rate: Rate of Remuneration for FE-25 CRR Deposits,TS_GP_BAM_SIRFE25_M.RRFE0010,Rate of Remun. on FE-25 CRR,02-Aug-14,0,Percent,Normal,
Structure of Interest Rate: Rate of Remuneration for FE-25 CRR Deposits,TS_GP_BAM_SIRFE25_M.RRFE0010,Rate of Remun. on FE-25 CRR,03-Sep-14,0,Percent,Normal,
Structure of Interest Rate: Rate of Remuneration for FE-25 CRR Deposits,TS_GP_BAM_SIRFE25_M.RRFE0010,Rate of Remun. on FE-25 CRR,05-Oct-14,0,Percent,Normal,
Structure of Interest Rate: Rate of Remuneration for FE-25 CRR Deposits,TS_GP_BAM_SIRFE25_M.RRFE0010,Rate of Remun. on FE-25 CRR,06-Nov-14,0,Percent,Normal,
Structure of Interest Rate: Rate of Remuneration for FE-25 CRR Deposits,TS_GP_BAM_SIRFE25_M.RRFE0010,Rate of Remun. on FE-25 CRR,28-Dec-14,0,Percent,Normal,
Structure of Interest Rate: Rate of Remuneration for FE-25 CRR Deposits,TS_GP_BAM_SIRFE25_M.RRFE0010,Rate of Remun. on FE-25 CRR,01-Jan-15,0,Percent,Normal,
Structure of Interest Rate: Rate of Remuneration for FE-25 CRR Deposits,TS_GP_BAM_SIRFE25_M.RRFE0010,Rate of Remun. on FE-25 CRR,01-Feb-15,0,Percent,Normal,
Structure of Interest Rate: Rate of Remuneration for FE-25 CRR Deposits,TS_GP_BAM_SIRFE25_M.RRFE0010,Rate of Remun. on FE-25 CRR,01-Mar-15,0,Percent,Normal,
Structure of Interest Rate: Rate of Remuneration for FE-25 CRR Deposits,TS_GP_BAM_SIRFE25_M.RRFE0010,Rate of Remun. on FE-25 CRR,01-Apr-15,0,Percent,Normal,
Structure of Interest Rate: Rate of Remuneration for FE-25 CRR Deposits,TS_GP_BAM_SIRFE25_M.RRFE0010,Rate of Remun. on FE-25 CRR,01-May-15,0,Percent,Normal,
Structure of Interest Rate: Rate of Remuneration for FE-25 CRR Deposits,TS_GP_BAM_SIRFE25_M.RRFE0010,Rate of Remun. on FE-25 CRR,01-Jun-15,0,Percent,Normal,
Structure of Interest Rate: Rate of Remuneration for FE-25 CRR Deposits,TS_GP_BAM_SIRFE25_M.RRFE0010,Rate of Remun. on FE-25 CRR,01-Jul-15,0,Percent,Normal,
Structure of Interest Rate: Rate of Remuneration for FE-25 CRR Deposits,TS_GP_BAM_SIRFE25_M.RRFE0010,Rate of Remun. on FE-25 CRR,01-Aug-15,0,Percent,Normal,
Structure of Interest Rate: Rate of Remuneration for FE-25 CRR Deposits,TS_GP_BAM_SIRFE25_M.RRFE0010,Rate of Remun. on FE-25 CRR,01-Sep-15,0,Percent,Normal,
Structure of Interest Rate: Rate of Remuneration for FE-25 CRR Deposits,TS_GP_BAM_SIRFE25_M.RRFE0010,Rate of Remun. on FE-25 CRR,01-Oct-15,0,Percent,Normal,
Structure of Interest Rate: Rate of Remuneration for FE-25 CRR Deposits,TS_GP_BAM_SIRFE25_M.RRFE0010,Rate of Remun. on FE-25 CRR,02-Nov-15,0,Percent,Normal,
Structure of Interest Rate: Rate of Remuneration for FE-25 CRR Deposits,TS_GP_BAM_SIRFE25_M.RRFE0010,Rate of Remun. on FE-25 CRR,01-Dec-15,0,Percent,Normal,
Structure of Interest Rate: Rate of Remuneration for FE-25 CRR Deposits,TS_GP_BAM_SIRFE25_M.RRFE0010,Rate of Remun. on FE-25 CRR,01-Jan-16,0,Percent,Normal,
Structure of Interest Rate: Rate of Remuneration for FE-25 CRR Deposits,TS_GP_BAM_SIRFE25_M.RRFE0010,Rate of Remun. on FE-25 CRR,01-Feb-16,0,Percent,Normal,
Structure of Interest Rate: Rate of Remuneration for FE-25 CRR Deposits,TS_GP_BAM_SIRFE25_M.RRFE0010,Rate of Remun. on FE-25 CRR,01-Mar-16,0,Percent,Normal,
Structure of Interest Rate: Rate of Remuneration for FE-25 CRR Deposits,TS_GP_BAM_SIRFE25_M.RRFE0010,Rate of Remun. on FE-25 CRR,02-Apr-16,0,Percent,Normal,
Structure of Interest Rate: Rate of Remuneration for FE-25 CRR Deposits,TS_GP_BAM_SIRFE25_M.RRFE0010,Rate of Remun. on FE-25 CRR,02-May-16,0,Percent,Normal,
Structure of Interest Rate: Rate of Remuneration for FE-25 CRR Deposits,TS_GP_BAM_SIRFE25_M.RRFE0010,Rate of Remun. on FE-25 CRR,02-Jun-16,0,Percent,Normal,
Structure of Interest Rate: Rate of Remuneration for FE-25 CRR Deposits,TS_GP_BAM_SIRFE25_M.RRFE0010,Rate of Remun. on FE-25 CRR,02-Jul-16,0,Percent,Normal,
Structure of Interest Rate: Rate of Remuneration for FE-25 CRR Deposits,TS_GP_BAM_SIRFE25_M.RRFE0010,Rate of Remun. on FE-25 CRR,02-Aug-16,0,Percent,Normal,
Structure of Interest Rate: Rate of Remuneration for FE-25 CRR Deposits,TS_GP_BAM_SIRFE25_M.RRFE0010,Rate of Remun. on FE-25 CRR,02-Sep-16,0,Percent,Normal,
Structure of Interest Rate: Rate of Remuneration for FE-25 CRR Deposits,TS_GP_BAM_SIRFE25_M.RRFE0010,Rate of Remun. on FE-25 CRR,02-Oct-16,0,Percent,Normal,
Structure of Interest Rate: Rate of Remuneration for FE-25 CRR Deposits,TS_GP_BAM_SIRFE25_M.RRFE0010,Rate of Remun. on FE-25 CRR,02-Nov-16,0,Percent,Normal,
Structure of Interest Rate: Rate of Remuneration for FE-25 CRR Deposits,TS_GP_BAM_SIRFE25_M.RRFE0010,Rate of Remun. on FE-25 CRR,02-Dec-16,0,Percent,Normal,
Structure of Interest Rate: Rate of Remuneration for FE-25 CRR Deposits,TS_GP_BAM_SIRFE25_M.RRFE0010,Rate of Remun. on FE-25 CRR,02-Jan-17,0,Percent,Normal,
Structure of Interest Rate: Rate of Remuneration for FE-25 CRR Deposits,TS_GP_BAM_SIRFE25_M.RRFE0010,Rate of Remun. on FE-25 CRR,02-Feb-17,0,Percent,Normal,
Structure of Interest Rate: Rate of Remuneration for FE-25 CRR Deposits,TS_GP_BAM_SIRFE25_M.RRFE0010,Rate of Remun. on FE-25 CRR,02-Mar-17,0,Percent,Normal,
Structure of Interest Rate: Rate of Remuneration for FE-25 CRR Deposits,TS_GP_BAM_SIRFE25_M.RRFE0010,Rate of Remun. on FE-25 CRR,04-Apr-17,0,Percent,Normal,
Structure of Interest Rate: Rate of Remuneration for FE-25 CRR Deposits,TS_GP_BAM_SIRFE25_M.RRFE0010,Rate of Remun. on FE-25 CRR,04-May-17,0,Percent,Normal,
Structure of Interest Rate: Rate of Remuneration for FE-25 CRR Deposits,TS_GP_BAM_SIRFE25_M.RRFE0010,Rate of Remun. on FE-25 CRR,04-Jun-17,0.06,Percent,Normal,
Structure of Interest Rate: Rate of Remuneration for FE-25 CRR Deposits,TS_GP_BAM_SIRFE25_M.RRFE0010,Rate of Remun. on FE-25 CRR,04-Jul-17,0.22,Percent,Normal,
Structure of Interest Rate: Rate of Remuneration for FE-25 CRR Deposits,TS_GP_BAM_SIRFE25_M.RRFE0010,Rate of Remun. on FE-25 CRR,04-Aug-17,0.23,Percent,Normal,
Structure of Interest Rate: Rate of Remuneration for FE-25 CRR Deposits,TS_GP_BAM_SIRFE25_M.RRFE0010,Rate of Remun. on FE-25 CRR,04-Sep-17,0.23,Percent,Normal,
Structure of Interest Rate: Rate of Remuneration for FE-25 CRR Deposits,TS_GP_BAM_SIRFE25_M.RRFE0010,Rate of Remun. on FE-25 CRR,04-Oct-17,0.23,Percent,Normal,
Structure of Interest Rate: Rate of Remuneration for FE-25 CRR Deposits,TS_GP_BAM_SIRFE25_M.RRFE0010,Rate of Remun. on FE-25 CRR,04-Nov-17,0.24,Percent,Normal,
Structure of Interest Rate: Rate of Remuneration for FE-25 CRR Deposits,TS_GP_BAM_SIRFE25_M.RRFE0010,Rate of Remun. on FE-25 CRR,04-Dec-17,0.37,Percent,Normal,
Structure of Interest Rate: Rate of Remuneration for FE-25 CRR Deposits,TS_GP_BAM_SIRFE25_M.RRFE0010,Rate of Remun. on FE-25 CRR,04-Jan-18,0.56,Percent,Normal,
Structure of Interest Rate: Rate of Remuneration for FE-25 CRR Deposits,TS_GP_BAM_SIRFE25_M.RRFE0010,Rate of Remun. on FE-25 CRR,04-Feb-18,0.58,Percent,Normal,
Structure of Interest Rate: Rate of Remuneration for FE-25 CRR Deposits,TS_GP_BAM_SIRFE25_M.RRFE0010,Rate of Remun. on FE-25 CRR,01-Mar-18,0.67,Percent,Normal,
Structure of Interest Rate: Rate of Remuneration for FE-25 CRR Deposits,TS_GP_BAM_SIRFE25_M.RRFE0010,Rate of Remun. on FE-25 CRR,01-Apr-18,0.88,Percent,Normal,
Structure of Interest Rate: Rate of Remuneration for FE-25 CRR Deposits,TS_GP_BAM_SIRFE25_M.RRFE0010,Rate of Remun. on FE-25 CRR,01-May-18,0.91,Percent,Normal,
Structure of Interest Rate: Rate of Remuneration for FE-25 CRR Deposits,TS_GP_BAM_SIRFE25_M.RRFE0010,Rate of Remun. on FE-25 CRR,01-Jun-18,1,Percent,Normal,
Structure of Interest Rate: Rate of Remuneration for FE-25 CRR Deposits,TS_GP_BAM_SIRFE25_M.RRFE0010,Rate of Remun. on FE-25 CRR,01-Jul-18,1.09,Percent,Normal,
Structure of Interest Rate: Rate of Remuneration for FE-25 CRR Deposits,TS_GP_BAM_SIRFE25_M.RRFE0010,Rate of Remun. on FE-25 CRR,01-Aug-18,1.08,Percent,Normal,
Structure of Interest Rate: Rate of Remuneration for FE-25 CRR Deposits,TS_GP_BAM_SIRFE25_M.RRFE0010,Rate of Remun. on FE-25 CRR,01-Sep-18,1.11,Percent,Normal,
Structure of Interest Rate: Rate of Remuneration for FE-25 CRR Deposits,TS_GP_BAM_SIRFE25_M.RRFE0010,Rate of Remun. on FE-25 CRR,01-Oct-18,1.26,Percent,Normal,
Structure of Interest Rate: Rate of Remuneration for FE-25 CRR Deposits,TS_GP_BAM_SIRFE25_M.RRFE0010,Rate of Remun. on FE-25 CRR,01-Nov-18,1.31,Percent,Normal,
Structure of Interest Rate: Rate of Remuneration for FE-25 CRR Deposits,TS_GP_BAM_SIRFE25_M.RRFE0010,Rate of Remun. on FE-25 CRR,30-Dec-18,1.35,Percent,Normal,
Structure of Interest Rate: Rate of Remuneration for FE-25 CRR Deposits,TS_GP_BAM_SIRFE25_M.RRFE0010,Rate of Remun. on FE-25 CRR,01-Jan-19,1.5,Percent,Normal,
Structure of Interest Rate: Rate of Remuneration for FE-25 CRR Deposits,TS_GP_BAM_SIRFE25_M.RRFE0010,Rate of Remun. on FE-25 CRR,01-Feb-19,1.51,Percent,Normal,
Structure of Interest Rate: Rate of Remuneration for FE-25 CRR Deposits,TS_GP_BAM_SIRFE25_M.RRFE0010,Rate of Remun. on FE-25 CRR,01-Mar-19,1.49,Percent,Normal,
Structure of Interest Rate: Rate of Remuneration for FE-25 CRR Deposits,TS_GP_BAM_SIRFE25_M.RRFE0010,Rate of Remun. on FE-25 CRR,01-Apr-19,1.49,Percent,Normal,
Structure of Interest Rate: Rate of Remuneration for FE-25 CRR Deposits,TS_GP_BAM_SIRFE25_M.RRFE0010,Rate of Remun. on FE-25 CRR,01-May-19,1.48,Percent,Normal,
Structure of Interest Rate: Rate of Remuneration for FE-25 CRR Deposits,TS_GP_BAM_SIRFE25_M.RRFE0010,Rate of Remun. on FE-25 CRR,01-Jun-19,1.43,Percent,Normal,
Structure of Interest Rate: Rate of Remuneration for FE-25 CRR Deposits,TS_GP_BAM_SIRFE25_M.RRFE0010,Rate of Remun. on FE-25 CRR,01-Jul-19,1.4,Percent,Normal,
Structure of Interest Rate: Rate of Remuneration for FE-25 CRR Deposits,TS_GP_BAM_SIRFE25_M.RRFE0010,Rate of Remun. on FE-25 CRR,01-Aug-19,1.22,Percent,Normal,
Structure of Interest Rate: Rate of Remuneration for FE-25 CRR Deposits,TS_GP_BAM_SIRFE25_M.RRFE0010,Rate of Remun. on FE-25 CRR,01-Sep-19,1.09,Percent,Normal,
Structure of Interest Rate: Rate of Remuneration for FE-25 CRR Deposits,TS_GP_BAM_SIRFE25_M.RRFE0010,Rate of Remun. on FE-25 CRR,01-Oct-19,1.02,Percent,Normal,
Structure of Interest Rate: Rate of Remuneration for FE-25 CRR Deposits,TS_GP_BAM_SIRFE25_M.RRFE0010,Rate of Remun. on FE-25 CRR,01-Nov-19,0.78,Percent,Normal,
Structure of Interest Rate: Rate of Remuneration for FE-25 CRR Deposits,TS_GP_BAM_SIRFE25_M.RRFE0010,Rate of Remun. on FE-25 CRR,01-Dec-19,0.7,Percent,Normal,
Structure of Interest Rate: Rate of Remuneration for FE-25 CRR Deposits,TS_GP_BAM_SIRFE25_M.RRFE0010,Rate of Remun. on FE-25 CRR,01-Jan-20,0.76,Percent,Normal,
Structure of Interest Rate: Rate of Remuneration for FE-25 CRR Deposits,TS_GP_BAM_SIRFE25_M.RRFE0010,Rate of Remun. on FE-25 CRR,01-Feb-20,0.66,Percent,Normal,
Structure of Interest Rate: Rate of Remuneration for FE-25 CRR Deposits,TS_GP_BAM_SIRFE25_M.RRFE0010,Rate of Remun. on FE-25 CRR,01-Mar-20,0.51,Percent,Normal,
Structure of Interest Rate: Rate of Remuneration for FE-25 CRR Deposits,TS_GP_BAM_SIRFE25_M.RRFE0010,Rate of Remun. on FE-25 CRR,01-Apr-20,0,Percent,Normal,
Structure of Interest Rate: Rate of Remuneration for FE-25 CRR Deposits,TS_GP_BAM_SIRFE25_M.RRFE0010,Rate of Remun. on FE-25 CRR,01-May-20,0,Percent,Normal,
Structure of Interest Rate: Rate of Remuneration for FE-25 CRR Deposits,TS_GP_BAM_SIRFE25_M.RRFE0010,Rate of Remun. on FE-25 CRR,01-Jun-20,0,Percent,Normal,
Structure of Interest Rate: Rate of Remuneration for FE-25 CRR Deposits,TS_GP_BAM_SIRFE25_M.RRFE0010,Rate of Remun. on FE-25 CRR,02-Jul-20,0,Percent,Normal,
Structure of Interest Rate: Rate of Remuneration for FE-25 CRR Deposits,TS_GP_BAM_SIRFE25_M.RRFE0010,Rate of Remun. on FE-25 CRR,03-Aug-20,0,Percent,Normal,
Structure of Interest Rate: Rate of Remuneration for FE-25 CRR Deposits,TS_GP_BAM_SIRFE25_M.RRFE0010,Rate of Remun. on FE-25 CRR,01-Sep-20,0,Percent,Normal,
Structure of Interest Rate: Rate of Remuneration for FE-25 CRR Deposits,TS_GP_BAM_SIRFE25_M.RRFE0010,Rate of Remun. on FE-25 CRR,02-Oct-20,0,Percent,Normal,
Structure of Interest Rate: Rate of Remuneration for FE-25 CRR Deposits,TS_GP_BAM_SIRFE25_M.RRFE0010,Rate of Remun. on FE-25 CRR,30-Nov-20,0,Percent,Normal,
Structure of Interest Rate: Rate of Remuneration for FE-25 CRR Deposits,TS_GP_BAM_SIRFE25_M.RRFE0010,Rate of Remun. on FE-25 CRR,31-Dec-20,0,Percent,Normal,
Structure of Interest Rate: Rate of Remuneration for FE-25 CRR Deposits,TS_GP_BAM_SIRFE25_M.RRFE0010,Rate of Remun. on FE-25 CRR,29-Jan-21,0,Percent,Normal,
Structure of Interest Rate: Rate of Remuneration for FE-25 CRR Deposits,TS_GP_BAM_SIRFE25_M.RRFE0010,Rate of Remun. on FE-25 CRR,26-Feb-21,0,Percent,Normal,
Structure of Interest Rate: Rate of Remuneration for FE-25 CRR Deposits,TS_GP_BAM_SIRFE25_M.RRFE0010,Rate of Remun. on FE-25 CRR,31-Mar-21,0,Percent,Normal,
Structure of Interest Rate: Rate of Remuneration for FE-25 CRR Deposits,TS_GP_BAM_SIRFE25_M.RRFE0010,Rate of Remun. on FE-25 CRR,30-Apr-21,0,Percent,Normal,
Structure of Interest Rate: Rate of Remuneration for FE-25 CRR Deposits,TS_GP_BAM_SIRFE25_M.RRFE0010,Rate of Remun. on FE-25 CRR,31-May-21,0,Percent,Normal,
Structure of Interest Rate: Rate of Remuneration for FE-25 CRR Deposits,TS_GP_BAM_SIRFE25_M.RRFE0010,Rate of Remun. on FE-25 CRR,31-Jul-21,0,Percent,Normal,
Structure of Interest Rate: Rate of Remuneration for FE-25 CRR Deposits,TS_GP_BAM_SIRFE25_M.RRFE0010,Rate of Remun. on FE-25 CRR,31-Aug-21,0,Percent,Normal,
Structure of Interest Rate: Rate of Remuneration for FE-25 CRR Deposits,TS_GP_BAM_SIRFE25_M.RRFE0010,Rate of Remun. on FE-25 CRR,30-Sep-21,0,Percent,Normal,
Structure of Interest Rate: Rate of Remuneration for FE-25 CRR Deposits,TS_GP_BAM_SIRFE25_M.RRFE0010,Rate of Remun. on FE-25 CRR,31-Oct-21,0,Percent,Normal,
Structure of Interest Rate: Rate of Remuneration for FE-25 CRR Deposits,TS_GP_BAM_SIRFE25_M.RRFE0010,Rate of Remun. on FE-25 CRR,30-Nov-21,0,Percent,Normal,
Structure of Interest Rate: Rate of Remuneration for FE-25 CRR Deposits,TS_GP_BAM_SIRFE25_M.RRFE0010,Rate of Remun. on FE-25 CRR,31-Dec-21,0,Percent,Normal,
Structure of Interest Rate: Rate of Remuneration for FE-25 CRR Deposits,TS_GP_BAM_SIRFE25_M.RRFE0010,Rate of Remun. on FE-25 CRR,31-Jan-22,0,Percent,Normal,
Structure of Interest Rate: Rate of Remuneration for FE-25 CRR Deposits,TS_GP_BAM_SIRFE25_M.RRFE0010,Rate of Remun. on FE-25 CRR,28-Feb-22,0,Percent,Normal,
Structure of Interest Rate: Rate of Remuneration for FE-25 CRR Deposits,TS_GP_BAM_SIRFE25_M.RRFE0010,Rate of Remun. on FE-25 CRR,31-Mar-22,0,Percent,Normal,
Structure of Interest Rate: Rate of Remuneration for FE-25 CRR Deposits,TS_GP_BAM_SIRFE25_M.RRFE0010,Rate of Remun. on FE-25 CRR,30-Apr-22,0,Percent,Normal,
Structure of Interest Rate: Rate of Remuneration for FE-25 CRR Deposits,TS_GP_BAM_SIRFE25_M.RRFE0010,Rate of Remun. on FE-25 CRR,31-May-22,0,Percent,Normal,
Structure of Interest Rate: Rate of Remuneration for FE-25 CRR Deposits,TS_GP_BAM_SIRFE25_M.RRFE0010,Rate of Remun. on FE-25 CRR,30-Jun-22,0.12,Percent,Normal,
Structure of Interest Rate: Rate of Remuneration for FE-25 CRR Deposits,TS_GP_BAM_SIRFE25_M.RRFE0010,Rate of Remun. on FE-25 CRR,31-Jul-22,0.79,Percent,Normal,
Structure of Interest Rate: Rate of Remuneration for FE-25 CRR Deposits,TS_GP_BAM_SIRFE25_M.RRFE0010,Rate of Remun. on FE-25 CRR,31-Aug-22,1.36,Percent,Normal,
Structure of Interest Rate: Rate of Remuneration for FE-25 CRR Deposits,TS_GP_BAM_SIRFE25_M.RRFE0010,Rate of Remun. on FE-25 CRR,30-Sep-22,1.55,Percent,Normal,
Structure of Interest Rate: Rate of Remuneration for FE-25 CRR Deposits,TS_GP_BAM_SIRFE25_M.RRFE0010,Rate of Remun. on FE-25 CRR,31-Oct-22,2.14,Percent,Normal,
Structure of Interest Rate: Rate of Remuneration for FE-25 CRR Deposits,TS_GP_BAM_SIRFE25_M.RRFE0010,Rate of Remun. on FE-25 CRR,30-Nov-22,2.8,Percent,Normal,
Structure of Interest Rate: Rate of Remuneration for FE-25 CRR Deposits,TS_GP_BAM_SIRFE25_M.RRFE0010,Rate of Remun. on FE-25 CRR,31-Dec-22,3.14,Percent,Normal,
Structure of Interest Rate: Rate of Remuneration for FE-25 CRR Deposits,TS_GP_BAM_SIRFE25_M.RRFE0010,Rate of Remun. on FE-25 CRR,31-Jan-23,3.39,Percent,Normal,
Structure of Interest Rate: Rate of Remuneration for FE-25 CRR Deposits,TS_GP_BAM_SIRFE25_M.RRFE0010,Rate of Remun. on FE-25 CRR,28-Feb-23,3.57,Percent,Normal,
Structure of Interest Rate: Rate of Remuneration for FE-25 CRR Deposits,TS_GP_BAM_SIRFE25_M.RRFE0010,Rate of Remun. on FE-25 CRR,31-Mar-23,3.67,Percent,Normal,
Structure of Interest Rate: Rate of Remuneration for FE-25 CRR Deposits,TS_GP_BAM_SIRFE25_M.RRFE0010,Rate of Remun. on FE-25 CRR,30-Apr-23,3.86,Percent,Normal,
Structure of Interest Rate: Rate of Remuneration for FE-25 CRR Deposits,TS_GP_BAM_SIRFE25_M.RRFE0010,Rate of Remun. on FE-25 CRR,31-May-23,4.06,Percent,Normal,
Structure of Interest Rate: Rate of Remuneration for FE-25 CRR Deposits,TS_GP_BAM_SIRFE25_M.RRFE0010,Rate of Remun. on FE-25 CRR,30-Jun-23,4.19,Percent,Normal,
Structure of Interest Rate: Rate of Remuneration for FE-25 CRR Deposits,TS_GP_BAM_SIRFE25_M.RRFE0010,Rate of Remun. on FE-25 CRR,31-Jul-23,4.19,Percent,Normal,
Structure of Interest Rate: Rate of Remuneration for FE-25 CRR Deposits,TS_GP_BAM_SIRFE25_M.RRFE0010,Rate of Remun. on FE-25 CRR,31-Aug-23,4.32,Percent,Normal,
Structure of Interest Rate: Rate of Remuneration for FE-25 CRR Deposits,TS_GP_BAM_SIRFE25_M.RRFE0010,Rate of Remun. on FE-25 CRR,30-Sep-23,4.33,Percent,Normal,
Structure of Interest Rate: Rate of Remuneration for FE-25 CRR Deposits,TS_GP_BAM_SIRFE25_M.RRFE0010,Rate of Remun. on FE-25 CRR,31-Oct-23,4.31,Percent,Normal,
Structure of Interest Rate: Rate of Remuneration for FE-25 CRR Deposits,TS_GP_BAM_SIRFE25_M.RRFE0010,Rate of Remun. on FE-25 CRR,30-Nov-23,4.32,Percent,Normal,
Structure of Interest Rate: Rate of Remuneration for FE-25 CRR Deposits,TS_GP_BAM_SIRFE25_M.RRFE0010,Rate of Remun. on FE-25 CRR,31-Dec-23,4.34,Percent,Normal,
Structure of Interest Rate: Rate of Remuneration for FE-25 CRR Deposits,TS_GP_BAM_SIRFE25_M.RRFE0010,Rate of Remun. on FE-25 CRR,31-Jan-24,4.35,Percent,Normal,
Structure of Interest Rate: Rate of Remuneration for FE-25 CRR Deposits,TS_GP_BAM_SIRFE25_M.RRFE0010,Rate of Remun. on FE-25 CRR,29-Feb-24,4.32,Percent,Normal,
