Dataset,Series Key,Series,Observation Date,Observation Value,Unit,Observation Status,Observation Status Comment
Monthly Summary of Balance of Payments as per BPM6,TS_GP_BOP_BPM6SUM_M.P00030,Exports of goods FOB,31-Jul-13,2194,Million USD,Normal,
Monthly Summary of Balance of Payments as per BPM6,TS_GP_BOP_BPM6SUM_M.P00030,Exports of goods FOB,31-Aug-13,2009,Million USD,Normal,
Monthly Summary of Balance of Payments as per BPM6,TS_GP_BOP_BPM6SUM_M.P00030,Exports of goods FOB,30-Sep-13,2054,Million USD,Normal,
Monthly Summary of Balance of Payments as per BPM6,TS_GP_BOP_BPM6SUM_M.P00030,Exports of goods FOB,31-Oct-13,2063,Million USD,Normal,
Monthly Summary of Balance of Payments as per BPM6,TS_GP_BOP_BPM6SUM_M.P00030,Exports of goods FOB,30-Nov-13,1820,Million USD,Normal,
Monthly Summary of Balance of Payments as per BPM6,TS_GP_BOP_BPM6SUM_M.P00030,Exports of goods FOB,31-Dec-13,2327,Million USD,Normal,
Monthly Summary of Balance of Payments as per BPM6,TS_GP_BOP_BPM6SUM_M.P00030,Exports of goods FOB,31-Jan-14,2129,Million USD,Normal,
Monthly Summary of Balance of Payments as per BPM6,TS_GP_BOP_BPM6SUM_M.P00030,Exports of goods FOB,28-Feb-14,2058,Million USD,Normal,
Monthly Summary of Balance of Payments as per BPM6,TS_GP_BOP_BPM6SUM_M.P00030,Exports of goods FOB,31-Mar-14,2092,Million USD,Normal,
Monthly Summary of Balance of Payments as per BPM6,TS_GP_BOP_BPM6SUM_M.P00030,Exports of goods FOB,30-Apr-14,2097,Million USD,Normal,
Monthly Summary of Balance of Payments as per BPM6,TS_GP_BOP_BPM6SUM_M.P00030,Exports of goods FOB,31-May-14,2133,Million USD,Normal,
Monthly Summary of Balance of Payments as per BPM6,TS_GP_BOP_BPM6SUM_M.P00030,Exports of goods FOB,30-Jun-14,2102,Million USD,Normal,
Monthly Summary of Balance of Payments as per BPM6,TS_GP_BOP_BPM6SUM_M.P00030,Exports of goods FOB,31-Jul-14,1919,Million USD,Normal,
Monthly Summary of Balance of Payments as per BPM6,TS_GP_BOP_BPM6SUM_M.P00030,Exports of goods FOB,31-Aug-14,1880,Million USD,Normal,
Monthly Summary of Balance of Payments as per BPM6,TS_GP_BOP_BPM6SUM_M.P00030,Exports of goods FOB,30-Sep-14,2161,Million USD,Normal,
Monthly Summary of Balance of Payments as per BPM6,TS_GP_BOP_BPM6SUM_M.P00030,Exports of goods FOB,31-Oct-14,2088,Million USD,Normal,
Monthly Summary of Balance of Payments as per BPM6,TS_GP_BOP_BPM6SUM_M.P00030,Exports of goods FOB,30-Nov-14,1861,Million USD,Normal,
Monthly Summary of Balance of Payments as per BPM6,TS_GP_BOP_BPM6SUM_M.P00030,Exports of goods FOB,31-Dec-14,2257,Million USD,Normal,
Monthly Summary of Balance of Payments as per BPM6,TS_GP_BOP_BPM6SUM_M.P00030,Exports of goods FOB,31-Jan-15,1964,Million USD,Normal,
Monthly Summary of Balance of Payments as per BPM6,TS_GP_BOP_BPM6SUM_M.P00030,Exports of goods FOB,28-Feb-15,1853,Million USD,Normal,
Monthly Summary of Balance of Payments as per BPM6,TS_GP_BOP_BPM6SUM_M.P00030,Exports of goods FOB,31-Mar-15,2049,Million USD,Normal,
Monthly Summary of Balance of Payments as per BPM6,TS_GP_BOP_BPM6SUM_M.P00030,Exports of goods FOB,30-Apr-15,2067,Million USD,Normal,
Monthly Summary of Balance of Payments as per BPM6,TS_GP_BOP_BPM6SUM_M.P00030,Exports of goods FOB,31-May-15,1880,Million USD,Normal,
Monthly Summary of Balance of Payments as per BPM6,TS_GP_BOP_BPM6SUM_M.P00030,Exports of goods FOB,30-Jun-15,2111,Million USD,Normal,
Monthly Summary of Balance of Payments as per BPM6,TS_GP_BOP_BPM6SUM_M.P00030,Exports of goods FOB,31-Jul-15,1759,Million USD,Normal,
Monthly Summary of Balance of Payments as per BPM6,TS_GP_BOP_BPM6SUM_M.P00030,Exports of goods FOB,31-Aug-15,1738,Million USD,Normal,
Monthly Summary of Balance of Payments as per BPM6,TS_GP_BOP_BPM6SUM_M.P00030,Exports of goods FOB,30-Sep-15,1821,Million USD,Normal,
Monthly Summary of Balance of Payments as per BPM6,TS_GP_BOP_BPM6SUM_M.P00030,Exports of goods FOB,31-Oct-15,1778,Million USD,Normal,
Monthly Summary of Balance of Payments as per BPM6,TS_GP_BOP_BPM6SUM_M.P00030,Exports of goods FOB,30-Nov-15,1740,Million USD,Normal,
Monthly Summary of Balance of Payments as per BPM6,TS_GP_BOP_BPM6SUM_M.P00030,Exports of goods FOB,31-Dec-15,1947,Million USD,Normal,
Monthly Summary of Balance of Payments as per BPM6,TS_GP_BOP_BPM6SUM_M.P00030,Exports of goods FOB,31-Jan-16,1692,Million USD,Normal,
Monthly Summary of Balance of Payments as per BPM6,TS_GP_BOP_BPM6SUM_M.P00030,Exports of goods FOB,29-Feb-16,1864,Million USD,Normal,
Monthly Summary of Balance of Payments as per BPM6,TS_GP_BOP_BPM6SUM_M.P00030,Exports of goods FOB,31-Mar-16,1989,Million USD,Normal,
Monthly Summary of Balance of Payments as per BPM6,TS_GP_BOP_BPM6SUM_M.P00030,Exports of goods FOB,30-Apr-16,1818,Million USD,Normal,
Monthly Summary of Balance of Payments as per BPM6,TS_GP_BOP_BPM6SUM_M.P00030,Exports of goods FOB,31-May-16,1959,Million USD,Normal,
Monthly Summary of Balance of Payments as per BPM6,TS_GP_BOP_BPM6SUM_M.P00030,Exports of goods FOB,30-Jun-16,1867,Million USD,Normal,
Monthly Summary of Balance of Payments as per BPM6,TS_GP_BOP_BPM6SUM_M.P00030,Exports of goods FOB,31-Jul-16,1508,Million USD,Normal,
Monthly Summary of Balance of Payments as per BPM6,TS_GP_BOP_BPM6SUM_M.P00030,Exports of goods FOB,31-Aug-16,1857,Million USD,Normal,
Monthly Summary of Balance of Payments as per BPM6,TS_GP_BOP_BPM6SUM_M.P00030,Exports of goods FOB,30-Sep-16,1689,Million USD,Normal,
Monthly Summary of Balance of Payments as per BPM6,TS_GP_BOP_BPM6SUM_M.P00030,Exports of goods FOB,31-Oct-16,1826,Million USD,Normal,
Monthly Summary of Balance of Payments as per BPM6,TS_GP_BOP_BPM6SUM_M.P00030,Exports of goods FOB,30-Nov-16,1860,Million USD,Normal,
Monthly Summary of Balance of Payments as per BPM6,TS_GP_BOP_BPM6SUM_M.P00030,Exports of goods FOB,31-Dec-16,1891,Million USD,Normal,
Monthly Summary of Balance of Payments as per BPM6,TS_GP_BOP_BPM6SUM_M.P00030,Exports of goods FOB,31-Jan-17,1811,Million USD,Normal,
Monthly Summary of Balance of Payments as per BPM6,TS_GP_BOP_BPM6SUM_M.P00030,Exports of goods FOB,28-Feb-17,1797,Million USD,Normal,
Monthly Summary of Balance of Payments as per BPM6,TS_GP_BOP_BPM6SUM_M.P00030,Exports of goods FOB,31-Mar-17,2075,Million USD,Normal,
Monthly Summary of Balance of Payments as per BPM6,TS_GP_BOP_BPM6SUM_M.P00030,Exports of goods FOB,30-Apr-17,1827,Million USD,Normal,
Monthly Summary of Balance of Payments as per BPM6,TS_GP_BOP_BPM6SUM_M.P00030,Exports of goods FOB,31-May-17,1978,Million USD,Normal,
Monthly Summary of Balance of Payments as per BPM6,TS_GP_BOP_BPM6SUM_M.P00030,Exports of goods FOB,30-Jun-17,1884,Million USD,Normal,
Monthly Summary of Balance of Payments as per BPM6,TS_GP_BOP_BPM6SUM_M.P00030,Exports of goods FOB,31-Jul-17,1817,Million USD,Normal,
Monthly Summary of Balance of Payments as per BPM6,TS_GP_BOP_BPM6SUM_M.P00030,Exports of goods FOB,31-Aug-17,2090,Million USD,Normal,
Monthly Summary of Balance of Payments as per BPM6,TS_GP_BOP_BPM6SUM_M.P00030,Exports of goods FOB,30-Sep-17,1743,Million USD,Normal,
Monthly Summary of Balance of Payments as per BPM6,TS_GP_BOP_BPM6SUM_M.P00030,Exports of goods FOB,31-Oct-17,1960,Million USD,Normal,
Monthly Summary of Balance of Payments as per BPM6,TS_GP_BOP_BPM6SUM_M.P00030,Exports of goods FOB,30-Nov-17,2173,Million USD,Normal,
Monthly Summary of Balance of Payments as per BPM6,TS_GP_BOP_BPM6SUM_M.P00030,Exports of goods FOB,31-Dec-17,2008,Million USD,Normal,
Monthly Summary of Balance of Payments as per BPM6,TS_GP_BOP_BPM6SUM_M.P00030,Exports of goods FOB,31-Jan-18,2090,Million USD,Normal,
Monthly Summary of Balance of Payments as per BPM6,TS_GP_BOP_BPM6SUM_M.P00030,Exports of goods FOB,28-Feb-18,2057,Million USD,Normal,
Monthly Summary of Balance of Payments as per BPM6,TS_GP_BOP_BPM6SUM_M.P00030,Exports of goods FOB,31-Mar-18,2316,Million USD,Normal,
Monthly Summary of Balance of Payments as per BPM6,TS_GP_BOP_BPM6SUM_M.P00030,Exports of goods FOB,30-Apr-18,2235,Million USD,Normal,
Monthly Summary of Balance of Payments as per BPM6,TS_GP_BOP_BPM6SUM_M.P00030,Exports of goods FOB,31-May-18,2265,Million USD,Normal,
Monthly Summary of Balance of Payments as per BPM6,TS_GP_BOP_BPM6SUM_M.P00030,Exports of goods FOB,30-Jun-18,2014,Million USD,Normal,
Monthly Summary of Balance of Payments as per BPM6,TS_GP_BOP_BPM6SUM_M.P00030,Exports of goods FOB,31-Jul-18,2013,Million USD,Normal,
Monthly Summary of Balance of Payments as per BPM6,TS_GP_BOP_BPM6SUM_M.P00030,Exports of goods FOB,31-Aug-18,2075,Million USD,Normal,
Monthly Summary of Balance of Payments as per BPM6,TS_GP_BOP_BPM6SUM_M.P00030,Exports of goods FOB,30-Sep-18,1805,Million USD,Normal,
Monthly Summary of Balance of Payments as per BPM6,TS_GP_BOP_BPM6SUM_M.P00030,Exports of goods FOB,31-Oct-18,2061,Million USD,Normal,
Monthly Summary of Balance of Payments as per BPM6,TS_GP_BOP_BPM6SUM_M.P00030,Exports of goods FOB,30-Nov-18,1898,Million USD,Normal,
Monthly Summary of Balance of Payments as per BPM6,TS_GP_BOP_BPM6SUM_M.P00030,Exports of goods FOB,31-Dec-18,2013,Million USD,Normal,
Monthly Summary of Balance of Payments as per BPM6,TS_GP_BOP_BPM6SUM_M.P00030,Exports of goods FOB,31-Jan-19,2274,Million USD,Normal,
Monthly Summary of Balance of Payments as per BPM6,TS_GP_BOP_BPM6SUM_M.P00030,Exports of goods FOB,28-Feb-19,1875,Million USD,Normal,
Monthly Summary of Balance of Payments as per BPM6,TS_GP_BOP_BPM6SUM_M.P00030,Exports of goods FOB,31-Mar-19,2037,Million USD,Normal,
Monthly Summary of Balance of Payments as per BPM6,TS_GP_BOP_BPM6SUM_M.P00030,Exports of goods FOB,30-Apr-19,2084,Million USD,Normal,
Monthly Summary of Balance of Payments as per BPM6,TS_GP_BOP_BPM6SUM_M.P00030,Exports of goods FOB,31-May-19,2323,Million USD,Normal,
Monthly Summary of Balance of Payments as per BPM6,TS_GP_BOP_BPM6SUM_M.P00030,Exports of goods FOB,30-Jun-19,1799,Million USD,Normal,
Monthly Summary of Balance of Payments as per BPM6,TS_GP_BOP_BPM6SUM_M.P00030,Exports of goods FOB,31-Jul-19,2217,Million USD,Normal,
Monthly Summary of Balance of Payments as per BPM6,TS_GP_BOP_BPM6SUM_M.P00030,Exports of goods FOB,31-Aug-19,1896,Million USD,Normal,
Monthly Summary of Balance of Payments as per BPM6,TS_GP_BOP_BPM6SUM_M.P00030,Exports of goods FOB,30-Sep-19,1881,Million USD,Normal,
Monthly Summary of Balance of Payments as per BPM6,TS_GP_BOP_BPM6SUM_M.P00030,Exports of goods FOB,31-Oct-19,2191,Million USD,Normal,
Monthly Summary of Balance of Payments as per BPM6,TS_GP_BOP_BPM6SUM_M.P00030,Exports of goods FOB,30-Nov-19,2113,Million USD,Normal,
Monthly Summary of Balance of Payments as per BPM6,TS_GP_BOP_BPM6SUM_M.P00030,Exports of goods FOB,31-Dec-19,2110,Million USD,Normal,
Monthly Summary of Balance of Payments as per BPM6,TS_GP_BOP_BPM6SUM_M.P00030,Exports of goods FOB,31-Jan-20,2056,Million USD,Normal,
Monthly Summary of Balance of Payments as per BPM6,TS_GP_BOP_BPM6SUM_M.P00030,Exports of goods FOB,29-Feb-20,1996,Million USD,Normal,
Monthly Summary of Balance of Payments as per BPM6,TS_GP_BOP_BPM6SUM_M.P00030,Exports of goods FOB,31-Mar-20,1821,Million USD,Normal,
Monthly Summary of Balance of Payments as per BPM6,TS_GP_BOP_BPM6SUM_M.P00030,Exports of goods FOB,30-Apr-20,1423,Million USD,Normal,
Monthly Summary of Balance of Payments as per BPM6,TS_GP_BOP_BPM6SUM_M.P00030,Exports of goods FOB,31-May-20,1259,Million USD,Normal,
Monthly Summary of Balance of Payments as per BPM6,TS_GP_BOP_BPM6SUM_M.P00030,Exports of goods FOB,30-Jun-20,1573,Million USD,Normal,
Monthly Summary of Balance of Payments as per BPM6,TS_GP_BOP_BPM6SUM_M.P00030,Exports of goods FOB,31-Jul-20,1887,Million USD,Normal,
Monthly Summary of Balance of Payments as per BPM6,TS_GP_BOP_BPM6SUM_M.P00030,Exports of goods FOB,31-Aug-20,1515,Million USD,Normal,
Monthly Summary of Balance of Payments as per BPM6,TS_GP_BOP_BPM6SUM_M.P00030,Exports of goods FOB,30-Sep-20,1947,Million USD,Normal,
Monthly Summary of Balance of Payments as per BPM6,TS_GP_BOP_BPM6SUM_M.P00030,Exports of goods FOB,31-Oct-20,1969,Million USD,Normal,
Monthly Summary of Balance of Payments as per BPM6,TS_GP_BOP_BPM6SUM_M.P00030,Exports of goods FOB,30-Nov-20,2240,Million USD,Normal,
Monthly Summary of Balance of Payments as per BPM6,TS_GP_BOP_BPM6SUM_M.P00030,Exports of goods FOB,31-Dec-20,2255,Million USD,Normal,
Monthly Summary of Balance of Payments as per BPM6,TS_GP_BOP_BPM6SUM_M.P00030,Exports of goods FOB,31-Jan-21,2100,Million USD,Normal,
Monthly Summary of Balance of Payments as per BPM6,TS_GP_BOP_BPM6SUM_M.P00030,Exports of goods FOB,28-Feb-21,2184,Million USD,Normal,
Monthly Summary of Balance of Payments as per BPM6,TS_GP_BOP_BPM6SUM_M.P00030,Exports of goods FOB,31-Mar-21,2616,Million USD,Normal,
Monthly Summary of Balance of Payments as per BPM6,TS_GP_BOP_BPM6SUM_M.P00030,Exports of goods FOB,30-Apr-21,2304,Million USD,Normal,
Monthly Summary of Balance of Payments as per BPM6,TS_GP_BOP_BPM6SUM_M.P00030,Exports of goods FOB,31-May-21,2130,Million USD,Normal,
Monthly Summary of Balance of Payments as per BPM6,TS_GP_BOP_BPM6SUM_M.P00030,Exports of goods FOB,30-Jun-21,2492,Million USD,Normal,
Monthly Summary of Balance of Payments as per BPM6,TS_GP_BOP_BPM6SUM_M.P00030,Exports of goods FOB,31-Jul-21,2234,Million USD,Normal,
Monthly Summary of Balance of Payments as per BPM6,TS_GP_BOP_BPM6SUM_M.P00030,Exports of goods FOB,31-Aug-21,2339,Million USD,Normal,
Monthly Summary of Balance of Payments as per BPM6,TS_GP_BOP_BPM6SUM_M.P00030,Exports of goods FOB,30-Sep-21,2627,Million USD,Normal,
Monthly Summary of Balance of Payments as per BPM6,TS_GP_BOP_BPM6SUM_M.P00030,Exports of goods FOB,31-Oct-21,2375,Million USD,Normal,
Monthly Summary of Balance of Payments as per BPM6,TS_GP_BOP_BPM6SUM_M.P00030,Exports of goods FOB,30-Nov-21,2737,Million USD,Normal,
Monthly Summary of Balance of Payments as per BPM6,TS_GP_BOP_BPM6SUM_M.P00030,Exports of goods FOB,31-Dec-21,2930,Million USD,Normal,
Monthly Summary of Balance of Payments as per BPM6,TS_GP_BOP_BPM6SUM_M.P00030,Exports of goods FOB,31-Jan-22,2503,Million USD,Normal,
Monthly Summary of Balance of Payments as per BPM6,TS_GP_BOP_BPM6SUM_M.P00030,Exports of goods FOB,28-Feb-22,2890,Million USD,Normal,
Monthly Summary of Balance of Payments as per BPM6,TS_GP_BOP_BPM6SUM_M.P00030,Exports of goods FOB,31-Mar-22,3071,Million USD,Normal,
Monthly Summary of Balance of Payments as per BPM6,TS_GP_BOP_BPM6SUM_M.P00030,Exports of goods FOB,30-Apr-22,3152,Million USD,Normal,
Monthly Summary of Balance of Payments as per BPM6,TS_GP_BOP_BPM6SUM_M.P00030,Exports of goods FOB,31-May-22,2505,Million USD,Normal,
Monthly Summary of Balance of Payments as per BPM6,TS_GP_BOP_BPM6SUM_M.P00030,Exports of goods FOB,30-Jun-22,3130,Million USD,Normal,
Monthly Summary of Balance of Payments as per BPM6,TS_GP_BOP_BPM6SUM_M.P00030,Exports of goods FOB,31-Jul-22,2215,Million USD,Normal,
Monthly Summary of Balance of Payments as per BPM6,TS_GP_BOP_BPM6SUM_M.P00030,Exports of goods FOB,31-Aug-22,2734,Million USD,Normal,
Monthly Summary of Balance of Payments as per BPM6,TS_GP_BOP_BPM6SUM_M.P00030,Exports of goods FOB,30-Sep-22,2437,Million USD,Normal,
Monthly Summary of Balance of Payments as per BPM6,TS_GP_BOP_BPM6SUM_M.P00030,Exports of goods FOB,31-Oct-22,2281,Million USD,Normal,
Monthly Summary of Balance of Payments as per BPM6,TS_GP_BOP_BPM6SUM_M.P00030,Exports of goods FOB,30-Nov-22,2248,Million USD,Normal,
Monthly Summary of Balance of Payments as per BPM6,TS_GP_BOP_BPM6SUM_M.P00030,Exports of goods FOB,31-Dec-22,2308,Million USD,Normal,
Monthly Summary of Balance of Payments as per BPM6,TS_GP_BOP_BPM6SUM_M.P00030,Exports of goods FOB,31-Jan-23,2222,Million USD,Normal,
Monthly Summary of Balance of Payments as per BPM6,TS_GP_BOP_BPM6SUM_M.P00030,Exports of goods FOB,28-Feb-23,2199,Million USD,Normal,
Monthly Summary of Balance of Payments as per BPM6,TS_GP_BOP_BPM6SUM_M.P00030,Exports of goods FOB,31-Mar-23,2420,Million USD,Normal,
Monthly Summary of Balance of Payments as per BPM6,TS_GP_BOP_BPM6SUM_M.P00030,Exports of goods FOB,30-Apr-23,2135,Million USD,Normal,
Monthly Summary of Balance of Payments as per BPM6,TS_GP_BOP_BPM6SUM_M.P00030,Exports of goods FOB,31-May-23,2568,Million USD,Normal,
Monthly Summary of Balance of Payments as per BPM6,TS_GP_BOP_BPM6SUM_M.P00030,Exports of goods FOB,30-Jun-23,2112,Million USD,Normal,
Monthly Summary of Balance of Payments as per BPM6,TS_GP_BOP_BPM6SUM_M.P00030,Exports of goods FOB,31-Jul-23,2118,Million USD,Normal,
Monthly Summary of Balance of Payments as per BPM6,TS_GP_BOP_BPM6SUM_M.P00030,Exports of goods FOB,31-Aug-23,2418,Million USD,Normal,
Monthly Summary of Balance of Payments as per BPM6,TS_GP_BOP_BPM6SUM_M.P00030,Exports of goods FOB,30-Sep-23,2466,Million USD,Normal,
Monthly Summary of Balance of Payments as per BPM6,TS_GP_BOP_BPM6SUM_M.P00030,Exports of goods FOB,31-Oct-23,2764,Million USD,Normal,
Monthly Summary of Balance of Payments as per BPM6,TS_GP_BOP_BPM6SUM_M.P00030,Exports of goods FOB,30-Nov-23,2724,Million USD,Normal,
Monthly Summary of Balance of Payments as per BPM6,TS_GP_BOP_BPM6SUM_M.P00030,Exports of goods FOB,31-Dec-23,2795,Million USD,Normal,
Monthly Summary of Balance of Payments as per BPM6,TS_GP_BOP_BPM6SUM_M.P00030,Exports of goods FOB,31-Jan-24,2697,Million USD,Normal,
Monthly Summary of Balance of Payments as per BPM6,TS_GP_BOP_BPM6SUM_M.P00030,Exports of goods FOB,29-Feb-24,2556,Million USD,Normal,
