Dataset,Series Key,Series,Observation Date,Observation Value,Unit,Observation Status,Observation Status Comment
Pakistan Stock Exchange – Important Indicators,TS_GP_MFS_PSXIND_M.PSX00040000,Turnover of shares,30-Jun-11,2875,Million Number of shares,Normal,
Pakistan Stock Exchange – Important Indicators,TS_GP_MFS_PSXIND_M.PSX00040000,Turnover of shares,31-Jul-11,1677.19,Million Number of shares,Normal,
Pakistan Stock Exchange – Important Indicators,TS_GP_MFS_PSXIND_M.PSX00040000,Turnover of shares,31-Aug-11,1240.82,Million Number of shares,Normal,
Pakistan Stock Exchange – Important Indicators,TS_GP_MFS_PSXIND_M.PSX00040000,Turnover of shares,30-Sep-11,1685.82,Million Number of shares,Normal,
Pakistan Stock Exchange – Important Indicators,TS_GP_MFS_PSXIND_M.PSX00040000,Turnover of shares,31-Oct-11,2314.53,Million Number of shares,Normal,
Pakistan Stock Exchange – Important Indicators,TS_GP_MFS_PSXIND_M.PSX00040000,Turnover of shares,30-Nov-11,1043.66,Million Number of shares,Normal,
Pakistan Stock Exchange – Important Indicators,TS_GP_MFS_PSXIND_M.PSX00040000,Turnover of shares,31-Dec-11,1232.17,Million Number of shares,Normal,
Pakistan Stock Exchange – Important Indicators,TS_GP_MFS_PSXIND_M.PSX00040000,Turnover of shares,31-Jan-12,1986.8,Million Number of shares,Normal,
Pakistan Stock Exchange – Important Indicators,TS_GP_MFS_PSXIND_M.PSX00040000,Turnover of shares,29-Feb-12,4207.41,Million Number of shares,Normal,
Pakistan Stock Exchange – Important Indicators,TS_GP_MFS_PSXIND_M.PSX00040000,Turnover of shares,31-Mar-12,8244.9,Million Number of shares,Normal,
Pakistan Stock Exchange – Important Indicators,TS_GP_MFS_PSXIND_M.PSX00040000,Turnover of shares,30-Apr-12,7113.63,Million Number of shares,Normal,
Pakistan Stock Exchange – Important Indicators,TS_GP_MFS_PSXIND_M.PSX00040000,Turnover of shares,31-May-12,4657.19,Million Number of shares,Normal,
Pakistan Stock Exchange – Important Indicators,TS_GP_MFS_PSXIND_M.PSX00040000,Turnover of shares,30-Jun-12,2607.28,Million Number of shares,Normal,
Pakistan Stock Exchange – Important Indicators,TS_GP_MFS_PSXIND_M.PSX00040000,Turnover of shares,31-Jul-12,2275.63,Million Number of shares,Normal,
Pakistan Stock Exchange – Important Indicators,TS_GP_MFS_PSXIND_M.PSX00040000,Turnover of shares,31-Aug-12,3476.54,Million Number of shares,Normal,
Pakistan Stock Exchange – Important Indicators,TS_GP_MFS_PSXIND_M.PSX00040000,Turnover of shares,30-Sep-12,3240.06,Million Number of shares,Normal,
Pakistan Stock Exchange – Important Indicators,TS_GP_MFS_PSXIND_M.PSX00040000,Turnover of shares,31-Oct-12,3014.51,Million Number of shares,Normal,
Pakistan Stock Exchange – Important Indicators,TS_GP_MFS_PSXIND_M.PSX00040000,Turnover of shares,30-Nov-12,4857.91,Million Number of shares,Normal,
Pakistan Stock Exchange – Important Indicators,TS_GP_MFS_PSXIND_M.PSX00040000,Turnover of shares,31-Dec-12,3600.49,Million Number of shares,Normal,
Pakistan Stock Exchange – Important Indicators,TS_GP_MFS_PSXIND_M.PSX00040000,Turnover of shares,31-Jan-13,3858.08,Million Number of shares,Normal,
Pakistan Stock Exchange – Important Indicators,TS_GP_MFS_PSXIND_M.PSX00040000,Turnover of shares,28-Feb-13,5683.67,Million Number of shares,Normal,
Pakistan Stock Exchange – Important Indicators,TS_GP_MFS_PSXIND_M.PSX00040000,Turnover of shares,31-Mar-13,4643.78,Million Number of shares,Normal,
Pakistan Stock Exchange – Important Indicators,TS_GP_MFS_PSXIND_M.PSX00040000,Turnover of shares,30-Apr-13,4142.79,Million Number of shares,Normal,
Pakistan Stock Exchange – Important Indicators,TS_GP_MFS_PSXIND_M.PSX00040000,Turnover of shares,31-May-13,7827.77,Million Number of shares,Normal,
Pakistan Stock Exchange – Important Indicators,TS_GP_MFS_PSXIND_M.PSX00040000,Turnover of shares,30-Jun-13,7697.54,Million Number of shares,Normal,
Pakistan Stock Exchange – Important Indicators,TS_GP_MFS_PSXIND_M.PSX00040000,Turnover of shares,31-Jul-13,6601.48,Million Number of shares,Normal,
Pakistan Stock Exchange – Important Indicators,TS_GP_MFS_PSXIND_M.PSX00040000,Turnover of shares,31-Aug-13,3804.03,Million Number of shares,Normal,
Pakistan Stock Exchange – Important Indicators,TS_GP_MFS_PSXIND_M.PSX00040000,Turnover of shares,30-Sep-13,4721.86,Million Number of shares,Normal,
Pakistan Stock Exchange – Important Indicators,TS_GP_MFS_PSXIND_M.PSX00040000,Turnover of shares,31-Oct-13,2341.31,Million Number of shares,Normal,
Pakistan Stock Exchange – Important Indicators,TS_GP_MFS_PSXIND_M.PSX00040000,Turnover of shares,30-Nov-13,2869.33,Million Number of shares,Normal,
Pakistan Stock Exchange – Important Indicators,TS_GP_MFS_PSXIND_M.PSX00040000,Turnover of shares,31-Dec-13,4758.79,Million Number of shares,Normal,
Pakistan Stock Exchange – Important Indicators,TS_GP_MFS_PSXIND_M.PSX00040000,Turnover of shares,31-Jan-14,7163.83,Million Number of shares,Normal,
Pakistan Stock Exchange – Important Indicators,TS_GP_MFS_PSXIND_M.PSX00040000,Turnover of shares,28-Feb-14,4686.1,Million Number of shares,Normal,
Pakistan Stock Exchange – Important Indicators,TS_GP_MFS_PSXIND_M.PSX00040000,Turnover of shares,31-Mar-14,4801.15,Million Number of shares,Normal,
Pakistan Stock Exchange – Important Indicators,TS_GP_MFS_PSXIND_M.PSX00040000,Turnover of shares,30-Apr-14,6746.38,Million Number of shares,Normal,
Pakistan Stock Exchange – Important Indicators,TS_GP_MFS_PSXIND_M.PSX00040000,Turnover of shares,31-May-14,3693.95,Million Number of shares,Normal,
Pakistan Stock Exchange – Important Indicators,TS_GP_MFS_PSXIND_M.PSX00040000,Turnover of shares,30-Jun-14,4392.36,Million Number of shares,Normal,
Pakistan Stock Exchange – Important Indicators,TS_GP_MFS_PSXIND_M.PSX00040000,Turnover of shares,31-Jul-14,2297.59,Million Number of shares,Normal,
Pakistan Stock Exchange – Important Indicators,TS_GP_MFS_PSXIND_M.PSX00040000,Turnover of shares,31-Aug-14,2691.58,Million Number of shares,Normal,
Pakistan Stock Exchange – Important Indicators,TS_GP_MFS_PSXIND_M.PSX00040000,Turnover of shares,30-Sep-14,3470.43,Million Number of shares,Normal,
Pakistan Stock Exchange – Important Indicators,TS_GP_MFS_PSXIND_M.PSX00040000,Turnover of shares,31-Oct-14,3691.08,Million Number of shares,Normal,
Pakistan Stock Exchange – Important Indicators,TS_GP_MFS_PSXIND_M.PSX00040000,Turnover of shares,30-Nov-14,4701.9,Million Number of shares,Normal,
Pakistan Stock Exchange – Important Indicators,TS_GP_MFS_PSXIND_M.PSX00040000,Turnover of shares,31-Dec-14,5621.23,Million Number of shares,Normal,
Pakistan Stock Exchange – Important Indicators,TS_GP_MFS_PSXIND_M.PSX00040000,Turnover of shares,31-Jan-15,6809.66,Million Number of shares,Normal,
Pakistan Stock Exchange – Important Indicators,TS_GP_MFS_PSXIND_M.PSX00040000,Turnover of shares,28-Feb-15,5460.27,Million Number of shares,Normal,
Pakistan Stock Exchange – Important Indicators,TS_GP_MFS_PSXIND_M.PSX00040000,Turnover of shares,31-Mar-15,3638.57,Million Number of shares,Normal,
Pakistan Stock Exchange – Important Indicators,TS_GP_MFS_PSXIND_M.PSX00040000,Turnover of shares,30-Apr-15,6370.97,Million Number of shares,Normal,
Pakistan Stock Exchange – Important Indicators,TS_GP_MFS_PSXIND_M.PSX00040000,Turnover of shares,31-May-15,3550.78,Million Number of shares,Normal,
Pakistan Stock Exchange – Important Indicators,TS_GP_MFS_PSXIND_M.PSX00040000,Turnover of shares,30-Jun-15,8900.05,Million Number of shares,Normal,
Pakistan Stock Exchange – Important Indicators,TS_GP_MFS_PSXIND_M.PSX00040000,Turnover of shares,31-Jul-15,9091.73,Million Number of shares,Normal,
Pakistan Stock Exchange – Important Indicators,TS_GP_MFS_PSXIND_M.PSX00040000,Turnover of shares,31-Aug-15,6247.91,Million Number of shares,Normal,
Pakistan Stock Exchange – Important Indicators,TS_GP_MFS_PSXIND_M.PSX00040000,Turnover of shares,30-Sep-15,3746.73,Million Number of shares,Normal,
Pakistan Stock Exchange – Important Indicators,TS_GP_MFS_PSXIND_M.PSX00040000,Turnover of shares,31-Oct-15,3784.6,Million Number of shares,Normal,
Pakistan Stock Exchange – Important Indicators,TS_GP_MFS_PSXIND_M.PSX00040000,Turnover of shares,30-Nov-15,3670.15,Million Number of shares,Normal,
Pakistan Stock Exchange – Important Indicators,TS_GP_MFS_PSXIND_M.PSX00040000,Turnover of shares,31-Dec-15,3395.26,Million Number of shares,Normal,
Pakistan Stock Exchange – Important Indicators,TS_GP_MFS_PSXIND_M.PSX00040000,Turnover of shares,31-Jan-16,3180.87,Million Number of shares,Normal,
Pakistan Stock Exchange – Important Indicators,TS_GP_MFS_PSXIND_M.PSX00040000,Turnover of shares,29-Feb-16,2893.64,Million Number of shares,Normal,
Pakistan Stock Exchange – Important Indicators,TS_GP_MFS_PSXIND_M.PSX00040000,Turnover of shares,31-Mar-16,3525.23,Million Number of shares,Normal,
Pakistan Stock Exchange – Important Indicators,TS_GP_MFS_PSXIND_M.PSX00040000,Turnover of shares,30-Apr-16,5096.4,Million Number of shares,Normal,
Pakistan Stock Exchange – Important Indicators,TS_GP_MFS_PSXIND_M.PSX00040000,Turnover of shares,31-May-16,6303.1,Million Number of shares,Normal,
Pakistan Stock Exchange – Important Indicators,TS_GP_MFS_PSXIND_M.PSX00040000,Turnover of shares,30-Jun-16,4494.76,Million Number of shares,Normal,
Pakistan Stock Exchange – Important Indicators,TS_GP_MFS_PSXIND_M.PSX00040000,Turnover of shares,31-Jul-16,3149.67,Million Number of shares,Normal,
Pakistan Stock Exchange – Important Indicators,TS_GP_MFS_PSXIND_M.PSX00040000,Turnover of shares,31-Aug-16,6109.26,Million Number of shares,Normal,
Pakistan Stock Exchange – Important Indicators,TS_GP_MFS_PSXIND_M.PSX00040000,Turnover of shares,30-Sep-16,10903.85,Million Number of shares,Normal,
Pakistan Stock Exchange – Important Indicators,TS_GP_MFS_PSXIND_M.PSX00040000,Turnover of shares,31-Oct-16,8675.997,Million Number of shares,Normal,
Pakistan Stock Exchange – Important Indicators,TS_GP_MFS_PSXIND_M.PSX00040000,Turnover of shares,30-Nov-16,10952.855,Million Number of shares,Normal,
Pakistan Stock Exchange – Important Indicators,TS_GP_MFS_PSXIND_M.PSX00040000,Turnover of shares,31-Dec-16,7836.421,Million Number of shares,Normal,
Pakistan Stock Exchange – Important Indicators,TS_GP_MFS_PSXIND_M.PSX00040000,Turnover of shares,31-Jan-17,9936.69,Million Number of shares,Normal,
Pakistan Stock Exchange – Important Indicators,TS_GP_MFS_PSXIND_M.PSX00040000,Turnover of shares,28-Feb-17,7279.32,Million Number of shares,Normal,
Pakistan Stock Exchange – Important Indicators,TS_GP_MFS_PSXIND_M.PSX00040000,Turnover of shares,31-Mar-17,5674.59,Million Number of shares,Normal,
Pakistan Stock Exchange – Important Indicators,TS_GP_MFS_PSXIND_M.PSX00040000,Turnover of shares,30-Apr-17,4921.12,Million Number of shares,Normal,
Pakistan Stock Exchange – Important Indicators,TS_GP_MFS_PSXIND_M.PSX00040000,Turnover of shares,31-May-17,7801.16,Million Number of shares,Normal,
Pakistan Stock Exchange – Important Indicators,TS_GP_MFS_PSXIND_M.PSX00040000,Turnover of shares,30-Jun-17,5358.29,Million Number of shares,Normal,
Pakistan Stock Exchange – Important Indicators,TS_GP_MFS_PSXIND_M.PSX00040000,Turnover of shares,31-Jul-17,3896,Million Number of shares,Normal,
Pakistan Stock Exchange – Important Indicators,TS_GP_MFS_PSXIND_M.PSX00040000,Turnover of shares,31-Aug-17,4556.16,Million Number of shares,Normal,
Pakistan Stock Exchange – Important Indicators,TS_GP_MFS_PSXIND_M.PSX00040000,Turnover of shares,30-Sep-17,3152.82,Million Number of shares,Normal,
Pakistan Stock Exchange – Important Indicators,TS_GP_MFS_PSXIND_M.PSX00040000,Turnover of shares,31-Oct-17,3494.97,Million Number of shares,Normal,
Pakistan Stock Exchange – Important Indicators,TS_GP_MFS_PSXIND_M.PSX00040000,Turnover of shares,30-Nov-17,2705.71,Million Number of shares,Normal,
Pakistan Stock Exchange – Important Indicators,TS_GP_MFS_PSXIND_M.PSX00040000,Turnover of shares,31-Dec-17,3272.63,Million Number of shares,Normal,
Pakistan Stock Exchange – Important Indicators,TS_GP_MFS_PSXIND_M.PSX00040000,Turnover of shares,31-Jan-18,5787.055,Million Number of shares,Normal,
Pakistan Stock Exchange – Important Indicators,TS_GP_MFS_PSXIND_M.PSX00040000,Turnover of shares,28-Feb-18,4117.9,Million Number of shares,Normal,
Pakistan Stock Exchange – Important Indicators,TS_GP_MFS_PSXIND_M.PSX00040000,Turnover of shares,31-Mar-18,4391.17,Million Number of shares,Normal,
Pakistan Stock Exchange – Important Indicators,TS_GP_MFS_PSXIND_M.PSX00040000,Turnover of shares,30-Apr-18,4644.95,Million Number of shares,Normal,
Pakistan Stock Exchange – Important Indicators,TS_GP_MFS_PSXIND_M.PSX00040000,Turnover of shares,31-May-18,3101.97,Million Number of shares,Normal,
Pakistan Stock Exchange – Important Indicators,TS_GP_MFS_PSXIND_M.PSX00040000,Turnover of shares,30-Jun-18,3410.17,Million Number of shares,Normal,
Pakistan Stock Exchange – Important Indicators,TS_GP_MFS_PSXIND_M.PSX00040000,Turnover of shares,31-Jul-18,4108.35,Million Number of shares,Normal,
Pakistan Stock Exchange – Important Indicators,TS_GP_MFS_PSXIND_M.PSX00040000,Turnover of shares,31-Aug-18,3712.28,Million Number of shares,Normal,
Pakistan Stock Exchange – Important Indicators,TS_GP_MFS_PSXIND_M.PSX00040000,Turnover of shares,30-Sep-18,2686.32,Million Number of shares,Normal,
Pakistan Stock Exchange – Important Indicators,TS_GP_MFS_PSXIND_M.PSX00040000,Turnover of shares,31-Oct-18,5121.76,Million Number of shares,Normal,
Pakistan Stock Exchange – Important Indicators,TS_GP_MFS_PSXIND_M.PSX00040000,Turnover of shares,30-Nov-18,4209.21,Million Number of shares,Normal,
Pakistan Stock Exchange – Important Indicators,TS_GP_MFS_PSXIND_M.PSX00040000,Turnover of shares,31-Dec-18,2783.42,Million Number of shares,Normal,
Pakistan Stock Exchange – Important Indicators,TS_GP_MFS_PSXIND_M.PSX00040000,Turnover of shares,31-Jan-19,3236.57,Million Number of shares,Normal,
Pakistan Stock Exchange – Important Indicators,TS_GP_MFS_PSXIND_M.PSX00040000,Turnover of shares,28-Feb-19,2922.59,Million Number of shares,Normal,
Pakistan Stock Exchange – Important Indicators,TS_GP_MFS_PSXIND_M.PSX00040000,Turnover of shares,31-Mar-19,2526.45,Million Number of shares,Normal,
Pakistan Stock Exchange – Important Indicators,TS_GP_MFS_PSXIND_M.PSX00040000,Turnover of shares,30-Apr-19,3293.41,Million Number of shares,Normal,
Pakistan Stock Exchange – Important Indicators,TS_GP_MFS_PSXIND_M.PSX00040000,Turnover of shares,31-May-19,2774.76,Million Number of shares,Normal,
Pakistan Stock Exchange – Important Indicators,TS_GP_MFS_PSXIND_M.PSX00040000,Turnover of shares,30-Jun-19,2567.71,Million Number of shares,Normal,
Pakistan Stock Exchange – Important Indicators,TS_GP_MFS_PSXIND_M.PSX00040000,Turnover of shares,31-Jul-19,2118.63,Million Number of shares,Normal,
Pakistan Stock Exchange – Important Indicators,TS_GP_MFS_PSXIND_M.PSX00040000,Turnover of shares,31-Aug-19,2218.96,Million Number of shares,Normal,
Pakistan Stock Exchange – Important Indicators,TS_GP_MFS_PSXIND_M.PSX00040000,Turnover of shares,30-Sep-19,2319.12,Million Number of shares,Normal,
Pakistan Stock Exchange – Important Indicators,TS_GP_MFS_PSXIND_M.PSX00040000,Turnover of shares,31-Oct-19,4561.68,Million Number of shares,Normal,
Pakistan Stock Exchange – Important Indicators,TS_GP_MFS_PSXIND_M.PSX00040000,Turnover of shares,30-Nov-19,6646.26,Million Number of shares,Normal,
Pakistan Stock Exchange – Important Indicators,TS_GP_MFS_PSXIND_M.PSX00040000,Turnover of shares,31-Dec-19,7009.19,Million Number of shares,Normal,
Pakistan Stock Exchange – Important Indicators,TS_GP_MFS_PSXIND_M.PSX00040000,Turnover of shares,31-Jan-20,6136.28,Million Number of shares,Normal,
Pakistan Stock Exchange – Important Indicators,TS_GP_MFS_PSXIND_M.PSX00040000,Turnover of shares,29-Feb-20,3234.64,Million Number of shares,Normal,
Pakistan Stock Exchange – Important Indicators,TS_GP_MFS_PSXIND_M.PSX00040000,Turnover of shares,31-Mar-20,4843.92,Million Number of shares,Normal,
Pakistan Stock Exchange – Important Indicators,TS_GP_MFS_PSXIND_M.PSX00040000,Turnover of shares,30-Apr-20,4831.77,Million Number of shares,Normal,
Pakistan Stock Exchange – Important Indicators,TS_GP_MFS_PSXIND_M.PSX00040000,Turnover of shares,31-May-20,3519.49,Million Number of shares,Normal,
Pakistan Stock Exchange – Important Indicators,TS_GP_MFS_PSXIND_M.PSX00040000,Turnover of shares,30-Jun-20,4941.656,Million Number of shares,Normal,
Pakistan Stock Exchange – Important Indicators,TS_GP_MFS_PSXIND_M.PSX00040000,Turnover of shares,31-Jul-20,8923.179,Million Number of shares,Normal,
Pakistan Stock Exchange – Important Indicators,TS_GP_MFS_PSXIND_M.PSX00040000,Turnover of shares,31-Aug-20,10581.669,Million Number of shares,Normal,
Pakistan Stock Exchange – Important Indicators,TS_GP_MFS_PSXIND_M.PSX00040000,Turnover of shares,30-Sep-20,13650.743,Million Number of shares,Normal,
Pakistan Stock Exchange – Important Indicators,TS_GP_MFS_PSXIND_M.PSX00040000,Turnover of shares,31-Oct-20,8635.92,Million Number of shares,Normal,
Pakistan Stock Exchange – Important Indicators,TS_GP_MFS_PSXIND_M.PSX00040000,Turnover of shares,30-Nov-20,6533.653,Million Number of shares,Normal,
Pakistan Stock Exchange – Important Indicators,TS_GP_MFS_PSXIND_M.PSX00040000,Turnover of shares,31-Dec-20,11516.889,Million Number of shares,Normal,
Pakistan Stock Exchange – Important Indicators,TS_GP_MFS_PSXIND_M.PSX00040000,Turnover of shares,31-Jan-21,13457.212,Million Number of shares,Normal,
Pakistan Stock Exchange – Important Indicators,TS_GP_MFS_PSXIND_M.PSX00040000,Turnover of shares,28-Feb-21,11973.059,Million Number of shares,Normal,
Pakistan Stock Exchange – Important Indicators,TS_GP_MFS_PSXIND_M.PSX00040000,Turnover of shares,31-Mar-21,10588.817,Million Number of shares,Normal,
Pakistan Stock Exchange – Important Indicators,TS_GP_MFS_PSXIND_M.PSX00040000,Turnover of shares,30-Apr-21,8101.691,Million Number of shares,Normal,
Pakistan Stock Exchange – Important Indicators,TS_GP_MFS_PSXIND_M.PSX00040000,Turnover of shares,31-May-21,12465.65,Million Number of shares,Normal,
Pakistan Stock Exchange – Important Indicators,TS_GP_MFS_PSXIND_M.PSX00040000,Turnover of shares,30-Jun-21,20912.146,Million Number of shares,Normal,
Pakistan Stock Exchange – Important Indicators,TS_GP_MFS_PSXIND_M.PSX00040000,Turnover of shares,31-Jul-21,9450.21,Million Number of shares,Normal,
Pakistan Stock Exchange – Important Indicators,TS_GP_MFS_PSXIND_M.PSX00040000,Turnover of shares,31-Aug-21,7442.739,Million Number of shares,Normal,
Pakistan Stock Exchange – Important Indicators,TS_GP_MFS_PSXIND_M.PSX00040000,Turnover of shares,30-Sep-21,9585.406,Million Number of shares,Normal,
Pakistan Stock Exchange – Important Indicators,TS_GP_MFS_PSXIND_M.PSX00040000,Turnover of shares,31-Oct-21,5769,Million Number of shares,Normal,
Pakistan Stock Exchange – Important Indicators,TS_GP_MFS_PSXIND_M.PSX00040000,Turnover of shares,30-Nov-21,7179.05,Million Number of shares,Normal,
Pakistan Stock Exchange – Important Indicators,TS_GP_MFS_PSXIND_M.PSX00040000,Turnover of shares,31-Dec-21,5844.76,Million Number of shares,Normal,
Pakistan Stock Exchange – Important Indicators,TS_GP_MFS_PSXIND_M.PSX00040000,Turnover of shares,31-Jan-22,5824.053,Million Number of shares,Normal,
Pakistan Stock Exchange – Important Indicators,TS_GP_MFS_PSXIND_M.PSX00040000,Turnover of shares,28-Feb-22,4660.968,Million Number of shares,Normal,
Pakistan Stock Exchange – Important Indicators,TS_GP_MFS_PSXIND_M.PSX00040000,Turnover of shares,31-Mar-22,4872.75,Million Number of shares,Normal,
Pakistan Stock Exchange – Important Indicators,TS_GP_MFS_PSXIND_M.PSX00040000,Turnover of shares,30-Apr-22,6251.41,Million Number of shares,Normal,
Pakistan Stock Exchange – Important Indicators,TS_GP_MFS_PSXIND_M.PSX00040000,Turnover of shares,31-May-22,4760.77,Million Number of shares,Normal,
Pakistan Stock Exchange – Important Indicators,TS_GP_MFS_PSXIND_M.PSX00040000,Turnover of shares,30-Jun-22,5266.8,Million Number of shares,Normal,
Pakistan Stock Exchange – Important Indicators,TS_GP_MFS_PSXIND_M.PSX00040000,Turnover of shares,31-Jul-22,2733.59,Million Number of shares,Normal,
Pakistan Stock Exchange – Important Indicators,TS_GP_MFS_PSXIND_M.PSX00040000,Turnover of shares,31-Aug-22,7115,Million Number of shares,Normal,
Pakistan Stock Exchange – Important Indicators,TS_GP_MFS_PSXIND_M.PSX00040000,Turnover of shares,30-Sep-22,4149.9,Million Number of shares,Normal,
Pakistan Stock Exchange – Important Indicators,TS_GP_MFS_PSXIND_M.PSX00040000,Turnover of shares,31-Oct-22,6001.9,Million Number of shares,Normal,
Pakistan Stock Exchange – Important Indicators,TS_GP_MFS_PSXIND_M.PSX00040000,Turnover of shares,30-Nov-22,4704.5,Million Number of shares,Normal,
Pakistan Stock Exchange – Important Indicators,TS_GP_MFS_PSXIND_M.PSX00040000,Turnover of shares,31-Dec-22,4592.75,Million Number of shares,Normal,
Pakistan Stock Exchange – Important Indicators,TS_GP_MFS_PSXIND_M.PSX00040000,Turnover of shares,31-Jan-23,4275.86,Million Number of shares,Normal,
Pakistan Stock Exchange – Important Indicators,TS_GP_MFS_PSXIND_M.PSX00040000,Turnover of shares,28-Feb-23,3806.13,Million Number of shares,Normal,
Pakistan Stock Exchange – Important Indicators,TS_GP_MFS_PSXIND_M.PSX00040000,Turnover of shares,31-Mar-23,4160,Million Number of shares,Normal,
Pakistan Stock Exchange – Important Indicators,TS_GP_MFS_PSXIND_M.PSX00040000,Turnover of shares,30-Apr-23,2331,Million Number of shares,Normal,
Pakistan Stock Exchange – Important Indicators,TS_GP_MFS_PSXIND_M.PSX00040000,Turnover of shares,31-May-23,4033,Million Number of shares,Normal,
Pakistan Stock Exchange – Important Indicators,TS_GP_MFS_PSXIND_M.PSX00040000,Turnover of shares,30-Jun-23,3903,Million Number of shares,Normal,
Pakistan Stock Exchange – Important Indicators,TS_GP_MFS_PSXIND_M.PSX00040000,Turnover of shares,31-Jul-23,7985,Million Number of shares,Normal,
Pakistan Stock Exchange – Important Indicators,TS_GP_MFS_PSXIND_M.PSX00040000,Turnover of shares,31-Aug-23,6815,Million Number of shares,Normal,
Pakistan Stock Exchange – Important Indicators,TS_GP_MFS_PSXIND_M.PSX00040000,Turnover of shares,30-Sep-23,3448,Million Number of shares,Normal,
Pakistan Stock Exchange – Important Indicators,TS_GP_MFS_PSXIND_M.PSX00040000,Turnover of shares,31-Oct-23,8405,Million Number of shares,Normal,
Pakistan Stock Exchange – Important Indicators,TS_GP_MFS_PSXIND_M.PSX00040000,Turnover of shares,30-Nov-23,14056,Million Number of shares,Normal,
Pakistan Stock Exchange – Important Indicators,TS_GP_MFS_PSXIND_M.PSX00040000,Turnover of shares,31-Dec-23,21166,Million Number of shares,Normal,
Pakistan Stock Exchange – Important Indicators,TS_GP_MFS_PSXIND_M.PSX00040000,Turnover of shares,31-Jan-24,11737,Million Number of shares,Normal,
Pakistan Stock Exchange – Important Indicators,TS_GP_MFS_PSXIND_M.PSX00040000,Turnover of shares,29-Feb-24,7190,Million Number of shares,Normal,
