Dataset,Series Key,Series,Observation Date,Observation Value,Unit,Observation Status,Observation Status Comment
Quantum Index Series of Selected Large-scale Manufacturing Items (base 2015-16),TS_GP_RL_LSM1516_M.LSM000160000,QIM - Overall,31-Jul-16,91.70136303,Index,Normal,
Quantum Index Series of Selected Large-scale Manufacturing Items (base 2015-16),TS_GP_RL_LSM1516_M.LSM000160000,QIM - Overall,31-Aug-16,96.98941318,Index,Normal,
Quantum Index Series of Selected Large-scale Manufacturing Items (base 2015-16),TS_GP_RL_LSM1516_M.LSM000160000,QIM - Overall,30-Sep-16,93.72849123,Index,Normal,
Quantum Index Series of Selected Large-scale Manufacturing Items (base 2015-16),TS_GP_RL_LSM1516_M.LSM000160000,QIM - Overall,31-Oct-16,98.16784053,Index,Normal,
Quantum Index Series of Selected Large-scale Manufacturing Items (base 2015-16),TS_GP_RL_LSM1516_M.LSM000160000,QIM - Overall,30-Nov-16,100.147196,Index,Normal,
Quantum Index Series of Selected Large-scale Manufacturing Items (base 2015-16),TS_GP_RL_LSM1516_M.LSM000160000,QIM - Overall,31-Dec-16,108.3878542,Index,Normal,
Quantum Index Series of Selected Large-scale Manufacturing Items (base 2015-16),TS_GP_RL_LSM1516_M.LSM000160000,QIM - Overall,31-Jan-17,110.651532,Index,Normal,
Quantum Index Series of Selected Large-scale Manufacturing Items (base 2015-16),TS_GP_RL_LSM1516_M.LSM000160000,QIM - Overall,28-Feb-17,113.3549977,Index,Normal,
Quantum Index Series of Selected Large-scale Manufacturing Items (base 2015-16),TS_GP_RL_LSM1516_M.LSM000160000,QIM - Overall,31-Mar-17,123.4979099,Index,Normal,
Quantum Index Series of Selected Large-scale Manufacturing Items (base 2015-16),TS_GP_RL_LSM1516_M.LSM000160000,QIM - Overall,30-Apr-17,107.3096068,Index,Normal,
Quantum Index Series of Selected Large-scale Manufacturing Items (base 2015-16),TS_GP_RL_LSM1516_M.LSM000160000,QIM - Overall,31-May-17,104.7952005,Index,Normal,
Quantum Index Series of Selected Large-scale Manufacturing Items (base 2015-16),TS_GP_RL_LSM1516_M.LSM000160000,QIM - Overall,30-Jun-17,101.955001,Index,Normal,
Quantum Index Series of Selected Large-scale Manufacturing Items (base 2015-16),TS_GP_RL_LSM1516_M.LSM000160000,QIM - Overall,31-Jul-17,105.8831883,Index,Normal,
Quantum Index Series of Selected Large-scale Manufacturing Items (base 2015-16),TS_GP_RL_LSM1516_M.LSM000160000,QIM - Overall,31-Aug-17,108.357507,Index,Normal,
Quantum Index Series of Selected Large-scale Manufacturing Items (base 2015-16),TS_GP_RL_LSM1516_M.LSM000160000,QIM - Overall,30-Sep-17,103.1322175,Index,Normal,
Quantum Index Series of Selected Large-scale Manufacturing Items (base 2015-16),TS_GP_RL_LSM1516_M.LSM000160000,QIM - Overall,31-Oct-17,107.8387471,Index,Normal,
Quantum Index Series of Selected Large-scale Manufacturing Items (base 2015-16),TS_GP_RL_LSM1516_M.LSM000160000,QIM - Overall,30-Nov-17,101.7103592,Index,Normal,
Quantum Index Series of Selected Large-scale Manufacturing Items (base 2015-16),TS_GP_RL_LSM1516_M.LSM000160000,QIM - Overall,31-Dec-17,113.8088498,Index,Normal,
Quantum Index Series of Selected Large-scale Manufacturing Items (base 2015-16),TS_GP_RL_LSM1516_M.LSM000160000,QIM - Overall,31-Jan-18,124.5784875,Index,Normal,
Quantum Index Series of Selected Large-scale Manufacturing Items (base 2015-16),TS_GP_RL_LSM1516_M.LSM000160000,QIM - Overall,28-Feb-18,118.3342332,Index,Normal,
Quantum Index Series of Selected Large-scale Manufacturing Items (base 2015-16),TS_GP_RL_LSM1516_M.LSM000160000,QIM - Overall,31-Mar-18,126.7263791,Index,Normal,
Quantum Index Series of Selected Large-scale Manufacturing Items (base 2015-16),TS_GP_RL_LSM1516_M.LSM000160000,QIM - Overall,30-Apr-18,118.0876108,Index,Normal,
Quantum Index Series of Selected Large-scale Manufacturing Items (base 2015-16),TS_GP_RL_LSM1516_M.LSM000160000,QIM - Overall,31-May-18,109.044513,Index,Normal,
Quantum Index Series of Selected Large-scale Manufacturing Items (base 2015-16),TS_GP_RL_LSM1516_M.LSM000160000,QIM - Overall,30-Jun-18,100.5631733,Index,Normal,
Quantum Index Series of Selected Large-scale Manufacturing Items (base 2015-16),TS_GP_RL_LSM1516_M.LSM000160000,QIM - Overall,31-Jul-18,107.0524089,Index,Normal,
Quantum Index Series of Selected Large-scale Manufacturing Items (base 2015-16),TS_GP_RL_LSM1516_M.LSM000160000,QIM - Overall,31-Aug-18,105.7955192,Index,Normal,
Quantum Index Series of Selected Large-scale Manufacturing Items (base 2015-16),TS_GP_RL_LSM1516_M.LSM000160000,QIM - Overall,30-Sep-18,106.3742805,Index,Normal,
Quantum Index Series of Selected Large-scale Manufacturing Items (base 2015-16),TS_GP_RL_LSM1516_M.LSM000160000,QIM - Overall,31-Oct-18,117.5795774,Index,Normal,
Quantum Index Series of Selected Large-scale Manufacturing Items (base 2015-16),TS_GP_RL_LSM1516_M.LSM000160000,QIM - Overall,30-Nov-18,108.7206791,Index,Normal,
Quantum Index Series of Selected Large-scale Manufacturing Items (base 2015-16),TS_GP_RL_LSM1516_M.LSM000160000,QIM - Overall,31-Dec-18,108.1474972,Index,Normal,
Quantum Index Series of Selected Large-scale Manufacturing Items (base 2015-16),TS_GP_RL_LSM1516_M.LSM000160000,QIM - Overall,31-Jan-19,130.537712,Index,Normal,
Quantum Index Series of Selected Large-scale Manufacturing Items (base 2015-16),TS_GP_RL_LSM1516_M.LSM000160000,QIM - Overall,28-Feb-19,120.340854,Index,Normal,
Quantum Index Series of Selected Large-scale Manufacturing Items (base 2015-16),TS_GP_RL_LSM1516_M.LSM000160000,QIM - Overall,31-Mar-19,126.7123317,Index,Normal,
Quantum Index Series of Selected Large-scale Manufacturing Items (base 2015-16),TS_GP_RL_LSM1516_M.LSM000160000,QIM - Overall,30-Apr-19,122.2302826,Index,Normal,
Quantum Index Series of Selected Large-scale Manufacturing Items (base 2015-16),TS_GP_RL_LSM1516_M.LSM000160000,QIM - Overall,31-May-19,121.9616211,Index,Normal,
Quantum Index Series of Selected Large-scale Manufacturing Items (base 2015-16),TS_GP_RL_LSM1516_M.LSM000160000,QIM - Overall,30-Jun-19,108.3410464,Index,Normal,
Quantum Index Series of Selected Large-scale Manufacturing Items (base 2015-16),TS_GP_RL_LSM1516_M.LSM000160000,QIM - Overall,31-Jul-19,109.0565733,Index,Normal,
Quantum Index Series of Selected Large-scale Manufacturing Items (base 2015-16),TS_GP_RL_LSM1516_M.LSM000160000,QIM - Overall,31-Aug-19,105.5345281,Index,Normal,
Quantum Index Series of Selected Large-scale Manufacturing Items (base 2015-16),TS_GP_RL_LSM1516_M.LSM000160000,QIM - Overall,30-Sep-19,103.0560226,Index,Normal,
Quantum Index Series of Selected Large-scale Manufacturing Items (base 2015-16),TS_GP_RL_LSM1516_M.LSM000160000,QIM - Overall,31-Oct-19,109.9960739,Index,Normal,
Quantum Index Series of Selected Large-scale Manufacturing Items (base 2015-16),TS_GP_RL_LSM1516_M.LSM000160000,QIM - Overall,30-Nov-19,104.6620433,Index,Normal,
Quantum Index Series of Selected Large-scale Manufacturing Items (base 2015-16),TS_GP_RL_LSM1516_M.LSM000160000,QIM - Overall,31-Dec-19,113.5902423,Index,Normal,
Quantum Index Series of Selected Large-scale Manufacturing Items (base 2015-16),TS_GP_RL_LSM1516_M.LSM000160000,QIM - Overall,31-Jan-20,121.755431,Index,Normal,
Quantum Index Series of Selected Large-scale Manufacturing Items (base 2015-16),TS_GP_RL_LSM1516_M.LSM000160000,QIM - Overall,29-Feb-20,121.3830344,Index,Normal,
Quantum Index Series of Selected Large-scale Manufacturing Items (base 2015-16),TS_GP_RL_LSM1516_M.LSM000160000,QIM - Overall,31-Mar-20,99.30293421,Index,Normal,
Quantum Index Series of Selected Large-scale Manufacturing Items (base 2015-16),TS_GP_RL_LSM1516_M.LSM000160000,QIM - Overall,30-Apr-20,66.44725088,Index,Normal,
Quantum Index Series of Selected Large-scale Manufacturing Items (base 2015-16),TS_GP_RL_LSM1516_M.LSM000160000,QIM - Overall,31-May-20,81.28568538,Index,Normal,
Quantum Index Series of Selected Large-scale Manufacturing Items (base 2015-16),TS_GP_RL_LSM1516_M.LSM000160000,QIM - Overall,30-Jun-20,95.3643872,Index,Normal,
Quantum Index Series of Selected Large-scale Manufacturing Items (base 2015-16),TS_GP_RL_LSM1516_M.LSM000160000,QIM - Overall,31-Jul-20,107.326752,Index,Normal,
Quantum Index Series of Selected Large-scale Manufacturing Items (base 2015-16),TS_GP_RL_LSM1516_M.LSM000160000,QIM - Overall,31-Aug-20,95.81295647,Index,Normal,
Quantum Index Series of Selected Large-scale Manufacturing Items (base 2015-16),TS_GP_RL_LSM1516_M.LSM000160000,QIM - Overall,30-Sep-20,106.909355,Index,Normal,
Quantum Index Series of Selected Large-scale Manufacturing Items (base 2015-16),TS_GP_RL_LSM1516_M.LSM000160000,QIM - Overall,31-Oct-20,111.4803514,Index,Normal,
Quantum Index Series of Selected Large-scale Manufacturing Items (base 2015-16),TS_GP_RL_LSM1516_M.LSM000160000,QIM - Overall,30-Nov-20,112.1291906,Index,Normal,
Quantum Index Series of Selected Large-scale Manufacturing Items (base 2015-16),TS_GP_RL_LSM1516_M.LSM000160000,QIM - Overall,31-Dec-20,123.2406649,Index,Normal,
Quantum Index Series of Selected Large-scale Manufacturing Items (base 2015-16),TS_GP_RL_LSM1516_M.LSM000160000,QIM - Overall,31-Jan-21,126.44852,Index,Normal,
Quantum Index Series of Selected Large-scale Manufacturing Items (base 2015-16),TS_GP_RL_LSM1516_M.LSM000160000,QIM - Overall,28-Feb-21,127.1687009,Index,Normal,
Quantum Index Series of Selected Large-scale Manufacturing Items (base 2015-16),TS_GP_RL_LSM1516_M.LSM000160000,QIM - Overall,31-Mar-21,121.7185765,Index,Normal,
Quantum Index Series of Selected Large-scale Manufacturing Items (base 2015-16),TS_GP_RL_LSM1516_M.LSM000160000,QIM - Overall,30-Apr-21,115.3870824,Index,Normal,
Quantum Index Series of Selected Large-scale Manufacturing Items (base 2015-16),TS_GP_RL_LSM1516_M.LSM000160000,QIM - Overall,31-May-21,108.1708465,Index,Normal,
Quantum Index Series of Selected Large-scale Manufacturing Items (base 2015-16),TS_GP_RL_LSM1516_M.LSM000160000,QIM - Overall,30-Jun-21,118.251371,Index,Normal,
Quantum Index Series of Selected Large-scale Manufacturing Items (base 2015-16),TS_GP_RL_LSM1516_M.LSM000160000,QIM - Overall,31-Jul-21,112.2248415,Index,Normal,
Quantum Index Series of Selected Large-scale Manufacturing Items (base 2015-16),TS_GP_RL_LSM1516_M.LSM000160000,QIM - Overall,31-Aug-21,114.3038529,Index,Normal,
Quantum Index Series of Selected Large-scale Manufacturing Items (base 2015-16),TS_GP_RL_LSM1516_M.LSM000160000,QIM - Overall,30-Sep-21,115.0053066,Index,Normal,
Quantum Index Series of Selected Large-scale Manufacturing Items (base 2015-16),TS_GP_RL_LSM1516_M.LSM000160000,QIM - Overall,31-Oct-21,117.4213235,Index,Normal,
Quantum Index Series of Selected Large-scale Manufacturing Items (base 2015-16),TS_GP_RL_LSM1516_M.LSM000160000,QIM - Overall,30-Nov-21,118.8143126,Index,Normal,
Quantum Index Series of Selected Large-scale Manufacturing Items (base 2015-16),TS_GP_RL_LSM1516_M.LSM000160000,QIM - Overall,31-Dec-21,129.8630122,Index,Normal,
Quantum Index Series of Selected Large-scale Manufacturing Items (base 2015-16),TS_GP_RL_LSM1516_M.LSM000160000,QIM - Overall,31-Jan-22,137.7316227,Index,Normal,
Quantum Index Series of Selected Large-scale Manufacturing Items (base 2015-16),TS_GP_RL_LSM1516_M.LSM000160000,QIM - Overall,28-Feb-22,142.6646578,Index,Normal,
Quantum Index Series of Selected Large-scale Manufacturing Items (base 2015-16),TS_GP_RL_LSM1516_M.LSM000160000,QIM - Overall,31-Mar-22,153.7192239,Index,Normal,
Quantum Index Series of Selected Large-scale Manufacturing Items (base 2015-16),TS_GP_RL_LSM1516_M.LSM000160000,QIM - Overall,30-Apr-22,132.5980598,Index,Normal,
Quantum Index Series of Selected Large-scale Manufacturing Items (base 2015-16),TS_GP_RL_LSM1516_M.LSM000160000,QIM - Overall,31-May-22,129.1659631,Index,Normal,
Quantum Index Series of Selected Large-scale Manufacturing Items (base 2015-16),TS_GP_RL_LSM1516_M.LSM000160000,QIM - Overall,30-Jun-22,131.9513204,Index,Normal,
Quantum Index Series of Selected Large-scale Manufacturing Items (base 2015-16),TS_GP_RL_LSM1516_M.LSM000160000,QIM - Overall,31-Jul-22,109.6500761,Index,Normal,
Quantum Index Series of Selected Large-scale Manufacturing Items (base 2015-16),TS_GP_RL_LSM1516_M.LSM000160000,QIM - Overall,31-Aug-22,114.1192593,Index,Normal,
Quantum Index Series of Selected Large-scale Manufacturing Items (base 2015-16),TS_GP_RL_LSM1516_M.LSM000160000,QIM - Overall,30-Sep-22,111.6659403,Index,Normal,
Quantum Index Series of Selected Large-scale Manufacturing Items (base 2015-16),TS_GP_RL_LSM1516_M.LSM000160000,QIM - Overall,31-Oct-22,115.7828538,Index,Normal,
Quantum Index Series of Selected Large-scale Manufacturing Items (base 2015-16),TS_GP_RL_LSM1516_M.LSM000160000,QIM - Overall,30-Nov-22,113.04798,Index,Normal,
Quantum Index Series of Selected Large-scale Manufacturing Items (base 2015-16),TS_GP_RL_LSM1516_M.LSM000160000,QIM - Overall,31-Dec-22,128.4608758,Index,Normal,
Quantum Index Series of Selected Large-scale Manufacturing Items (base 2015-16),TS_GP_RL_LSM1516_M.LSM000160000,QIM - Overall,31-Jan-23,130.0293028,Index,Normal,
Quantum Index Series of Selected Large-scale Manufacturing Items (base 2015-16),TS_GP_RL_LSM1516_M.LSM000160000,QIM - Overall,28-Feb-23,125.9343806,Index,Normal,
Quantum Index Series of Selected Large-scale Manufacturing Items (base 2015-16),TS_GP_RL_LSM1516_M.LSM000160000,QIM - Overall,31-Mar-23,113.213402,Index,Normal,
Quantum Index Series of Selected Large-scale Manufacturing Items (base 2015-16),TS_GP_RL_LSM1516_M.LSM000160000,QIM - Overall,30-Apr-23,100.5634118,Index,Normal,
Quantum Index Series of Selected Large-scale Manufacturing Items (base 2015-16),TS_GP_RL_LSM1516_M.LSM000160000,QIM - Overall,31-May-23,106.1241218,Index,Normal,
Quantum Index Series of Selected Large-scale Manufacturing Items (base 2015-16),TS_GP_RL_LSM1516_M.LSM000160000,QIM - Overall,30-Jun-23,108.6447913,Index,Normal,
Quantum Index Series of Selected Large-scale Manufacturing Items (base 2015-16),TS_GP_RL_LSM1516_M.LSM000160000,QIM - Overall,31-Jul-23,103.8005698,Index,Normal,
Quantum Index Series of Selected Large-scale Manufacturing Items (base 2015-16),TS_GP_RL_LSM1516_M.LSM000160000,QIM - Overall,31-Aug-23,114.41689,Index,Normal,
Quantum Index Series of Selected Large-scale Manufacturing Items (base 2015-16),TS_GP_RL_LSM1516_M.LSM000160000,QIM - Overall,30-Sep-23,114.3647498,Index,Normal,
Quantum Index Series of Selected Large-scale Manufacturing Items (base 2015-16),TS_GP_RL_LSM1516_M.LSM000160000,QIM - Overall,31-Oct-23,109.1738446,Index,Normal,
Quantum Index Series of Selected Large-scale Manufacturing Items (base 2015-16),TS_GP_RL_LSM1516_M.LSM000160000,QIM - Overall,30-Nov-23,112.3984958,Index,Normal,
Quantum Index Series of Selected Large-scale Manufacturing Items (base 2015-16),TS_GP_RL_LSM1516_M.LSM000160000,QIM - Overall,31-Dec-23,132.340616,Index,Normal,
Quantum Index Series of Selected Large-scale Manufacturing Items (base 2015-16),TS_GP_RL_LSM1516_M.LSM000160000,QIM - Overall,31-Jan-24,131.449074,Index,Normal,
Quantum Index Series of Selected Large-scale Manufacturing Items (base 2015-16),TS_GP_RL_LSM1516_M.LSM000160000,QIM - Overall,29-Feb-24,126.0131223,Index,Normal,
