Dataset,Series Key,Series,Observation Date,Observation Value,Unit,Observation Status,Observation Status Comment
Inflation Snapshot (New Base: 2015-16),TS_GP_PT_CPI_M.P00021516,CPI Urban -YoY,31-Jul-16,3.2,Percent,Normal,
Inflation Snapshot (New Base: 2015-16),TS_GP_PT_CPI_M.P00021516,CPI Urban -YoY,31-Aug-16,2.73,Percent,Normal,
Inflation Snapshot (New Base: 2015-16),TS_GP_PT_CPI_M.P00021516,CPI Urban -YoY,30-Sep-16,3.06,Percent,Normal,
Inflation Snapshot (New Base: 2015-16),TS_GP_PT_CPI_M.P00021516,CPI Urban -YoY,31-Oct-16,3.87,Percent,Normal,
Inflation Snapshot (New Base: 2015-16),TS_GP_PT_CPI_M.P00021516,CPI Urban -YoY,30-Nov-16,4.36,Percent,Normal,
Inflation Snapshot (New Base: 2015-16),TS_GP_PT_CPI_M.P00021516,CPI Urban -YoY,31-Dec-16,3.74,Percent,Normal,
Inflation Snapshot (New Base: 2015-16),TS_GP_PT_CPI_M.P00021516,CPI Urban -YoY,31-Jan-17,4.59,Percent,Normal,
Inflation Snapshot (New Base: 2015-16),TS_GP_PT_CPI_M.P00021516,CPI Urban -YoY,28-Feb-17,5.12,Percent,Normal,
Inflation Snapshot (New Base: 2015-16),TS_GP_PT_CPI_M.P00021516,CPI Urban -YoY,31-Mar-17,6.18,Percent,Normal,
Inflation Snapshot (New Base: 2015-16),TS_GP_PT_CPI_M.P00021516,CPI Urban -YoY,30-Apr-17,7.2,Percent,Normal,
Inflation Snapshot (New Base: 2015-16),TS_GP_PT_CPI_M.P00021516,CPI Urban -YoY,31-May-17,6.86,Percent,Normal,
Inflation Snapshot (New Base: 2015-16),TS_GP_PT_CPI_M.P00021516,CPI Urban -YoY,30-Jun-17,7.08,Percent,Normal,
Inflation Snapshot (New Base: 2015-16),TS_GP_PT_CPI_M.P00021516,CPI Urban -YoY,31-Jul-17,4.37,Percent,Normal,
Inflation Snapshot (New Base: 2015-16),TS_GP_PT_CPI_M.P00021516,CPI Urban -YoY,31-Aug-17,5.06,Percent,Normal,
Inflation Snapshot (New Base: 2015-16),TS_GP_PT_CPI_M.P00021516,CPI Urban -YoY,30-Sep-17,5.16,Percent,Normal,
Inflation Snapshot (New Base: 2015-16),TS_GP_PT_CPI_M.P00021516,CPI Urban -YoY,31-Oct-17,5.27,Percent,Normal,
Inflation Snapshot (New Base: 2015-16),TS_GP_PT_CPI_M.P00021516,CPI Urban -YoY,30-Nov-17,5.43,Percent,Normal,
Inflation Snapshot (New Base: 2015-16),TS_GP_PT_CPI_M.P00021516,CPI Urban -YoY,31-Dec-17,6.11,Percent,Normal,
Inflation Snapshot (New Base: 2015-16),TS_GP_PT_CPI_M.P00021516,CPI Urban -YoY,31-Jan-18,5.44,Percent,Normal,
Inflation Snapshot (New Base: 2015-16),TS_GP_PT_CPI_M.P00021516,CPI Urban -YoY,28-Feb-18,4.76,Percent,Normal,
Inflation Snapshot (New Base: 2015-16),TS_GP_PT_CPI_M.P00021516,CPI Urban -YoY,31-Mar-18,4,Percent,Normal,
Inflation Snapshot (New Base: 2015-16),TS_GP_PT_CPI_M.P00021516,CPI Urban -YoY,30-Apr-18,4.42,Percent,Normal,
Inflation Snapshot (New Base: 2015-16),TS_GP_PT_CPI_M.P00021516,CPI Urban -YoY,31-May-18,5.31,Percent,Normal,
Inflation Snapshot (New Base: 2015-16),TS_GP_PT_CPI_M.P00021516,CPI Urban -YoY,30-Jun-18,5.85,Percent,Normal,
Inflation Snapshot (New Base: 2015-16),TS_GP_PT_CPI_M.P00021516,CPI Urban -YoY,31-Jul-18,6.71,Percent,Normal,
Inflation Snapshot (New Base: 2015-16),TS_GP_PT_CPI_M.P00021516,CPI Urban -YoY,31-Aug-18,6.16,Percent,Normal,
Inflation Snapshot (New Base: 2015-16),TS_GP_PT_CPI_M.P00021516,CPI Urban -YoY,30-Sep-18,5.64,Percent,Normal,
Inflation Snapshot (New Base: 2015-16),TS_GP_PT_CPI_M.P00021516,CPI Urban -YoY,31-Oct-18,7.04,Percent,Normal,
Inflation Snapshot (New Base: 2015-16),TS_GP_PT_CPI_M.P00021516,CPI Urban -YoY,30-Nov-18,6.28,Percent,Normal,
Inflation Snapshot (New Base: 2015-16),TS_GP_PT_CPI_M.P00021516,CPI Urban -YoY,31-Dec-18,5.9,Percent,Normal,
Inflation Snapshot (New Base: 2015-16),TS_GP_PT_CPI_M.P00021516,CPI Urban -YoY,31-Jan-19,6.16,Percent,Normal,
Inflation Snapshot (New Base: 2015-16),TS_GP_PT_CPI_M.P00021516,CPI Urban -YoY,28-Feb-19,7.23,Percent,Normal,
Inflation Snapshot (New Base: 2015-16),TS_GP_PT_CPI_M.P00021516,CPI Urban -YoY,31-Mar-19,8.93,Percent,Normal,
Inflation Snapshot (New Base: 2015-16),TS_GP_PT_CPI_M.P00021516,CPI Urban -YoY,30-Apr-19,8.35,Percent,Normal,
Inflation Snapshot (New Base: 2015-16),TS_GP_PT_CPI_M.P00021516,CPI Urban -YoY,31-May-19,8.51,Percent,Normal,
Inflation Snapshot (New Base: 2015-16),TS_GP_PT_CPI_M.P00021516,CPI Urban -YoY,30-Jun-19,8.1,Percent,Normal,
Inflation Snapshot (New Base: 2015-16),TS_GP_PT_CPI_M.P00021516,CPI Urban -YoY,31-Jul-19,8.71,Percent,Normal,
Inflation Snapshot (New Base: 2015-16),TS_GP_PT_CPI_M.P00021516,CPI Urban -YoY,31-Aug-19,10.64,Percent,Normal,
Inflation Snapshot (New Base: 2015-16),TS_GP_PT_CPI_M.P00021516,CPI Urban -YoY,30-Sep-19,11.56,Percent,Normal,
Inflation Snapshot (New Base: 2015-16),TS_GP_PT_CPI_M.P00021516,CPI Urban -YoY,31-Oct-19,10.86,Percent,Normal,
Inflation Snapshot (New Base: 2015-16),TS_GP_PT_CPI_M.P00021516,CPI Urban -YoY,30-Nov-19,12.07,Percent,Normal,
Inflation Snapshot (New Base: 2015-16),TS_GP_PT_CPI_M.P00021516,CPI Urban -YoY,31-Dec-19,12.01,Percent,Normal,
Inflation Snapshot (New Base: 2015-16),TS_GP_PT_CPI_M.P00021516,CPI Urban -YoY,31-Jan-20,13.41,Percent,Normal,
Inflation Snapshot (New Base: 2015-16),TS_GP_PT_CPI_M.P00021516,CPI Urban -YoY,29-Feb-20,11.21,Percent,Normal,
Inflation Snapshot (New Base: 2015-16),TS_GP_PT_CPI_M.P00021516,CPI Urban -YoY,31-Mar-20,9.31,Percent,Normal,
Inflation Snapshot (New Base: 2015-16),TS_GP_PT_CPI_M.P00021516,CPI Urban -YoY,30-Apr-20,7.68,Percent,Normal,
Inflation Snapshot (New Base: 2015-16),TS_GP_PT_CPI_M.P00021516,CPI Urban -YoY,31-May-20,7.27,Percent,Normal,
Inflation Snapshot (New Base: 2015-16),TS_GP_PT_CPI_M.P00021516,CPI Urban -YoY,30-Jun-20,7.65,Percent,Normal,
Inflation Snapshot (New Base: 2015-16),TS_GP_PT_CPI_M.P00021516,CPI Urban -YoY,31-Jul-20,7.83,Percent,Normal,
Inflation Snapshot (New Base: 2015-16),TS_GP_PT_CPI_M.P00021516,CPI Urban -YoY,31-Aug-20,7.14,Percent,Normal,
Inflation Snapshot (New Base: 2015-16),TS_GP_PT_CPI_M.P00021516,CPI Urban -YoY,30-Sep-20,7.68,Percent,Normal,
Inflation Snapshot (New Base: 2015-16),TS_GP_PT_CPI_M.P00021516,CPI Urban -YoY,31-Oct-20,7.34,Percent,Normal,
Inflation Snapshot (New Base: 2015-16),TS_GP_PT_CPI_M.P00021516,CPI Urban -YoY,30-Nov-20,6.95,Percent,Normal,
Inflation Snapshot (New Base: 2015-16),TS_GP_PT_CPI_M.P00021516,CPI Urban -YoY,31-Dec-20,6.97,Percent,Normal,
Inflation Snapshot (New Base: 2015-16),TS_GP_PT_CPI_M.P00021516,CPI Urban -YoY,31-Jan-21,5,Percent,Normal,
Inflation Snapshot (New Base: 2015-16),TS_GP_PT_CPI_M.P00021516,CPI Urban -YoY,28-Feb-21,8.6,Percent,Normal,
Inflation Snapshot (New Base: 2015-16),TS_GP_PT_CPI_M.P00021516,CPI Urban -YoY,31-Mar-21,8.7,Percent,Normal,
Inflation Snapshot (New Base: 2015-16),TS_GP_PT_CPI_M.P00021516,CPI Urban -YoY,30-Apr-21,11,Percent,Normal,
Inflation Snapshot (New Base: 2015-16),TS_GP_PT_CPI_M.P00021516,CPI Urban -YoY,31-May-21,10.84052218,Percent,Normal,
Inflation Snapshot (New Base: 2015-16),TS_GP_PT_CPI_M.P00021516,CPI Urban -YoY,30-Jun-21,9.591326105,Percent,Normal,
Inflation Snapshot (New Base: 2015-16),TS_GP_PT_CPI_M.P00021516,CPI Urban -YoY,31-Jul-21,8.669190232,Percent,Normal,
Inflation Snapshot (New Base: 2015-16),TS_GP_PT_CPI_M.P00021516,CPI Urban -YoY,31-Aug-21,8.319835076,Percent,Normal,
Inflation Snapshot (New Base: 2015-16),TS_GP_PT_CPI_M.P00021516,CPI Urban -YoY,30-Sep-21,9.125281757,Percent,Normal,
Inflation Snapshot (New Base: 2015-16),TS_GP_PT_CPI_M.P00021516,CPI Urban -YoY,31-Oct-21,9.6,Percent,Normal,
Inflation Snapshot (New Base: 2015-16),TS_GP_PT_CPI_M.P00021516,CPI Urban -YoY,30-Nov-21,12,Percent,Normal,
Inflation Snapshot (New Base: 2015-16),TS_GP_PT_CPI_M.P00021516,CPI Urban -YoY,31-Dec-21,12.73716618,Percent,Normal,
Inflation Snapshot (New Base: 2015-16),TS_GP_PT_CPI_M.P00021516,CPI Urban -YoY,31-Jan-22,12.9867336,Percent,Normal,
Inflation Snapshot (New Base: 2015-16),TS_GP_PT_CPI_M.P00021516,CPI Urban -YoY,28-Feb-22,11.51391908,Percent,Normal,
Inflation Snapshot (New Base: 2015-16),TS_GP_PT_CPI_M.P00021516,CPI Urban -YoY,31-Mar-22,11.9,Percent,Normal,
Inflation Snapshot (New Base: 2015-16),TS_GP_PT_CPI_M.P00021516,CPI Urban -YoY,30-Apr-22,12.22827962,Percent,Normal,
Inflation Snapshot (New Base: 2015-16),TS_GP_PT_CPI_M.P00021516,CPI Urban -YoY,31-May-22,12.4,Percent,Normal,
Inflation Snapshot (New Base: 2015-16),TS_GP_PT_CPI_M.P00021516,CPI Urban -YoY,30-Jun-22,19.8,Percent,Normal,
Inflation Snapshot (New Base: 2015-16),TS_GP_PT_CPI_M.P00021516,CPI Urban -YoY,31-Jul-22,23.6,Percent,Normal,
Inflation Snapshot (New Base: 2015-16),TS_GP_PT_CPI_M.P00021516,CPI Urban -YoY,31-Aug-22,26.2,Percent,Normal,
Inflation Snapshot (New Base: 2015-16),TS_GP_PT_CPI_M.P00021516,CPI Urban -YoY,30-Sep-22,21.2,Percent,Normal,
Inflation Snapshot (New Base: 2015-16),TS_GP_PT_CPI_M.P00021516,CPI Urban -YoY,31-Oct-22,24.6,Percent,Normal,
Inflation Snapshot (New Base: 2015-16),TS_GP_PT_CPI_M.P00021516,CPI Urban -YoY,30-Nov-22,21.6,Percent,Normal,
Inflation Snapshot (New Base: 2015-16),TS_GP_PT_CPI_M.P00021516,CPI Urban -YoY,31-Dec-22,21.6,Percent,Normal,
Inflation Snapshot (New Base: 2015-16),TS_GP_PT_CPI_M.P00021516,CPI Urban -YoY,31-Jan-23,24.4,Percent,Normal,
Inflation Snapshot (New Base: 2015-16),TS_GP_PT_CPI_M.P00021516,CPI Urban -YoY,28-Feb-23,28.8,Percent,Normal,
Inflation Snapshot (New Base: 2015-16),TS_GP_PT_CPI_M.P00021516,CPI Urban -YoY,31-Mar-23,33,Percent,Normal,
Inflation Snapshot (New Base: 2015-16),TS_GP_PT_CPI_M.P00021516,CPI Urban -YoY,30-Apr-23,33.5,Percent,Normal,
Inflation Snapshot (New Base: 2015-16),TS_GP_PT_CPI_M.P00021516,CPI Urban -YoY,31-May-23,35.1,Percent,Normal,
Inflation Snapshot (New Base: 2015-16),TS_GP_PT_CPI_M.P00021516,CPI Urban -YoY,30-Jun-23,27.3,Percent,Normal,
Inflation Snapshot (New Base: 2015-16),TS_GP_PT_CPI_M.P00021516,CPI Urban -YoY,31-Jul-23,26.3,Percent,Normal,
Inflation Snapshot (New Base: 2015-16),TS_GP_PT_CPI_M.P00021516,CPI Urban -YoY,31-Aug-23,25,Percent,Normal,
Inflation Snapshot (New Base: 2015-16),TS_GP_PT_CPI_M.P00021516,CPI Urban -YoY,30-Sep-23,29.7,Percent,Normal,
Inflation Snapshot (New Base: 2015-16),TS_GP_PT_CPI_M.P00021516,CPI Urban -YoY,31-Oct-23,25.5,Percent,Normal,
Inflation Snapshot (New Base: 2015-16),TS_GP_PT_CPI_M.P00021516,CPI Urban -YoY,30-Nov-23,30.4,Percent,Normal,
Inflation Snapshot (New Base: 2015-16),TS_GP_PT_CPI_M.P00021516,CPI Urban -YoY,31-Dec-23,30.9,Percent,Normal,
Inflation Snapshot (New Base: 2015-16),TS_GP_PT_CPI_M.P00021516,CPI Urban -YoY,31-Jan-24,30.2,Percent,Normal,
Inflation Snapshot (New Base: 2015-16),TS_GP_PT_CPI_M.P00021516,CPI Urban -YoY,29-Feb-24,24.9,Percent,Normal,
Inflation Snapshot (New Base: 2015-16),TS_GP_PT_CPI_M.P00021516,CPI Urban -YoY,31-Mar-24,21.9,Percent,Normal,
Inflation Snapshot (New Base: 2015-16),TS_GP_PT_CPI_M.P00021516,CPI Urban -YoY,30-Apr-24,19.4,Percent,Normal,
Inflation Snapshot (New Base: 2015-16),TS_GP_PT_CPI_M.P00021516,CPI Urban -YoY,31-May-24,14.3,Percent,Normal,
Inflation Snapshot (New Base: 2015-16),TS_GP_PT_CPI_M.P00021516,CPI Urban -YoY,30-Jun-24,14.9,Percent,Normal,
Inflation Snapshot (New Base: 2015-16),TS_GP_PT_CPI_M.P00021516,CPI Urban -YoY,31-Jul-24,13.2,Percent,Normal,
Inflation Snapshot (New Base: 2015-16),TS_GP_PT_CPI_M.P00021516,CPI Urban -YoY,31-Aug-24,11.7,Percent,Normal,
Inflation Snapshot (New Base: 2015-16),TS_GP_PT_CPI_M.P00021516,CPI Urban -YoY,30-Sep-24,9.3,Percent,Normal,
Inflation Snapshot (New Base: 2015-16),TS_GP_PT_CPI_M.P00021516,CPI Urban -YoY,31-Oct-24,9.3,Percent,Normal,
Inflation Snapshot (New Base: 2015-16),TS_GP_PT_CPI_M.P00021516,CPI Urban -YoY,30-Nov-24,5.2,Percent,Normal,
