Dataset,Series Key,Series,Observation Date,Observation Value,Unit,Observation Status,Observation Status Comment
Economic Policy Uncertainty (EPU) Index,TS_GP_MFS_EPUI_M.EPUI4,EPUI-4 Newspapers,31-Jan-15,30.38,Index,Normal,
Economic Policy Uncertainty (EPU) Index,TS_GP_MFS_EPUI_M.EPUI4,EPUI-4 Newspapers,28-Feb-15,51.15,Index,Normal,
Economic Policy Uncertainty (EPU) Index,TS_GP_MFS_EPUI_M.EPUI4,EPUI-4 Newspapers,31-Mar-15,48.19,Index,Normal,
Economic Policy Uncertainty (EPU) Index,TS_GP_MFS_EPUI_M.EPUI4,EPUI-4 Newspapers,30-Apr-15,37.49,Index,Normal,
Economic Policy Uncertainty (EPU) Index,TS_GP_MFS_EPUI_M.EPUI4,EPUI-4 Newspapers,31-May-15,46.57,Index,Normal,
Economic Policy Uncertainty (EPU) Index,TS_GP_MFS_EPUI_M.EPUI4,EPUI-4 Newspapers,30-Jun-15,50.33,Index,Normal,
Economic Policy Uncertainty (EPU) Index,TS_GP_MFS_EPUI_M.EPUI4,EPUI-4 Newspapers,31-Jul-15,46.45,Index,Normal,
Economic Policy Uncertainty (EPU) Index,TS_GP_MFS_EPUI_M.EPUI4,EPUI-4 Newspapers,31-Aug-15,44.08,Index,Normal,
Economic Policy Uncertainty (EPU) Index,TS_GP_MFS_EPUI_M.EPUI4,EPUI-4 Newspapers,30-Sep-15,41.81,Index,Normal,
Economic Policy Uncertainty (EPU) Index,TS_GP_MFS_EPUI_M.EPUI4,EPUI-4 Newspapers,31-Oct-15,42.5,Index,Normal,
Economic Policy Uncertainty (EPU) Index,TS_GP_MFS_EPUI_M.EPUI4,EPUI-4 Newspapers,30-Nov-15,45.74,Index,Normal,
Economic Policy Uncertainty (EPU) Index,TS_GP_MFS_EPUI_M.EPUI4,EPUI-4 Newspapers,31-Dec-15,48.89,Index,Normal,
Economic Policy Uncertainty (EPU) Index,TS_GP_MFS_EPUI_M.EPUI4,EPUI-4 Newspapers,31-Jan-16,36,Index,Normal,
Economic Policy Uncertainty (EPU) Index,TS_GP_MFS_EPUI_M.EPUI4,EPUI-4 Newspapers,29-Feb-16,44.32,Index,Normal,
Economic Policy Uncertainty (EPU) Index,TS_GP_MFS_EPUI_M.EPUI4,EPUI-4 Newspapers,31-Mar-16,40.03,Index,Normal,
Economic Policy Uncertainty (EPU) Index,TS_GP_MFS_EPUI_M.EPUI4,EPUI-4 Newspapers,30-Apr-16,33.2,Index,Normal,
Economic Policy Uncertainty (EPU) Index,TS_GP_MFS_EPUI_M.EPUI4,EPUI-4 Newspapers,31-May-16,48.34,Index,Normal,
Economic Policy Uncertainty (EPU) Index,TS_GP_MFS_EPUI_M.EPUI4,EPUI-4 Newspapers,30-Jun-16,60.95,Index,Normal,
Economic Policy Uncertainty (EPU) Index,TS_GP_MFS_EPUI_M.EPUI4,EPUI-4 Newspapers,31-Jul-16,72.85,Index,Normal,
Economic Policy Uncertainty (EPU) Index,TS_GP_MFS_EPUI_M.EPUI4,EPUI-4 Newspapers,31-Aug-16,30.47,Index,Normal,
Economic Policy Uncertainty (EPU) Index,TS_GP_MFS_EPUI_M.EPUI4,EPUI-4 Newspapers,30-Sep-16,46.45,Index,Normal,
Economic Policy Uncertainty (EPU) Index,TS_GP_MFS_EPUI_M.EPUI4,EPUI-4 Newspapers,31-Oct-16,64.17,Index,Normal,
Economic Policy Uncertainty (EPU) Index,TS_GP_MFS_EPUI_M.EPUI4,EPUI-4 Newspapers,30-Nov-16,62.85,Index,Normal,
Economic Policy Uncertainty (EPU) Index,TS_GP_MFS_EPUI_M.EPUI4,EPUI-4 Newspapers,31-Dec-16,43.13,Index,Normal,
Economic Policy Uncertainty (EPU) Index,TS_GP_MFS_EPUI_M.EPUI4,EPUI-4 Newspapers,31-Jan-17,52.54,Index,Normal,
Economic Policy Uncertainty (EPU) Index,TS_GP_MFS_EPUI_M.EPUI4,EPUI-4 Newspapers,28-Feb-17,37.7,Index,Normal,
Economic Policy Uncertainty (EPU) Index,TS_GP_MFS_EPUI_M.EPUI4,EPUI-4 Newspapers,31-Mar-17,42.21,Index,Normal,
Economic Policy Uncertainty (EPU) Index,TS_GP_MFS_EPUI_M.EPUI4,EPUI-4 Newspapers,30-Apr-17,52.45,Index,Normal,
Economic Policy Uncertainty (EPU) Index,TS_GP_MFS_EPUI_M.EPUI4,EPUI-4 Newspapers,31-May-17,71.38,Index,Normal,
Economic Policy Uncertainty (EPU) Index,TS_GP_MFS_EPUI_M.EPUI4,EPUI-4 Newspapers,30-Jun-17,45.89,Index,Normal,
Economic Policy Uncertainty (EPU) Index,TS_GP_MFS_EPUI_M.EPUI4,EPUI-4 Newspapers,31-Jul-17,99.9,Index,Normal,
Economic Policy Uncertainty (EPU) Index,TS_GP_MFS_EPUI_M.EPUI4,EPUI-4 Newspapers,31-Aug-17,81.46,Index,Normal,
Economic Policy Uncertainty (EPU) Index,TS_GP_MFS_EPUI_M.EPUI4,EPUI-4 Newspapers,30-Sep-17,67.03,Index,Normal,
Economic Policy Uncertainty (EPU) Index,TS_GP_MFS_EPUI_M.EPUI4,EPUI-4 Newspapers,31-Oct-17,120.68,Index,Normal,
Economic Policy Uncertainty (EPU) Index,TS_GP_MFS_EPUI_M.EPUI4,EPUI-4 Newspapers,30-Nov-17,75.18,Index,Normal,
Economic Policy Uncertainty (EPU) Index,TS_GP_MFS_EPUI_M.EPUI4,EPUI-4 Newspapers,31-Dec-17,78.93,Index,Normal,
Economic Policy Uncertainty (EPU) Index,TS_GP_MFS_EPUI_M.EPUI4,EPUI-4 Newspapers,31-Jan-18,75.05,Index,Normal,
Economic Policy Uncertainty (EPU) Index,TS_GP_MFS_EPUI_M.EPUI4,EPUI-4 Newspapers,28-Feb-18,42.45,Index,Normal,
Economic Policy Uncertainty (EPU) Index,TS_GP_MFS_EPUI_M.EPUI4,EPUI-4 Newspapers,31-Mar-18,80.78,Index,Normal,
Economic Policy Uncertainty (EPU) Index,TS_GP_MFS_EPUI_M.EPUI4,EPUI-4 Newspapers,30-Apr-18,79.74,Index,Normal,
Economic Policy Uncertainty (EPU) Index,TS_GP_MFS_EPUI_M.EPUI4,EPUI-4 Newspapers,31-May-18,76.01,Index,Normal,
Economic Policy Uncertainty (EPU) Index,TS_GP_MFS_EPUI_M.EPUI4,EPUI-4 Newspapers,30-Jun-18,75.22,Index,Normal,
Economic Policy Uncertainty (EPU) Index,TS_GP_MFS_EPUI_M.EPUI4,EPUI-4 Newspapers,31-Jul-18,75.09,Index,Normal,
Economic Policy Uncertainty (EPU) Index,TS_GP_MFS_EPUI_M.EPUI4,EPUI-4 Newspapers,31-Aug-18,54.49,Index,Normal,
Economic Policy Uncertainty (EPU) Index,TS_GP_MFS_EPUI_M.EPUI4,EPUI-4 Newspapers,30-Sep-18,74.1,Index,Normal,
Economic Policy Uncertainty (EPU) Index,TS_GP_MFS_EPUI_M.EPUI4,EPUI-4 Newspapers,31-Oct-18,88.87,Index,Normal,
Economic Policy Uncertainty (EPU) Index,TS_GP_MFS_EPUI_M.EPUI4,EPUI-4 Newspapers,30-Nov-18,93.06,Index,Normal,
Economic Policy Uncertainty (EPU) Index,TS_GP_MFS_EPUI_M.EPUI4,EPUI-4 Newspapers,31-Dec-18,88.85,Index,Normal,
Economic Policy Uncertainty (EPU) Index,TS_GP_MFS_EPUI_M.EPUI4,EPUI-4 Newspapers,31-Jan-19,111.69,Index,Normal,
Economic Policy Uncertainty (EPU) Index,TS_GP_MFS_EPUI_M.EPUI4,EPUI-4 Newspapers,28-Feb-19,86.92,Index,Normal,
Economic Policy Uncertainty (EPU) Index,TS_GP_MFS_EPUI_M.EPUI4,EPUI-4 Newspapers,31-Mar-19,61.73,Index,Normal,
Economic Policy Uncertainty (EPU) Index,TS_GP_MFS_EPUI_M.EPUI4,EPUI-4 Newspapers,30-Apr-19,102.04,Index,Normal,
Economic Policy Uncertainty (EPU) Index,TS_GP_MFS_EPUI_M.EPUI4,EPUI-4 Newspapers,31-May-19,104.13,Index,Normal,
Economic Policy Uncertainty (EPU) Index,TS_GP_MFS_EPUI_M.EPUI4,EPUI-4 Newspapers,30-Jun-19,109.96,Index,Normal,
Economic Policy Uncertainty (EPU) Index,TS_GP_MFS_EPUI_M.EPUI4,EPUI-4 Newspapers,31-Jul-19,126.13,Index,Normal,
Economic Policy Uncertainty (EPU) Index,TS_GP_MFS_EPUI_M.EPUI4,EPUI-4 Newspapers,31-Aug-19,80.9,Index,Normal,
Economic Policy Uncertainty (EPU) Index,TS_GP_MFS_EPUI_M.EPUI4,EPUI-4 Newspapers,30-Sep-19,81.6,Index,Normal,
Economic Policy Uncertainty (EPU) Index,TS_GP_MFS_EPUI_M.EPUI4,EPUI-4 Newspapers,31-Oct-19,88.05,Index,Normal,
Economic Policy Uncertainty (EPU) Index,TS_GP_MFS_EPUI_M.EPUI4,EPUI-4 Newspapers,30-Nov-19,69.12,Index,Normal,
Economic Policy Uncertainty (EPU) Index,TS_GP_MFS_EPUI_M.EPUI4,EPUI-4 Newspapers,31-Dec-19,69.45,Index,Normal,
Economic Policy Uncertainty (EPU) Index,TS_GP_MFS_EPUI_M.EPUI4,EPUI-4 Newspapers,31-Jan-20,73.34,Index,Normal,
Economic Policy Uncertainty (EPU) Index,TS_GP_MFS_EPUI_M.EPUI4,EPUI-4 Newspapers,29-Feb-20,68.19,Index,Normal,
Economic Policy Uncertainty (EPU) Index,TS_GP_MFS_EPUI_M.EPUI4,EPUI-4 Newspapers,31-Mar-20,118.08,Index,Normal,
Economic Policy Uncertainty (EPU) Index,TS_GP_MFS_EPUI_M.EPUI4,EPUI-4 Newspapers,30-Apr-20,158.53,Index,Normal,
Economic Policy Uncertainty (EPU) Index,TS_GP_MFS_EPUI_M.EPUI4,EPUI-4 Newspapers,31-May-20,122.92,Index,Normal,
Economic Policy Uncertainty (EPU) Index,TS_GP_MFS_EPUI_M.EPUI4,EPUI-4 Newspapers,30-Jun-20,138.33,Index,Normal,
Economic Policy Uncertainty (EPU) Index,TS_GP_MFS_EPUI_M.EPUI4,EPUI-4 Newspapers,31-Jul-20,92.44,Index,Normal,
Economic Policy Uncertainty (EPU) Index,TS_GP_MFS_EPUI_M.EPUI4,EPUI-4 Newspapers,31-Aug-20,104.18,Index,Normal,
Economic Policy Uncertainty (EPU) Index,TS_GP_MFS_EPUI_M.EPUI4,EPUI-4 Newspapers,30-Sep-20,90.52,Index,Normal,
Economic Policy Uncertainty (EPU) Index,TS_GP_MFS_EPUI_M.EPUI4,EPUI-4 Newspapers,31-Oct-20,112.55,Index,Normal,
Economic Policy Uncertainty (EPU) Index,TS_GP_MFS_EPUI_M.EPUI4,EPUI-4 Newspapers,30-Nov-20,90.91,Index,Normal,
Economic Policy Uncertainty (EPU) Index,TS_GP_MFS_EPUI_M.EPUI4,EPUI-4 Newspapers,31-Dec-20,96.1,Index,Normal,
Economic Policy Uncertainty (EPU) Index,TS_GP_MFS_EPUI_M.EPUI4,EPUI-4 Newspapers,31-Jan-21,83.9,Index,Normal,
Economic Policy Uncertainty (EPU) Index,TS_GP_MFS_EPUI_M.EPUI4,EPUI-4 Newspapers,28-Feb-21,50.05,Index,Normal,
Economic Policy Uncertainty (EPU) Index,TS_GP_MFS_EPUI_M.EPUI4,EPUI-4 Newspapers,31-Mar-21,92.28,Index,Normal,
Economic Policy Uncertainty (EPU) Index,TS_GP_MFS_EPUI_M.EPUI4,EPUI-4 Newspapers,30-Apr-21,94.36,Index,Normal,
Economic Policy Uncertainty (EPU) Index,TS_GP_MFS_EPUI_M.EPUI4,EPUI-4 Newspapers,31-May-21,74.74,Index,Normal,
Economic Policy Uncertainty (EPU) Index,TS_GP_MFS_EPUI_M.EPUI4,EPUI-4 Newspapers,30-Jun-21,80.5,Index,Normal,
Economic Policy Uncertainty (EPU) Index,TS_GP_MFS_EPUI_M.EPUI4,EPUI-4 Newspapers,31-Jul-21,57.29,Index,Normal,
Economic Policy Uncertainty (EPU) Index,TS_GP_MFS_EPUI_M.EPUI4,EPUI-4 Newspapers,31-Aug-21,105.87,Index,Normal,
Economic Policy Uncertainty (EPU) Index,TS_GP_MFS_EPUI_M.EPUI4,EPUI-4 Newspapers,30-Sep-21,117.99,Index,Normal,
Economic Policy Uncertainty (EPU) Index,TS_GP_MFS_EPUI_M.EPUI4,EPUI-4 Newspapers,31-Oct-21,115.51,Index,Normal,
Economic Policy Uncertainty (EPU) Index,TS_GP_MFS_EPUI_M.EPUI4,EPUI-4 Newspapers,30-Nov-21,98.01,Index,Normal,
Economic Policy Uncertainty (EPU) Index,TS_GP_MFS_EPUI_M.EPUI4,EPUI-4 Newspapers,31-Dec-21,101.79,Index,Normal,
Economic Policy Uncertainty (EPU) Index,TS_GP_MFS_EPUI_M.EPUI4,EPUI-4 Newspapers,31-Jan-22,88.3,Index,Normal,
Economic Policy Uncertainty (EPU) Index,TS_GP_MFS_EPUI_M.EPUI4,EPUI-4 Newspapers,28-Feb-22,76.79,Index,Normal,
Economic Policy Uncertainty (EPU) Index,TS_GP_MFS_EPUI_M.EPUI4,EPUI-4 Newspapers,31-Mar-22,156.58,Index,Normal,
Economic Policy Uncertainty (EPU) Index,TS_GP_MFS_EPUI_M.EPUI4,EPUI-4 Newspapers,30-Apr-22,244.66,Index,Normal,
Economic Policy Uncertainty (EPU) Index,TS_GP_MFS_EPUI_M.EPUI4,EPUI-4 Newspapers,31-May-22,290.05,Index,Normal,
Economic Policy Uncertainty (EPU) Index,TS_GP_MFS_EPUI_M.EPUI4,EPUI-4 Newspapers,30-Jun-22,174.07,Index,Normal,
Economic Policy Uncertainty (EPU) Index,TS_GP_MFS_EPUI_M.EPUI4,EPUI-4 Newspapers,31-Jul-22,250.21,Index,Normal,
Economic Policy Uncertainty (EPU) Index,TS_GP_MFS_EPUI_M.EPUI4,EPUI-4 Newspapers,31-Aug-22,164.94,Index,Normal,
Economic Policy Uncertainty (EPU) Index,TS_GP_MFS_EPUI_M.EPUI4,EPUI-4 Newspapers,30-Sep-22,125.45,Index,Normal,
Economic Policy Uncertainty (EPU) Index,TS_GP_MFS_EPUI_M.EPUI4,EPUI-4 Newspapers,31-Oct-22,124.94,Index,Normal,
Economic Policy Uncertainty (EPU) Index,TS_GP_MFS_EPUI_M.EPUI4,EPUI-4 Newspapers,30-Nov-22,149.47,Index,Normal,
Economic Policy Uncertainty (EPU) Index,TS_GP_MFS_EPUI_M.EPUI4,EPUI-4 Newspapers,31-Dec-22,204.18,Index,Normal,
Economic Policy Uncertainty (EPU) Index,TS_GP_MFS_EPUI_M.EPUI4,EPUI-4 Newspapers,31-Jan-23,204.7,Index,Normal,
Economic Policy Uncertainty (EPU) Index,TS_GP_MFS_EPUI_M.EPUI4,EPUI-4 Newspapers,28-Feb-23,155.65,Index,Normal,
Economic Policy Uncertainty (EPU) Index,TS_GP_MFS_EPUI_M.EPUI4,EPUI-4 Newspapers,31-Mar-23,142.8,Index,Normal,
Economic Policy Uncertainty (EPU) Index,TS_GP_MFS_EPUI_M.EPUI4,EPUI-4 Newspapers,30-Apr-23,184.56,Index,Normal,
Economic Policy Uncertainty (EPU) Index,TS_GP_MFS_EPUI_M.EPUI4,EPUI-4 Newspapers,31-May-23,195.55,Index,Normal,
Economic Policy Uncertainty (EPU) Index,TS_GP_MFS_EPUI_M.EPUI4,EPUI-4 Newspapers,30-Jun-23,186.03,Index,Normal,
Economic Policy Uncertainty (EPU) Index,TS_GP_MFS_EPUI_M.EPUI4,EPUI-4 Newspapers,31-Jul-23,171.71,Index,Normal,
Economic Policy Uncertainty (EPU) Index,TS_GP_MFS_EPUI_M.EPUI4,EPUI-4 Newspapers,31-Aug-23,168.62,Index,Normal,
Economic Policy Uncertainty (EPU) Index,TS_GP_MFS_EPUI_M.EPUI4,EPUI-4 Newspapers,30-Sep-23,159.32,Index,Normal,
Economic Policy Uncertainty (EPU) Index,TS_GP_MFS_EPUI_M.EPUI4,EPUI-4 Newspapers,31-Oct-23,132.85,Index,Normal,
Economic Policy Uncertainty (EPU) Index,TS_GP_MFS_EPUI_M.EPUI4,EPUI-4 Newspapers,30-Nov-23,104.82,Index,Normal,
Economic Policy Uncertainty (EPU) Index,TS_GP_MFS_EPUI_M.EPUI4,EPUI-4 Newspapers,31-Dec-23,128.52,Index,Normal,
Economic Policy Uncertainty (EPU) Index,TS_GP_MFS_EPUI_M.EPUI4,EPUI-4 Newspapers,31-Jan-24,133.71,Index,Normal,
Economic Policy Uncertainty (EPU) Index,TS_GP_MFS_EPUI_M.EPUI4,EPUI-4 Newspapers,29-Feb-24,285.29,Index,Normal,
Economic Policy Uncertainty (EPU) Index,TS_GP_MFS_EPUI_M.EPUI4,EPUI-4 Newspapers,31-Mar-24,151.45,Index,Normal,
Economic Policy Uncertainty (EPU) Index,TS_GP_MFS_EPUI_M.EPUI4,EPUI-4 Newspapers,30-Apr-24,120.82,Index,Normal,
Economic Policy Uncertainty (EPU) Index,TS_GP_MFS_EPUI_M.EPUI4,EPUI-4 Newspapers,31-May-24,137.78,Index,Normal,
Economic Policy Uncertainty (EPU) Index,TS_GP_MFS_EPUI_M.EPUI4,EPUI-4 Newspapers,30-Jun-24,138.78,Index,Normal,
Economic Policy Uncertainty (EPU) Index,TS_GP_MFS_EPUI_M.EPUI4,EPUI-4 Newspapers,31-Jul-24,129.53,Index,Normal,
Economic Policy Uncertainty (EPU) Index,TS_GP_MFS_EPUI_M.EPUI4,EPUI-4 Newspapers,31-Aug-24,144.06,Index,Normal,
Economic Policy Uncertainty (EPU) Index,TS_GP_MFS_EPUI_M.EPUI4,EPUI-4 Newspapers,30-Sep-24,138.36,Index,Normal,
Economic Policy Uncertainty (EPU) Index,TS_GP_MFS_EPUI_M.EPUI4,EPUI-4 Newspapers,31-Oct-24,125.51,Index,Normal,
Economic Policy Uncertainty (EPU) Index,TS_GP_MFS_EPUI_M.EPUI4,EPUI-4 Newspapers,30-Nov-24,134.4,Index,Normal,
