Dataset,Series Key,Series,Observation Date,Observation Value,Unit,Observation Status,Observation Status Comment
Monthly Summary of Balance of Payments as per BPM6,TS_GP_BOP_BPM6SUM_M.P00190,S.I. FNF corp. HH&NPISH-WR,31-Jul-13,1405,Million USD,Normal,
Monthly Summary of Balance of Payments as per BPM6,TS_GP_BOP_BPM6SUM_M.P00190,S.I. FNF corp. HH&NPISH-WR,31-Aug-13,1240,Million USD,Normal,
Monthly Summary of Balance of Payments as per BPM6,TS_GP_BOP_BPM6SUM_M.P00190,S.I. FNF corp. HH&NPISH-WR,30-Sep-13,1284,Million USD,Normal,
Monthly Summary of Balance of Payments as per BPM6,TS_GP_BOP_BPM6SUM_M.P00190,S.I. FNF corp. HH&NPISH-WR,31-Oct-13,1348,Million USD,Normal,
Monthly Summary of Balance of Payments as per BPM6,TS_GP_BOP_BPM6SUM_M.P00190,S.I. FNF corp. HH&NPISH-WR,30-Nov-13,1130,Million USD,Normal,
Monthly Summary of Balance of Payments as per BPM6,TS_GP_BOP_BPM6SUM_M.P00190,S.I. FNF corp. HH&NPISH-WR,31-Dec-13,1385,Million USD,Normal,
Monthly Summary of Balance of Payments as per BPM6,TS_GP_BOP_BPM6SUM_M.P00190,S.I. FNF corp. HH&NPISH-WR,31-Jan-14,1246,Million USD,Normal,
Monthly Summary of Balance of Payments as per BPM6,TS_GP_BOP_BPM6SUM_M.P00190,S.I. FNF corp. HH&NPISH-WR,28-Feb-14,1210,Million USD,Normal,
Monthly Summary of Balance of Payments as per BPM6,TS_GP_BOP_BPM6SUM_M.P00190,S.I. FNF corp. HH&NPISH-WR,31-Mar-14,1338,Million USD,Normal,
Monthly Summary of Balance of Payments as per BPM6,TS_GP_BOP_BPM6SUM_M.P00190,S.I. FNF corp. HH&NPISH-WR,30-Apr-14,1312,Million USD,Normal,
Monthly Summary of Balance of Payments as per BPM6,TS_GP_BOP_BPM6SUM_M.P00190,S.I. FNF corp. HH&NPISH-WR,31-May-14,1440,Million USD,Normal,
Monthly Summary of Balance of Payments as per BPM6,TS_GP_BOP_BPM6SUM_M.P00190,S.I. FNF corp. HH&NPISH-WR,30-Jun-14,1499,Million USD,Normal,
Monthly Summary of Balance of Payments as per BPM6,TS_GP_BOP_BPM6SUM_M.P00190,S.I. FNF corp. HH&NPISH-WR,31-Jul-14,1676,Million USD,Normal,
Monthly Summary of Balance of Payments as per BPM6,TS_GP_BOP_BPM6SUM_M.P00190,S.I. FNF corp. HH&NPISH-WR,31-Aug-14,1351,Million USD,Normal,
Monthly Summary of Balance of Payments as per BPM6,TS_GP_BOP_BPM6SUM_M.P00190,S.I. FNF corp. HH&NPISH-WR,30-Sep-14,1748,Million USD,Normal,
Monthly Summary of Balance of Payments as per BPM6,TS_GP_BOP_BPM6SUM_M.P00190,S.I. FNF corp. HH&NPISH-WR,31-Oct-14,1409,Million USD,Normal,
Monthly Summary of Balance of Payments as per BPM6,TS_GP_BOP_BPM6SUM_M.P00190,S.I. FNF corp. HH&NPISH-WR,30-Nov-14,1344,Million USD,Normal,
Monthly Summary of Balance of Payments as per BPM6,TS_GP_BOP_BPM6SUM_M.P00190,S.I. FNF corp. HH&NPISH-WR,31-Dec-14,1634,Million USD,Normal,
Monthly Summary of Balance of Payments as per BPM6,TS_GP_BOP_BPM6SUM_M.P00190,S.I. FNF corp. HH&NPISH-WR,31-Jan-15,1404,Million USD,Normal,
Monthly Summary of Balance of Payments as per BPM6,TS_GP_BOP_BPM6SUM_M.P00190,S.I. FNF corp. HH&NPISH-WR,28-Feb-15,1421,Million USD,Normal,
Monthly Summary of Balance of Payments as per BPM6,TS_GP_BOP_BPM6SUM_M.P00190,S.I. FNF corp. HH&NPISH-WR,31-Mar-15,1609,Million USD,Normal,
Monthly Summary of Balance of Payments as per BPM6,TS_GP_BOP_BPM6SUM_M.P00190,S.I. FNF corp. HH&NPISH-WR,30-Apr-15,1640,Million USD,Normal,
Monthly Summary of Balance of Payments as per BPM6,TS_GP_BOP_BPM6SUM_M.P00190,S.I. FNF corp. HH&NPISH-WR,31-May-15,1663,Million USD,Normal,
Monthly Summary of Balance of Payments as per BPM6,TS_GP_BOP_BPM6SUM_M.P00190,S.I. FNF corp. HH&NPISH-WR,30-Jun-15,1822,Million USD,Normal,
Monthly Summary of Balance of Payments as per BPM6,TS_GP_BOP_BPM6SUM_M.P00190,S.I. FNF corp. HH&NPISH-WR,31-Jul-15,1664,Million USD,Normal,
Monthly Summary of Balance of Payments as per BPM6,TS_GP_BOP_BPM6SUM_M.P00190,S.I. FNF corp. HH&NPISH-WR,31-Aug-15,1527,Million USD,Normal,
Monthly Summary of Balance of Payments as per BPM6,TS_GP_BOP_BPM6SUM_M.P00190,S.I. FNF corp. HH&NPISH-WR,30-Sep-15,1775,Million USD,Normal,
Monthly Summary of Balance of Payments as per BPM6,TS_GP_BOP_BPM6SUM_M.P00190,S.I. FNF corp. HH&NPISH-WR,31-Oct-15,1541,Million USD,Normal,
Monthly Summary of Balance of Payments as per BPM6,TS_GP_BOP_BPM6SUM_M.P00190,S.I. FNF corp. HH&NPISH-WR,30-Nov-15,1565,Million USD,Normal,
Monthly Summary of Balance of Payments as per BPM6,TS_GP_BOP_BPM6SUM_M.P00190,S.I. FNF corp. HH&NPISH-WR,31-Dec-15,1616,Million USD,Normal,
Monthly Summary of Balance of Payments as per BPM6,TS_GP_BOP_BPM6SUM_M.P00190,S.I. FNF corp. HH&NPISH-WR,31-Jan-16,1466,Million USD,Normal,
Monthly Summary of Balance of Payments as per BPM6,TS_GP_BOP_BPM6SUM_M.P00190,S.I. FNF corp. HH&NPISH-WR,29-Feb-16,1522,Million USD,Normal,
Monthly Summary of Balance of Payments as per BPM6,TS_GP_BOP_BPM6SUM_M.P00190,S.I. FNF corp. HH&NPISH-WR,31-Mar-16,1711,Million USD,Normal,
Monthly Summary of Balance of Payments as per BPM6,TS_GP_BOP_BPM6SUM_M.P00190,S.I. FNF corp. HH&NPISH-WR,30-Apr-16,1657,Million USD,Normal,
Monthly Summary of Balance of Payments as per BPM6,TS_GP_BOP_BPM6SUM_M.P00190,S.I. FNF corp. HH&NPISH-WR,31-May-16,1799,Million USD,Normal,
Monthly Summary of Balance of Payments as per BPM6,TS_GP_BOP_BPM6SUM_M.P00190,S.I. FNF corp. HH&NPISH-WR,30-Jun-16,2074,Million USD,Normal,
Monthly Summary of Balance of Payments as per BPM6,TS_GP_BOP_BPM6SUM_M.P00190,S.I. FNF corp. HH&NPISH-WR,31-Jul-16,1360,Million USD,Normal,
Monthly Summary of Balance of Payments as per BPM6,TS_GP_BOP_BPM6SUM_M.P00190,S.I. FNF corp. HH&NPISH-WR,31-Aug-16,1768,Million USD,Normal,
Monthly Summary of Balance of Payments as per BPM6,TS_GP_BOP_BPM6SUM_M.P00190,S.I. FNF corp. HH&NPISH-WR,30-Sep-16,1612,Million USD,Normal,
Monthly Summary of Balance of Payments as per BPM6,TS_GP_BOP_BPM6SUM_M.P00190,S.I. FNF corp. HH&NPISH-WR,31-Oct-16,1561,Million USD,Normal,
Monthly Summary of Balance of Payments as per BPM6,TS_GP_BOP_BPM6SUM_M.P00190,S.I. FNF corp. HH&NPISH-WR,30-Nov-16,1618,Million USD,Normal,
Monthly Summary of Balance of Payments as per BPM6,TS_GP_BOP_BPM6SUM_M.P00190,S.I. FNF corp. HH&NPISH-WR,31-Dec-16,1586,Million USD,Normal,
Monthly Summary of Balance of Payments as per BPM6,TS_GP_BOP_BPM6SUM_M.P00190,S.I. FNF corp. HH&NPISH-WR,31-Jan-17,1488,Million USD,Normal,
Monthly Summary of Balance of Payments as per BPM6,TS_GP_BOP_BPM6SUM_M.P00190,S.I. FNF corp. HH&NPISH-WR,28-Feb-17,1417,Million USD,Normal,
Monthly Summary of Balance of Payments as per BPM6,TS_GP_BOP_BPM6SUM_M.P00190,S.I. FNF corp. HH&NPISH-WR,31-Mar-17,1694,Million USD,Normal,
Monthly Summary of Balance of Payments as per BPM6,TS_GP_BOP_BPM6SUM_M.P00190,S.I. FNF corp. HH&NPISH-WR,30-Apr-17,1539,Million USD,Normal,
Monthly Summary of Balance of Payments as per BPM6,TS_GP_BOP_BPM6SUM_M.P00190,S.I. FNF corp. HH&NPISH-WR,31-May-17,1867,Million USD,Normal,
Monthly Summary of Balance of Payments as per BPM6,TS_GP_BOP_BPM6SUM_M.P00190,S.I. FNF corp. HH&NPISH-WR,30-Jun-17,1841,Million USD,Normal,
Monthly Summary of Balance of Payments as per BPM6,TS_GP_BOP_BPM6SUM_M.P00190,S.I. FNF corp. HH&NPISH-WR,31-Jul-17,1556,Million USD,Normal,
Monthly Summary of Balance of Payments as per BPM6,TS_GP_BOP_BPM6SUM_M.P00190,S.I. FNF corp. HH&NPISH-WR,31-Aug-17,1975,Million USD,Normal,
Monthly Summary of Balance of Payments as per BPM6,TS_GP_BOP_BPM6SUM_M.P00190,S.I. FNF corp. HH&NPISH-WR,30-Sep-17,1314,Million USD,Normal,
Monthly Summary of Balance of Payments as per BPM6,TS_GP_BOP_BPM6SUM_M.P00190,S.I. FNF corp. HH&NPISH-WR,31-Oct-17,1677,Million USD,Normal,
Monthly Summary of Balance of Payments as per BPM6,TS_GP_BOP_BPM6SUM_M.P00190,S.I. FNF corp. HH&NPISH-WR,30-Nov-17,1596,Million USD,Normal,
Monthly Summary of Balance of Payments as per BPM6,TS_GP_BOP_BPM6SUM_M.P00190,S.I. FNF corp. HH&NPISH-WR,31-Dec-17,1746,Million USD,Normal,
Monthly Summary of Balance of Payments as per BPM6,TS_GP_BOP_BPM6SUM_M.P00190,S.I. FNF corp. HH&NPISH-WR,31-Jan-18,1662,Million USD,Normal,
Monthly Summary of Balance of Payments as per BPM6,TS_GP_BOP_BPM6SUM_M.P00190,S.I. FNF corp. HH&NPISH-WR,28-Feb-18,1473,Million USD,Normal,
Monthly Summary of Balance of Payments as per BPM6,TS_GP_BOP_BPM6SUM_M.P00190,S.I. FNF corp. HH&NPISH-WR,31-Mar-18,1804,Million USD,Normal,
Monthly Summary of Balance of Payments as per BPM6,TS_GP_BOP_BPM6SUM_M.P00190,S.I. FNF corp. HH&NPISH-WR,30-Apr-18,1679,Million USD,Normal,
Monthly Summary of Balance of Payments as per BPM6,TS_GP_BOP_BPM6SUM_M.P00190,S.I. FNF corp. HH&NPISH-WR,31-May-18,1804,Million USD,Normal,
Monthly Summary of Balance of Payments as per BPM6,TS_GP_BOP_BPM6SUM_M.P00190,S.I. FNF corp. HH&NPISH-WR,30-Jun-18,1628,Million USD,Normal,
Monthly Summary of Balance of Payments as per BPM6,TS_GP_BOP_BPM6SUM_M.P00190,S.I. FNF corp. HH&NPISH-WR,31-Jul-18,1974,Million USD,Normal,
Monthly Summary of Balance of Payments as per BPM6,TS_GP_BOP_BPM6SUM_M.P00190,S.I. FNF corp. HH&NPISH-WR,31-Aug-18,2083,Million USD,Normal,
Monthly Summary of Balance of Payments as per BPM6,TS_GP_BOP_BPM6SUM_M.P00190,S.I. FNF corp. HH&NPISH-WR,30-Sep-18,1480,Million USD,Normal,
Monthly Summary of Balance of Payments as per BPM6,TS_GP_BOP_BPM6SUM_M.P00190,S.I. FNF corp. HH&NPISH-WR,31-Oct-18,2053,Million USD,Normal,
Monthly Summary of Balance of Payments as per BPM6,TS_GP_BOP_BPM6SUM_M.P00190,S.I. FNF corp. HH&NPISH-WR,30-Nov-18,1657,Million USD,Normal,
Monthly Summary of Balance of Payments as per BPM6,TS_GP_BOP_BPM6SUM_M.P00190,S.I. FNF corp. HH&NPISH-WR,31-Dec-18,1741,Million USD,Normal,
Monthly Summary of Balance of Payments as per BPM6,TS_GP_BOP_BPM6SUM_M.P00190,S.I. FNF corp. HH&NPISH-WR,31-Jan-19,1736,Million USD,Normal,
Monthly Summary of Balance of Payments as per BPM6,TS_GP_BOP_BPM6SUM_M.P00190,S.I. FNF corp. HH&NPISH-WR,28-Feb-19,1574,Million USD,Normal,
Monthly Summary of Balance of Payments as per BPM6,TS_GP_BOP_BPM6SUM_M.P00190,S.I. FNF corp. HH&NPISH-WR,31-Mar-19,1734,Million USD,Normal,
Monthly Summary of Balance of Payments as per BPM6,TS_GP_BOP_BPM6SUM_M.P00190,S.I. FNF corp. HH&NPISH-WR,30-Apr-19,1770,Million USD,Normal,
Monthly Summary of Balance of Payments as per BPM6,TS_GP_BOP_BPM6SUM_M.P00190,S.I. FNF corp. HH&NPISH-WR,31-May-19,2302,Million USD,Normal,
Monthly Summary of Balance of Payments as per BPM6,TS_GP_BOP_BPM6SUM_M.P00190,S.I. FNF corp. HH&NPISH-WR,30-Jun-19,1636,Million USD,Normal,
Monthly Summary of Balance of Payments as per BPM6,TS_GP_BOP_BPM6SUM_M.P00190,S.I. FNF corp. HH&NPISH-WR,31-Jul-19,2028,Million USD,Normal,
Monthly Summary of Balance of Payments as per BPM6,TS_GP_BOP_BPM6SUM_M.P00190,S.I. FNF corp. HH&NPISH-WR,31-Aug-19,1684,Million USD,Normal,
Monthly Summary of Balance of Payments as per BPM6,TS_GP_BOP_BPM6SUM_M.P00190,S.I. FNF corp. HH&NPISH-WR,30-Sep-19,1740,Million USD,Normal,
Monthly Summary of Balance of Payments as per BPM6,TS_GP_BOP_BPM6SUM_M.P00190,S.I. FNF corp. HH&NPISH-WR,31-Oct-19,2001,Million USD,Normal,
Monthly Summary of Balance of Payments as per BPM6,TS_GP_BOP_BPM6SUM_M.P00190,S.I. FNF corp. HH&NPISH-WR,30-Nov-19,1821,Million USD,Normal,
Monthly Summary of Balance of Payments as per BPM6,TS_GP_BOP_BPM6SUM_M.P00190,S.I. FNF corp. HH&NPISH-WR,31-Dec-19,2097,Million USD,Normal,
Monthly Summary of Balance of Payments as per BPM6,TS_GP_BOP_BPM6SUM_M.P00190,S.I. FNF corp. HH&NPISH-WR,31-Jan-20,1907,Million USD,Normal,
Monthly Summary of Balance of Payments as per BPM6,TS_GP_BOP_BPM6SUM_M.P00190,S.I. FNF corp. HH&NPISH-WR,29-Feb-20,1825,Million USD,Normal,
Monthly Summary of Balance of Payments as per BPM6,TS_GP_BOP_BPM6SUM_M.P00190,S.I. FNF corp. HH&NPISH-WR,31-Mar-20,1905,Million USD,Normal,
Monthly Summary of Balance of Payments as per BPM6,TS_GP_BOP_BPM6SUM_M.P00190,S.I. FNF corp. HH&NPISH-WR,30-Apr-20,1785,Million USD,Normal,
Monthly Summary of Balance of Payments as per BPM6,TS_GP_BOP_BPM6SUM_M.P00190,S.I. FNF corp. HH&NPISH-WR,31-May-20,1865,Million USD,Normal,
Monthly Summary of Balance of Payments as per BPM6,TS_GP_BOP_BPM6SUM_M.P00190,S.I. FNF corp. HH&NPISH-WR,30-Jun-20,2473,Million USD,Normal,
Monthly Summary of Balance of Payments as per BPM6,TS_GP_BOP_BPM6SUM_M.P00190,S.I. FNF corp. HH&NPISH-WR,31-Jul-20,2765,Million USD,Normal,
Monthly Summary of Balance of Payments as per BPM6,TS_GP_BOP_BPM6SUM_M.P00190,S.I. FNF corp. HH&NPISH-WR,31-Aug-20,2096,Million USD,Normal,
Monthly Summary of Balance of Payments as per BPM6,TS_GP_BOP_BPM6SUM_M.P00190,S.I. FNF corp. HH&NPISH-WR,30-Sep-20,2285,Million USD,Normal,
Monthly Summary of Balance of Payments as per BPM6,TS_GP_BOP_BPM6SUM_M.P00190,S.I. FNF corp. HH&NPISH-WR,31-Oct-20,2284,Million USD,Normal,
Monthly Summary of Balance of Payments as per BPM6,TS_GP_BOP_BPM6SUM_M.P00190,S.I. FNF corp. HH&NPISH-WR,30-Nov-20,2332,Million USD,Normal,
Monthly Summary of Balance of Payments as per BPM6,TS_GP_BOP_BPM6SUM_M.P00190,S.I. FNF corp. HH&NPISH-WR,31-Dec-20,2422,Million USD,Normal,
Monthly Summary of Balance of Payments as per BPM6,TS_GP_BOP_BPM6SUM_M.P00190,S.I. FNF corp. HH&NPISH-WR,31-Jan-21,2269,Million USD,Normal,
Monthly Summary of Balance of Payments as per BPM6,TS_GP_BOP_BPM6SUM_M.P00190,S.I. FNF corp. HH&NPISH-WR,28-Feb-21,2260,Million USD,Normal,
Monthly Summary of Balance of Payments as per BPM6,TS_GP_BOP_BPM6SUM_M.P00190,S.I. FNF corp. HH&NPISH-WR,31-Mar-21,2723,Million USD,Normal,
Monthly Summary of Balance of Payments as per BPM6,TS_GP_BOP_BPM6SUM_M.P00190,S.I. FNF corp. HH&NPISH-WR,30-Apr-21,2793,Million USD,Normal,
Monthly Summary of Balance of Payments as per BPM6,TS_GP_BOP_BPM6SUM_M.P00190,S.I. FNF corp. HH&NPISH-WR,31-May-21,2507,Million USD,Normal,
Monthly Summary of Balance of Payments as per BPM6,TS_GP_BOP_BPM6SUM_M.P00190,S.I. FNF corp. HH&NPISH-WR,30-Jun-21,2714,Million USD,Normal,
Monthly Summary of Balance of Payments as per BPM6,TS_GP_BOP_BPM6SUM_M.P00190,S.I. FNF corp. HH&NPISH-WR,31-Jul-21,2736,Million USD,Normal,
Monthly Summary of Balance of Payments as per BPM6,TS_GP_BOP_BPM6SUM_M.P00190,S.I. FNF corp. HH&NPISH-WR,31-Aug-21,2683,Million USD,Normal,
Monthly Summary of Balance of Payments as per BPM6,TS_GP_BOP_BPM6SUM_M.P00190,S.I. FNF corp. HH&NPISH-WR,30-Sep-21,2780,Million USD,Normal,
Monthly Summary of Balance of Payments as per BPM6,TS_GP_BOP_BPM6SUM_M.P00190,S.I. FNF corp. HH&NPISH-WR,31-Oct-21,2629,Million USD,Normal,
Monthly Summary of Balance of Payments as per BPM6,TS_GP_BOP_BPM6SUM_M.P00190,S.I. FNF corp. HH&NPISH-WR,30-Nov-21,2460,Million USD,Normal,
Monthly Summary of Balance of Payments as per BPM6,TS_GP_BOP_BPM6SUM_M.P00190,S.I. FNF corp. HH&NPISH-WR,31-Dec-21,2520,Million USD,Normal,
Monthly Summary of Balance of Payments as per BPM6,TS_GP_BOP_BPM6SUM_M.P00190,S.I. FNF corp. HH&NPISH-WR,31-Jan-22,2180,Million USD,Normal,
Monthly Summary of Balance of Payments as per BPM6,TS_GP_BOP_BPM6SUM_M.P00190,S.I. FNF corp. HH&NPISH-WR,28-Feb-22,2196,Million USD,Normal,
Monthly Summary of Balance of Payments as per BPM6,TS_GP_BOP_BPM6SUM_M.P00190,S.I. FNF corp. HH&NPISH-WR,31-Mar-22,2835,Million USD,Normal,
Monthly Summary of Balance of Payments as per BPM6,TS_GP_BOP_BPM6SUM_M.P00190,S.I. FNF corp. HH&NPISH-WR,30-Apr-22,3124,Million USD,Normal,
Monthly Summary of Balance of Payments as per BPM6,TS_GP_BOP_BPM6SUM_M.P00190,S.I. FNF corp. HH&NPISH-WR,31-May-22,2346,Million USD,Normal,
Monthly Summary of Balance of Payments as per BPM6,TS_GP_BOP_BPM6SUM_M.P00190,S.I. FNF corp. HH&NPISH-WR,30-Jun-22,2790,Million USD,Normal,
Monthly Summary of Balance of Payments as per BPM6,TS_GP_BOP_BPM6SUM_M.P00190,S.I. FNF corp. HH&NPISH-WR,31-Jul-22,2594,Million USD,Normal,
Monthly Summary of Balance of Payments as per BPM6,TS_GP_BOP_BPM6SUM_M.P00190,S.I. FNF corp. HH&NPISH-WR,31-Aug-22,2816,Million USD,Normal,
Monthly Summary of Balance of Payments as per BPM6,TS_GP_BOP_BPM6SUM_M.P00190,S.I. FNF corp. HH&NPISH-WR,30-Sep-22,2487,Million USD,Normal,
Monthly Summary of Balance of Payments as per BPM6,TS_GP_BOP_BPM6SUM_M.P00190,S.I. FNF corp. HH&NPISH-WR,31-Oct-22,2248,Million USD,Normal,
Monthly Summary of Balance of Payments as per BPM6,TS_GP_BOP_BPM6SUM_M.P00190,S.I. FNF corp. HH&NPISH-WR,30-Nov-22,2173,Million USD,Normal,
Monthly Summary of Balance of Payments as per BPM6,TS_GP_BOP_BPM6SUM_M.P00190,S.I. FNF corp. HH&NPISH-WR,31-Dec-22,2100,Million USD,Normal,
Monthly Summary of Balance of Payments as per BPM6,TS_GP_BOP_BPM6SUM_M.P00190,S.I. FNF corp. HH&NPISH-WR,31-Jan-23,1900,Million USD,Normal,
Monthly Summary of Balance of Payments as per BPM6,TS_GP_BOP_BPM6SUM_M.P00190,S.I. FNF corp. HH&NPISH-WR,28-Feb-23,1990,Million USD,Normal,
Monthly Summary of Balance of Payments as per BPM6,TS_GP_BOP_BPM6SUM_M.P00190,S.I. FNF corp. HH&NPISH-WR,31-Mar-23,2537,Million USD,Normal,
Monthly Summary of Balance of Payments as per BPM6,TS_GP_BOP_BPM6SUM_M.P00190,S.I. FNF corp. HH&NPISH-WR,30-Apr-23,2198,Million USD,Normal,
Monthly Summary of Balance of Payments as per BPM6,TS_GP_BOP_BPM6SUM_M.P00190,S.I. FNF corp. HH&NPISH-WR,31-May-23,2103,Million USD,Normal,
Monthly Summary of Balance of Payments as per BPM6,TS_GP_BOP_BPM6SUM_M.P00190,S.I. FNF corp. HH&NPISH-WR,30-Jun-23,2187,Million USD,Normal,
Monthly Summary of Balance of Payments as per BPM6,TS_GP_BOP_BPM6SUM_M.P00190,S.I. FNF corp. HH&NPISH-WR,31-Jul-23,2029,Million USD,Normal,
Monthly Summary of Balance of Payments as per BPM6,TS_GP_BOP_BPM6SUM_M.P00190,S.I. FNF corp. HH&NPISH-WR,31-Aug-23,2095,Million USD,Normal,
Monthly Summary of Balance of Payments as per BPM6,TS_GP_BOP_BPM6SUM_M.P00190,S.I. FNF corp. HH&NPISH-WR,30-Sep-23,2208,Million USD,Normal,
Monthly Summary of Balance of Payments as per BPM6,TS_GP_BOP_BPM6SUM_M.P00190,S.I. FNF corp. HH&NPISH-WR,31-Oct-23,2463,Million USD,Normal,
Monthly Summary of Balance of Payments as per BPM6,TS_GP_BOP_BPM6SUM_M.P00190,S.I. FNF corp. HH&NPISH-WR,30-Nov-23,2259,Million USD,Normal,
Monthly Summary of Balance of Payments as per BPM6,TS_GP_BOP_BPM6SUM_M.P00190,S.I. FNF corp. HH&NPISH-WR,31-Dec-23,2382,Million USD,Normal,
Monthly Summary of Balance of Payments as per BPM6,TS_GP_BOP_BPM6SUM_M.P00190,S.I. FNF corp. HH&NPISH-WR,31-Jan-24,2398,Million USD,Normal,
Monthly Summary of Balance of Payments as per BPM6,TS_GP_BOP_BPM6SUM_M.P00190,S.I. FNF corp. HH&NPISH-WR,29-Feb-24,2250,Million USD,Normal,
Monthly Summary of Balance of Payments as per BPM6,TS_GP_BOP_BPM6SUM_M.P00190,S.I. FNF corp. HH&NPISH-WR,31-Mar-24,2954,Million USD,Normal,
Monthly Summary of Balance of Payments as per BPM6,TS_GP_BOP_BPM6SUM_M.P00190,S.I. FNF corp. HH&NPISH-WR,30-Apr-24,2813,Million USD,Normal,
Monthly Summary of Balance of Payments as per BPM6,TS_GP_BOP_BPM6SUM_M.P00190,S.I. FNF corp. HH&NPISH-WR,31-May-24,3242,Million USD,Normal,
Monthly Summary of Balance of Payments as per BPM6,TS_GP_BOP_BPM6SUM_M.P00190,S.I. FNF corp. HH&NPISH-WR,30-Jun-24,3158,Million USD,Normal,
Monthly Summary of Balance of Payments as per BPM6,TS_GP_BOP_BPM6SUM_M.P00190,S.I. FNF corp. HH&NPISH-WR,31-Jul-24,2995,Million USD,Normal,
Monthly Summary of Balance of Payments as per BPM6,TS_GP_BOP_BPM6SUM_M.P00190,S.I. FNF corp. HH&NPISH-WR,31-Aug-24,2943,Million USD,Normal,
Monthly Summary of Balance of Payments as per BPM6,TS_GP_BOP_BPM6SUM_M.P00190,S.I. FNF corp. HH&NPISH-WR,30-Sep-24,2860,Million USD,Normal,
Monthly Summary of Balance of Payments as per BPM6,TS_GP_BOP_BPM6SUM_M.P00190,S.I. FNF corp. HH&NPISH-WR,31-Oct-24,3055,Million USD,Normal,
Monthly Summary of Balance of Payments as per BPM6,TS_GP_BOP_BPM6SUM_M.P00190,S.I. FNF corp. HH&NPISH-WR,30-Nov-24,2915,Million USD,Normal,
