Dataset,Series Key,Series,Observation Date,Observation Value,Unit,Observation Status,Observation Status Comment
Weighted Average Lending and Deposit Rates,TS_GP_BAM_WALDR_M.WALD01270000,WAR_All_Banks_OL_in.0_in.IB,31-Jan-04,6.91,Percent,Normal,
Weighted Average Lending and Deposit Rates,TS_GP_BAM_WALDR_M.WALD01270000,WAR_All_Banks_OL_in.0_in.IB,29-Feb-04,6.69,Percent,Normal,
Weighted Average Lending and Deposit Rates,TS_GP_BAM_WALDR_M.WALD01270000,WAR_All_Banks_OL_in.0_in.IB,31-Mar-04,6.49,Percent,Normal,
Weighted Average Lending and Deposit Rates,TS_GP_BAM_WALDR_M.WALD01270000,WAR_All_Banks_OL_in.0_in.IB,30-Apr-04,6.49,Percent,Normal,
Weighted Average Lending and Deposit Rates,TS_GP_BAM_WALDR_M.WALD01270000,WAR_All_Banks_OL_in.0_in.IB,31-May-04,6.46,Percent,Normal,
Weighted Average Lending and Deposit Rates,TS_GP_BAM_WALDR_M.WALD01270000,WAR_All_Banks_OL_in.0_in.IB,30-Jun-04,6.49,Percent,Normal,
Weighted Average Lending and Deposit Rates,TS_GP_BAM_WALDR_M.WALD01270000,WAR_All_Banks_OL_in.0_in.IB,31-Jul-04,6.43,Percent,Normal,
Weighted Average Lending and Deposit Rates,TS_GP_BAM_WALDR_M.WALD01270000,WAR_All_Banks_OL_in.0_in.IB,31-Aug-04,6.48,Percent,Normal,
Weighted Average Lending and Deposit Rates,TS_GP_BAM_WALDR_M.WALD01270000,WAR_All_Banks_OL_in.0_in.IB,30-Sep-04,6.55,Percent,Normal,
Weighted Average Lending and Deposit Rates,TS_GP_BAM_WALDR_M.WALD01270000,WAR_All_Banks_OL_in.0_in.IB,31-Oct-04,6.53,Percent,Normal,
Weighted Average Lending and Deposit Rates,TS_GP_BAM_WALDR_M.WALD01270000,WAR_All_Banks_OL_in.0_in.IB,30-Nov-04,6.61,Percent,Normal,
Weighted Average Lending and Deposit Rates,TS_GP_BAM_WALDR_M.WALD01270000,WAR_All_Banks_OL_in.0_in.IB,31-Dec-04,6.69,Percent,Normal,
Weighted Average Lending and Deposit Rates,TS_GP_BAM_WALDR_M.WALD01270000,WAR_All_Banks_OL_in.0_in.IB,31-Jan-05,6.93,Percent,Normal,
Weighted Average Lending and Deposit Rates,TS_GP_BAM_WALDR_M.WALD01270000,WAR_All_Banks_OL_in.0_in.IB,28-Feb-05,7.08,Percent,Normal,
Weighted Average Lending and Deposit Rates,TS_GP_BAM_WALDR_M.WALD01270000,WAR_All_Banks_OL_in.0_in.IB,31-Mar-05,7.29,Percent,Normal,
Weighted Average Lending and Deposit Rates,TS_GP_BAM_WALDR_M.WALD01270000,WAR_All_Banks_OL_in.0_in.IB,30-Apr-05,7.49,Percent,Normal,
Weighted Average Lending and Deposit Rates,TS_GP_BAM_WALDR_M.WALD01270000,WAR_All_Banks_OL_in.0_in.IB,31-May-05,7.97,Percent,Normal,
Weighted Average Lending and Deposit Rates,TS_GP_BAM_WALDR_M.WALD01270000,WAR_All_Banks_OL_in.0_in.IB,30-Jun-05,8.41,Percent,Normal,
Weighted Average Lending and Deposit Rates,TS_GP_BAM_WALDR_M.WALD01270000,WAR_All_Banks_OL_in.0_in.IB,31-Jul-05,8.96,Percent,Normal,
Weighted Average Lending and Deposit Rates,TS_GP_BAM_WALDR_M.WALD01270000,WAR_All_Banks_OL_in.0_in.IB,31-Aug-05,9.19,Percent,Normal,
Weighted Average Lending and Deposit Rates,TS_GP_BAM_WALDR_M.WALD01270000,WAR_All_Banks_OL_in.0_in.IB,30-Sep-05,9.41,Percent,Normal,
Weighted Average Lending and Deposit Rates,TS_GP_BAM_WALDR_M.WALD01270000,WAR_All_Banks_OL_in.0_in.IB,31-Oct-05,9.57,Percent,Normal,
Weighted Average Lending and Deposit Rates,TS_GP_BAM_WALDR_M.WALD01270000,WAR_All_Banks_OL_in.0_in.IB,30-Nov-05,9.69,Percent,Normal,
Weighted Average Lending and Deposit Rates,TS_GP_BAM_WALDR_M.WALD01270000,WAR_All_Banks_OL_in.0_in.IB,31-Dec-05,9.81,Percent,Normal,
Weighted Average Lending and Deposit Rates,TS_GP_BAM_WALDR_M.WALD01270000,WAR_All_Banks_OL_in.0_in.IB,31-Jan-06,9.89,Percent,Normal,
Weighted Average Lending and Deposit Rates,TS_GP_BAM_WALDR_M.WALD01270000,WAR_All_Banks_OL_in.0_in.IB,28-Feb-06,10.01,Percent,Normal,
Weighted Average Lending and Deposit Rates,TS_GP_BAM_WALDR_M.WALD01270000,WAR_All_Banks_OL_in.0_in.IB,31-Mar-06,10.04,Percent,Normal,
Weighted Average Lending and Deposit Rates,TS_GP_BAM_WALDR_M.WALD01270000,WAR_All_Banks_OL_in.0_in.IB,30-Apr-06,10.2,Percent,Normal,
Weighted Average Lending and Deposit Rates,TS_GP_BAM_WALDR_M.WALD01270000,WAR_All_Banks_OL_in.0_in.IB,31-May-06,10.29,Percent,Normal,
Weighted Average Lending and Deposit Rates,TS_GP_BAM_WALDR_M.WALD01270000,WAR_All_Banks_OL_in.0_in.IB,30-Jun-06,10.4,Percent,Normal,
Weighted Average Lending and Deposit Rates,TS_GP_BAM_WALDR_M.WALD01270000,WAR_All_Banks_OL_in.0_in.IB,31-Jul-06,10.51,Percent,Normal,
Weighted Average Lending and Deposit Rates,TS_GP_BAM_WALDR_M.WALD01270000,WAR_All_Banks_OL_in.0_in.IB,31-Aug-06,10.64,Percent,Normal,
Weighted Average Lending and Deposit Rates,TS_GP_BAM_WALDR_M.WALD01270000,WAR_All_Banks_OL_in.0_in.IB,30-Sep-06,10.71,Percent,Normal,
Weighted Average Lending and Deposit Rates,TS_GP_BAM_WALDR_M.WALD01270000,WAR_All_Banks_OL_in.0_in.IB,31-Oct-06,10.81,Percent,Normal,
Weighted Average Lending and Deposit Rates,TS_GP_BAM_WALDR_M.WALD01270000,WAR_All_Banks_OL_in.0_in.IB,30-Nov-06,10.99,Percent,Normal,
Weighted Average Lending and Deposit Rates,TS_GP_BAM_WALDR_M.WALD01270000,WAR_All_Banks_OL_in.0_in.IB,31-Dec-06,11.1,Percent,Normal,
Weighted Average Lending and Deposit Rates,TS_GP_BAM_WALDR_M.WALD01270000,WAR_All_Banks_OL_in.0_in.IB,31-Jan-07,11.18,Percent,Normal,
Weighted Average Lending and Deposit Rates,TS_GP_BAM_WALDR_M.WALD01270000,WAR_All_Banks_OL_in.0_in.IB,28-Feb-07,11.29,Percent,Normal,
Weighted Average Lending and Deposit Rates,TS_GP_BAM_WALDR_M.WALD01270000,WAR_All_Banks_OL_in.0_in.IB,31-Mar-07,11.29,Percent,Normal,
Weighted Average Lending and Deposit Rates,TS_GP_BAM_WALDR_M.WALD01270000,WAR_All_Banks_OL_in.0_in.IB,30-Apr-07,11.3,Percent,Normal,
Weighted Average Lending and Deposit Rates,TS_GP_BAM_WALDR_M.WALD01270000,WAR_All_Banks_OL_in.0_in.IB,31-May-07,11.32,Percent,Normal,
Weighted Average Lending and Deposit Rates,TS_GP_BAM_WALDR_M.WALD01270000,WAR_All_Banks_OL_in.0_in.IB,30-Jun-07,11.33,Percent,Normal,
Weighted Average Lending and Deposit Rates,TS_GP_BAM_WALDR_M.WALD01270000,WAR_All_Banks_OL_in.0_in.IB,31-Jul-07,11.26,Percent,Normal,
Weighted Average Lending and Deposit Rates,TS_GP_BAM_WALDR_M.WALD01270000,WAR_All_Banks_OL_in.0_in.IB,31-Aug-07,11.35,Percent,Normal,
Weighted Average Lending and Deposit Rates,TS_GP_BAM_WALDR_M.WALD01270000,WAR_All_Banks_OL_in.0_in.IB,30-Sep-07,11.32,Percent,Normal,
Weighted Average Lending and Deposit Rates,TS_GP_BAM_WALDR_M.WALD01270000,WAR_All_Banks_OL_in.0_in.IB,31-Oct-07,11.33,Percent,Normal,
Weighted Average Lending and Deposit Rates,TS_GP_BAM_WALDR_M.WALD01270000,WAR_All_Banks_OL_in.0_in.IB,30-Nov-07,11.3,Percent,Normal,
Weighted Average Lending and Deposit Rates,TS_GP_BAM_WALDR_M.WALD01270000,WAR_All_Banks_OL_in.0_in.IB,31-Dec-07,11.27,Percent,Normal,
Weighted Average Lending and Deposit Rates,TS_GP_BAM_WALDR_M.WALD01270000,WAR_All_Banks_OL_in.0_in.IB,31-Jan-08,11.26,Percent,Normal,
Weighted Average Lending and Deposit Rates,TS_GP_BAM_WALDR_M.WALD01270000,WAR_All_Banks_OL_in.0_in.IB,29-Feb-08,11.23,Percent,Normal,
Weighted Average Lending and Deposit Rates,TS_GP_BAM_WALDR_M.WALD01270000,WAR_All_Banks_OL_in.0_in.IB,31-Mar-08,11.26,Percent,Normal,
Weighted Average Lending and Deposit Rates,TS_GP_BAM_WALDR_M.WALD01270000,WAR_All_Banks_OL_in.0_in.IB,30-Apr-08,11.33,Percent,Normal,
Weighted Average Lending and Deposit Rates,TS_GP_BAM_WALDR_M.WALD01270000,WAR_All_Banks_OL_in.0_in.IB,31-May-08,11.55,Percent,Normal,
Weighted Average Lending and Deposit Rates,TS_GP_BAM_WALDR_M.WALD01270000,WAR_All_Banks_OL_in.0_in.IB,30-Jun-08,11.96,Percent,Normal,
Weighted Average Lending and Deposit Rates,TS_GP_BAM_WALDR_M.WALD01270000,WAR_All_Banks_OL_in.0_in.IB,31-Jul-08,12.52,Percent,Normal,
Weighted Average Lending and Deposit Rates,TS_GP_BAM_WALDR_M.WALD01270000,WAR_All_Banks_OL_in.0_in.IB,31-Aug-08,12.91,Percent,Normal,
Weighted Average Lending and Deposit Rates,TS_GP_BAM_WALDR_M.WALD01270000,WAR_All_Banks_OL_in.0_in.IB,30-Sep-08,13.34,Percent,Normal,
Weighted Average Lending and Deposit Rates,TS_GP_BAM_WALDR_M.WALD01270000,WAR_All_Banks_OL_in.0_in.IB,31-Oct-08,13.89,Percent,Normal,
Weighted Average Lending and Deposit Rates,TS_GP_BAM_WALDR_M.WALD01270000,WAR_All_Banks_OL_in.0_in.IB,30-Nov-08,14.13,Percent,Normal,
Weighted Average Lending and Deposit Rates,TS_GP_BAM_WALDR_M.WALD01270000,WAR_All_Banks_OL_in.0_in.IB,31-Dec-08,14.45,Percent,Normal,
Weighted Average Lending and Deposit Rates,TS_GP_BAM_WALDR_M.WALD01270000,WAR_All_Banks_OL_in.0_in.IB,31-Jan-09,14.66,Percent,Normal,
Weighted Average Lending and Deposit Rates,TS_GP_BAM_WALDR_M.WALD01270000,WAR_All_Banks_OL_in.0_in.IB,28-Feb-09,14.58,Percent,Normal,
Weighted Average Lending and Deposit Rates,TS_GP_BAM_WALDR_M.WALD01270000,WAR_All_Banks_OL_in.0_in.IB,31-Mar-09,14.38,Percent,Normal,
Weighted Average Lending and Deposit Rates,TS_GP_BAM_WALDR_M.WALD01270000,WAR_All_Banks_OL_in.0_in.IB,30-Apr-09,14.14,Percent,Normal,
Weighted Average Lending and Deposit Rates,TS_GP_BAM_WALDR_M.WALD01270000,WAR_All_Banks_OL_in.0_in.IB,31-May-09,14.09,Percent,Normal,
Weighted Average Lending and Deposit Rates,TS_GP_BAM_WALDR_M.WALD01270000,WAR_All_Banks_OL_in.0_in.IB,30-Jun-09,14.02,Percent,Normal,
Weighted Average Lending and Deposit Rates,TS_GP_BAM_WALDR_M.WALD01270000,WAR_All_Banks_OL_in.0_in.IB,31-Jul-09,13.79,Percent,Normal,
Weighted Average Lending and Deposit Rates,TS_GP_BAM_WALDR_M.WALD01270000,WAR_All_Banks_OL_in.0_in.IB,31-Aug-09,13.73,Percent,Normal,
Weighted Average Lending and Deposit Rates,TS_GP_BAM_WALDR_M.WALD01270000,WAR_All_Banks_OL_in.0_in.IB,30-Sep-09,13.67,Percent,Normal,
Weighted Average Lending and Deposit Rates,TS_GP_BAM_WALDR_M.WALD01270000,WAR_All_Banks_OL_in.0_in.IB,31-Oct-09,13.67,Percent,Normal,
Weighted Average Lending and Deposit Rates,TS_GP_BAM_WALDR_M.WALD01270000,WAR_All_Banks_OL_in.0_in.IB,30-Nov-09,13.58,Percent,Normal,
Weighted Average Lending and Deposit Rates,TS_GP_BAM_WALDR_M.WALD01270000,WAR_All_Banks_OL_in.0_in.IB,31-Dec-09,13.49,Percent,Normal,
Weighted Average Lending and Deposit Rates,TS_GP_BAM_WALDR_M.WALD01270000,WAR_All_Banks_OL_in.0_in.IB,31-Jan-10,13.35,Percent,Normal,
Weighted Average Lending and Deposit Rates,TS_GP_BAM_WALDR_M.WALD01270000,WAR_All_Banks_OL_in.0_in.IB,28-Feb-10,13.38,Percent,Normal,
Weighted Average Lending and Deposit Rates,TS_GP_BAM_WALDR_M.WALD01270000,WAR_All_Banks_OL_in.0_in.IB,31-Mar-10,13.4,Percent,Normal,
Weighted Average Lending and Deposit Rates,TS_GP_BAM_WALDR_M.WALD01270000,WAR_All_Banks_OL_in.0_in.IB,30-Apr-10,13.42,Percent,Normal,
Weighted Average Lending and Deposit Rates,TS_GP_BAM_WALDR_M.WALD01270000,WAR_All_Banks_OL_in.0_in.IB,31-May-10,13.4,Percent,Normal,
Weighted Average Lending and Deposit Rates,TS_GP_BAM_WALDR_M.WALD01270000,WAR_All_Banks_OL_in.0_in.IB,30-Jun-10,13.39,Percent,Normal,
Weighted Average Lending and Deposit Rates,TS_GP_BAM_WALDR_M.WALD01270000,WAR_All_Banks_OL_in.0_in.IB,31-Jul-10,13.35,Percent,Normal,
Weighted Average Lending and Deposit Rates,TS_GP_BAM_WALDR_M.WALD01270000,WAR_All_Banks_OL_in.0_in.IB,31-Aug-10,13.38,Percent,Normal,
Weighted Average Lending and Deposit Rates,TS_GP_BAM_WALDR_M.WALD01270000,WAR_All_Banks_OL_in.0_in.IB,30-Sep-10,13.34,Percent,Normal,
Weighted Average Lending and Deposit Rates,TS_GP_BAM_WALDR_M.WALD01270000,WAR_All_Banks_OL_in.0_in.IB,31-Oct-10,13.32,Percent,Normal,
Weighted Average Lending and Deposit Rates,TS_GP_BAM_WALDR_M.WALD01270000,WAR_All_Banks_OL_in.0_in.IB,30-Nov-10,13.42,Percent,Normal,
Weighted Average Lending and Deposit Rates,TS_GP_BAM_WALDR_M.WALD01270000,WAR_All_Banks_OL_in.0_in.IB,31-Dec-10,13.52,Percent,Normal,
Weighted Average Lending and Deposit Rates,TS_GP_BAM_WALDR_M.WALD01270000,WAR_All_Banks_OL_in.0_in.IB,31-Jan-11,13.62,Percent,Normal,
Weighted Average Lending and Deposit Rates,TS_GP_BAM_WALDR_M.WALD01270000,WAR_All_Banks_OL_in.0_in.IB,28-Feb-11,13.55,Percent,Normal,
Weighted Average Lending and Deposit Rates,TS_GP_BAM_WALDR_M.WALD01270000,WAR_All_Banks_OL_in.0_in.IB,31-Mar-11,13.55,Percent,Normal,
Weighted Average Lending and Deposit Rates,TS_GP_BAM_WALDR_M.WALD01270000,WAR_All_Banks_OL_in.0_in.IB,30-Apr-11,13.55,Percent,Normal,
Weighted Average Lending and Deposit Rates,TS_GP_BAM_WALDR_M.WALD01270000,WAR_All_Banks_OL_in.0_in.IB,31-May-11,13.65,Percent,Normal,
Weighted Average Lending and Deposit Rates,TS_GP_BAM_WALDR_M.WALD01270000,WAR_All_Banks_OL_in.0_in.IB,30-Jun-11,13.78,Percent,Normal,
Weighted Average Lending and Deposit Rates,TS_GP_BAM_WALDR_M.WALD01270000,WAR_All_Banks_OL_in.0_in.IB,31-Jul-11,13.76,Percent,Normal,
Weighted Average Lending and Deposit Rates,TS_GP_BAM_WALDR_M.WALD01270000,WAR_All_Banks_OL_in.0_in.IB,31-Aug-11,13.65,Percent,Normal,
Weighted Average Lending and Deposit Rates,TS_GP_BAM_WALDR_M.WALD01270000,WAR_All_Banks_OL_in.0_in.IB,30-Sep-11,13.81,Percent,Normal,
Weighted Average Lending and Deposit Rates,TS_GP_BAM_WALDR_M.WALD01270000,WAR_All_Banks_OL_in.0_in.IB,31-Oct-11,13.68,Percent,Normal,
Weighted Average Lending and Deposit Rates,TS_GP_BAM_WALDR_M.WALD01270000,WAR_All_Banks_OL_in.0_in.IB,30-Nov-11,13.52,Percent,Normal,
Weighted Average Lending and Deposit Rates,TS_GP_BAM_WALDR_M.WALD01270000,WAR_All_Banks_OL_in.0_in.IB,31-Dec-11,13.46,Percent,Normal,
Weighted Average Lending and Deposit Rates,TS_GP_BAM_WALDR_M.WALD01270000,WAR_All_Banks_OL_in.0_in.IB,31-Jan-12,13.25,Percent,Normal,
Weighted Average Lending and Deposit Rates,TS_GP_BAM_WALDR_M.WALD01270000,WAR_All_Banks_OL_in.0_in.IB,29-Feb-12,13.15,Percent,Normal,
Weighted Average Lending and Deposit Rates,TS_GP_BAM_WALDR_M.WALD01270000,WAR_All_Banks_OL_in.0_in.IB,31-Mar-12,13.04,Percent,Normal,
Weighted Average Lending and Deposit Rates,TS_GP_BAM_WALDR_M.WALD01270000,WAR_All_Banks_OL_in.0_in.IB,30-Apr-12,12.98,Percent,Normal,
Weighted Average Lending and Deposit Rates,TS_GP_BAM_WALDR_M.WALD01270000,WAR_All_Banks_OL_in.0_in.IB,31-May-12,12.95,Percent,Normal,
Weighted Average Lending and Deposit Rates,TS_GP_BAM_WALDR_M.WALD01270000,WAR_All_Banks_OL_in.0_in.IB,30-Jun-12,12.96,Percent,Normal,
Weighted Average Lending and Deposit Rates,TS_GP_BAM_WALDR_M.WALD01270000,WAR_All_Banks_OL_in.0_in.IB,31-Jul-12,12.93,Percent,Normal,
Weighted Average Lending and Deposit Rates,TS_GP_BAM_WALDR_M.WALD01270000,WAR_All_Banks_OL_in.0_in.IB,31-Aug-12,12.82,Percent,Normal,
Weighted Average Lending and Deposit Rates,TS_GP_BAM_WALDR_M.WALD01270000,WAR_All_Banks_OL_in.0_in.IB,30-Sep-12,12.65,Percent,Normal,
Weighted Average Lending and Deposit Rates,TS_GP_BAM_WALDR_M.WALD01270000,WAR_All_Banks_OL_in.0_in.IB,31-Oct-12,12.41,Percent,Normal,
Weighted Average Lending and Deposit Rates,TS_GP_BAM_WALDR_M.WALD01270000,WAR_All_Banks_OL_in.0_in.IB,30-Nov-12,12.25,Percent,Normal,
Weighted Average Lending and Deposit Rates,TS_GP_BAM_WALDR_M.WALD01270000,WAR_All_Banks_OL_in.0_in.IB,31-Dec-12,11.97,Percent,Normal,
Weighted Average Lending and Deposit Rates,TS_GP_BAM_WALDR_M.WALD01270000,WAR_All_Banks_OL_in.0_in.IB,31-Jan-13,11.6,Percent,Normal,
Weighted Average Lending and Deposit Rates,TS_GP_BAM_WALDR_M.WALD01270000,WAR_All_Banks_OL_in.0_in.IB,28-Feb-13,11.52,Percent,Normal,
Weighted Average Lending and Deposit Rates,TS_GP_BAM_WALDR_M.WALD01270000,WAR_All_Banks_OL_in.0_in.IB,31-Mar-13,11.5,Percent,Normal,
Weighted Average Lending and Deposit Rates,TS_GP_BAM_WALDR_M.WALD01270000,WAR_All_Banks_OL_in.0_in.IB,30-Apr-13,11.42,Percent,Normal,
Weighted Average Lending and Deposit Rates,TS_GP_BAM_WALDR_M.WALD01270000,WAR_All_Banks_OL_in.0_in.IB,31-May-13,11.49,Percent,Normal,
Weighted Average Lending and Deposit Rates,TS_GP_BAM_WALDR_M.WALD01270000,WAR_All_Banks_OL_in.0_in.IB,30-Jun-13,11.36,Percent,Normal,
Weighted Average Lending and Deposit Rates,TS_GP_BAM_WALDR_M.WALD01270000,WAR_All_Banks_OL_in.0_in.IB,31-Jul-13,11.28,Percent,Normal,
Weighted Average Lending and Deposit Rates,TS_GP_BAM_WALDR_M.WALD01270000,WAR_All_Banks_OL_in.0_in.IB,31-Aug-13,11.11155073,Percent,Normal,
Weighted Average Lending and Deposit Rates,TS_GP_BAM_WALDR_M.WALD01270000,WAR_All_Banks_OL_in.0_in.IB,30-Sep-13,11.10345856,Percent,Normal,
Weighted Average Lending and Deposit Rates,TS_GP_BAM_WALDR_M.WALD01270000,WAR_All_Banks_OL_in.0_in.IB,31-Oct-13,11.09757839,Percent,Normal,
Weighted Average Lending and Deposit Rates,TS_GP_BAM_WALDR_M.WALD01270000,WAR_All_Banks_OL_in.0_in.IB,30-Nov-13,11.13467506,Percent,Normal,
Weighted Average Lending and Deposit Rates,TS_GP_BAM_WALDR_M.WALD01270000,WAR_All_Banks_OL_in.0_in.IB,31-Dec-13,11.06623342,Percent,Normal,
Weighted Average Lending and Deposit Rates,TS_GP_BAM_WALDR_M.WALD01270000,WAR_All_Banks_OL_in.0_in.IB,31-Jan-14,11.16634776,Percent,Normal,
Weighted Average Lending and Deposit Rates,TS_GP_BAM_WALDR_M.WALD01270000,WAR_All_Banks_OL_in.0_in.IB,28-Feb-14,11.18889589,Percent,Normal,
Weighted Average Lending and Deposit Rates,TS_GP_BAM_WALDR_M.WALD01270000,WAR_All_Banks_OL_in.0_in.IB,31-Mar-14,11.09873964,Percent,Normal,
Weighted Average Lending and Deposit Rates,TS_GP_BAM_WALDR_M.WALD01270000,WAR_All_Banks_OL_in.0_in.IB,30-Apr-14,11.09544257,Percent,Normal,
Weighted Average Lending and Deposit Rates,TS_GP_BAM_WALDR_M.WALD01270000,WAR_All_Banks_OL_in.0_in.IB,31-May-14,11.1540485,Percent,Normal,
Weighted Average Lending and Deposit Rates,TS_GP_BAM_WALDR_M.WALD01270000,WAR_All_Banks_OL_in.0_in.IB,30-Jun-14,11.1038595,Percent,Normal,
Weighted Average Lending and Deposit Rates,TS_GP_BAM_WALDR_M.WALD01270000,WAR_All_Banks_OL_in.0_in.IB,31-Jul-14,11.06295889,Percent,Normal,
Weighted Average Lending and Deposit Rates,TS_GP_BAM_WALDR_M.WALD01270000,WAR_All_Banks_OL_in.0_in.IB,31-Aug-14,10.92105774,Percent,Normal,
Weighted Average Lending and Deposit Rates,TS_GP_BAM_WALDR_M.WALD01270000,WAR_All_Banks_OL_in.0_in.IB,30-Sep-14,10.99718672,Percent,Normal,
Weighted Average Lending and Deposit Rates,TS_GP_BAM_WALDR_M.WALD01270000,WAR_All_Banks_OL_in.0_in.IB,31-Oct-14,10.922555,Percent,Normal,
Weighted Average Lending and Deposit Rates,TS_GP_BAM_WALDR_M.WALD01270000,WAR_All_Banks_OL_in.0_in.IB,30-Nov-14,10.92535234,Percent,Normal,
Weighted Average Lending and Deposit Rates,TS_GP_BAM_WALDR_M.WALD01270000,WAR_All_Banks_OL_in.0_in.IB,31-Dec-14,10.92199245,Percent,Normal,
Weighted Average Lending and Deposit Rates,TS_GP_BAM_WALDR_M.WALD01270000,WAR_All_Banks_OL_in.0_in.IB,31-Jan-15,10.72889658,Percent,Normal,
Weighted Average Lending and Deposit Rates,TS_GP_BAM_WALDR_M.WALD01270000,WAR_All_Banks_OL_in.0_in.IB,28-Feb-15,10.55074505,Percent,Normal,
Weighted Average Lending and Deposit Rates,TS_GP_BAM_WALDR_M.WALD01270000,WAR_All_Banks_OL_in.0_in.IB,31-Mar-15,10.46686436,Percent,Normal,
Weighted Average Lending and Deposit Rates,TS_GP_BAM_WALDR_M.WALD01270000,WAR_All_Banks_OL_in.0_in.IB,30-Apr-15,9.954771025,Percent,Normal,
Weighted Average Lending and Deposit Rates,TS_GP_BAM_WALDR_M.WALD01270000,WAR_All_Banks_OL_in.0_in.IB,31-May-15,9.853551207,Percent,Normal,
Weighted Average Lending and Deposit Rates,TS_GP_BAM_WALDR_M.WALD01270000,WAR_All_Banks_OL_in.0_in.IB,30-Jun-15,9.62749152,Percent,Normal,
Weighted Average Lending and Deposit Rates,TS_GP_BAM_WALDR_M.WALD01270000,WAR_All_Banks_OL_in.0_in.IB,31-Jul-15,9.418111981,Percent,Normal,
Weighted Average Lending and Deposit Rates,TS_GP_BAM_WALDR_M.WALD01270000,WAR_All_Banks_OL_in.0_in.IB,31-Aug-15,9.36,Percent,Normal,
Weighted Average Lending and Deposit Rates,TS_GP_BAM_WALDR_M.WALD01270000,WAR_All_Banks_OL_in.0_in.IB,30-Sep-15,9.178145717,Percent,Normal,
Weighted Average Lending and Deposit Rates,TS_GP_BAM_WALDR_M.WALD01270000,WAR_All_Banks_OL_in.0_in.IB,31-Oct-15,8.956603925,Percent,Normal,
Weighted Average Lending and Deposit Rates,TS_GP_BAM_WALDR_M.WALD01270000,WAR_All_Banks_OL_in.0_in.IB,30-Nov-15,8.776015974,Percent,Normal,
Weighted Average Lending and Deposit Rates,TS_GP_BAM_WALDR_M.WALD01270000,WAR_All_Banks_OL_in.0_in.IB,31-Dec-15,8.673790401,Percent,Normal,
Weighted Average Lending and Deposit Rates,TS_GP_BAM_WALDR_M.WALD01270000,WAR_All_Banks_OL_in.0_in.IB,31-Jan-16,8.593503836,Percent,Normal,
Weighted Average Lending and Deposit Rates,TS_GP_BAM_WALDR_M.WALD01270000,WAR_All_Banks_OL_in.0_in.IB,29-Feb-16,8.545430654,Percent,Normal,
Weighted Average Lending and Deposit Rates,TS_GP_BAM_WALDR_M.WALD01270000,WAR_All_Banks_OL_in.0_in.IB,31-Mar-16,8.527239314,Percent,Normal,
Weighted Average Lending and Deposit Rates,TS_GP_BAM_WALDR_M.WALD01270000,WAR_All_Banks_OL_in.0_in.IB,30-Apr-16,8.421176464,Percent,Normal,
Weighted Average Lending and Deposit Rates,TS_GP_BAM_WALDR_M.WALD01270000,WAR_All_Banks_OL_in.0_in.IB,31-May-16,8.504856771,Percent,Normal,
Weighted Average Lending and Deposit Rates,TS_GP_BAM_WALDR_M.WALD01270000,WAR_All_Banks_OL_in.0_in.IB,30-Jun-16,8.437591076,Percent,Normal,
Weighted Average Lending and Deposit Rates,TS_GP_BAM_WALDR_M.WALD01270000,WAR_All_Banks_OL_in.0_in.IB,31-Jul-16,8.229321174,Percent,Normal,
Weighted Average Lending and Deposit Rates,TS_GP_BAM_WALDR_M.WALD01270000,WAR_All_Banks_OL_in.0_in.IB,31-Aug-16,8.225671262,Percent,Normal,
Weighted Average Lending and Deposit Rates,TS_GP_BAM_WALDR_M.WALD01270000,WAR_All_Banks_OL_in.0_in.IB,30-Sep-16,8.122029709,Percent,Normal,
Weighted Average Lending and Deposit Rates,TS_GP_BAM_WALDR_M.WALD01270000,WAR_All_Banks_OL_in.0_in.IB,31-Oct-16,8.174518392,Percent,Normal,
Weighted Average Lending and Deposit Rates,TS_GP_BAM_WALDR_M.WALD01270000,WAR_All_Banks_OL_in.0_in.IB,30-Nov-16,8.0644475,Percent,Normal,
Weighted Average Lending and Deposit Rates,TS_GP_BAM_WALDR_M.WALD01270000,WAR_All_Banks_OL_in.0_in.IB,31-Dec-16,8.040639052,Percent,Normal,
Weighted Average Lending and Deposit Rates,TS_GP_BAM_WALDR_M.WALD01270000,WAR_All_Banks_OL_in.0_in.IB,31-Jan-17,8.010311838,Percent,Normal,
Weighted Average Lending and Deposit Rates,TS_GP_BAM_WALDR_M.WALD01270000,WAR_All_Banks_OL_in.0_in.IB,28-Feb-17,7.9860746,Percent,Normal,
Weighted Average Lending and Deposit Rates,TS_GP_BAM_WALDR_M.WALD01270000,WAR_All_Banks_OL_in.0_in.IB,31-Mar-17,7.937694902,Percent,Normal,
Weighted Average Lending and Deposit Rates,TS_GP_BAM_WALDR_M.WALD01270000,WAR_All_Banks_OL_in.0_in.IB,30-Apr-17,7.853406807,Percent,Normal,
Weighted Average Lending and Deposit Rates,TS_GP_BAM_WALDR_M.WALD01270000,WAR_All_Banks_OL_in.0_in.IB,31-May-17,7.871382816,Percent,Normal,
Weighted Average Lending and Deposit Rates,TS_GP_BAM_WALDR_M.WALD01270000,WAR_All_Banks_OL_in.0_in.IB,30-Jun-17,7.856357716,Percent,Normal,
Weighted Average Lending and Deposit Rates,TS_GP_BAM_WALDR_M.WALD01270000,WAR_All_Banks_OL_in.0_in.IB,31-Jul-17,7.878222035,Percent,Normal,
Weighted Average Lending and Deposit Rates,TS_GP_BAM_WALDR_M.WALD01270000,WAR_All_Banks_OL_in.0_in.IB,31-Aug-17,7.909090755,Percent,Normal,
Weighted Average Lending and Deposit Rates,TS_GP_BAM_WALDR_M.WALD01270000,WAR_All_Banks_OL_in.0_in.IB,30-Sep-17,7.827788874,Percent,Normal,
Weighted Average Lending and Deposit Rates,TS_GP_BAM_WALDR_M.WALD01270000,WAR_All_Banks_OL_in.0_in.IB,31-Oct-17,7.818822608,Percent,Normal,
Weighted Average Lending and Deposit Rates,TS_GP_BAM_WALDR_M.WALD01270000,WAR_All_Banks_OL_in.0_in.IB,30-Nov-17,7.807029917,Percent,Normal,
Weighted Average Lending and Deposit Rates,TS_GP_BAM_WALDR_M.WALD01270000,WAR_All_Banks_OL_in.0_in.IB,31-Dec-17,7.742309052,Percent,Normal,
Weighted Average Lending and Deposit Rates,TS_GP_BAM_WALDR_M.WALD01270000,WAR_All_Banks_OL_in.0_in.IB,31-Jan-18,7.721160455,Percent,Normal,
Weighted Average Lending and Deposit Rates,TS_GP_BAM_WALDR_M.WALD01270000,WAR_All_Banks_OL_in.0_in.IB,28-Feb-18,7.691570387,Percent,Normal,
Weighted Average Lending and Deposit Rates,TS_GP_BAM_WALDR_M.WALD01270000,WAR_All_Banks_OL_in.0_in.IB,31-Mar-18,7.59902804,Percent,Normal,
Weighted Average Lending and Deposit Rates,TS_GP_BAM_WALDR_M.WALD01270000,WAR_All_Banks_OL_in.0_in.IB,30-Apr-18,7.745609293,Percent,Normal,
Weighted Average Lending and Deposit Rates,TS_GP_BAM_WALDR_M.WALD01270000,WAR_All_Banks_OL_in.0_in.IB,31-May-18,7.744440829,Percent,Normal,
Weighted Average Lending and Deposit Rates,TS_GP_BAM_WALDR_M.WALD01270000,WAR_All_Banks_OL_in.0_in.IB,30-Jun-18,7.852548485,Percent,Normal,
Weighted Average Lending and Deposit Rates,TS_GP_BAM_WALDR_M.WALD01270000,WAR_All_Banks_OL_in.0_in.IB,31-Jul-18,8.080970538,Percent,Normal,
Weighted Average Lending and Deposit Rates,TS_GP_BAM_WALDR_M.WALD01270000,WAR_All_Banks_OL_in.0_in.IB,31-Aug-18,8.266393998,Percent,Normal,
Weighted Average Lending and Deposit Rates,TS_GP_BAM_WALDR_M.WALD01270000,WAR_All_Banks_OL_in.0_in.IB,30-Sep-18,8.330495268,Percent,Normal,
Weighted Average Lending and Deposit Rates,TS_GP_BAM_WALDR_M.WALD01270000,WAR_All_Banks_OL_in.0_in.IB,31-Oct-18,8.867440106,Percent,Normal,
Weighted Average Lending and Deposit Rates,TS_GP_BAM_WALDR_M.WALD01270000,WAR_All_Banks_OL_in.0_in.IB,30-Nov-18,9.066428413,Percent,Normal,
Weighted Average Lending and Deposit Rates,TS_GP_BAM_WALDR_M.WALD01270000,WAR_All_Banks_OL_in.0_in.IB,31-Dec-18,9.658089439,Percent,Normal,
Weighted Average Lending and Deposit Rates,TS_GP_BAM_WALDR_M.WALD01270000,WAR_All_Banks_OL_in.0_in.IB,31-Jan-19,10.19775541,Percent,Normal,
Weighted Average Lending and Deposit Rates,TS_GP_BAM_WALDR_M.WALD01270000,WAR_All_Banks_OL_in.0_in.IB,28-Feb-19,10.47008715,Percent,Normal,
Weighted Average Lending and Deposit Rates,TS_GP_BAM_WALDR_M.WALD01270000,WAR_All_Banks_OL_in.0_in.IB,31-Mar-19,10.69166927,Percent,Normal,
Weighted Average Lending and Deposit Rates,TS_GP_BAM_WALDR_M.WALD01270000,WAR_All_Banks_OL_in.0_in.IB,30-Apr-19,10.92418456,Percent,Normal,
Weighted Average Lending and Deposit Rates,TS_GP_BAM_WALDR_M.WALD01270000,WAR_All_Banks_OL_in.0_in.IB,31-May-19,11.11652555,Percent,Normal,
Weighted Average Lending and Deposit Rates,TS_GP_BAM_WALDR_M.WALD01270000,WAR_All_Banks_OL_in.0_in.IB,30-Jun-19,11.49425115,Percent,Normal,
Weighted Average Lending and Deposit Rates,TS_GP_BAM_WALDR_M.WALD01270000,WAR_All_Banks_OL_in.0_in.IB,31-Jul-19,12.20918593,Percent,Normal,
Weighted Average Lending and Deposit Rates,TS_GP_BAM_WALDR_M.WALD01270000,WAR_All_Banks_OL_in.0_in.IB,31-Aug-19,12.37477395,Percent,Normal,
Weighted Average Lending and Deposit Rates,TS_GP_BAM_WALDR_M.WALD01270000,WAR_All_Banks_OL_in.0_in.IB,30-Sep-19,12.68854081,Percent,Normal,
Weighted Average Lending and Deposit Rates,TS_GP_BAM_WALDR_M.WALD01270000,WAR_All_Banks_OL_in.0_in.IB,31-Oct-19,12.82199416,Percent,Normal,
Weighted Average Lending and Deposit Rates,TS_GP_BAM_WALDR_M.WALD01270000,WAR_All_Banks_OL_in.0_in.IB,30-Nov-19,12.74752221,Percent,Normal,
Weighted Average Lending and Deposit Rates,TS_GP_BAM_WALDR_M.WALD01270000,WAR_All_Banks_OL_in.0_in.IB,31-Dec-19,12.73550569,Percent,Normal,
Weighted Average Lending and Deposit Rates,TS_GP_BAM_WALDR_M.WALD01270000,WAR_All_Banks_OL_in.0_in.IB,31-Jan-20,12.65114012,Percent,Normal,
Weighted Average Lending and Deposit Rates,TS_GP_BAM_WALDR_M.WALD01270000,WAR_All_Banks_OL_in.0_in.IB,29-Feb-20,12.37054524,Percent,Normal,
Weighted Average Lending and Deposit Rates,TS_GP_BAM_WALDR_M.WALD01270000,WAR_All_Banks_OL_in.0_in.IB,31-Mar-20,12.09761884,Percent,Normal,
Weighted Average Lending and Deposit Rates,TS_GP_BAM_WALDR_M.WALD01270000,WAR_All_Banks_OL_in.0_in.IB,30-Apr-20,11.18184044,Percent,Normal,
Weighted Average Lending and Deposit Rates,TS_GP_BAM_WALDR_M.WALD01270000,WAR_All_Banks_OL_in.0_in.IB,31-May-20,10.75414072,Percent,Normal,
Weighted Average Lending and Deposit Rates,TS_GP_BAM_WALDR_M.WALD01270000,WAR_All_Banks_OL_in.0_in.IB,30-Jun-20,10.08295759,Percent,Normal,
Weighted Average Lending and Deposit Rates,TS_GP_BAM_WALDR_M.WALD01270000,WAR_All_Banks_OL_in.0_in.IB,31-Jul-20,8.938733917,Percent,Normal,
Weighted Average Lending and Deposit Rates,TS_GP_BAM_WALDR_M.WALD01270000,WAR_All_Banks_OL_in.0_in.IB,31-Aug-20,8.717946831,Percent,Normal,
Weighted Average Lending and Deposit Rates,TS_GP_BAM_WALDR_M.WALD01270000,WAR_All_Banks_OL_in.0_in.IB,30-Sep-20,8.344798326,Percent,Normal,
Weighted Average Lending and Deposit Rates,TS_GP_BAM_WALDR_M.WALD01270000,WAR_All_Banks_OL_in.0_in.IB,31-Oct-20,8.395018014,Percent,Normal,
Weighted Average Lending and Deposit Rates,TS_GP_BAM_WALDR_M.WALD01270000,WAR_All_Banks_OL_in.0_in.IB,30-Nov-20,8.114975682,Percent,Normal,
Weighted Average Lending and Deposit Rates,TS_GP_BAM_WALDR_M.WALD01270000,WAR_All_Banks_OL_in.0_in.IB,31-Dec-20,7.959116945,Percent,Normal,
Weighted Average Lending and Deposit Rates,TS_GP_BAM_WALDR_M.WALD01270000,WAR_All_Banks_OL_in.0_in.IB,31-Jan-21,7.952535428,Percent,Normal,
Weighted Average Lending and Deposit Rates,TS_GP_BAM_WALDR_M.WALD01270000,WAR_All_Banks_OL_in.0_in.IB,28-Feb-21,7.933652154,Percent,Normal,
Weighted Average Lending and Deposit Rates,TS_GP_BAM_WALDR_M.WALD01270000,WAR_All_Banks_OL_in.0_in.IB,31-Mar-21,7.844588545,Percent,Normal,
Weighted Average Lending and Deposit Rates,TS_GP_BAM_WALDR_M.WALD01270000,WAR_All_Banks_OL_in.0_in.IB,30-Apr-21,7.997995296,Percent,Normal,
Weighted Average Lending and Deposit Rates,TS_GP_BAM_WALDR_M.WALD01270000,WAR_All_Banks_OL_in.0_in.IB,31-May-21,7.92576695,Percent,Normal,
Weighted Average Lending and Deposit Rates,TS_GP_BAM_WALDR_M.WALD01270000,WAR_All_Banks_OL_in.0_in.IB,30-Jun-21,7.977340733,Percent,Normal,
Weighted Average Lending and Deposit Rates,TS_GP_BAM_WALDR_M.WALD01270000,WAR_All_Banks_OL_in.0_in.IB,31-Jul-21,7.822738321,Percent,Normal,
Weighted Average Lending and Deposit Rates,TS_GP_BAM_WALDR_M.WALD01270000,WAR_All_Banks_OL_in.0_in.IB,31-Aug-21,7.844080359,Percent,Normal,
Weighted Average Lending and Deposit Rates,TS_GP_BAM_WALDR_M.WALD01270000,WAR_All_Banks_OL_in.0_in.IB,30-Sep-21,7.726582381,Percent,Normal,
Weighted Average Lending and Deposit Rates,TS_GP_BAM_WALDR_M.WALD01270000,WAR_All_Banks_OL_in.0_in.IB,31-Oct-21,7.90749537,Percent,Normal,
Weighted Average Lending and Deposit Rates,TS_GP_BAM_WALDR_M.WALD01270000,WAR_All_Banks_OL_in.0_in.IB,30-Nov-21,8.012686691,Percent,Normal,
Weighted Average Lending and Deposit Rates,TS_GP_BAM_WALDR_M.WALD01270000,WAR_All_Banks_OL_in.0_in.IB,31-Dec-21,8.691428735,Percent,Normal,
Weighted Average Lending and Deposit Rates,TS_GP_BAM_WALDR_M.WALD01270000,WAR_All_Banks_OL_in.0_in.IB,31-Jan-22,9.344665935,Percent,Normal,
Weighted Average Lending and Deposit Rates,TS_GP_BAM_WALDR_M.WALD01270000,WAR_All_Banks_OL_in.0_in.IB,28-Feb-22,9.584457695,Percent,Normal,
Weighted Average Lending and Deposit Rates,TS_GP_BAM_WALDR_M.WALD01270000,WAR_All_Banks_OL_in.0_in.IB,31-Mar-22,9.605617309,Percent,Normal,
Weighted Average Lending and Deposit Rates,TS_GP_BAM_WALDR_M.WALD01270000,WAR_All_Banks_OL_in.0_in.IB,30-Apr-22,10.2643859,Percent,Normal,
Weighted Average Lending and Deposit Rates,TS_GP_BAM_WALDR_M.WALD01270000,WAR_All_Banks_OL_in.0_in.IB,31-May-22,10.78,Percent,Normal,
Weighted Average Lending and Deposit Rates,TS_GP_BAM_WALDR_M.WALD01270000,WAR_All_Banks_OL_in.0_in.IB,30-Jun-22,11.37061304,Percent,Normal,
Weighted Average Lending and Deposit Rates,TS_GP_BAM_WALDR_M.WALD01270000,WAR_All_Banks_OL_in.0_in.IB,31-Jul-22,12.09200223,Percent,Normal,
Weighted Average Lending and Deposit Rates,TS_GP_BAM_WALDR_M.WALD01270000,WAR_All_Banks_OL_in.0_in.IB,31-Aug-22,12.68376366,Percent,Normal,
Weighted Average Lending and Deposit Rates,TS_GP_BAM_WALDR_M.WALD01270000,WAR_All_Banks_OL_in.0_in.IB,30-Sep-22,13.2,Percent,Normal,
Weighted Average Lending and Deposit Rates,TS_GP_BAM_WALDR_M.WALD01270000,WAR_All_Banks_OL_in.0_in.IB,31-Oct-22,13.49,Percent,Normal,
Weighted Average Lending and Deposit Rates,TS_GP_BAM_WALDR_M.WALD01270000,WAR_All_Banks_OL_in.0_in.IB,30-Nov-22,13.64,Percent,Normal,
Weighted Average Lending and Deposit Rates,TS_GP_BAM_WALDR_M.WALD01270000,WAR_All_Banks_OL_in.0_in.IB,31-Dec-22,14.26,Percent,Normal,
Weighted Average Lending and Deposit Rates,TS_GP_BAM_WALDR_M.WALD01270000,WAR_All_Banks_OL_in.0_in.IB,31-Jan-23,14.59,Percent,Normal,
Weighted Average Lending and Deposit Rates,TS_GP_BAM_WALDR_M.WALD01270000,WAR_All_Banks_OL_in.0_in.IB,28-Feb-23,15.03043026,Percent,Normal,
Weighted Average Lending and Deposit Rates,TS_GP_BAM_WALDR_M.WALD01270000,WAR_All_Banks_OL_in.0_in.IB,31-Mar-23,15.81966931,Percent,Normal,
Weighted Average Lending and Deposit Rates,TS_GP_BAM_WALDR_M.WALD01270000,WAR_All_Banks_OL_in.0_in.IB,30-Apr-23,17.19,Percent,Normal,
Weighted Average Lending and Deposit Rates,TS_GP_BAM_WALDR_M.WALD01270000,WAR_All_Banks_OL_in.0_in.IB,31-May-23,17.31597123,Percent,Normal,
Weighted Average Lending and Deposit Rates,TS_GP_BAM_WALDR_M.WALD01270000,WAR_All_Banks_OL_in.0_in.IB,30-Jun-23,17.70055113,Percent,Normal,
Weighted Average Lending and Deposit Rates,TS_GP_BAM_WALDR_M.WALD01270000,WAR_All_Banks_OL_in.0_in.IB,31-Jul-23,18,Percent,Normal,
Weighted Average Lending and Deposit Rates,TS_GP_BAM_WALDR_M.WALD01270000,WAR_All_Banks_OL_in.0_in.IB,31-Aug-23,18.51861931,Percent,Normal,
Weighted Average Lending and Deposit Rates,TS_GP_BAM_WALDR_M.WALD01270000,WAR_All_Banks_OL_in.0_in.IB,30-Sep-23,18.81,Percent,Normal,
Weighted Average Lending and Deposit Rates,TS_GP_BAM_WALDR_M.WALD01270000,WAR_All_Banks_OL_in.0_in.IB,31-Oct-23,18.94,Percent,Normal,
Weighted Average Lending and Deposit Rates,TS_GP_BAM_WALDR_M.WALD01270000,WAR_All_Banks_OL_in.0_in.IB,30-Nov-23,18.84,Percent,Normal,
Weighted Average Lending and Deposit Rates,TS_GP_BAM_WALDR_M.WALD01270000,WAR_All_Banks_OL_in.0_in.IB,31-Dec-23,18.88208112,Percent,Normal,
Weighted Average Lending and Deposit Rates,TS_GP_BAM_WALDR_M.WALD01270000,WAR_All_Banks_OL_in.0_in.IB,31-Jan-24,18.56,Percent,Normal,
Weighted Average Lending and Deposit Rates,TS_GP_BAM_WALDR_M.WALD01270000,WAR_All_Banks_OL_in.0_in.IB,29-Feb-24,18.42,Percent,Normal,
Weighted Average Lending and Deposit Rates,TS_GP_BAM_WALDR_M.WALD01270000,WAR_All_Banks_OL_in.0_in.IB,31-Mar-24,18.34,Percent,Normal,
Weighted Average Lending and Deposit Rates,TS_GP_BAM_WALDR_M.WALD01270000,WAR_All_Banks_OL_in.0_in.IB,30-Apr-24,18.42770856,Percent,Normal,
Weighted Average Lending and Deposit Rates,TS_GP_BAM_WALDR_M.WALD01270000,WAR_All_Banks_OL_in.0_in.IB,31-May-24,18.47871767,Percent,Normal,
Weighted Average Lending and Deposit Rates,TS_GP_BAM_WALDR_M.WALD01270000,WAR_All_Banks_OL_in.0_in.IB,30-Jun-24,18.28,Percent,Normal,
Weighted Average Lending and Deposit Rates,TS_GP_BAM_WALDR_M.WALD01270000,WAR_All_Banks_OL_in.0_in.IB,31-Jul-24,17.53,Percent,Normal,
Weighted Average Lending and Deposit Rates,TS_GP_BAM_WALDR_M.WALD01270000,WAR_All_Banks_OL_in.0_in.IB,31-Aug-24,17.35,Percent,Normal,
Weighted Average Lending and Deposit Rates,TS_GP_BAM_WALDR_M.WALD01270000,WAR_All_Banks_OL_in.0_in.IB,30-Sep-24,16.8,Percent,Normal,
Weighted Average Lending and Deposit Rates,TS_GP_BAM_WALDR_M.WALD01270000,WAR_All_Banks_OL_in.0_in.IB,31-Oct-24,14.85131259,Percent,Normal,
