Dataset,Series Key,Series,Observation Date,Observation Value,Unit,Observation Status,Observation Status Comment
Foreign Currency Deposits,TS_GP_BOP_FCD_M.FCD00,Total Deposits (TD),31-May-03,2258.301461,Million USD,Normal,
Foreign Currency Deposits,TS_GP_BOP_FCD_M.FCD00,Total Deposits (TD),30-Jun-03,2296.4,Million USD,Normal,
Foreign Currency Deposits,TS_GP_BOP_FCD_M.FCD00,Total Deposits (TD),31-Jul-03,2353.825289,Million USD,Normal,
Foreign Currency Deposits,TS_GP_BOP_FCD_M.FCD00,Total Deposits (TD),31-Aug-03,2383.142871,Million USD,Normal,
Foreign Currency Deposits,TS_GP_BOP_FCD_M.FCD00,Total Deposits (TD),30-Sep-03,2339.4,Million USD,Normal,
Foreign Currency Deposits,TS_GP_BOP_FCD_M.FCD00,Total Deposits (TD),31-Oct-03,2384.1,Million USD,Normal,
Foreign Currency Deposits,TS_GP_BOP_FCD_M.FCD00,Total Deposits (TD),30-Nov-03,2407.9,Million USD,Normal,
Foreign Currency Deposits,TS_GP_BOP_FCD_M.FCD00,Total Deposits (TD),31-Dec-03,2509.984,Million USD,Normal,
Foreign Currency Deposits,TS_GP_BOP_FCD_M.FCD00,Total Deposits (TD),31-Jan-04,2508.93473,Million USD,Normal,
Foreign Currency Deposits,TS_GP_BOP_FCD_M.FCD00,Total Deposits (TD),29-Feb-04,2738.719035,Million USD,Normal,
Foreign Currency Deposits,TS_GP_BOP_FCD_M.FCD00,Total Deposits (TD),31-Mar-04,2565.3,Million USD,Normal,
Foreign Currency Deposits,TS_GP_BOP_FCD_M.FCD00,Total Deposits (TD),30-Apr-04,2624.017169,Million USD,Normal,
Foreign Currency Deposits,TS_GP_BOP_FCD_M.FCD00,Total Deposits (TD),31-May-04,2634.751638,Million USD,Normal,
Foreign Currency Deposits,TS_GP_BOP_FCD_M.FCD00,Total Deposits (TD),30-Jun-04,2670.988662,Million USD,Normal,
Foreign Currency Deposits,TS_GP_BOP_FCD_M.FCD00,Total Deposits (TD),31-Jul-04,2806.099395,Million USD,Normal,
Foreign Currency Deposits,TS_GP_BOP_FCD_M.FCD00,Total Deposits (TD),31-Aug-04,2828.772399,Million USD,Normal,
Foreign Currency Deposits,TS_GP_BOP_FCD_M.FCD00,Total Deposits (TD),30-Sep-04,2836.813884,Million USD,Normal,
Foreign Currency Deposits,TS_GP_BOP_FCD_M.FCD00,Total Deposits (TD),31-Oct-04,2940.196536,Million USD,Normal,
Foreign Currency Deposits,TS_GP_BOP_FCD_M.FCD00,Total Deposits (TD),30-Nov-04,3009.417223,Million USD,Normal,
Foreign Currency Deposits,TS_GP_BOP_FCD_M.FCD00,Total Deposits (TD),31-Dec-04,3115.37913,Million USD,Normal,
Foreign Currency Deposits,TS_GP_BOP_FCD_M.FCD00,Total Deposits (TD),31-Jan-05,3130.04796,Million USD,Normal,
Foreign Currency Deposits,TS_GP_BOP_FCD_M.FCD00,Total Deposits (TD),28-Feb-05,3249.017991,Million USD,Normal,
Foreign Currency Deposits,TS_GP_BOP_FCD_M.FCD00,Total Deposits (TD),31-Mar-05,3109.719685,Million USD,Normal,
Foreign Currency Deposits,TS_GP_BOP_FCD_M.FCD00,Total Deposits (TD),30-Apr-05,3142.017254,Million USD,Normal,
Foreign Currency Deposits,TS_GP_BOP_FCD_M.FCD00,Total Deposits (TD),31-May-05,3105,Million USD,Normal,
Foreign Currency Deposits,TS_GP_BOP_FCD_M.FCD00,Total Deposits (TD),30-Jun-05,3282.133199,Million USD,Normal,
Foreign Currency Deposits,TS_GP_BOP_FCD_M.FCD00,Total Deposits (TD),31-Jul-05,3301.560402,Million USD,Normal,
Foreign Currency Deposits,TS_GP_BOP_FCD_M.FCD00,Total Deposits (TD),31-Aug-05,3263.458637,Million USD,Normal,
Foreign Currency Deposits,TS_GP_BOP_FCD_M.FCD00,Total Deposits (TD),30-Sep-05,3218.967372,Million USD,Normal,
Foreign Currency Deposits,TS_GP_BOP_FCD_M.FCD00,Total Deposits (TD),31-Oct-05,3291.84053,Million USD,Normal,
Foreign Currency Deposits,TS_GP_BOP_FCD_M.FCD00,Total Deposits (TD),30-Nov-05,3353.143327,Million USD,Normal,
Foreign Currency Deposits,TS_GP_BOP_FCD_M.FCD00,Total Deposits (TD),31-Dec-05,3506.952005,Million USD,Normal,
Foreign Currency Deposits,TS_GP_BOP_FCD_M.FCD00,Total Deposits (TD),31-Jan-06,3567.12945,Million USD,Normal,
Foreign Currency Deposits,TS_GP_BOP_FCD_M.FCD00,Total Deposits (TD),28-Feb-06,3503.093673,Million USD,Normal,
Foreign Currency Deposits,TS_GP_BOP_FCD_M.FCD00,Total Deposits (TD),31-Mar-06,3429.298425,Million USD,Normal,
Foreign Currency Deposits,TS_GP_BOP_FCD_M.FCD00,Total Deposits (TD),30-Apr-06,3510.024967,Million USD,Normal,
Foreign Currency Deposits,TS_GP_BOP_FCD_M.FCD00,Total Deposits (TD),31-May-06,3480.638657,Million USD,Normal,
Foreign Currency Deposits,TS_GP_BOP_FCD_M.FCD00,Total Deposits (TD),30-Jun-06,3543.139257,Million USD,Normal,
Foreign Currency Deposits,TS_GP_BOP_FCD_M.FCD00,Total Deposits (TD),31-Jul-06,3552.67011,Million USD,Normal,
Foreign Currency Deposits,TS_GP_BOP_FCD_M.FCD00,Total Deposits (TD),31-Aug-06,3487.291015,Million USD,Normal,
Foreign Currency Deposits,TS_GP_BOP_FCD_M.FCD00,Total Deposits (TD),30-Sep-06,3488.665499,Million USD,Normal,
Foreign Currency Deposits,TS_GP_BOP_FCD_M.FCD00,Total Deposits (TD),31-Oct-06,3485.361401,Million USD,Normal,
Foreign Currency Deposits,TS_GP_BOP_FCD_M.FCD00,Total Deposits (TD),30-Nov-06,3509.328822,Million USD,Normal,
Foreign Currency Deposits,TS_GP_BOP_FCD_M.FCD00,Total Deposits (TD),31-Dec-06,3605.967756,Million USD,Normal,
Foreign Currency Deposits,TS_GP_BOP_FCD_M.FCD00,Total Deposits (TD),31-Jan-07,3638.570407,Million USD,Normal,
Foreign Currency Deposits,TS_GP_BOP_FCD_M.FCD00,Total Deposits (TD),28-Feb-07,3604.600518,Million USD,Normal,
Foreign Currency Deposits,TS_GP_BOP_FCD_M.FCD00,Total Deposits (TD),31-Mar-07,3662.227225,Million USD,Normal,
Foreign Currency Deposits,TS_GP_BOP_FCD_M.FCD00,Total Deposits (TD),30-Apr-07,3625.520797,Million USD,Normal,
Foreign Currency Deposits,TS_GP_BOP_FCD_M.FCD00,Total Deposits (TD),31-May-07,3663.885967,Million USD,Normal,
Foreign Currency Deposits,TS_GP_BOP_FCD_M.FCD00,Total Deposits (TD),30-Jun-07,3755.325369,Million USD,Normal,
Foreign Currency Deposits,TS_GP_BOP_FCD_M.FCD00,Total Deposits (TD),31-Jul-07,3780.64,Million USD,Normal,
Foreign Currency Deposits,TS_GP_BOP_FCD_M.FCD00,Total Deposits (TD),31-Aug-07,3789.872488,Million USD,Normal,
Foreign Currency Deposits,TS_GP_BOP_FCD_M.FCD00,Total Deposits (TD),30-Sep-07,3830.134818,Million USD,Normal,
Foreign Currency Deposits,TS_GP_BOP_FCD_M.FCD00,Total Deposits (TD),31-Oct-07,3921.05,Million USD,Normal,
Foreign Currency Deposits,TS_GP_BOP_FCD_M.FCD00,Total Deposits (TD),30-Nov-07,3927.66,Million USD,Normal,
Foreign Currency Deposits,TS_GP_BOP_FCD_M.FCD00,Total Deposits (TD),31-Dec-07,3998.38,Million USD,Normal,
Foreign Currency Deposits,TS_GP_BOP_FCD_M.FCD00,Total Deposits (TD),31-Jan-08,4000.67,Million USD,Normal,
Foreign Currency Deposits,TS_GP_BOP_FCD_M.FCD00,Total Deposits (TD),29-Feb-08,3988.26,Million USD,Normal,
Foreign Currency Deposits,TS_GP_BOP_FCD_M.FCD00,Total Deposits (TD),31-Mar-08,4027.14,Million USD,Normal,
Foreign Currency Deposits,TS_GP_BOP_FCD_M.FCD00,Total Deposits (TD),30-Apr-08,4059.15,Million USD,Normal,
Foreign Currency Deposits,TS_GP_BOP_FCD_M.FCD00,Total Deposits (TD),31-May-08,4097.88,Million USD,Normal,
Foreign Currency Deposits,TS_GP_BOP_FCD_M.FCD00,Total Deposits (TD),30-Jun-08,4167.77,Million USD,Normal,
Foreign Currency Deposits,TS_GP_BOP_FCD_M.FCD00,Total Deposits (TD),31-Jul-08,4253.22,Million USD,Normal,
Foreign Currency Deposits,TS_GP_BOP_FCD_M.FCD00,Total Deposits (TD),31-Aug-08,4207.86,Million USD,Normal,
Foreign Currency Deposits,TS_GP_BOP_FCD_M.FCD00,Total Deposits (TD),30-Sep-08,4125.86,Million USD,Normal,
Foreign Currency Deposits,TS_GP_BOP_FCD_M.FCD00,Total Deposits (TD),31-Oct-08,3818.55,Million USD,Normal,
Foreign Currency Deposits,TS_GP_BOP_FCD_M.FCD00,Total Deposits (TD),30-Nov-08,3775.37,Million USD,Normal,
Foreign Currency Deposits,TS_GP_BOP_FCD_M.FCD00,Total Deposits (TD),31-Dec-08,3929.92,Million USD,Normal,
Foreign Currency Deposits,TS_GP_BOP_FCD_M.FCD00,Total Deposits (TD),31-Jan-09,3940.986794,Million USD,Normal,
Foreign Currency Deposits,TS_GP_BOP_FCD_M.FCD00,Total Deposits (TD),28-Feb-09,3983.435975,Million USD,Normal,
Foreign Currency Deposits,TS_GP_BOP_FCD_M.FCD00,Total Deposits (TD),31-Mar-09,3897.61,Million USD,Normal,
Foreign Currency Deposits,TS_GP_BOP_FCD_M.FCD00,Total Deposits (TD),30-Apr-09,3888.76,Million USD,Normal,
Foreign Currency Deposits,TS_GP_BOP_FCD_M.FCD00,Total Deposits (TD),31-May-09,3901.33,Million USD,Normal,
Foreign Currency Deposits,TS_GP_BOP_FCD_M.FCD00,Total Deposits (TD),30-Jun-09,3881.16,Million USD,Normal,
Foreign Currency Deposits,TS_GP_BOP_FCD_M.FCD00,Total Deposits (TD),31-Jul-09,3988.71,Million USD,Normal,
Foreign Currency Deposits,TS_GP_BOP_FCD_M.FCD00,Total Deposits (TD),31-Aug-09,3970.92,Million USD,Normal,
Foreign Currency Deposits,TS_GP_BOP_FCD_M.FCD00,Total Deposits (TD),30-Sep-09,4087.26,Million USD,Normal,
Foreign Currency Deposits,TS_GP_BOP_FCD_M.FCD00,Total Deposits (TD),31-Oct-09,4084.09,Million USD,Normal,
Foreign Currency Deposits,TS_GP_BOP_FCD_M.FCD00,Total Deposits (TD),30-Nov-09,4115.46,Million USD,Normal,
Foreign Currency Deposits,TS_GP_BOP_FCD_M.FCD00,Total Deposits (TD),31-Dec-09,4258.43,Million USD,Normal,
Foreign Currency Deposits,TS_GP_BOP_FCD_M.FCD00,Total Deposits (TD),31-Jan-10,4300.39,Million USD,Normal,
Foreign Currency Deposits,TS_GP_BOP_FCD_M.FCD00,Total Deposits (TD),28-Feb-10,4346.06,Million USD,Normal,
Foreign Currency Deposits,TS_GP_BOP_FCD_M.FCD00,Total Deposits (TD),31-Mar-10,4414.57,Million USD,Normal,
Foreign Currency Deposits,TS_GP_BOP_FCD_M.FCD00,Total Deposits (TD),30-Apr-10,4460.063181,Million USD,Normal,
Foreign Currency Deposits,TS_GP_BOP_FCD_M.FCD00,Total Deposits (TD),31-May-10,4373.646268,Million USD,Normal,
Foreign Currency Deposits,TS_GP_BOP_FCD_M.FCD00,Total Deposits (TD),30-Jun-10,4508.716977,Million USD,Normal,
Foreign Currency Deposits,TS_GP_BOP_FCD_M.FCD00,Total Deposits (TD),31-Jul-10,4533.150882,Million USD,Normal,
Foreign Currency Deposits,TS_GP_BOP_FCD_M.FCD00,Total Deposits (TD),31-Aug-10,4536.844369,Million USD,Normal,
Foreign Currency Deposits,TS_GP_BOP_FCD_M.FCD00,Total Deposits (TD),30-Sep-10,4627.772157,Million USD,Normal,
Foreign Currency Deposits,TS_GP_BOP_FCD_M.FCD00,Total Deposits (TD),31-Oct-10,4661.75697,Million USD,Normal,
Foreign Currency Deposits,TS_GP_BOP_FCD_M.FCD00,Total Deposits (TD),30-Nov-10,4717.884535,Million USD,Normal,
Foreign Currency Deposits,TS_GP_BOP_FCD_M.FCD00,Total Deposits (TD),31-Dec-10,4860.336133,Million USD,Normal,
Foreign Currency Deposits,TS_GP_BOP_FCD_M.FCD00,Total Deposits (TD),31-Jan-11,4826.192797,Million USD,Normal,
Foreign Currency Deposits,TS_GP_BOP_FCD_M.FCD00,Total Deposits (TD),28-Feb-11,4866.827108,Million USD,Normal,
Foreign Currency Deposits,TS_GP_BOP_FCD_M.FCD00,Total Deposits (TD),31-Mar-11,4858.227941,Million USD,Normal,
Foreign Currency Deposits,TS_GP_BOP_FCD_M.FCD00,Total Deposits (TD),30-Apr-11,4917.56664,Million USD,Normal,
Foreign Currency Deposits,TS_GP_BOP_FCD_M.FCD00,Total Deposits (TD),31-May-11,4877.600888,Million USD,Normal,
Foreign Currency Deposits,TS_GP_BOP_FCD_M.FCD00,Total Deposits (TD),30-Jun-11,4955.149668,Million USD,Normal,
Foreign Currency Deposits,TS_GP_BOP_FCD_M.FCD00,Total Deposits (TD),31-Jul-11,4969.687223,Million USD,Normal,
Foreign Currency Deposits,TS_GP_BOP_FCD_M.FCD00,Total Deposits (TD),31-Aug-11,4866.48069,Million USD,Normal,
Foreign Currency Deposits,TS_GP_BOP_FCD_M.FCD00,Total Deposits (TD),30-Sep-11,4886.686973,Million USD,Normal,
Foreign Currency Deposits,TS_GP_BOP_FCD_M.FCD00,Total Deposits (TD),31-Oct-11,4982.069803,Million USD,Normal,
Foreign Currency Deposits,TS_GP_BOP_FCD_M.FCD00,Total Deposits (TD),30-Nov-11,5017.760636,Million USD,Normal,
Foreign Currency Deposits,TS_GP_BOP_FCD_M.FCD00,Total Deposits (TD),31-Dec-11,5214.025167,Million USD,Normal,
Foreign Currency Deposits,TS_GP_BOP_FCD_M.FCD00,Total Deposits (TD),31-Jan-12,5345.771305,Million USD,Normal,
Foreign Currency Deposits,TS_GP_BOP_FCD_M.FCD00,Total Deposits (TD),29-Feb-12,5437.970795,Million USD,Normal,
Foreign Currency Deposits,TS_GP_BOP_FCD_M.FCD00,Total Deposits (TD),31-Mar-12,5707.161453,Million USD,Normal,
Foreign Currency Deposits,TS_GP_BOP_FCD_M.FCD00,Total Deposits (TD),30-Apr-12,5574.02541,Million USD,Normal,
Foreign Currency Deposits,TS_GP_BOP_FCD_M.FCD00,Total Deposits (TD),31-May-12,5447.318521,Million USD,Normal,
Foreign Currency Deposits,TS_GP_BOP_FCD_M.FCD00,Total Deposits (TD),30-Jun-12,5556.929819,Million USD,Normal,
Foreign Currency Deposits,TS_GP_BOP_FCD_M.FCD00,Total Deposits (TD),31-Jul-12,5551.260066,Million USD,Normal,
Foreign Currency Deposits,TS_GP_BOP_FCD_M.FCD00,Total Deposits (TD),31-Aug-12,5533.73743,Million USD,Normal,
Foreign Currency Deposits,TS_GP_BOP_FCD_M.FCD00,Total Deposits (TD),30-Sep-12,5617.665232,Million USD,Normal,
Foreign Currency Deposits,TS_GP_BOP_FCD_M.FCD00,Total Deposits (TD),31-Oct-12,5598.929982,Million USD,Normal,
Foreign Currency Deposits,TS_GP_BOP_FCD_M.FCD00,Total Deposits (TD),30-Nov-12,5696.294214,Million USD,Normal,
Foreign Currency Deposits,TS_GP_BOP_FCD_M.FCD00,Total Deposits (TD),31-Dec-12,5607.591443,Million USD,Normal,
Foreign Currency Deposits,TS_GP_BOP_FCD_M.FCD00,Total Deposits (TD),31-Jan-13,5634.77865,Million USD,Normal,
Foreign Currency Deposits,TS_GP_BOP_FCD_M.FCD00,Total Deposits (TD),28-Feb-13,5653.687445,Million USD,Normal,
Foreign Currency Deposits,TS_GP_BOP_FCD_M.FCD00,Total Deposits (TD),31-Mar-13,5764.389076,Million USD,Normal,
Foreign Currency Deposits,TS_GP_BOP_FCD_M.FCD00,Total Deposits (TD),30-Apr-13,5781.060519,Million USD,Normal,
Foreign Currency Deposits,TS_GP_BOP_FCD_M.FCD00,Total Deposits (TD),31-May-13,5827.537997,Million USD,Normal,
Foreign Currency Deposits,TS_GP_BOP_FCD_M.FCD00,Total Deposits (TD),30-Jun-13,5778.153663,Million USD,Normal,
Foreign Currency Deposits,TS_GP_BOP_FCD_M.FCD00,Total Deposits (TD),31-Jul-13,5811.0791,Million USD,Normal,
Foreign Currency Deposits,TS_GP_BOP_FCD_M.FCD00,Total Deposits (TD),31-Aug-13,5859.750338,Million USD,Normal,
Foreign Currency Deposits,TS_GP_BOP_FCD_M.FCD00,Total Deposits (TD),30-Sep-13,5965.899969,Million USD,Normal,
Foreign Currency Deposits,TS_GP_BOP_FCD_M.FCD00,Total Deposits (TD),31-Oct-13,6068.661175,Million USD,Normal,
Foreign Currency Deposits,TS_GP_BOP_FCD_M.FCD00,Total Deposits (TD),30-Nov-13,6212.66171,Million USD,Normal,
Foreign Currency Deposits,TS_GP_BOP_FCD_M.FCD00,Total Deposits (TD),31-Dec-13,6218.624064,Million USD,Normal,
Foreign Currency Deposits,TS_GP_BOP_FCD_M.FCD00,Total Deposits (TD),31-Jan-14,6208.385546,Million USD,Normal,
Foreign Currency Deposits,TS_GP_BOP_FCD_M.FCD00,Total Deposits (TD),28-Feb-14,6292.292206,Million USD,Normal,
Foreign Currency Deposits,TS_GP_BOP_FCD_M.FCD00,Total Deposits (TD),31-Mar-14,6416.505189,Million USD,Normal,
Foreign Currency Deposits,TS_GP_BOP_FCD_M.FCD00,Total Deposits (TD),30-Apr-14,6519.826916,Million USD,Normal,
Foreign Currency Deposits,TS_GP_BOP_FCD_M.FCD00,Total Deposits (TD),31-May-14,6523.565554,Million USD,Normal,
Foreign Currency Deposits,TS_GP_BOP_FCD_M.FCD00,Total Deposits (TD),30-Jun-14,6683.798135,Million USD,Normal,
Foreign Currency Deposits,TS_GP_BOP_FCD_M.FCD00,Total Deposits (TD),31-Jul-14,6633.393384,Million USD,Normal,
Foreign Currency Deposits,TS_GP_BOP_FCD_M.FCD00,Total Deposits (TD),31-Aug-14,6663.881835,Million USD,Normal,
Foreign Currency Deposits,TS_GP_BOP_FCD_M.FCD00,Total Deposits (TD),30-Sep-14,6647.543266,Million USD,Normal,
Foreign Currency Deposits,TS_GP_BOP_FCD_M.FCD00,Total Deposits (TD),31-Oct-14,6819.661615,Million USD,Normal,
Foreign Currency Deposits,TS_GP_BOP_FCD_M.FCD00,Total Deposits (TD),30-Nov-14,6819.610973,Million USD,Normal,
Foreign Currency Deposits,TS_GP_BOP_FCD_M.FCD00,Total Deposits (TD),31-Dec-14,6748.619893,Million USD,Normal,
Foreign Currency Deposits,TS_GP_BOP_FCD_M.FCD00,Total Deposits (TD),31-Jan-15,6637.524375,Million USD,Normal,
Foreign Currency Deposits,TS_GP_BOP_FCD_M.FCD00,Total Deposits (TD),28-Feb-15,6595.706046,Million USD,Normal,
Foreign Currency Deposits,TS_GP_BOP_FCD_M.FCD00,Total Deposits (TD),31-Mar-15,6494.736446,Million USD,Normal,
Foreign Currency Deposits,TS_GP_BOP_FCD_M.FCD00,Total Deposits (TD),30-Apr-15,6530.311256,Million USD,Normal,
Foreign Currency Deposits,TS_GP_BOP_FCD_M.FCD00,Total Deposits (TD),31-May-15,6474.4719,Million USD,Normal,
Foreign Currency Deposits,TS_GP_BOP_FCD_M.FCD00,Total Deposits (TD),30-Jun-15,6462.517466,Million USD,Normal,
Foreign Currency Deposits,TS_GP_BOP_FCD_M.FCD00,Total Deposits (TD),31-Jul-15,6337.333069,Million USD,Normal,
Foreign Currency Deposits,TS_GP_BOP_FCD_M.FCD00,Total Deposits (TD),31-Aug-15,6292.105663,Million USD,Normal,
Foreign Currency Deposits,TS_GP_BOP_FCD_M.FCD00,Total Deposits (TD),30-Sep-15,6270.298239,Million USD,Normal,
Foreign Currency Deposits,TS_GP_BOP_FCD_M.FCD00,Total Deposits (TD),31-Oct-15,6354.255474,Million USD,Normal,
Foreign Currency Deposits,TS_GP_BOP_FCD_M.FCD00,Total Deposits (TD),30-Nov-15,6357.524618,Million USD,Normal,
Foreign Currency Deposits,TS_GP_BOP_FCD_M.FCD00,Total Deposits (TD),31-Dec-15,6521.844545,Million USD,Normal,
Foreign Currency Deposits,TS_GP_BOP_FCD_M.FCD00,Total Deposits (TD),31-Jan-16,6393.47472,Million USD,Normal,
Foreign Currency Deposits,TS_GP_BOP_FCD_M.FCD00,Total Deposits (TD),29-Feb-16,6404.780581,Million USD,Normal,
Foreign Currency Deposits,TS_GP_BOP_FCD_M.FCD00,Total Deposits (TD),31-Mar-16,6454.292433,Million USD,Normal,
Foreign Currency Deposits,TS_GP_BOP_FCD_M.FCD00,Total Deposits (TD),30-Apr-16,6391.414035,Million USD,Normal,
Foreign Currency Deposits,TS_GP_BOP_FCD_M.FCD00,Total Deposits (TD),31-May-16,6253.951056,Million USD,Normal,
Foreign Currency Deposits,TS_GP_BOP_FCD_M.FCD00,Total Deposits (TD),30-Jun-16,6322.869296,Million USD,Normal,
Foreign Currency Deposits,TS_GP_BOP_FCD_M.FCD00,Total Deposits (TD),31-Jul-16,6352.002519,Million USD,Normal,
Foreign Currency Deposits,TS_GP_BOP_FCD_M.FCD00,Total Deposits (TD),31-Aug-16,6354.211034,Million USD,Normal,
Foreign Currency Deposits,TS_GP_BOP_FCD_M.FCD00,Total Deposits (TD),30-Sep-16,6517.818075,Million USD,Normal,
Foreign Currency Deposits,TS_GP_BOP_FCD_M.FCD00,Total Deposits (TD),31-Oct-16,6476.586228,Million USD,Normal,
Foreign Currency Deposits,TS_GP_BOP_FCD_M.FCD00,Total Deposits (TD),30-Nov-16,6431.680756,Million USD,Normal,
Foreign Currency Deposits,TS_GP_BOP_FCD_M.FCD00,Total Deposits (TD),31-Dec-16,6417.070192,Million USD,Normal,
Foreign Currency Deposits,TS_GP_BOP_FCD_M.FCD00,Total Deposits (TD),31-Jan-17,6347.453507,Million USD,Normal,
Foreign Currency Deposits,TS_GP_BOP_FCD_M.FCD00,Total Deposits (TD),28-Feb-17,6443.813405,Million USD,Normal,
Foreign Currency Deposits,TS_GP_BOP_FCD_M.FCD00,Total Deposits (TD),31-Mar-17,6476.239528,Million USD,Normal,
Foreign Currency Deposits,TS_GP_BOP_FCD_M.FCD00,Total Deposits (TD),30-Apr-17,6494.469188,Million USD,Normal,
Foreign Currency Deposits,TS_GP_BOP_FCD_M.FCD00,Total Deposits (TD),31-May-17,6542.50488,Million USD,Normal,
Foreign Currency Deposits,TS_GP_BOP_FCD_M.FCD00,Total Deposits (TD),30-Jun-17,6962.773623,Million USD,Normal,
Foreign Currency Deposits,TS_GP_BOP_FCD_M.FCD00,Total Deposits (TD),31-Jul-17,6929.002821,Million USD,Normal,
Foreign Currency Deposits,TS_GP_BOP_FCD_M.FCD00,Total Deposits (TD),31-Aug-17,6977.920353,Million USD,Normal,
Foreign Currency Deposits,TS_GP_BOP_FCD_M.FCD00,Total Deposits (TD),30-Sep-17,7139.153361,Million USD,Normal,
Foreign Currency Deposits,TS_GP_BOP_FCD_M.FCD00,Total Deposits (TD),31-Oct-17,7311.197972,Million USD,Normal,
Foreign Currency Deposits,TS_GP_BOP_FCD_M.FCD00,Total Deposits (TD),30-Nov-17,7377.82021,Million USD,Normal,
Foreign Currency Deposits,TS_GP_BOP_FCD_M.FCD00,Total Deposits (TD),31-Dec-17,7294.695679,Million USD,Normal,
Foreign Currency Deposits,TS_GP_BOP_FCD_M.FCD00,Total Deposits (TD),31-Jan-18,7364.00067,Million USD,Normal,
Foreign Currency Deposits,TS_GP_BOP_FCD_M.FCD00,Total Deposits (TD),28-Feb-18,7397.2596,Million USD,Normal,
Foreign Currency Deposits,TS_GP_BOP_FCD_M.FCD00,Total Deposits (TD),31-Mar-18,7514.651879,Million USD,Normal,
Foreign Currency Deposits,TS_GP_BOP_FCD_M.FCD00,Total Deposits (TD),30-Apr-18,7360.544752,Million USD,Normal,
Foreign Currency Deposits,TS_GP_BOP_FCD_M.FCD00,Total Deposits (TD),31-May-18,7496.91482,Million USD,Normal,
Foreign Currency Deposits,TS_GP_BOP_FCD_M.FCD00,Total Deposits (TD),30-Jun-18,7591.318039,Million USD,Normal,
Foreign Currency Deposits,TS_GP_BOP_FCD_M.FCD00,Total Deposits (TD),31-Jul-18,7601.748047,Million USD,Normal,
Foreign Currency Deposits,TS_GP_BOP_FCD_M.FCD00,Total Deposits (TD),31-Aug-18,7488.329945,Million USD,Normal,
Foreign Currency Deposits,TS_GP_BOP_FCD_M.FCD00,Total Deposits (TD),30-Sep-18,7434.683905,Million USD,Normal,
Foreign Currency Deposits,TS_GP_BOP_FCD_M.FCD00,Total Deposits (TD),30-Oct-18,7354.306136,Million USD,Normal,
Foreign Currency Deposits,TS_GP_BOP_FCD_M.FCD00,Total Deposits (TD),30-Nov-18,7401.663174,Million USD,Normal,
Foreign Currency Deposits,TS_GP_BOP_FCD_M.FCD00,Total Deposits (TD),31-Dec-18,7406.797732,Million USD,Normal,
Foreign Currency Deposits,TS_GP_BOP_FCD_M.FCD00,Total Deposits (TD),31-Jan-19,7543.082432,Million USD,Normal,
Foreign Currency Deposits,TS_GP_BOP_FCD_M.FCD00,Total Deposits (TD),28-Feb-19,7582.276742,Million USD,Normal,
Foreign Currency Deposits,TS_GP_BOP_FCD_M.FCD00,Total Deposits (TD),31-Mar-19,7635.22047,Million USD,Normal,
Foreign Currency Deposits,TS_GP_BOP_FCD_M.FCD00,Total Deposits (TD),30-Apr-19,7636.751843,Million USD,Normal,
Foreign Currency Deposits,TS_GP_BOP_FCD_M.FCD00,Total Deposits (TD),31-May-19,7687.644562,Million USD,Normal,
Foreign Currency Deposits,TS_GP_BOP_FCD_M.FCD00,Total Deposits (TD),30-Jun-19,7822.567088,Million USD,Normal,
Foreign Currency Deposits,TS_GP_BOP_FCD_M.FCD00,Total Deposits (TD),31-Jul-19,7904.745717,Million USD,Normal,
Foreign Currency Deposits,TS_GP_BOP_FCD_M.FCD00,Total Deposits (TD),31-Aug-19,7874.279155,Million USD,Normal,
Foreign Currency Deposits,TS_GP_BOP_FCD_M.FCD00,Total Deposits (TD),30-Sep-19,7823.234972,Million USD,Normal,
Foreign Currency Deposits,TS_GP_BOP_FCD_M.FCD00,Total Deposits (TD),30-Oct-19,7869.325429,Million USD,Normal,
Foreign Currency Deposits,TS_GP_BOP_FCD_M.FCD00,Total Deposits (TD),30-Nov-19,7791.806894,Million USD,Normal,
Foreign Currency Deposits,TS_GP_BOP_FCD_M.FCD00,Total Deposits (TD),31-Dec-19,7663.174531,Million USD,Normal,
Foreign Currency Deposits,TS_GP_BOP_FCD_M.FCD00,Total Deposits (TD),31-Jan-20,7597.475878,Million USD,Normal,
Foreign Currency Deposits,TS_GP_BOP_FCD_M.FCD00,Total Deposits (TD),29-Feb-20,7539.036529,Million USD,Normal,
Foreign Currency Deposits,TS_GP_BOP_FCD_M.FCD00,Total Deposits (TD),31-Mar-20,7492.470374,Million USD,Normal,
Foreign Currency Deposits,TS_GP_BOP_FCD_M.FCD00,Total Deposits (TD),30-Apr-20,7459.77758,Million USD,Normal,
Foreign Currency Deposits,TS_GP_BOP_FCD_M.FCD00,Total Deposits (TD),31-May-20,7516.678747,Million USD,Normal,
Foreign Currency Deposits,TS_GP_BOP_FCD_M.FCD00,Total Deposits (TD),30-Jun-20,7525.628623,Million USD,Normal,
Foreign Currency Deposits,TS_GP_BOP_FCD_M.FCD00,Total Deposits (TD),31-Jul-20,7746.400579,Million USD,Normal,
Foreign Currency Deposits,TS_GP_BOP_FCD_M.FCD00,Total Deposits (TD),31-Aug-20,7809.819212,Million USD,Normal,
Foreign Currency Deposits,TS_GP_BOP_FCD_M.FCD00,Total Deposits (TD),30-Sep-20,7798.035109,Million USD,Normal,
Foreign Currency Deposits,TS_GP_BOP_FCD_M.FCD00,Total Deposits (TD),31-Oct-20,7799.611856,Million USD,Normal,
Foreign Currency Deposits,TS_GP_BOP_FCD_M.FCD00,Total Deposits (TD),30-Nov-20,7779.946962,Million USD,Normal,
Foreign Currency Deposits,TS_GP_BOP_FCD_M.FCD00,Total Deposits (TD),31-Dec-20,7772.869836,Million USD,Normal,
Foreign Currency Deposits,TS_GP_BOP_FCD_M.FCD00,Total Deposits (TD),31-Jan-21,7794.06777,Million USD,Normal,
Foreign Currency Deposits,TS_GP_BOP_FCD_M.FCD00,Total Deposits (TD),28-Feb-21,7830.311101,Million USD,Normal,
Foreign Currency Deposits,TS_GP_BOP_FCD_M.FCD00,Total Deposits (TD),31-Mar-21,7818.852999,Million USD,Normal,
Foreign Currency Deposits,TS_GP_BOP_FCD_M.FCD00,Total Deposits (TD),30-Apr-21,7856.818277,Million USD,Normal,
Foreign Currency Deposits,TS_GP_BOP_FCD_M.FCD00,Total Deposits (TD),31-May-21,7874.952518,Million USD,Normal,
Foreign Currency Deposits,TS_GP_BOP_FCD_M.FCD00,Total Deposits (TD),30-Jun-21,7879.282351,Million USD,Normal,
Foreign Currency Deposits,TS_GP_BOP_FCD_M.FCD00,Total Deposits (TD),31-Jul-21,7796.65649,Million USD,Normal,
Foreign Currency Deposits,TS_GP_BOP_FCD_M.FCD00,Total Deposits (TD),31-Aug-21,7851.29304,Million USD,Normal,
Foreign Currency Deposits,TS_GP_BOP_FCD_M.FCD00,Total Deposits (TD),30-Sep-21,7781.369741,Million USD,Normal,
Foreign Currency Deposits,TS_GP_BOP_FCD_M.FCD00,Total Deposits (TD),31-Oct-21,7747.939624,Million USD,Normal,
Foreign Currency Deposits,TS_GP_BOP_FCD_M.FCD00,Total Deposits (TD),30-Nov-21,7712.719876,Million USD,Normal,
Foreign Currency Deposits,TS_GP_BOP_FCD_M.FCD00,Total Deposits (TD),31-Dec-21,7651.890301,Million USD,Normal,
Foreign Currency Deposits,TS_GP_BOP_FCD_M.FCD00,Total Deposits (TD),31-Jan-22,7658.354759,Million USD,Normal,
Foreign Currency Deposits,TS_GP_BOP_FCD_M.FCD00,Total Deposits (TD),28-Feb-22,7666.854875,Million USD,Normal,
Foreign Currency Deposits,TS_GP_BOP_FCD_M.FCD00,Total Deposits (TD),31-Mar-22,7359.785691,Million USD,Normal,
Foreign Currency Deposits,TS_GP_BOP_FCD_M.FCD00,Total Deposits (TD),30-Apr-22,7301.361977,Million USD,Normal,
Foreign Currency Deposits,TS_GP_BOP_FCD_M.FCD00,Total Deposits (TD),31-May-22,7203.000409,Million USD,Normal,
Foreign Currency Deposits,TS_GP_BOP_FCD_M.FCD00,Total Deposits (TD),30-Jun-22,7110.506179,Million USD,Normal,
Foreign Currency Deposits,TS_GP_BOP_FCD_M.FCD00,Total Deposits (TD),31-Jul-22,6988.59,Million USD,Normal,
Foreign Currency Deposits,TS_GP_BOP_FCD_M.FCD00,Total Deposits (TD),31-Aug-22,6873.68,Million USD,Normal,
Foreign Currency Deposits,TS_GP_BOP_FCD_M.FCD00,Total Deposits (TD),30-Sep-22,6788.84,Million USD,Normal,
Foreign Currency Deposits,TS_GP_BOP_FCD_M.FCD00,Total Deposits (TD),31-Oct-22,6545.5,Million USD,Normal,
Foreign Currency Deposits,TS_GP_BOP_FCD_M.FCD00,Total Deposits (TD),30-Nov-22,6526.27,Million USD,Normal,
Foreign Currency Deposits,TS_GP_BOP_FCD_M.FCD00,Total Deposits (TD),31-Dec-22,6469.715425,Million USD,Normal,
Foreign Currency Deposits,TS_GP_BOP_FCD_M.FCD00,Total Deposits (TD),31-Jan-23,6382.119186,Million USD,Normal,
Foreign Currency Deposits,TS_GP_BOP_FCD_M.FCD00,Total Deposits (TD),28-Feb-23,6216.949944,Million USD,Normal,
Foreign Currency Deposits,TS_GP_BOP_FCD_M.FCD00,Total Deposits (TD),31-Mar-23,6310.04,Million USD,Normal,
Foreign Currency Deposits,TS_GP_BOP_FCD_M.FCD00,Total Deposits (TD),30-Apr-23,6315.75,Million USD,Normal,
Foreign Currency Deposits,TS_GP_BOP_FCD_M.FCD00,Total Deposits (TD),31-May-23,6314.537223,Million USD,Normal,
Foreign Currency Deposits,TS_GP_BOP_FCD_M.FCD00,Total Deposits (TD),30-Jun-23,6392.99,Million USD,Normal,
Foreign Currency Deposits,TS_GP_BOP_FCD_M.FCD00,Total Deposits (TD),31-Jul-23,6392.3,Million USD,Normal,
Foreign Currency Deposits,TS_GP_BOP_FCD_M.FCD00,Total Deposits (TD),31-Aug-23,6455.06,Million USD,Normal,
Foreign Currency Deposits,TS_GP_BOP_FCD_M.FCD00,Total Deposits (TD),30-Sep-23,6383.92,Million USD,Normal,
Foreign Currency Deposits,TS_GP_BOP_FCD_M.FCD00,Total Deposits (TD),31-Oct-23,6307.5,Million USD,Normal,
Foreign Currency Deposits,TS_GP_BOP_FCD_M.FCD00,Total Deposits (TD),30-Nov-23,6336.46,Million USD,Normal,
Foreign Currency Deposits,TS_GP_BOP_FCD_M.FCD00,Total Deposits (TD),31-Dec-23,6381.11,Million USD,Normal,
Foreign Currency Deposits,TS_GP_BOP_FCD_M.FCD00,Total Deposits (TD),31-Jan-24,6350.780723,Million USD,Normal,
Foreign Currency Deposits,TS_GP_BOP_FCD_M.FCD00,Total Deposits (TD),29-Feb-24,6398.176954,Million USD,Normal,
Foreign Currency Deposits,TS_GP_BOP_FCD_M.FCD00,Total Deposits (TD),31-Mar-24,6465.709903,Million USD,Normal,
Foreign Currency Deposits,TS_GP_BOP_FCD_M.FCD00,Total Deposits (TD),30-Apr-24,6527.1,Million USD,Normal,
Foreign Currency Deposits,TS_GP_BOP_FCD_M.FCD00,Total Deposits (TD),31-May-24,6527.092641,Million USD,Normal,
Foreign Currency Deposits,TS_GP_BOP_FCD_M.FCD00,Total Deposits (TD),30-Jun-24,6628.511233,Million USD,Normal,
Foreign Currency Deposits,TS_GP_BOP_FCD_M.FCD00,Total Deposits (TD),31-Jul-24,6682.163417,Million USD,Normal,
Foreign Currency Deposits,TS_GP_BOP_FCD_M.FCD00,Total Deposits (TD),31-Aug-24,6632.2233,Million USD,Normal,
Foreign Currency Deposits,TS_GP_BOP_FCD_M.FCD00,Total Deposits (TD),30-Sep-24,6687.110349,Million USD,Normal,
Foreign Currency Deposits,TS_GP_BOP_FCD_M.FCD00,Total Deposits (TD),31-Oct-24,6581.686778,Million USD,Normal,
Foreign Currency Deposits,TS_GP_BOP_FCD_M.FCD00,Total Deposits (TD),30-Nov-24,6577.7612,Million USD,Normal,
