Dataset,Series Key,Series,Observation Date,Observation Value,Unit,Observation Status,Observation Status Comment
Sales/offtake of Fertilizers,TS_GP_RLS_SALEFERT_M.F_001000,Total Fertlilizer Off-take,31-Jul-06,540,Thousand Metric Ton,Normal,
Sales/offtake of Fertilizers,TS_GP_RLS_SALEFERT_M.F_001000,Total Fertlilizer Off-take,31-Aug-06,0,Thousand Metric Ton,Normal,
Sales/offtake of Fertilizers,TS_GP_RLS_SALEFERT_M.F_001000,Total Fertlilizer Off-take,30-Sep-06,0,Thousand Metric Ton,Normal,
Sales/offtake of Fertilizers,TS_GP_RLS_SALEFERT_M.F_001000,Total Fertlilizer Off-take,31-Oct-06,552,Thousand Metric Ton,Normal,
Sales/offtake of Fertilizers,TS_GP_RLS_SALEFERT_M.F_001000,Total Fertlilizer Off-take,30-Nov-06,890,Thousand Metric Ton,Normal,
Sales/offtake of Fertilizers,TS_GP_RLS_SALEFERT_M.F_001000,Total Fertlilizer Off-take,31-Dec-06,1036,Thousand Metric Ton,Normal,
Sales/offtake of Fertilizers,TS_GP_RLS_SALEFERT_M.F_001000,Total Fertlilizer Off-take,31-Jan-07,420,Thousand Metric Ton,Normal,
Sales/offtake of Fertilizers,TS_GP_RLS_SALEFERT_M.F_001000,Total Fertlilizer Off-take,28-Feb-07,337,Thousand Metric Ton,Normal,
Sales/offtake of Fertilizers,TS_GP_RLS_SALEFERT_M.F_001000,Total Fertlilizer Off-take,31-Mar-07,289,Thousand Metric Ton,Normal,
Sales/offtake of Fertilizers,TS_GP_RLS_SALEFERT_M.F_001000,Total Fertlilizer Off-take,30-Apr-07,235,Thousand Metric Ton,Normal,
Sales/offtake of Fertilizers,TS_GP_RLS_SALEFERT_M.F_001000,Total Fertlilizer Off-take,31-May-07,472,Thousand Metric Ton,Normal,
Sales/offtake of Fertilizers,TS_GP_RLS_SALEFERT_M.F_001000,Total Fertlilizer Off-take,30-Jun-07,744,Thousand Metric Ton,Normal,
Sales/offtake of Fertilizers,TS_GP_RLS_SALEFERT_M.F_001000,Total Fertlilizer Off-take,31-Jul-07,818,Thousand Metric Ton,Normal,
Sales/offtake of Fertilizers,TS_GP_RLS_SALEFERT_M.F_001000,Total Fertlilizer Off-take,31-Aug-07,541,Thousand Metric Ton,Normal,
Sales/offtake of Fertilizers,TS_GP_RLS_SALEFERT_M.F_001000,Total Fertlilizer Off-take,30-Sep-07,313,Thousand Metric Ton,Normal,
Sales/offtake of Fertilizers,TS_GP_RLS_SALEFERT_M.F_001000,Total Fertlilizer Off-take,31-Oct-07,427,Thousand Metric Ton,Normal,
Sales/offtake of Fertilizers,TS_GP_RLS_SALEFERT_M.F_001000,Total Fertlilizer Off-take,30-Nov-07,901,Thousand Metric Ton,Normal,
Sales/offtake of Fertilizers,TS_GP_RLS_SALEFERT_M.F_001000,Total Fertlilizer Off-take,31-Dec-07,806,Thousand Metric Ton,Normal,
Sales/offtake of Fertilizers,TS_GP_RLS_SALEFERT_M.F_001000,Total Fertlilizer Off-take,31-Jan-08,622,Thousand Metric Ton,Normal,
Sales/offtake of Fertilizers,TS_GP_RLS_SALEFERT_M.F_001000,Total Fertlilizer Off-take,29-Feb-08,403,Thousand Metric Ton,Normal,
Sales/offtake of Fertilizers,TS_GP_RLS_SALEFERT_M.F_001000,Total Fertlilizer Off-take,31-Mar-08,451,Thousand Metric Ton,Normal,
Sales/offtake of Fertilizers,TS_GP_RLS_SALEFERT_M.F_001000,Total Fertlilizer Off-take,30-Apr-08,396,Thousand Metric Ton,Normal,
Sales/offtake of Fertilizers,TS_GP_RLS_SALEFERT_M.F_001000,Total Fertlilizer Off-take,31-May-08,531,Thousand Metric Ton,Normal,
Sales/offtake of Fertilizers,TS_GP_RLS_SALEFERT_M.F_001000,Total Fertlilizer Off-take,30-Jun-08,432,Thousand Metric Ton,Normal,
Sales/offtake of Fertilizers,TS_GP_RLS_SALEFERT_M.F_001000,Total Fertlilizer Off-take,31-Jul-08,522,Thousand Metric Ton,Normal,
Sales/offtake of Fertilizers,TS_GP_RLS_SALEFERT_M.F_001000,Total Fertlilizer Off-take,31-Aug-08,445,Thousand Metric Ton,Normal,
Sales/offtake of Fertilizers,TS_GP_RLS_SALEFERT_M.F_001000,Total Fertlilizer Off-take,30-Sep-08,492,Thousand Metric Ton,Normal,
Sales/offtake of Fertilizers,TS_GP_RLS_SALEFERT_M.F_001000,Total Fertlilizer Off-take,31-Oct-08,698,Thousand Metric Ton,Normal,
Sales/offtake of Fertilizers,TS_GP_RLS_SALEFERT_M.F_001000,Total Fertlilizer Off-take,30-Nov-08,608,Thousand Metric Ton,Normal,
Sales/offtake of Fertilizers,TS_GP_RLS_SALEFERT_M.F_001000,Total Fertlilizer Off-take,31-Dec-08,636,Thousand Metric Ton,Normal,
Sales/offtake of Fertilizers,TS_GP_RLS_SALEFERT_M.F_001000,Total Fertlilizer Off-take,31-Jan-09,643,Thousand Metric Ton,Normal,
Sales/offtake of Fertilizers,TS_GP_RLS_SALEFERT_M.F_001000,Total Fertlilizer Off-take,28-Feb-09,547,Thousand Metric Ton,Normal,
Sales/offtake of Fertilizers,TS_GP_RLS_SALEFERT_M.F_001000,Total Fertlilizer Off-take,31-Mar-09,539,Thousand Metric Ton,Normal,
Sales/offtake of Fertilizers,TS_GP_RLS_SALEFERT_M.F_001000,Total Fertlilizer Off-take,30-Apr-09,471,Thousand Metric Ton,Normal,
Sales/offtake of Fertilizers,TS_GP_RLS_SALEFERT_M.F_001000,Total Fertlilizer Off-take,31-May-09,561,Thousand Metric Ton,Normal,
Sales/offtake of Fertilizers,TS_GP_RLS_SALEFERT_M.F_001000,Total Fertlilizer Off-take,30-Jun-09,686,Thousand Metric Ton,Normal,
Sales/offtake of Fertilizers,TS_GP_RLS_SALEFERT_M.F_001000,Total Fertlilizer Off-take,31-Jul-09,844,Thousand Metric Ton,Normal,
Sales/offtake of Fertilizers,TS_GP_RLS_SALEFERT_M.F_001000,Total Fertlilizer Off-take,31-Aug-09,803,Thousand Metric Ton,Normal,
Sales/offtake of Fertilizers,TS_GP_RLS_SALEFERT_M.F_001000,Total Fertlilizer Off-take,30-Sep-09,639,Thousand Metric Ton,Normal,
Sales/offtake of Fertilizers,TS_GP_RLS_SALEFERT_M.F_001000,Total Fertlilizer Off-take,31-Oct-09,566,Thousand Metric Ton,Normal,
Sales/offtake of Fertilizers,TS_GP_RLS_SALEFERT_M.F_001000,Total Fertlilizer Off-take,30-Nov-09,783,Thousand Metric Ton,Normal,
Sales/offtake of Fertilizers,TS_GP_RLS_SALEFERT_M.F_001000,Total Fertlilizer Off-take,31-Dec-09,1090,Thousand Metric Ton,Normal,
Sales/offtake of Fertilizers,TS_GP_RLS_SALEFERT_M.F_001000,Total Fertlilizer Off-take,31-Jan-10,638,Thousand Metric Ton,Normal,
Sales/offtake of Fertilizers,TS_GP_RLS_SALEFERT_M.F_001000,Total Fertlilizer Off-take,28-Feb-10,508,Thousand Metric Ton,Normal,
Sales/offtake of Fertilizers,TS_GP_RLS_SALEFERT_M.F_001000,Total Fertlilizer Off-take,31-Mar-10,478,Thousand Metric Ton,Normal,
Sales/offtake of Fertilizers,TS_GP_RLS_SALEFERT_M.F_001000,Total Fertlilizer Off-take,30-Apr-10,474,Thousand Metric Ton,Normal,
Sales/offtake of Fertilizers,TS_GP_RLS_SALEFERT_M.F_001000,Total Fertlilizer Off-take,31-May-10,640,Thousand Metric Ton,Normal,
Sales/offtake of Fertilizers,TS_GP_RLS_SALEFERT_M.F_001000,Total Fertlilizer Off-take,30-Jun-10,625,Thousand Metric Ton,Normal,
Sales/offtake of Fertilizers,TS_GP_RLS_SALEFERT_M.F_001000,Total Fertlilizer Off-take,31-Jul-10,577,Thousand Metric Ton,Normal,
Sales/offtake of Fertilizers,TS_GP_RLS_SALEFERT_M.F_001000,Total Fertlilizer Off-take,31-Aug-10,352,Thousand Metric Ton,Normal,
Sales/offtake of Fertilizers,TS_GP_RLS_SALEFERT_M.F_001000,Total Fertlilizer Off-take,30-Sep-10,580,Thousand Metric Ton,Normal,
Sales/offtake of Fertilizers,TS_GP_RLS_SALEFERT_M.F_001000,Total Fertlilizer Off-take,31-Oct-10,811,Thousand Metric Ton,Normal,
Sales/offtake of Fertilizers,TS_GP_RLS_SALEFERT_M.F_001000,Total Fertlilizer Off-take,30-Nov-10,1059,Thousand Metric Ton,Normal,
Sales/offtake of Fertilizers,TS_GP_RLS_SALEFERT_M.F_001000,Total Fertlilizer Off-take,31-Dec-10,716,Thousand Metric Ton,Normal,
Sales/offtake of Fertilizers,TS_GP_RLS_SALEFERT_M.F_001000,Total Fertlilizer Off-take,31-Jan-11,453,Thousand Metric Ton,Normal,
Sales/offtake of Fertilizers,TS_GP_RLS_SALEFERT_M.F_001000,Total Fertlilizer Off-take,28-Feb-11,482,Thousand Metric Ton,Normal,
Sales/offtake of Fertilizers,TS_GP_RLS_SALEFERT_M.F_001000,Total Fertlilizer Off-take,31-Mar-11,454,Thousand Metric Ton,Normal,
Sales/offtake of Fertilizers,TS_GP_RLS_SALEFERT_M.F_001000,Total Fertlilizer Off-take,30-Apr-11,542,Thousand Metric Ton,Normal,
Sales/offtake of Fertilizers,TS_GP_RLS_SALEFERT_M.F_001000,Total Fertlilizer Off-take,31-May-11,503,Thousand Metric Ton,Normal,
Sales/offtake of Fertilizers,TS_GP_RLS_SALEFERT_M.F_001000,Total Fertlilizer Off-take,30-Jun-11,560,Thousand Metric Ton,Normal,
Sales/offtake of Fertilizers,TS_GP_RLS_SALEFERT_M.F_001000,Total Fertlilizer Off-take,31-Jul-11,614,Thousand Metric Ton,Normal,
Sales/offtake of Fertilizers,TS_GP_RLS_SALEFERT_M.F_001000,Total Fertlilizer Off-take,31-Aug-11,633,Thousand Metric Ton,Normal,
Sales/offtake of Fertilizers,TS_GP_RLS_SALEFERT_M.F_001000,Total Fertlilizer Off-take,30-Sep-11,648,Thousand Metric Ton,Normal,
Sales/offtake of Fertilizers,TS_GP_RLS_SALEFERT_M.F_001000,Total Fertlilizer Off-take,31-Oct-11,722,Thousand Metric Ton,Normal,
Sales/offtake of Fertilizers,TS_GP_RLS_SALEFERT_M.F_001000,Total Fertlilizer Off-take,30-Nov-11,614,Thousand Metric Ton,Normal,
Sales/offtake of Fertilizers,TS_GP_RLS_SALEFERT_M.F_001000,Total Fertlilizer Off-take,31-Dec-11,818,Thousand Metric Ton,Normal,
Sales/offtake of Fertilizers,TS_GP_RLS_SALEFERT_M.F_001000,Total Fertlilizer Off-take,31-Jan-12,639,Thousand Metric Ton,Normal,
Sales/offtake of Fertilizers,TS_GP_RLS_SALEFERT_M.F_001000,Total Fertlilizer Off-take,29-Feb-12,172,Thousand Metric Ton,Normal,
Sales/offtake of Fertilizers,TS_GP_RLS_SALEFERT_M.F_001000,Total Fertlilizer Off-take,31-Mar-12,309,Thousand Metric Ton,Normal,
Sales/offtake of Fertilizers,TS_GP_RLS_SALEFERT_M.F_001000,Total Fertlilizer Off-take,30-Apr-12,368,Thousand Metric Ton,Normal,
Sales/offtake of Fertilizers,TS_GP_RLS_SALEFERT_M.F_001000,Total Fertlilizer Off-take,31-May-12,403,Thousand Metric Ton,Normal,
Sales/offtake of Fertilizers,TS_GP_RLS_SALEFERT_M.F_001000,Total Fertlilizer Off-take,30-Jun-12,1125,Thousand Metric Ton,Normal,
Sales/offtake of Fertilizers,TS_GP_RLS_SALEFERT_M.F_001000,Total Fertlilizer Off-take,31-Jul-12,490,Thousand Metric Ton,Normal,
Sales/offtake of Fertilizers,TS_GP_RLS_SALEFERT_M.F_001000,Total Fertlilizer Off-take,31-Aug-12,375,Thousand Metric Ton,Normal,
Sales/offtake of Fertilizers,TS_GP_RLS_SALEFERT_M.F_001000,Total Fertlilizer Off-take,30-Sep-12,472,Thousand Metric Ton,Normal,
Sales/offtake of Fertilizers,TS_GP_RLS_SALEFERT_M.F_001000,Total Fertlilizer Off-take,31-Oct-12,418,Thousand Metric Ton,Normal,
Sales/offtake of Fertilizers,TS_GP_RLS_SALEFERT_M.F_001000,Total Fertlilizer Off-take,30-Nov-12,576,Thousand Metric Ton,Normal,
Sales/offtake of Fertilizers,TS_GP_RLS_SALEFERT_M.F_001000,Total Fertlilizer Off-take,31-Dec-12,1079,Thousand Metric Ton,Normal,
Sales/offtake of Fertilizers,TS_GP_RLS_SALEFERT_M.F_001000,Total Fertlilizer Off-take,31-Jan-13,570,Thousand Metric Ton,Normal,
Sales/offtake of Fertilizers,TS_GP_RLS_SALEFERT_M.F_001000,Total Fertlilizer Off-take,28-Feb-13,442,Thousand Metric Ton,Normal,
Sales/offtake of Fertilizers,TS_GP_RLS_SALEFERT_M.F_001000,Total Fertlilizer Off-take,31-Mar-13,469.8,Thousand Metric Ton,Normal,
Sales/offtake of Fertilizers,TS_GP_RLS_SALEFERT_M.F_001000,Total Fertlilizer Off-take,30-Apr-13,366,Thousand Metric Ton,Normal,
Sales/offtake of Fertilizers,TS_GP_RLS_SALEFERT_M.F_001000,Total Fertlilizer Off-take,31-May-13,564.9,Thousand Metric Ton,Normal,
Sales/offtake of Fertilizers,TS_GP_RLS_SALEFERT_M.F_001000,Total Fertlilizer Off-take,30-Jun-13,717,Thousand Metric Ton,Normal,
Sales/offtake of Fertilizers,TS_GP_RLS_SALEFERT_M.F_001000,Total Fertlilizer Off-take,31-Jul-13,547.5,Thousand Metric Ton,Normal,
Sales/offtake of Fertilizers,TS_GP_RLS_SALEFERT_M.F_001000,Total Fertlilizer Off-take,31-Aug-13,599.7,Thousand Metric Ton,Normal,
Sales/offtake of Fertilizers,TS_GP_RLS_SALEFERT_M.F_001000,Total Fertlilizer Off-take,30-Sep-13,673.1,Thousand Metric Ton,Normal,
Sales/offtake of Fertilizers,TS_GP_RLS_SALEFERT_M.F_001000,Total Fertlilizer Off-take,31-Oct-13,766.4,Thousand Metric Ton,Normal,
Sales/offtake of Fertilizers,TS_GP_RLS_SALEFERT_M.F_001000,Total Fertlilizer Off-take,30-Nov-13,957,Thousand Metric Ton,Normal,
Sales/offtake of Fertilizers,TS_GP_RLS_SALEFERT_M.F_001000,Total Fertlilizer Off-take,31-Dec-13,847,Thousand Metric Ton,Normal,
Sales/offtake of Fertilizers,TS_GP_RLS_SALEFERT_M.F_001000,Total Fertlilizer Off-take,31-Jan-14,646,Thousand Metric Ton,Normal,
Sales/offtake of Fertilizers,TS_GP_RLS_SALEFERT_M.F_001000,Total Fertlilizer Off-take,28-Feb-14,473,Thousand Metric Ton,Normal,
Sales/offtake of Fertilizers,TS_GP_RLS_SALEFERT_M.F_001000,Total Fertlilizer Off-take,31-Mar-14,457,Thousand Metric Ton,Normal,
Sales/offtake of Fertilizers,TS_GP_RLS_SALEFERT_M.F_001000,Total Fertlilizer Off-take,30-Apr-14,295.6,Thousand Metric Ton,Normal,
Sales/offtake of Fertilizers,TS_GP_RLS_SALEFERT_M.F_001000,Total Fertlilizer Off-take,31-May-14,516.5,Thousand Metric Ton,Normal,
Sales/offtake of Fertilizers,TS_GP_RLS_SALEFERT_M.F_001000,Total Fertlilizer Off-take,30-Jun-14,572.5,Thousand Metric Ton,Normal,
Sales/offtake of Fertilizers,TS_GP_RLS_SALEFERT_M.F_001000,Total Fertlilizer Off-take,31-Jul-14,631.4,Thousand Metric Ton,Normal,
Sales/offtake of Fertilizers,TS_GP_RLS_SALEFERT_M.F_001000,Total Fertlilizer Off-take,31-Aug-14,752.3,Thousand Metric Ton,Normal,
Sales/offtake of Fertilizers,TS_GP_RLS_SALEFERT_M.F_001000,Total Fertlilizer Off-take,30-Sep-14,507.8,Thousand Metric Ton,Normal,
Sales/offtake of Fertilizers,TS_GP_RLS_SALEFERT_M.F_001000,Total Fertlilizer Off-take,31-Oct-14,732,Thousand Metric Ton,Normal,
Sales/offtake of Fertilizers,TS_GP_RLS_SALEFERT_M.F_001000,Total Fertlilizer Off-take,30-Nov-14,876.2,Thousand Metric Ton,Normal,
Sales/offtake of Fertilizers,TS_GP_RLS_SALEFERT_M.F_001000,Total Fertlilizer Off-take,31-Dec-14,876.5,Thousand Metric Ton,Normal,
Sales/offtake of Fertilizers,TS_GP_RLS_SALEFERT_M.F_001000,Total Fertlilizer Off-take,31-Jan-15,700.9,Thousand Metric Ton,Normal,
Sales/offtake of Fertilizers,TS_GP_RLS_SALEFERT_M.F_001000,Total Fertlilizer Off-take,28-Feb-15,519.2,Thousand Metric Ton,Normal,
Sales/offtake of Fertilizers,TS_GP_RLS_SALEFERT_M.F_001000,Total Fertlilizer Off-take,31-Mar-15,477,Thousand Metric Ton,Normal,
Sales/offtake of Fertilizers,TS_GP_RLS_SALEFERT_M.F_001000,Total Fertlilizer Off-take,30-Apr-15,434.4,Thousand Metric Ton,Normal,
Sales/offtake of Fertilizers,TS_GP_RLS_SALEFERT_M.F_001000,Total Fertlilizer Off-take,31-May-15,531.3,Thousand Metric Ton,Normal,
Sales/offtake of Fertilizers,TS_GP_RLS_SALEFERT_M.F_001000,Total Fertlilizer Off-take,30-Jun-15,670.9,Thousand Metric Ton,Normal,
Sales/offtake of Fertilizers,TS_GP_RLS_SALEFERT_M.F_001000,Total Fertlilizer Off-take,31-Jul-15,530,Thousand Metric Ton,Normal,
Sales/offtake of Fertilizers,TS_GP_RLS_SALEFERT_M.F_001000,Total Fertlilizer Off-take,31-Aug-15,463,Thousand Metric Ton,Normal,
Sales/offtake of Fertilizers,TS_GP_RLS_SALEFERT_M.F_001000,Total Fertlilizer Off-take,30-Sep-15,353,Thousand Metric Ton,Normal,
Sales/offtake of Fertilizers,TS_GP_RLS_SALEFERT_M.F_001000,Total Fertlilizer Off-take,31-Oct-15,733,Thousand Metric Ton,Normal,
Sales/offtake of Fertilizers,TS_GP_RLS_SALEFERT_M.F_001000,Total Fertlilizer Off-take,30-Nov-15,1160,Thousand Metric Ton,Normal,
Sales/offtake of Fertilizers,TS_GP_RLS_SALEFERT_M.F_001000,Total Fertlilizer Off-take,31-Dec-15,971,Thousand Metric Ton,Normal,
Sales/offtake of Fertilizers,TS_GP_RLS_SALEFERT_M.F_001000,Total Fertlilizer Off-take,31-Jan-16,423,Thousand Metric Ton,Normal,
Sales/offtake of Fertilizers,TS_GP_RLS_SALEFERT_M.F_001000,Total Fertlilizer Off-take,29-Feb-16,386,Thousand Metric Ton,Normal,
Sales/offtake of Fertilizers,TS_GP_RLS_SALEFERT_M.F_001000,Total Fertlilizer Off-take,31-Mar-16,200,Thousand Metric Ton,Normal,
Sales/offtake of Fertilizers,TS_GP_RLS_SALEFERT_M.F_001000,Total Fertlilizer Off-take,30-Apr-16,318,Thousand Metric Ton,Normal,
Sales/offtake of Fertilizers,TS_GP_RLS_SALEFERT_M.F_001000,Total Fertlilizer Off-take,31-May-16,357,Thousand Metric Ton,Normal,
Sales/offtake of Fertilizers,TS_GP_RLS_SALEFERT_M.F_001000,Total Fertlilizer Off-take,30-Jun-16,633,Thousand Metric Ton,Normal,
Sales/offtake of Fertilizers,TS_GP_RLS_SALEFERT_M.F_001000,Total Fertlilizer Off-take,31-Jul-16,977,Thousand Metric Ton,Normal,
Sales/offtake of Fertilizers,TS_GP_RLS_SALEFERT_M.F_001000,Total Fertlilizer Off-take,31-Aug-16,708,Thousand Metric Ton,Normal,
Sales/offtake of Fertilizers,TS_GP_RLS_SALEFERT_M.F_001000,Total Fertlilizer Off-take,30-Sep-16,406.9,Thousand Metric Ton,Normal,
Sales/offtake of Fertilizers,TS_GP_RLS_SALEFERT_M.F_001000,Total Fertlilizer Off-take,31-Oct-16,861.2,Thousand Metric Ton,Normal,
Sales/offtake of Fertilizers,TS_GP_RLS_SALEFERT_M.F_001000,Total Fertlilizer Off-take,30-Nov-16,1395,Thousand Metric Ton,Normal,
Sales/offtake of Fertilizers,TS_GP_RLS_SALEFERT_M.F_001000,Total Fertlilizer Off-take,31-Dec-16,1060,Thousand Metric Ton,Normal,
Sales/offtake of Fertilizers,TS_GP_RLS_SALEFERT_M.F_001000,Total Fertlilizer Off-take,31-Jan-17,467,Thousand Metric Ton,Normal,
Sales/offtake of Fertilizers,TS_GP_RLS_SALEFERT_M.F_001000,Total Fertlilizer Off-take,28-Feb-17,355,Thousand Metric Ton,Normal,
Sales/offtake of Fertilizers,TS_GP_RLS_SALEFERT_M.F_001000,Total Fertlilizer Off-take,31-Mar-17,361,Thousand Metric Ton,Normal,
Sales/offtake of Fertilizers,TS_GP_RLS_SALEFERT_M.F_001000,Total Fertlilizer Off-take,30-Apr-17,346,Thousand Metric Ton,Normal,
Sales/offtake of Fertilizers,TS_GP_RLS_SALEFERT_M.F_001000,Total Fertlilizer Off-take,31-May-17,590,Thousand Metric Ton,Normal,
Sales/offtake of Fertilizers,TS_GP_RLS_SALEFERT_M.F_001000,Total Fertlilizer Off-take,30-Jun-17,1172,Thousand Metric Ton,Normal,
Sales/offtake of Fertilizers,TS_GP_RLS_SALEFERT_M.F_001000,Total Fertlilizer Off-take,31-Jul-17,622,Thousand Metric Ton,Normal,
Sales/offtake of Fertilizers,TS_GP_RLS_SALEFERT_M.F_001000,Total Fertlilizer Off-take,31-Aug-17,1032,Thousand Metric Ton,Normal,
Sales/offtake of Fertilizers,TS_GP_RLS_SALEFERT_M.F_001000,Total Fertlilizer Off-take,30-Sep-17,563,Thousand Metric Ton,Normal,
Sales/offtake of Fertilizers,TS_GP_RLS_SALEFERT_M.F_001000,Total Fertlilizer Off-take,31-Oct-17,762,Thousand Metric Ton,Normal,
Sales/offtake of Fertilizers,TS_GP_RLS_SALEFERT_M.F_001000,Total Fertlilizer Off-take,30-Nov-17,1104,Thousand Metric Ton,Normal,
Sales/offtake of Fertilizers,TS_GP_RLS_SALEFERT_M.F_001000,Total Fertlilizer Off-take,31-Dec-17,867,Thousand Metric Ton,Normal,
Sales/offtake of Fertilizers,TS_GP_RLS_SALEFERT_M.F_001000,Total Fertlilizer Off-take,31-Jan-18,631,Thousand Metric Ton,Normal,
Sales/offtake of Fertilizers,TS_GP_RLS_SALEFERT_M.F_001000,Total Fertlilizer Off-take,28-Feb-18,492,Thousand Metric Ton,Normal,
Sales/offtake of Fertilizers,TS_GP_RLS_SALEFERT_M.F_001000,Total Fertlilizer Off-take,31-Mar-18,492,Thousand Metric Ton,Normal,
Sales/offtake of Fertilizers,TS_GP_RLS_SALEFERT_M.F_001000,Total Fertlilizer Off-take,30-Apr-18,444,Thousand Metric Ton,Normal,
Sales/offtake of Fertilizers,TS_GP_RLS_SALEFERT_M.F_001000,Total Fertlilizer Off-take,31-May-18,556,Thousand Metric Ton,Normal,
Sales/offtake of Fertilizers,TS_GP_RLS_SALEFERT_M.F_001000,Total Fertlilizer Off-take,30-Jun-18,798,Thousand Metric Ton,Normal,
Sales/offtake of Fertilizers,TS_GP_RLS_SALEFERT_M.F_001000,Total Fertlilizer Off-take,31-Jul-18,799,Thousand Metric Ton,Normal,
Sales/offtake of Fertilizers,TS_GP_RLS_SALEFERT_M.F_001000,Total Fertlilizer Off-take,31-Aug-18,510,Thousand Metric Ton,Normal,
Sales/offtake of Fertilizers,TS_GP_RLS_SALEFERT_M.F_001000,Total Fertlilizer Off-take,30-Sep-18,681,Thousand Metric Ton,Normal,
Sales/offtake of Fertilizers,TS_GP_RLS_SALEFERT_M.F_001000,Total Fertlilizer Off-take,31-Oct-18,986,Thousand Metric Ton,Normal,
Sales/offtake of Fertilizers,TS_GP_RLS_SALEFERT_M.F_001000,Total Fertlilizer Off-take,30-Nov-18,762,Thousand Metric Ton,Normal,
Sales/offtake of Fertilizers,TS_GP_RLS_SALEFERT_M.F_001000,Total Fertlilizer Off-take,31-Dec-18,900,Thousand Metric Ton,Normal,
Sales/offtake of Fertilizers,TS_GP_RLS_SALEFERT_M.F_001000,Total Fertlilizer Off-take,31-Jan-19,639,Thousand Metric Ton,Normal,
Sales/offtake of Fertilizers,TS_GP_RLS_SALEFERT_M.F_001000,Total Fertlilizer Off-take,28-Feb-19,437,Thousand Metric Ton,Normal,
Sales/offtake of Fertilizers,TS_GP_RLS_SALEFERT_M.F_001000,Total Fertlilizer Off-take,31-Mar-19,473,Thousand Metric Ton,Normal,
Sales/offtake of Fertilizers,TS_GP_RLS_SALEFERT_M.F_001000,Total Fertlilizer Off-take,30-Apr-19,378,Thousand Metric Ton,Normal,
Sales/offtake of Fertilizers,TS_GP_RLS_SALEFERT_M.F_001000,Total Fertlilizer Off-take,31-May-19,806,Thousand Metric Ton,Normal,
Sales/offtake of Fertilizers,TS_GP_RLS_SALEFERT_M.F_001000,Total Fertlilizer Off-take,30-Jun-19,801,Thousand Metric Ton,Normal,
Sales/offtake of Fertilizers,TS_GP_RLS_SALEFERT_M.F_001000,Total Fertlilizer Off-take,31-Jul-19,667,Thousand Metric Ton,Normal,
Sales/offtake of Fertilizers,TS_GP_RLS_SALEFERT_M.F_001000,Total Fertlilizer Off-take,31-Aug-19,730,Thousand Metric Ton,Normal,
Sales/offtake of Fertilizers,TS_GP_RLS_SALEFERT_M.F_001000,Total Fertlilizer Off-take,30-Sep-19,615,Thousand Metric Ton,Normal,
Sales/offtake of Fertilizers,TS_GP_RLS_SALEFERT_M.F_001000,Total Fertlilizer Off-take,31-Oct-19,392,Thousand Metric Ton,Normal,
Sales/offtake of Fertilizers,TS_GP_RLS_SALEFERT_M.F_001000,Total Fertlilizer Off-take,30-Nov-19,785,Thousand Metric Ton,Normal,
Sales/offtake of Fertilizers,TS_GP_RLS_SALEFERT_M.F_001000,Total Fertlilizer Off-take,31-Dec-19,1538,Thousand Metric Ton,Normal,
Sales/offtake of Fertilizers,TS_GP_RLS_SALEFERT_M.F_001000,Total Fertlilizer Off-take,31-Jan-20,306,Thousand Metric Ton,Normal,
Sales/offtake of Fertilizers,TS_GP_RLS_SALEFERT_M.F_001000,Total Fertlilizer Off-take,29-Feb-20,548,Thousand Metric Ton,Normal,
Sales/offtake of Fertilizers,TS_GP_RLS_SALEFERT_M.F_001000,Total Fertlilizer Off-take,31-Mar-20,382,Thousand Metric Ton,Normal,
Sales/offtake of Fertilizers,TS_GP_RLS_SALEFERT_M.F_001000,Total Fertlilizer Off-take,30-Apr-20,393,Thousand Metric Ton,Normal,
Sales/offtake of Fertilizers,TS_GP_RLS_SALEFERT_M.F_001000,Total Fertlilizer Off-take,31-May-20,301,Thousand Metric Ton,Normal,
Sales/offtake of Fertilizers,TS_GP_RLS_SALEFERT_M.F_001000,Total Fertlilizer Off-take,30-Jun-20,1341,Thousand Metric Ton,Normal,
Sales/offtake of Fertilizers,TS_GP_RLS_SALEFERT_M.F_001000,Total Fertlilizer Off-take,31-Jul-20,826,Thousand Metric Ton,Normal,
Sales/offtake of Fertilizers,TS_GP_RLS_SALEFERT_M.F_001000,Total Fertlilizer Off-take,31-Aug-20,868,Thousand Metric Ton,Normal,
Sales/offtake of Fertilizers,TS_GP_RLS_SALEFERT_M.F_001000,Total Fertlilizer Off-take,30-Sep-20,622,Thousand Metric Ton,Normal,
Sales/offtake of Fertilizers,TS_GP_RLS_SALEFERT_M.F_001000,Total Fertlilizer Off-take,31-Oct-20,642,Thousand Metric Ton,Normal,
Sales/offtake of Fertilizers,TS_GP_RLS_SALEFERT_M.F_001000,Total Fertlilizer Off-take,30-Nov-20,889,Thousand Metric Ton,Normal,
Sales/offtake of Fertilizers,TS_GP_RLS_SALEFERT_M.F_001000,Total Fertlilizer Off-take,31-Dec-20,1086,Thousand Metric Ton,Normal,
Sales/offtake of Fertilizers,TS_GP_RLS_SALEFERT_M.F_001000,Total Fertlilizer Off-take,31-Jan-21,731,Thousand Metric Ton,Normal,
Sales/offtake of Fertilizers,TS_GP_RLS_SALEFERT_M.F_001000,Total Fertlilizer Off-take,28-Feb-21,494,Thousand Metric Ton,Normal,
Sales/offtake of Fertilizers,TS_GP_RLS_SALEFERT_M.F_001000,Total Fertlilizer Off-take,31-Mar-21,487,Thousand Metric Ton,Normal,
Sales/offtake of Fertilizers,TS_GP_RLS_SALEFERT_M.F_001000,Total Fertlilizer Off-take,30-Apr-21,355,Thousand Metric Ton,Normal,
Sales/offtake of Fertilizers,TS_GP_RLS_SALEFERT_M.F_001000,Total Fertlilizer Off-take,31-May-21,674,Thousand Metric Ton,Normal,
Sales/offtake of Fertilizers,TS_GP_RLS_SALEFERT_M.F_001000,Total Fertlilizer Off-take,30-Jun-21,758,Thousand Metric Ton,Normal,
Sales/offtake of Fertilizers,TS_GP_RLS_SALEFERT_M.F_001000,Total Fertlilizer Off-take,31-Jul-21,815,Thousand Metric Ton,Normal,
Sales/offtake of Fertilizers,TS_GP_RLS_SALEFERT_M.F_001000,Total Fertlilizer Off-take,31-Aug-21,836,Thousand Metric Ton,Normal,
Sales/offtake of Fertilizers,TS_GP_RLS_SALEFERT_M.F_001000,Total Fertlilizer Off-take,30-Sep-21,708,Thousand Metric Ton,Normal,
Sales/offtake of Fertilizers,TS_GP_RLS_SALEFERT_M.F_001000,Total Fertlilizer Off-take,31-Oct-21,856,Thousand Metric Ton,Normal,
Sales/offtake of Fertilizers,TS_GP_RLS_SALEFERT_M.F_001000,Total Fertlilizer Off-take,30-Nov-21,794,Thousand Metric Ton,Normal,
Sales/offtake of Fertilizers,TS_GP_RLS_SALEFERT_M.F_001000,Total Fertlilizer Off-take,31-Dec-21,716,Thousand Metric Ton,Normal,
Sales/offtake of Fertilizers,TS_GP_RLS_SALEFERT_M.F_001000,Total Fertlilizer Off-take,31-Jan-22,711,Thousand Metric Ton,Normal,
Sales/offtake of Fertilizers,TS_GP_RLS_SALEFERT_M.F_001000,Total Fertlilizer Off-take,28-Feb-22,582,Thousand Metric Ton,Normal,
Sales/offtake of Fertilizers,TS_GP_RLS_SALEFERT_M.F_001000,Total Fertlilizer Off-take,31-Mar-22,589,Thousand Metric Ton,Normal,
Sales/offtake of Fertilizers,TS_GP_RLS_SALEFERT_M.F_001000,Total Fertlilizer Off-take,30-Apr-22,554,Thousand Metric Ton,Normal,
Sales/offtake of Fertilizers,TS_GP_RLS_SALEFERT_M.F_001000,Total Fertlilizer Off-take,31-May-22,512,Thousand Metric Ton,Normal,
Sales/offtake of Fertilizers,TS_GP_RLS_SALEFERT_M.F_001000,Total Fertlilizer Off-take,30-Jun-22,883,Thousand Metric Ton,Normal,
Sales/offtake of Fertilizers,TS_GP_RLS_SALEFERT_M.F_001000,Total Fertlilizer Off-take,31-Jul-22,530,Thousand Metric Ton,Normal,
Sales/offtake of Fertilizers,TS_GP_RLS_SALEFERT_M.F_001000,Total Fertlilizer Off-take,31-Aug-22,578,Thousand Metric Ton,Normal,
Sales/offtake of Fertilizers,TS_GP_RLS_SALEFERT_M.F_001000,Total Fertlilizer Off-take,30-Sep-22,571,Thousand Metric Ton,Normal,
Sales/offtake of Fertilizers,TS_GP_RLS_SALEFERT_M.F_001000,Total Fertlilizer Off-take,31-Oct-22,501,Thousand Metric Ton,Normal,
Sales/offtake of Fertilizers,TS_GP_RLS_SALEFERT_M.F_001000,Total Fertlilizer Off-take,30-Nov-22,819,Thousand Metric Ton,Normal,
Sales/offtake of Fertilizers,TS_GP_RLS_SALEFERT_M.F_001000,Total Fertlilizer Off-take,31-Dec-22,991,Thousand Metric Ton,Normal,
Sales/offtake of Fertilizers,TS_GP_RLS_SALEFERT_M.F_001000,Total Fertlilizer Off-take,31-Jan-23,727,Thousand Metric Ton,Normal,
Sales/offtake of Fertilizers,TS_GP_RLS_SALEFERT_M.F_001000,Total Fertlilizer Off-take,28-Feb-23,601,Thousand Metric Ton,Normal,
Sales/offtake of Fertilizers,TS_GP_RLS_SALEFERT_M.F_001000,Total Fertlilizer Off-take,31-Mar-23,540,Thousand Metric Ton,Normal,
Sales/offtake of Fertilizers,TS_GP_RLS_SALEFERT_M.F_001000,Total Fertlilizer Off-take,30-Apr-23,459,Thousand Metric Ton,Normal,
Sales/offtake of Fertilizers,TS_GP_RLS_SALEFERT_M.F_001000,Total Fertlilizer Off-take,31-May-23,525,Thousand Metric Ton,Normal,
Sales/offtake of Fertilizers,TS_GP_RLS_SALEFERT_M.F_001000,Total Fertlilizer Off-take,30-Jun-23,768,Thousand Metric Ton,Normal,
Sales/offtake of Fertilizers,TS_GP_RLS_SALEFERT_M.F_001000,Total Fertlilizer Off-take,31-Jul-23,742,Thousand Metric Ton,Normal,
Sales/offtake of Fertilizers,TS_GP_RLS_SALEFERT_M.F_001000,Total Fertlilizer Off-take,31-Aug-23,913,Thousand Metric Ton,Normal,
Sales/offtake of Fertilizers,TS_GP_RLS_SALEFERT_M.F_001000,Total Fertlilizer Off-take,30-Sep-23,672,Thousand Metric Ton,Normal,
Sales/offtake of Fertilizers,TS_GP_RLS_SALEFERT_M.F_001000,Total Fertlilizer Off-take,31-Oct-23,620,Thousand Metric Ton,Normal,
Sales/offtake of Fertilizers,TS_GP_RLS_SALEFERT_M.F_001000,Total Fertlilizer Off-take,30-Nov-23,889,Thousand Metric Ton,Normal,
Sales/offtake of Fertilizers,TS_GP_RLS_SALEFERT_M.F_001000,Total Fertlilizer Off-take,31-Dec-23,766,Thousand Metric Ton,Normal,
Sales/offtake of Fertilizers,TS_GP_RLS_SALEFERT_M.F_001000,Total Fertlilizer Off-take,31-Jan-24,680,Thousand Metric Ton,Normal,
Sales/offtake of Fertilizers,TS_GP_RLS_SALEFERT_M.F_001000,Total Fertlilizer Off-take,29-Feb-24,658,Thousand Metric Ton,Normal,
Sales/offtake of Fertilizers,TS_GP_RLS_SALEFERT_M.F_001000,Total Fertlilizer Off-take,31-Mar-24,778,Thousand Metric Ton,Normal,
Sales/offtake of Fertilizers,TS_GP_RLS_SALEFERT_M.F_001000,Total Fertlilizer Off-take,30-Apr-24,421,Thousand Metric Ton,Normal,
Sales/offtake of Fertilizers,TS_GP_RLS_SALEFERT_M.F_001000,Total Fertlilizer Off-take,31-May-24,441,Thousand Metric Ton,Normal,
Sales/offtake of Fertilizers,TS_GP_RLS_SALEFERT_M.F_001000,Total Fertlilizer Off-take,30-Jun-24,606,Thousand Metric Ton,Normal,
Sales/offtake of Fertilizers,TS_GP_RLS_SALEFERT_M.F_001000,Total Fertlilizer Off-take,31-Jul-24,775,Thousand Metric Ton,Normal,
Sales/offtake of Fertilizers,TS_GP_RLS_SALEFERT_M.F_001000,Total Fertlilizer Off-take,31-Aug-24,648,Thousand Metric Ton,Normal,
Sales/offtake of Fertilizers,TS_GP_RLS_SALEFERT_M.F_001000,Total Fertlilizer Off-take,30-Sep-24,499,Thousand Metric Ton,Normal,
Sales/offtake of Fertilizers,TS_GP_RLS_SALEFERT_M.F_001000,Total Fertlilizer Off-take,31-Oct-24,667,Thousand Metric Ton,Normal,
Sales/offtake of Fertilizers,TS_GP_RLS_SALEFERT_M.F_001000,Total Fertlilizer Off-take,30-Nov-24,904,Thousand Metric Ton,Normal,
