Dataset,Series Key,Series,Observation Date,Observation Value,Unit,Observation Status,Observation Status Comment
Foreign Investment in Pakistan by Sectors,TS_GP_FI_FIPK_M.FIS0020,FDI inflows in PAK,31-Jul-12,109.494132,Million USD,Normal,
Foreign Investment in Pakistan by Sectors,TS_GP_FI_FIPK_M.FIS0020,FDI inflows in PAK,31-Aug-12,183.888124,Million USD,Normal,
Foreign Investment in Pakistan by Sectors,TS_GP_FI_FIPK_M.FIS0020,FDI inflows in PAK,30-Sep-12,170.721948,Million USD,Normal,
Foreign Investment in Pakistan by Sectors,TS_GP_FI_FIPK_M.FIS0020,FDI inflows in PAK,31-Oct-12,192.649323,Million USD,Normal,
Foreign Investment in Pakistan by Sectors,TS_GP_FI_FIPK_M.FIS0020,FDI inflows in PAK,30-Nov-12,130.854034,Million USD,Normal,
Foreign Investment in Pakistan by Sectors,TS_GP_FI_FIPK_M.FIS0020,FDI inflows in PAK,31-Dec-12,314.238397,Million USD,Normal,
Foreign Investment in Pakistan by Sectors,TS_GP_FI_FIPK_M.FIS0020,FDI inflows in PAK,31-Jan-13,154.16177,Million USD,Normal,
Foreign Investment in Pakistan by Sectors,TS_GP_FI_FIPK_M.FIS0020,FDI inflows in PAK,28-Feb-13,162.62789,Million USD,Normal,
Foreign Investment in Pakistan by Sectors,TS_GP_FI_FIPK_M.FIS0020,FDI inflows in PAK,31-Mar-13,185.451974,Million USD,Normal,
Foreign Investment in Pakistan by Sectors,TS_GP_FI_FIPK_M.FIS0020,FDI inflows in PAK,30-Apr-13,301.564569,Million USD,Normal,
Foreign Investment in Pakistan by Sectors,TS_GP_FI_FIPK_M.FIS0020,FDI inflows in PAK,31-May-13,571.939082,Million USD,Normal,
Foreign Investment in Pakistan by Sectors,TS_GP_FI_FIPK_M.FIS0020,FDI inflows in PAK,30-Jun-13,187.750374,Million USD,Normal,
Foreign Investment in Pakistan by Sectors,TS_GP_FI_FIPK_M.FIS0020,FDI inflows in PAK,31-Jul-13,211.948944,Million USD,Normal,
Foreign Investment in Pakistan by Sectors,TS_GP_FI_FIPK_M.FIS0020,FDI inflows in PAK,31-Aug-13,156.633457,Million USD,Normal,
Foreign Investment in Pakistan by Sectors,TS_GP_FI_FIPK_M.FIS0020,FDI inflows in PAK,30-Sep-13,176.486839,Million USD,Normal,
Foreign Investment in Pakistan by Sectors,TS_GP_FI_FIPK_M.FIS0020,FDI inflows in PAK,31-Oct-13,165.379656,Million USD,Normal,
Foreign Investment in Pakistan by Sectors,TS_GP_FI_FIPK_M.FIS0020,FDI inflows in PAK,30-Nov-13,138.649036,Million USD,Normal,
Foreign Investment in Pakistan by Sectors,TS_GP_FI_FIPK_M.FIS0020,FDI inflows in PAK,31-Dec-13,201.686581,Million USD,Normal,
Foreign Investment in Pakistan by Sectors,TS_GP_FI_FIPK_M.FIS0020,FDI inflows in PAK,31-Jan-14,207.4068,Million USD,Normal,
Foreign Investment in Pakistan by Sectors,TS_GP_FI_FIPK_M.FIS0020,FDI inflows in PAK,28-Feb-14,161.987889,Million USD,Normal,
Foreign Investment in Pakistan by Sectors,TS_GP_FI_FIPK_M.FIS0020,FDI inflows in PAK,31-Mar-14,179.19823,Million USD,Normal,
Foreign Investment in Pakistan by Sectors,TS_GP_FI_FIPK_M.FIS0020,FDI inflows in PAK,30-Apr-14,266.932331,Million USD,Normal,
Foreign Investment in Pakistan by Sectors,TS_GP_FI_FIPK_M.FIS0020,FDI inflows in PAK,31-May-14,704.840474,Million USD,Normal,
Foreign Investment in Pakistan by Sectors,TS_GP_FI_FIPK_M.FIS0020,FDI inflows in PAK,30-Jun-14,276.269378,Million USD,Normal,
Foreign Investment in Pakistan by Sectors,TS_GP_FI_FIPK_M.FIS0020,FDI inflows in PAK,31-Jul-14,150.221471,Million USD,Normal,
Foreign Investment in Pakistan by Sectors,TS_GP_FI_FIPK_M.FIS0020,FDI inflows in PAK,31-Aug-14,136.202587,Million USD,Normal,
Foreign Investment in Pakistan by Sectors,TS_GP_FI_FIPK_M.FIS0020,FDI inflows in PAK,30-Sep-14,143.611891,Million USD,Normal,
Foreign Investment in Pakistan by Sectors,TS_GP_FI_FIPK_M.FIS0020,FDI inflows in PAK,31-Oct-14,973.533301,Million USD,Normal,
Foreign Investment in Pakistan by Sectors,TS_GP_FI_FIPK_M.FIS0020,FDI inflows in PAK,30-Nov-14,163.156842,Million USD,Normal,
Foreign Investment in Pakistan by Sectors,TS_GP_FI_FIPK_M.FIS0020,FDI inflows in PAK,31-Dec-14,237.622238,Million USD,Normal,
Foreign Investment in Pakistan by Sectors,TS_GP_FI_FIPK_M.FIS0020,FDI inflows in PAK,31-Jan-15,105.923472,Million USD,Normal,
Foreign Investment in Pakistan by Sectors,TS_GP_FI_FIPK_M.FIS0020,FDI inflows in PAK,28-Feb-15,138.002663,Million USD,Normal,
Foreign Investment in Pakistan by Sectors,TS_GP_FI_FIPK_M.FIS0020,FDI inflows in PAK,31-Mar-15,184.324573,Million USD,Normal,
Foreign Investment in Pakistan by Sectors,TS_GP_FI_FIPK_M.FIS0020,FDI inflows in PAK,30-Apr-15,205.954288,Million USD,Normal,
Foreign Investment in Pakistan by Sectors,TS_GP_FI_FIPK_M.FIS0020,FDI inflows in PAK,31-May-15,196.666065,Million USD,Normal,
Foreign Investment in Pakistan by Sectors,TS_GP_FI_FIPK_M.FIS0020,FDI inflows in PAK,30-Jun-15,207.726,Million USD,Normal,
Foreign Investment in Pakistan by Sectors,TS_GP_FI_FIPK_M.FIS0020,FDI inflows in PAK,31-Jul-15,275.270859,Million USD,Normal,
Foreign Investment in Pakistan by Sectors,TS_GP_FI_FIPK_M.FIS0020,FDI inflows in PAK,31-Aug-15,261.919835,Million USD,Normal,
Foreign Investment in Pakistan by Sectors,TS_GP_FI_FIPK_M.FIS0020,FDI inflows in PAK,30-Sep-15,241.258835,Million USD,Normal,
Foreign Investment in Pakistan by Sectors,TS_GP_FI_FIPK_M.FIS0020,FDI inflows in PAK,31-Oct-15,263.431054,Million USD,Normal,
Foreign Investment in Pakistan by Sectors,TS_GP_FI_FIPK_M.FIS0020,FDI inflows in PAK,30-Nov-15,293.741857,Million USD,Normal,
Foreign Investment in Pakistan by Sectors,TS_GP_FI_FIPK_M.FIS0020,FDI inflows in PAK,31-Dec-15,426.032013,Million USD,Normal,
Foreign Investment in Pakistan by Sectors,TS_GP_FI_FIPK_M.FIS0020,FDI inflows in PAK,31-Jan-16,147.128345,Million USD,Normal,
Foreign Investment in Pakistan by Sectors,TS_GP_FI_FIPK_M.FIS0020,FDI inflows in PAK,28-Feb-16,212.051319,Million USD,Normal,
Foreign Investment in Pakistan by Sectors,TS_GP_FI_FIPK_M.FIS0020,FDI inflows in PAK,31-Mar-16,363.210403,Million USD,Normal,
Foreign Investment in Pakistan by Sectors,TS_GP_FI_FIPK_M.FIS0020,FDI inflows in PAK,30-Apr-16,237.721808,Million USD,Normal,
Foreign Investment in Pakistan by Sectors,TS_GP_FI_FIPK_M.FIS0020,FDI inflows in PAK,31-May-16,194.946449,Million USD,Normal,
Foreign Investment in Pakistan by Sectors,TS_GP_FI_FIPK_M.FIS0020,FDI inflows in PAK,30-Jun-16,339.618804,Million USD,Normal,
Foreign Investment in Pakistan by Sectors,TS_GP_FI_FIPK_M.FIS0020,FDI inflows in PAK,31-Jul-16,157.700393,Million USD,Normal,
Foreign Investment in Pakistan by Sectors,TS_GP_FI_FIPK_M.FIS0020,FDI inflows in PAK,31-Aug-16,164.745783,Million USD,Normal,
Foreign Investment in Pakistan by Sectors,TS_GP_FI_FIPK_M.FIS0020,FDI inflows in PAK,30-Sep-16,223.377322,Million USD,Normal,
Foreign Investment in Pakistan by Sectors,TS_GP_FI_FIPK_M.FIS0020,FDI inflows in PAK,31-Oct-16,212.696467,Million USD,Normal,
Foreign Investment in Pakistan by Sectors,TS_GP_FI_FIPK_M.FIS0020,FDI inflows in PAK,30-Nov-16,268.254423,Million USD,Normal,
Foreign Investment in Pakistan by Sectors,TS_GP_FI_FIPK_M.FIS0020,FDI inflows in PAK,31-Dec-16,772.739635,Million USD,Normal,
Foreign Investment in Pakistan by Sectors,TS_GP_FI_FIPK_M.FIS0020,FDI inflows in PAK,31-Jan-17,154.510925,Million USD,Normal,
Foreign Investment in Pakistan by Sectors,TS_GP_FI_FIPK_M.FIS0020,FDI inflows in PAK,28-Feb-17,144.369504,Million USD,Normal,
Foreign Investment in Pakistan by Sectors,TS_GP_FI_FIPK_M.FIS0020,FDI inflows in PAK,31-Mar-17,274.003374,Million USD,Normal,
Foreign Investment in Pakistan by Sectors,TS_GP_FI_FIPK_M.FIS0020,FDI inflows in PAK,30-Apr-17,163.079333,Million USD,Normal,
Foreign Investment in Pakistan by Sectors,TS_GP_FI_FIPK_M.FIS0020,FDI inflows in PAK,31-May-17,320.487973,Million USD,Normal,
Foreign Investment in Pakistan by Sectors,TS_GP_FI_FIPK_M.FIS0020,FDI inflows in PAK,30-Jun-17,254.811609,Million USD,Normal,
Foreign Investment in Pakistan by Sectors,TS_GP_FI_FIPK_M.FIS0020,FDI inflows in PAK,31-Jul-17,530.017205,Million USD,Normal,
Foreign Investment in Pakistan by Sectors,TS_GP_FI_FIPK_M.FIS0020,FDI inflows in PAK,31-Aug-17,332.696395,Million USD,Normal,
Foreign Investment in Pakistan by Sectors,TS_GP_FI_FIPK_M.FIS0020,FDI inflows in PAK,30-Sep-17,222.178678,Million USD,Normal,
Foreign Investment in Pakistan by Sectors,TS_GP_FI_FIPK_M.FIS0020,FDI inflows in PAK,31-Oct-17,350.502094,Million USD,Normal,
Foreign Investment in Pakistan by Sectors,TS_GP_FI_FIPK_M.FIS0020,FDI inflows in PAK,30-Nov-17,279.259936,Million USD,Normal,
Foreign Investment in Pakistan by Sectors,TS_GP_FI_FIPK_M.FIS0020,FDI inflows in PAK,31-Dec-17,257.799712,Million USD,Normal,
Foreign Investment in Pakistan by Sectors,TS_GP_FI_FIPK_M.FIS0020,FDI inflows in PAK,31-Jan-18,182.47311,Million USD,Normal,
Foreign Investment in Pakistan by Sectors,TS_GP_FI_FIPK_M.FIS0020,FDI inflows in PAK,28-Feb-18,309.12031,Million USD,Normal,
Foreign Investment in Pakistan by Sectors,TS_GP_FI_FIPK_M.FIS0020,FDI inflows in PAK,31-Mar-18,186.668226,Million USD,Normal,
Foreign Investment in Pakistan by Sectors,TS_GP_FI_FIPK_M.FIS0020,FDI inflows in PAK,30-Apr-18,226.87116,Million USD,Normal,
Foreign Investment in Pakistan by Sectors,TS_GP_FI_FIPK_M.FIS0020,FDI inflows in PAK,31-May-18,307.554023,Million USD,Normal,
Foreign Investment in Pakistan by Sectors,TS_GP_FI_FIPK_M.FIS0020,FDI inflows in PAK,30-Jun-18,309.371099,Million USD,Normal,
Foreign Investment in Pakistan by Sectors,TS_GP_FI_FIPK_M.FIS0020,FDI inflows in PAK,31-Jul-18,216.692436,Million USD,Normal,
Foreign Investment in Pakistan by Sectors,TS_GP_FI_FIPK_M.FIS0020,FDI inflows in PAK,31-Aug-18,231.746941,Million USD,Normal,
Foreign Investment in Pakistan by Sectors,TS_GP_FI_FIPK_M.FIS0020,FDI inflows in PAK,30-Sep-18,185.787828,Million USD,Normal,
Foreign Investment in Pakistan by Sectors,TS_GP_FI_FIPK_M.FIS0020,FDI inflows in PAK,31-Oct-18,224.65594,Million USD,Normal,
Foreign Investment in Pakistan by Sectors,TS_GP_FI_FIPK_M.FIS0020,FDI inflows in PAK,30-Nov-18,344.355426,Million USD,Normal,
Foreign Investment in Pakistan by Sectors,TS_GP_FI_FIPK_M.FIS0020,FDI inflows in PAK,31-Dec-18,349.869829,Million USD,Normal,
Foreign Investment in Pakistan by Sectors,TS_GP_FI_FIPK_M.FIS0020,FDI inflows in PAK,31-Jan-19,216.081657,Million USD,Normal,
Foreign Investment in Pakistan by Sectors,TS_GP_FI_FIPK_M.FIS0020,FDI inflows in PAK,28-Feb-19,175.930414,Million USD,Normal,
Foreign Investment in Pakistan by Sectors,TS_GP_FI_FIPK_M.FIS0020,FDI inflows in PAK,31-Mar-19,201.792327,Million USD,Normal,
Foreign Investment in Pakistan by Sectors,TS_GP_FI_FIPK_M.FIS0020,FDI inflows in PAK,30-Apr-19,167.246333,Million USD,Normal,
Foreign Investment in Pakistan by Sectors,TS_GP_FI_FIPK_M.FIS0020,FDI inflows in PAK,31-May-19,312.006298,Million USD,Normal,
Foreign Investment in Pakistan by Sectors,TS_GP_FI_FIPK_M.FIS0020,FDI inflows in PAK,30-Jun-19,159.052531,Million USD,Normal,
Foreign Investment in Pakistan by Sectors,TS_GP_FI_FIPK_M.FIS0020,FDI inflows in PAK,31-Jul-19,165.226828,Million USD,Normal,
Foreign Investment in Pakistan by Sectors,TS_GP_FI_FIPK_M.FIS0020,FDI inflows in PAK,31-Aug-19,149.394329,Million USD,Normal,
Foreign Investment in Pakistan by Sectors,TS_GP_FI_FIPK_M.FIS0020,FDI inflows in PAK,30-Sep-19,438.260875,Million USD,Normal,
Foreign Investment in Pakistan by Sectors,TS_GP_FI_FIPK_M.FIS0020,FDI inflows in PAK,31-Oct-19,189.727539,Million USD,Normal,
Foreign Investment in Pakistan by Sectors,TS_GP_FI_FIPK_M.FIS0020,FDI inflows in PAK,30-Nov-19,240.978104,Million USD,Normal,
Foreign Investment in Pakistan by Sectors,TS_GP_FI_FIPK_M.FIS0020,FDI inflows in PAK,31-Dec-19,579.734564,Million USD,Normal,
Foreign Investment in Pakistan by Sectors,TS_GP_FI_FIPK_M.FIS0020,FDI inflows in PAK,31-Jan-20,294.606858,Million USD,Normal,
Foreign Investment in Pakistan by Sectors,TS_GP_FI_FIPK_M.FIS0020,FDI inflows in PAK,28-Feb-20,321.023531,Million USD,Normal,
Foreign Investment in Pakistan by Sectors,TS_GP_FI_FIPK_M.FIS0020,FDI inflows in PAK,31-Mar-20,319.843206,Million USD,Normal,
Foreign Investment in Pakistan by Sectors,TS_GP_FI_FIPK_M.FIS0020,FDI inflows in PAK,30-Apr-20,192.645197,Million USD,Normal,
Foreign Investment in Pakistan by Sectors,TS_GP_FI_FIPK_M.FIS0020,FDI inflows in PAK,31-May-20,204.98901,Million USD,Normal,
Foreign Investment in Pakistan by Sectors,TS_GP_FI_FIPK_M.FIS0020,FDI inflows in PAK,30-Jun-20,225.636328,Million USD,Normal,
Foreign Investment in Pakistan by Sectors,TS_GP_FI_FIPK_M.FIS0020,FDI inflows in PAK,31-Jul-20,180.272729,Million USD,Normal,
Foreign Investment in Pakistan by Sectors,TS_GP_FI_FIPK_M.FIS0020,FDI inflows in PAK,31-Aug-20,193.019443,Million USD,Normal,
Foreign Investment in Pakistan by Sectors,TS_GP_FI_FIPK_M.FIS0020,FDI inflows in PAK,30-Sep-20,277.853722,Million USD,Normal,
Foreign Investment in Pakistan by Sectors,TS_GP_FI_FIPK_M.FIS0020,FDI inflows in PAK,31-Oct-20,376.81025,Million USD,Normal,
Foreign Investment in Pakistan by Sectors,TS_GP_FI_FIPK_M.FIS0020,FDI inflows in PAK,30-Nov-20,312.673782,Million USD,Normal,
Foreign Investment in Pakistan by Sectors,TS_GP_FI_FIPK_M.FIS0020,FDI inflows in PAK,31-Dec-20,255.7690792,Million USD,Normal,
Foreign Investment in Pakistan by Sectors,TS_GP_FI_FIPK_M.FIS0020,FDI inflows in PAK,31-Jan-21,268.0592943,Million USD,Normal,
Foreign Investment in Pakistan by Sectors,TS_GP_FI_FIPK_M.FIS0020,FDI inflows in PAK,28-Feb-21,208.524931,Million USD,Normal,
Foreign Investment in Pakistan by Sectors,TS_GP_FI_FIPK_M.FIS0020,FDI inflows in PAK,31-Mar-21,259.0966255,Million USD,Normal,
Foreign Investment in Pakistan by Sectors,TS_GP_FI_FIPK_M.FIS0020,FDI inflows in PAK,30-Apr-21,248.138906,Million USD,Normal,
Foreign Investment in Pakistan by Sectors,TS_GP_FI_FIPK_M.FIS0020,FDI inflows in PAK,31-May-21,264.321629,Million USD,Normal,
Foreign Investment in Pakistan by Sectors,TS_GP_FI_FIPK_M.FIS0020,FDI inflows in PAK,30-Jun-21,216.9003712,Million USD,Normal,
Foreign Investment in Pakistan by Sectors,TS_GP_FI_FIPK_M.FIS0020,FDI inflows in PAK,31-Jul-21,163.452855,Million USD,Normal,NA
Foreign Investment in Pakistan by Sectors,TS_GP_FI_FIPK_M.FIS0020,FDI inflows in PAK,31-Aug-21,167.515675,Million USD,Normal,NA
Foreign Investment in Pakistan by Sectors,TS_GP_FI_FIPK_M.FIS0020,FDI inflows in PAK,30-Sep-21,290.740189,Million USD,Normal,NA
Foreign Investment in Pakistan by Sectors,TS_GP_FI_FIPK_M.FIS0020,FDI inflows in PAK,31-Oct-21,283.599581,Million USD,Normal,NA
Foreign Investment in Pakistan by Sectors,TS_GP_FI_FIPK_M.FIS0020,FDI inflows in PAK,30-Nov-21,202.668712,Million USD,Normal,NA
Foreign Investment in Pakistan by Sectors,TS_GP_FI_FIPK_M.FIS0020,FDI inflows in PAK,31-Dec-21,368.647334,Million USD,Normal,NA
Foreign Investment in Pakistan by Sectors,TS_GP_FI_FIPK_M.FIS0020,FDI inflows in PAK,31-Jan-22,195.129988,Million USD,Normal,NA
Foreign Investment in Pakistan by Sectors,TS_GP_FI_FIPK_M.FIS0020,FDI inflows in PAK,28-Feb-22,166.666235,Million USD,Normal,NA
Foreign Investment in Pakistan by Sectors,TS_GP_FI_FIPK_M.FIS0020,FDI inflows in PAK,31-Mar-22,199.011172,Million USD,Normal,NA
Foreign Investment in Pakistan by Sectors,TS_GP_FI_FIPK_M.FIS0020,FDI inflows in PAK,30-Apr-22,194.358326,Million USD,Normal,NA
Foreign Investment in Pakistan by Sectors,TS_GP_FI_FIPK_M.FIS0020,FDI inflows in PAK,31-May-22,167.313384,Million USD,Normal,NA
Foreign Investment in Pakistan by Sectors,TS_GP_FI_FIPK_M.FIS0020,FDI inflows in PAK,30-Jun-22,293.362419,Million USD,Normal,NA
Foreign Investment in Pakistan by Sectors,TS_GP_FI_FIPK_M.FIS0020,FDI inflows in PAK,31-Jul-22,177.717027,Million USD,Normal,NA
Foreign Investment in Pakistan by Sectors,TS_GP_FI_FIPK_M.FIS0020,FDI inflows in PAK,31-Aug-22,195.237927,Million USD,Normal,NA
Foreign Investment in Pakistan by Sectors,TS_GP_FI_FIPK_M.FIS0020,FDI inflows in PAK,30-Sep-22,219.50999,Million USD,Normal,NA
Foreign Investment in Pakistan by Sectors,TS_GP_FI_FIPK_M.FIS0020,FDI inflows in PAK,31-Oct-22,192.748041,Million USD,Normal,NA
Foreign Investment in Pakistan by Sectors,TS_GP_FI_FIPK_M.FIS0020,FDI inflows in PAK,30-Nov-22,230.314039,Million USD,Normal,NA
Foreign Investment in Pakistan by Sectors,TS_GP_FI_FIPK_M.FIS0020,FDI inflows in PAK,31-Dec-22,304.591376,Million USD,Normal,NA
Foreign Investment in Pakistan by Sectors,TS_GP_FI_FIPK_M.FIS0020,FDI inflows in PAK,31-Jan-23,292.804494,Million USD,Normal,NA
Foreign Investment in Pakistan by Sectors,TS_GP_FI_FIPK_M.FIS0020,FDI inflows in PAK,28-Feb-23,167.047075,Million USD,Normal,NA
Foreign Investment in Pakistan by Sectors,TS_GP_FI_FIPK_M.FIS0020,FDI inflows in PAK,31-Mar-23,236.81075,Million USD,Normal,NA
Foreign Investment in Pakistan by Sectors,TS_GP_FI_FIPK_M.FIS0020,FDI inflows in PAK,30-Apr-23,177.096236,Million USD,Normal,NA
Foreign Investment in Pakistan by Sectors,TS_GP_FI_FIPK_M.FIS0020,FDI inflows in PAK,31-May-23,203.668008,Million USD,Normal,NA
Foreign Investment in Pakistan by Sectors,TS_GP_FI_FIPK_M.FIS0020,FDI inflows in PAK,30-Jun-23,170.433455,Million USD,Normal,NA
Foreign Investment in Pakistan by Sectors,TS_GP_FI_FIPK_M.FIS0020,FDI inflows in PAK,31-Jul-23,181.747212,Million USD,Normal,NA
Foreign Investment in Pakistan by Sectors,TS_GP_FI_FIPK_M.FIS0020,FDI inflows in PAK,31-Aug-23,231.912272,Million USD,Normal,NA
Foreign Investment in Pakistan by Sectors,TS_GP_FI_FIPK_M.FIS0020,FDI inflows in PAK,30-Sep-23,252.029632,Million USD,Normal,NA
Foreign Investment in Pakistan by Sectors,TS_GP_FI_FIPK_M.FIS0020,FDI inflows in PAK,31-Oct-23,202.552917,Million USD,Normal,NA
Foreign Investment in Pakistan by Sectors,TS_GP_FI_FIPK_M.FIS0020,FDI inflows in PAK,30-Nov-23,222.105127,Million USD,Normal,NA
Foreign Investment in Pakistan by Sectors,TS_GP_FI_FIPK_M.FIS0020,FDI inflows in PAK,31-Dec-23,288.964799,Million USD,Normal,NA
Foreign Investment in Pakistan by Sectors,TS_GP_FI_FIPK_M.FIS0020,FDI inflows in PAK,31-Jan-24,213.066297,Million USD,Normal,NA
Foreign Investment in Pakistan by Sectors,TS_GP_FI_FIPK_M.FIS0020,FDI inflows in PAK,29-Feb-24,205.681146,Million USD,Normal,NA
Foreign Investment in Pakistan by Sectors,TS_GP_FI_FIPK_M.FIS0020,FDI inflows in PAK,31-Mar-24,343.991085,Million USD,Normal,NA
Foreign Investment in Pakistan by Sectors,TS_GP_FI_FIPK_M.FIS0020,FDI inflows in PAK,30-Apr-24,427.782037,Million USD,Normal,NA
Foreign Investment in Pakistan by Sectors,TS_GP_FI_FIPK_M.FIS0020,FDI inflows in PAK,31-May-24,351.87888,Million USD,Normal,NA
Foreign Investment in Pakistan by Sectors,TS_GP_FI_FIPK_M.FIS0020,FDI inflows in PAK,30-Jun-24,243.267382,Million USD,Normal,NA
Foreign Investment in Pakistan by Sectors,TS_GP_FI_FIPK_M.FIS0020,FDI inflows in PAK,31-Jul-24,198.311254,Million USD,Normal,NA
Foreign Investment in Pakistan by Sectors,TS_GP_FI_FIPK_M.FIS0020,FDI inflows in PAK,31-Aug-24,310.272403,Million USD,Normal,NA
Foreign Investment in Pakistan by Sectors,TS_GP_FI_FIPK_M.FIS0020,FDI inflows in PAK,30-Sep-24,493.511266,Million USD,Normal,NA
Foreign Investment in Pakistan by Sectors,TS_GP_FI_FIPK_M.FIS0020,FDI inflows in PAK,31-Oct-24,240.410875,Million USD,Normal,NA
Foreign Investment in Pakistan by Sectors,TS_GP_FI_FIPK_M.FIS0020,FDI inflows in PAK,30-Nov-24,382.83858,Million USD,Normal,NA
