Dataset,Series Key,Series,Observation Date,Observation Value,Unit,Observation Status,Observation Status Comment
Inflation Snapshot (New Base: 2015-16),TS_GP_PT_CPI_M.P00011516,CPI National -YoY,31-Jul-16,3.17,Percent,Normal,
Inflation Snapshot (New Base: 2015-16),TS_GP_PT_CPI_M.P00011516,CPI National -YoY,31-Aug-16,2.8,Percent,Normal,
Inflation Snapshot (New Base: 2015-16),TS_GP_PT_CPI_M.P00011516,CPI National -YoY,30-Sep-16,3.23,Percent,Normal,
Inflation Snapshot (New Base: 2015-16),TS_GP_PT_CPI_M.P00011516,CPI National -YoY,31-Oct-16,4.19,Percent,Normal,
Inflation Snapshot (New Base: 2015-16),TS_GP_PT_CPI_M.P00011516,CPI National -YoY,30-Nov-16,4.69,Percent,Normal,
Inflation Snapshot (New Base: 2015-16),TS_GP_PT_CPI_M.P00011516,CPI National -YoY,31-Dec-16,4.08,Percent,Normal,
Inflation Snapshot (New Base: 2015-16),TS_GP_PT_CPI_M.P00011516,CPI National -YoY,31-Jan-17,4.53,Percent,Normal,
Inflation Snapshot (New Base: 2015-16),TS_GP_PT_CPI_M.P00011516,CPI National -YoY,28-Feb-17,5.04,Percent,Normal,
Inflation Snapshot (New Base: 2015-16),TS_GP_PT_CPI_M.P00011516,CPI National -YoY,31-Mar-17,6.14,Percent,Normal,
Inflation Snapshot (New Base: 2015-16),TS_GP_PT_CPI_M.P00011516,CPI National -YoY,30-Apr-17,6.91,Percent,Normal,
Inflation Snapshot (New Base: 2015-16),TS_GP_PT_CPI_M.P00011516,CPI National -YoY,31-May-17,6.36,Percent,Normal,
Inflation Snapshot (New Base: 2015-16),TS_GP_PT_CPI_M.P00011516,CPI National -YoY,30-Jun-17,6.54,Percent,Normal,
Inflation Snapshot (New Base: 2015-16),TS_GP_PT_CPI_M.P00011516,CPI National -YoY,31-Jul-17,3.86,Percent,Normal,
Inflation Snapshot (New Base: 2015-16),TS_GP_PT_CPI_M.P00011516,CPI National -YoY,31-Aug-17,4.39,Percent,Normal,
Inflation Snapshot (New Base: 2015-16),TS_GP_PT_CPI_M.P00011516,CPI National -YoY,30-Sep-17,4.66,Percent,Normal,
Inflation Snapshot (New Base: 2015-16),TS_GP_PT_CPI_M.P00011516,CPI National -YoY,31-Oct-17,4.83,Percent,Normal,
Inflation Snapshot (New Base: 2015-16),TS_GP_PT_CPI_M.P00011516,CPI National -YoY,30-Nov-17,5.03,Percent,Normal,
Inflation Snapshot (New Base: 2015-16),TS_GP_PT_CPI_M.P00011516,CPI National -YoY,31-Dec-17,5.61,Percent,Normal,
Inflation Snapshot (New Base: 2015-16),TS_GP_PT_CPI_M.P00011516,CPI National -YoY,31-Jan-18,5.24,Percent,Normal,
Inflation Snapshot (New Base: 2015-16),TS_GP_PT_CPI_M.P00011516,CPI National -YoY,28-Feb-18,4.46,Percent,Normal,
Inflation Snapshot (New Base: 2015-16),TS_GP_PT_CPI_M.P00011516,CPI National -YoY,31-Mar-18,3.59,Percent,Normal,
Inflation Snapshot (New Base: 2015-16),TS_GP_PT_CPI_M.P00011516,CPI National -YoY,30-Apr-18,3.96,Percent,Normal,
Inflation Snapshot (New Base: 2015-16),TS_GP_PT_CPI_M.P00011516,CPI National -YoY,31-May-18,4.98,Percent,Normal,
Inflation Snapshot (New Base: 2015-16),TS_GP_PT_CPI_M.P00011516,CPI National -YoY,30-Jun-18,5.67,Percent,Normal,
Inflation Snapshot (New Base: 2015-16),TS_GP_PT_CPI_M.P00011516,CPI National -YoY,31-Jul-18,6.66,Percent,Normal,
Inflation Snapshot (New Base: 2015-16),TS_GP_PT_CPI_M.P00011516,CPI National -YoY,31-Aug-18,6.17,Percent,Normal,
Inflation Snapshot (New Base: 2015-16),TS_GP_PT_CPI_M.P00011516,CPI National -YoY,30-Sep-18,5.42,Percent,Normal,
Inflation Snapshot (New Base: 2015-16),TS_GP_PT_CPI_M.P00011516,CPI National -YoY,31-Oct-18,6.5,Percent,Normal,
Inflation Snapshot (New Base: 2015-16),TS_GP_PT_CPI_M.P00011516,CPI National -YoY,30-Nov-18,5.66,Percent,Normal,
Inflation Snapshot (New Base: 2015-16),TS_GP_PT_CPI_M.P00011516,CPI National -YoY,31-Dec-18,5.37,Percent,Normal,
Inflation Snapshot (New Base: 2015-16),TS_GP_PT_CPI_M.P00011516,CPI National -YoY,31-Jan-19,5.55,Percent,Normal,
Inflation Snapshot (New Base: 2015-16),TS_GP_PT_CPI_M.P00011516,CPI National -YoY,28-Feb-19,6.75,Percent,Normal,
Inflation Snapshot (New Base: 2015-16),TS_GP_PT_CPI_M.P00011516,CPI National -YoY,31-Mar-19,8.64,Percent,Normal,
Inflation Snapshot (New Base: 2015-16),TS_GP_PT_CPI_M.P00011516,CPI National -YoY,30-Apr-19,8.27,Percent,Normal,
Inflation Snapshot (New Base: 2015-16),TS_GP_PT_CPI_M.P00011516,CPI National -YoY,31-May-19,8.42,Percent,Normal,
Inflation Snapshot (New Base: 2015-16),TS_GP_PT_CPI_M.P00011516,CPI National -YoY,30-Jun-19,8.04,Percent,Normal,
Inflation Snapshot (New Base: 2015-16),TS_GP_PT_CPI_M.P00011516,CPI National -YoY,31-Jul-19,8.38,Percent,Normal,
Inflation Snapshot (New Base: 2015-16),TS_GP_PT_CPI_M.P00011516,CPI National -YoY,31-Aug-19,10.49,Percent,Normal,
Inflation Snapshot (New Base: 2015-16),TS_GP_PT_CPI_M.P00011516,CPI National -YoY,30-Sep-19,11.38,Percent,Normal,
Inflation Snapshot (New Base: 2015-16),TS_GP_PT_CPI_M.P00011516,CPI National -YoY,31-Oct-19,11.04,Percent,Normal,
Inflation Snapshot (New Base: 2015-16),TS_GP_PT_CPI_M.P00011516,CPI National -YoY,30-Nov-19,12.67,Percent,Normal,
Inflation Snapshot (New Base: 2015-16),TS_GP_PT_CPI_M.P00011516,CPI National -YoY,31-Dec-19,12.63,Percent,Normal,
Inflation Snapshot (New Base: 2015-16),TS_GP_PT_CPI_M.P00011516,CPI National -YoY,31-Jan-20,14.56,Percent,Normal,
Inflation Snapshot (New Base: 2015-16),TS_GP_PT_CPI_M.P00011516,CPI National -YoY,29-Feb-20,12.4,Percent,Normal,
Inflation Snapshot (New Base: 2015-16),TS_GP_PT_CPI_M.P00011516,CPI National -YoY,31-Mar-20,10.24,Percent,Normal,
Inflation Snapshot (New Base: 2015-16),TS_GP_PT_CPI_M.P00011516,CPI National -YoY,30-Apr-20,8.52,Percent,Normal,
Inflation Snapshot (New Base: 2015-16),TS_GP_PT_CPI_M.P00011516,CPI National -YoY,31-May-20,8.23,Percent,Normal,
Inflation Snapshot (New Base: 2015-16),TS_GP_PT_CPI_M.P00011516,CPI National -YoY,30-Jun-20,8.59,Percent,Normal,
Inflation Snapshot (New Base: 2015-16),TS_GP_PT_CPI_M.P00011516,CPI National -YoY,31-Jul-20,9.3,Percent,Normal,
Inflation Snapshot (New Base: 2015-16),TS_GP_PT_CPI_M.P00011516,CPI National -YoY,31-Aug-20,8.21,Percent,Normal,
Inflation Snapshot (New Base: 2015-16),TS_GP_PT_CPI_M.P00011516,CPI National -YoY,30-Sep-20,9.03,Percent,Normal,
Inflation Snapshot (New Base: 2015-16),TS_GP_PT_CPI_M.P00011516,CPI National -YoY,31-Oct-20,8.91,Percent,Normal,
Inflation Snapshot (New Base: 2015-16),TS_GP_PT_CPI_M.P00011516,CPI National -YoY,30-Nov-20,8.35,Percent,Normal,
Inflation Snapshot (New Base: 2015-16),TS_GP_PT_CPI_M.P00011516,CPI National -YoY,31-Dec-20,7.98,Percent,Normal,
Inflation Snapshot (New Base: 2015-16),TS_GP_PT_CPI_M.P00011516,CPI National -YoY,31-Jan-21,5.7,Percent,Normal,
Inflation Snapshot (New Base: 2015-16),TS_GP_PT_CPI_M.P00011516,CPI National -YoY,28-Feb-21,8.7,Percent,Normal,
Inflation Snapshot (New Base: 2015-16),TS_GP_PT_CPI_M.P00011516,CPI National -YoY,31-Mar-21,9.1,Percent,Normal,
Inflation Snapshot (New Base: 2015-16),TS_GP_PT_CPI_M.P00011516,CPI National -YoY,30-Apr-21,11.1,Percent,Normal,
Inflation Snapshot (New Base: 2015-16),TS_GP_PT_CPI_M.P00011516,CPI National -YoY,31-May-21,10.86176628,Percent,Normal,
Inflation Snapshot (New Base: 2015-16),TS_GP_PT_CPI_M.P00011516,CPI National -YoY,30-Jun-21,9.655669291,Percent,Normal,
Inflation Snapshot (New Base: 2015-16),TS_GP_PT_CPI_M.P00011516,CPI National -YoY,31-Jul-21,8.405968385,Percent,Normal,
Inflation Snapshot (New Base: 2015-16),TS_GP_PT_CPI_M.P00011516,CPI National -YoY,31-Aug-21,8.353519783,Percent,Normal,
Inflation Snapshot (New Base: 2015-16),TS_GP_PT_CPI_M.P00011516,CPI National -YoY,30-Sep-21,8.979178716,Percent,Normal,
Inflation Snapshot (New Base: 2015-16),TS_GP_PT_CPI_M.P00011516,CPI National -YoY,31-Oct-21,9.2,Percent,Normal,
Inflation Snapshot (New Base: 2015-16),TS_GP_PT_CPI_M.P00011516,CPI National -YoY,30-Nov-21,11.5,Percent,Normal,
Inflation Snapshot (New Base: 2015-16),TS_GP_PT_CPI_M.P00011516,CPI National -YoY,31-Dec-21,12.28169814,Percent,Normal,
Inflation Snapshot (New Base: 2015-16),TS_GP_PT_CPI_M.P00011516,CPI National -YoY,31-Jan-22,12.96243597,Percent,Normal,
Inflation Snapshot (New Base: 2015-16),TS_GP_PT_CPI_M.P00011516,CPI National -YoY,28-Feb-22,12.24404221,Percent,Normal,
Inflation Snapshot (New Base: 2015-16),TS_GP_PT_CPI_M.P00011516,CPI National -YoY,31-Mar-22,12.7,Percent,Normal,
Inflation Snapshot (New Base: 2015-16),TS_GP_PT_CPI_M.P00011516,CPI National -YoY,30-Apr-22,13.37790337,Percent,Normal,
Inflation Snapshot (New Base: 2015-16),TS_GP_PT_CPI_M.P00011516,CPI National -YoY,31-May-22,13.8,Percent,Normal,
Inflation Snapshot (New Base: 2015-16),TS_GP_PT_CPI_M.P00011516,CPI National -YoY,30-Jun-22,21.3,Percent,Normal,
Inflation Snapshot (New Base: 2015-16),TS_GP_PT_CPI_M.P00011516,CPI National -YoY,31-Jul-22,24.9,Percent,Normal,
Inflation Snapshot (New Base: 2015-16),TS_GP_PT_CPI_M.P00011516,CPI National -YoY,31-Aug-22,27.3,Percent,Normal,
Inflation Snapshot (New Base: 2015-16),TS_GP_PT_CPI_M.P00011516,CPI National -YoY,30-Sep-22,23.2,Percent,Normal,
Inflation Snapshot (New Base: 2015-16),TS_GP_PT_CPI_M.P00011516,CPI National -YoY,31-Oct-22,26.6,Percent,Normal,
Inflation Snapshot (New Base: 2015-16),TS_GP_PT_CPI_M.P00011516,CPI National -YoY,30-Nov-22,23.8,Percent,Normal,
Inflation Snapshot (New Base: 2015-16),TS_GP_PT_CPI_M.P00011516,CPI National -YoY,31-Dec-22,24.5,Percent,Normal,
Inflation Snapshot (New Base: 2015-16),TS_GP_PT_CPI_M.P00011516,CPI National -YoY,31-Jan-23,27.6,Percent,Normal,
Inflation Snapshot (New Base: 2015-16),TS_GP_PT_CPI_M.P00011516,CPI National -YoY,28-Feb-23,31.5,Percent,Normal,
Inflation Snapshot (New Base: 2015-16),TS_GP_PT_CPI_M.P00011516,CPI National -YoY,31-Mar-23,35.4,Percent,Normal,
Inflation Snapshot (New Base: 2015-16),TS_GP_PT_CPI_M.P00011516,CPI National -YoY,30-Apr-23,36.4,Percent,Normal,
Inflation Snapshot (New Base: 2015-16),TS_GP_PT_CPI_M.P00011516,CPI National -YoY,31-May-23,38,Percent,Normal,
Inflation Snapshot (New Base: 2015-16),TS_GP_PT_CPI_M.P00011516,CPI National -YoY,30-Jun-23,29.4,Percent,Normal,
Inflation Snapshot (New Base: 2015-16),TS_GP_PT_CPI_M.P00011516,CPI National -YoY,31-Jul-23,28.3,Percent,Normal,
Inflation Snapshot (New Base: 2015-16),TS_GP_PT_CPI_M.P00011516,CPI National -YoY,31-Aug-23,27.4,Percent,Normal,
Inflation Snapshot (New Base: 2015-16),TS_GP_PT_CPI_M.P00011516,CPI National -YoY,30-Sep-23,31.4,Percent,Normal,
Inflation Snapshot (New Base: 2015-16),TS_GP_PT_CPI_M.P00011516,CPI National -YoY,31-Oct-23,26.8,Percent,Normal,
Inflation Snapshot (New Base: 2015-16),TS_GP_PT_CPI_M.P00011516,CPI National -YoY,30-Nov-23,29.2,Percent,Normal,
Inflation Snapshot (New Base: 2015-16),TS_GP_PT_CPI_M.P00011516,CPI National -YoY,31-Dec-23,29.7,Percent,Normal,
Inflation Snapshot (New Base: 2015-16),TS_GP_PT_CPI_M.P00011516,CPI National -YoY,31-Jan-24,28.3,Percent,Normal,
Inflation Snapshot (New Base: 2015-16),TS_GP_PT_CPI_M.P00011516,CPI National -YoY,29-Feb-24,23.1,Percent,Normal,
Inflation Snapshot (New Base: 2015-16),TS_GP_PT_CPI_M.P00011516,CPI National -YoY,31-Mar-24,20.7,Percent,Normal,
Inflation Snapshot (New Base: 2015-16),TS_GP_PT_CPI_M.P00011516,CPI National -YoY,30-Apr-24,17.3,Percent,Normal,
Inflation Snapshot (New Base: 2015-16),TS_GP_PT_CPI_M.P00011516,CPI National -YoY,31-May-24,11.8,Percent,Normal,
Inflation Snapshot (New Base: 2015-16),TS_GP_PT_CPI_M.P00011516,CPI National -YoY,30-Jun-24,12.6,Percent,Normal,
Inflation Snapshot (New Base: 2015-16),TS_GP_PT_CPI_M.P00011516,CPI National -YoY,31-Jul-24,11.1,Percent,Normal,
Inflation Snapshot (New Base: 2015-16),TS_GP_PT_CPI_M.P00011516,CPI National -YoY,31-Aug-24,9.6,Percent,Normal,
Inflation Snapshot (New Base: 2015-16),TS_GP_PT_CPI_M.P00011516,CPI National -YoY,30-Sep-24,6.9,Percent,Normal,
Inflation Snapshot (New Base: 2015-16),TS_GP_PT_CPI_M.P00011516,CPI National -YoY,31-Oct-24,7.2,Percent,Normal,
Inflation Snapshot (New Base: 2015-16),TS_GP_PT_CPI_M.P00011516,CPI National -YoY,30-Nov-24,4.9,Percent,Normal,
