Dataset,Series Key,Series,Observation Date,Observation Value,Unit,Observation Status,Observation Status Comment
Special Convertible Rupee Accounts (SCRA) Daily Position by Country –Monthly Archive,TS_GP_BOP_SCRACOU_M.P04890,Cum In Total Overall,31-Jul-16,202099.9771,Thousand USD,Normal,
Special Convertible Rupee Accounts (SCRA) Daily Position by Country –Monthly Archive,TS_GP_BOP_SCRACOU_M.P04890,Cum In Total Overall,31-Aug-16,200952.6343,Thousand USD,Normal,
Special Convertible Rupee Accounts (SCRA) Daily Position by Country –Monthly Archive,TS_GP_BOP_SCRACOU_M.P04890,Cum In Total Overall,30-Sep-16,248715.6333,Thousand USD,Normal,
Special Convertible Rupee Accounts (SCRA) Daily Position by Country –Monthly Archive,TS_GP_BOP_SCRACOU_M.P04890,Cum In Total Overall,31-Oct-16,204888.0944,Thousand USD,Normal,
Special Convertible Rupee Accounts (SCRA) Daily Position by Country –Monthly Archive,TS_GP_BOP_SCRACOU_M.P04890,Cum In Total Overall,30-Nov-16,170904.7293,Thousand USD,Normal,
Special Convertible Rupee Accounts (SCRA) Daily Position by Country –Monthly Archive,TS_GP_BOP_SCRACOU_M.P04890,Cum In Total Overall,31-Dec-16,200372.8189,Thousand USD,Normal,
Special Convertible Rupee Accounts (SCRA) Daily Position by Country –Monthly Archive,TS_GP_BOP_SCRACOU_M.P04890,Cum In Total Overall,31-Jan-17,241429.287,Thousand USD,Normal,
Special Convertible Rupee Accounts (SCRA) Daily Position by Country –Monthly Archive,TS_GP_BOP_SCRACOU_M.P04890,Cum In Total Overall,28-Feb-17,307409.2134,Thousand USD,Normal,
Special Convertible Rupee Accounts (SCRA) Daily Position by Country –Monthly Archive,TS_GP_BOP_SCRACOU_M.P04890,Cum In Total Overall,31-Mar-17,274413.3437,Thousand USD,Normal,
Special Convertible Rupee Accounts (SCRA) Daily Position by Country –Monthly Archive,TS_GP_BOP_SCRACOU_M.P04890,Cum In Total Overall,30-Apr-17,200926.2282,Thousand USD,Normal,
Special Convertible Rupee Accounts (SCRA) Daily Position by Country –Monthly Archive,TS_GP_BOP_SCRACOU_M.P04890,Cum In Total Overall,31-May-17,520298.642,Thousand USD,Normal,
Special Convertible Rupee Accounts (SCRA) Daily Position by Country –Monthly Archive,TS_GP_BOP_SCRACOU_M.P04890,Cum In Total Overall,30-Jun-17,798671.3829,Thousand USD,Normal,
Special Convertible Rupee Accounts (SCRA) Daily Position by Country –Monthly Archive,TS_GP_BOP_SCRACOU_M.P04890,Cum In Total Overall,31-Jul-17,193077.4983,Thousand USD,Normal,
Special Convertible Rupee Accounts (SCRA) Daily Position by Country –Monthly Archive,TS_GP_BOP_SCRACOU_M.P04890,Cum In Total Overall,31-Aug-17,167924.7955,Thousand USD,Normal,
Special Convertible Rupee Accounts (SCRA) Daily Position by Country –Monthly Archive,TS_GP_BOP_SCRACOU_M.P04890,Cum In Total Overall,30-Sep-17,180306.9598,Thousand USD,Normal,
Special Convertible Rupee Accounts (SCRA) Daily Position by Country –Monthly Archive,TS_GP_BOP_SCRACOU_M.P04890,Cum In Total Overall,31-Oct-17,175878.7893,Thousand USD,Normal,
Special Convertible Rupee Accounts (SCRA) Daily Position by Country –Monthly Archive,TS_GP_BOP_SCRACOU_M.P04890,Cum In Total Overall,30-Nov-17,121695.0307,Thousand USD,Normal,
Special Convertible Rupee Accounts (SCRA) Daily Position by Country –Monthly Archive,TS_GP_BOP_SCRACOU_M.P04890,Cum In Total Overall,31-Dec-17,163433.792,Thousand USD,Normal,
Special Convertible Rupee Accounts (SCRA) Daily Position by Country –Monthly Archive,TS_GP_BOP_SCRACOU_M.P04890,Cum In Total Overall,31-Jan-18,203547.216,Thousand USD,Normal,
Special Convertible Rupee Accounts (SCRA) Daily Position by Country –Monthly Archive,TS_GP_BOP_SCRACOU_M.P04890,Cum In Total Overall,28-Feb-18,107770.7258,Thousand USD,Normal,
Special Convertible Rupee Accounts (SCRA) Daily Position by Country –Monthly Archive,TS_GP_BOP_SCRACOU_M.P04890,Cum In Total Overall,31-Mar-18,121755.6215,Thousand USD,Normal,
Special Convertible Rupee Accounts (SCRA) Daily Position by Country –Monthly Archive,TS_GP_BOP_SCRACOU_M.P04890,Cum In Total Overall,30-Apr-18,143559.4983,Thousand USD,Normal,
Special Convertible Rupee Accounts (SCRA) Daily Position by Country –Monthly Archive,TS_GP_BOP_SCRACOU_M.P04890,Cum In Total Overall,31-May-18,102960.2127,Thousand USD,Normal,
Special Convertible Rupee Accounts (SCRA) Daily Position by Country –Monthly Archive,TS_GP_BOP_SCRACOU_M.P04890,Cum In Total Overall,30-Jun-18,119805.7287,Thousand USD,Normal,
Special Convertible Rupee Accounts (SCRA) Daily Position by Country –Monthly Archive,TS_GP_BOP_SCRACOU_M.P04890,Cum In Total Overall,31-Jul-18,77036.91964,Thousand USD,Normal,
Special Convertible Rupee Accounts (SCRA) Daily Position by Country –Monthly Archive,TS_GP_BOP_SCRACOU_M.P04890,Cum In Total Overall,31-Aug-18,79212.35402,Thousand USD,Normal,
Special Convertible Rupee Accounts (SCRA) Daily Position by Country –Monthly Archive,TS_GP_BOP_SCRACOU_M.P04890,Cum In Total Overall,30-Sep-18,56033.39823,Thousand USD,Normal,
Special Convertible Rupee Accounts (SCRA) Daily Position by Country –Monthly Archive,TS_GP_BOP_SCRACOU_M.P04890,Cum In Total Overall,31-Oct-18,70981.45108,Thousand USD,Normal,
Special Convertible Rupee Accounts (SCRA) Daily Position by Country –Monthly Archive,TS_GP_BOP_SCRACOU_M.P04890,Cum In Total Overall,30-Nov-18,71228.25959,Thousand USD,Normal,
Special Convertible Rupee Accounts (SCRA) Daily Position by Country –Monthly Archive,TS_GP_BOP_SCRACOU_M.P04890,Cum In Total Overall,31-Dec-18,121056.6112,Thousand USD,Normal,
Special Convertible Rupee Accounts (SCRA) Daily Position by Country –Monthly Archive,TS_GP_BOP_SCRACOU_M.P04890,Cum In Total Overall,31-Jan-19,62961.54838,Thousand USD,Normal,
Special Convertible Rupee Accounts (SCRA) Daily Position by Country –Monthly Archive,TS_GP_BOP_SCRACOU_M.P04890,Cum In Total Overall,28-Feb-19,98591.8717,Thousand USD,Normal,
Special Convertible Rupee Accounts (SCRA) Daily Position by Country –Monthly Archive,TS_GP_BOP_SCRACOU_M.P04890,Cum In Total Overall,31-Mar-19,79211.99953,Thousand USD,Normal,
Special Convertible Rupee Accounts (SCRA) Daily Position by Country –Monthly Archive,TS_GP_BOP_SCRACOU_M.P04890,Cum In Total Overall,30-Apr-19,77716.14793,Thousand USD,Normal,
Special Convertible Rupee Accounts (SCRA) Daily Position by Country –Monthly Archive,TS_GP_BOP_SCRACOU_M.P04890,Cum In Total Overall,31-May-19,102402.1019,Thousand USD,Normal,
Special Convertible Rupee Accounts (SCRA) Daily Position by Country –Monthly Archive,TS_GP_BOP_SCRACOU_M.P04890,Cum In Total Overall,30-Jun-19,63707.76844,Thousand USD,Normal,
Special Convertible Rupee Accounts (SCRA) Daily Position by Country –Monthly Archive,TS_GP_BOP_SCRACOU_M.P04890,Cum In Total Overall,31-Jul-19,106125.0304,Thousand USD,Normal,
Special Convertible Rupee Accounts (SCRA) Daily Position by Country –Monthly Archive,TS_GP_BOP_SCRACOU_M.P04890,Cum In Total Overall,31-Aug-19,130203.8244,Thousand USD,Normal,
Special Convertible Rupee Accounts (SCRA) Daily Position by Country –Monthly Archive,TS_GP_BOP_SCRACOU_M.P04890,Cum In Total Overall,30-Sep-19,314691.8485,Thousand USD,Normal,
Special Convertible Rupee Accounts (SCRA) Daily Position by Country –Monthly Archive,TS_GP_BOP_SCRACOU_M.P04890,Cum In Total Overall,31-Oct-19,196996.2851,Thousand USD,Normal,
Special Convertible Rupee Accounts (SCRA) Daily Position by Country –Monthly Archive,TS_GP_BOP_SCRACOU_M.P04890,Cum In Total Overall,30-Nov-19,796834.0775,Thousand USD,Normal,
Special Convertible Rupee Accounts (SCRA) Daily Position by Country –Monthly Archive,TS_GP_BOP_SCRACOU_M.P04890,Cum In Total Overall,31-Dec-19,439283.132,Thousand USD,Normal,
Special Convertible Rupee Accounts (SCRA) Daily Position by Country –Monthly Archive,TS_GP_BOP_SCRACOU_M.P04890,Cum In Total Overall,31-Jan-20,1536690.418,Thousand USD,Normal,
Special Convertible Rupee Accounts (SCRA) Daily Position by Country –Monthly Archive,TS_GP_BOP_SCRACOU_M.P04890,Cum In Total Overall,29-Feb-20,562212.4932,Thousand USD,Normal,
Special Convertible Rupee Accounts (SCRA) Daily Position by Country –Monthly Archive,TS_GP_BOP_SCRACOU_M.P04890,Cum In Total Overall,31-Mar-20,51382.44248,Thousand USD,Normal,
Special Convertible Rupee Accounts (SCRA) Daily Position by Country –Monthly Archive,TS_GP_BOP_SCRACOU_M.P04890,Cum In Total Overall,30-Apr-20,231359.9548,Thousand USD,Normal,
Special Convertible Rupee Accounts (SCRA) Daily Position by Country –Monthly Archive,TS_GP_BOP_SCRACOU_M.P04890,Cum In Total Overall,31-May-20,49324.56513,Thousand USD,Normal,
Special Convertible Rupee Accounts (SCRA) Daily Position by Country –Monthly Archive,TS_GP_BOP_SCRACOU_M.P04890,Cum In Total Overall,30-Jun-20,129880.5302,Thousand USD,Normal,
Special Convertible Rupee Accounts (SCRA) Daily Position by Country –Monthly Archive,TS_GP_BOP_SCRACOU_M.P04890,Cum In Total Overall,31-Jul-20,50787.43154,Thousand USD,Normal,
Special Convertible Rupee Accounts (SCRA) Daily Position by Country –Monthly Archive,TS_GP_BOP_SCRACOU_M.P04890,Cum In Total Overall,31-Aug-20,90535.77067,Thousand USD,Normal,
Special Convertible Rupee Accounts (SCRA) Daily Position by Country –Monthly Archive,TS_GP_BOP_SCRACOU_M.P04890,Cum In Total Overall,30-Sep-20,116145.421,Thousand USD,Normal,
Special Convertible Rupee Accounts (SCRA) Daily Position by Country –Monthly Archive,TS_GP_BOP_SCRACOU_M.P04890,Cum In Total Overall,31-Oct-20,66725.30718,Thousand USD,Normal,
Special Convertible Rupee Accounts (SCRA) Daily Position by Country –Monthly Archive,TS_GP_BOP_SCRACOU_M.P04890,Cum In Total Overall,30-Nov-20,89186.98705,Thousand USD,Normal,
Special Convertible Rupee Accounts (SCRA) Daily Position by Country –Monthly Archive,TS_GP_BOP_SCRACOU_M.P04890,Cum In Total Overall,31-Dec-20,153843.205,Thousand USD,Normal,
Special Convertible Rupee Accounts (SCRA) Daily Position by Country –Monthly Archive,TS_GP_BOP_SCRACOU_M.P04890,Cum In Total Overall,31-Jan-21,138301.124,Thousand USD,Normal,
Special Convertible Rupee Accounts (SCRA) Daily Position by Country –Monthly Archive,TS_GP_BOP_SCRACOU_M.P04890,Cum In Total Overall,28-Feb-21,191543.1199,Thousand USD,Normal,
Special Convertible Rupee Accounts (SCRA) Daily Position by Country –Monthly Archive,TS_GP_BOP_SCRACOU_M.P04890,Cum In Total Overall,31-Mar-21,324022.9707,Thousand USD,Normal,
Special Convertible Rupee Accounts (SCRA) Daily Position by Country –Monthly Archive,TS_GP_BOP_SCRACOU_M.P04890,Cum In Total Overall,30-Apr-21,80678.91783,Thousand USD,Normal,
Special Convertible Rupee Accounts (SCRA) Daily Position by Country –Monthly Archive,TS_GP_BOP_SCRACOU_M.P04890,Cum In Total Overall,31-May-21,181661.9255,Thousand USD,Normal,
Special Convertible Rupee Accounts (SCRA) Daily Position by Country –Monthly Archive,TS_GP_BOP_SCRACOU_M.P04890,Cum In Total Overall,30-Jun-21,163746.7424,Thousand USD,Normal,
Special Convertible Rupee Accounts (SCRA) Daily Position by Country –Monthly Archive,TS_GP_BOP_SCRACOU_M.P04890,Cum In Total Overall,31-Jul-21,107667.3071,Thousand USD,Normal,
Special Convertible Rupee Accounts (SCRA) Daily Position by Country –Monthly Archive,TS_GP_BOP_SCRACOU_M.P04890,Cum In Total Overall,31-Aug-21,66303.09934,Thousand USD,Normal,
Special Convertible Rupee Accounts (SCRA) Daily Position by Country –Monthly Archive,TS_GP_BOP_SCRACOU_M.P04890,Cum In Total Overall,30-Sep-21,71983.54693,Thousand USD,Normal,
Special Convertible Rupee Accounts (SCRA) Daily Position by Country –Monthly Archive,TS_GP_BOP_SCRACOU_M.P04890,Cum In Total Overall,31-Oct-21,84041.68652,Thousand USD,Normal,
Special Convertible Rupee Accounts (SCRA) Daily Position by Country –Monthly Archive,TS_GP_BOP_SCRACOU_M.P04890,Cum In Total Overall,30-Nov-21,88950.22915,Thousand USD,Normal,
Special Convertible Rupee Accounts (SCRA) Daily Position by Country –Monthly Archive,TS_GP_BOP_SCRACOU_M.P04890,Cum In Total Overall,31-Dec-21,95719.82764,Thousand USD,Normal,
Special Convertible Rupee Accounts (SCRA) Daily Position by Country –Monthly Archive,TS_GP_BOP_SCRACOU_M.P04890,Cum In Total Overall,31-Jan-22,66174.07706,Thousand USD,Normal,
Special Convertible Rupee Accounts (SCRA) Daily Position by Country –Monthly Archive,TS_GP_BOP_SCRACOU_M.P04890,Cum In Total Overall,28-Feb-22,49445.97469,Thousand USD,Normal,
Special Convertible Rupee Accounts (SCRA) Daily Position by Country –Monthly Archive,TS_GP_BOP_SCRACOU_M.P04890,Cum In Total Overall,31-Mar-22,32768.18049,Thousand USD,Normal,
Special Convertible Rupee Accounts (SCRA) Daily Position by Country –Monthly Archive,TS_GP_BOP_SCRACOU_M.P04890,Cum In Total Overall,30-Apr-22,14493.37299,Thousand USD,Normal,
Special Convertible Rupee Accounts (SCRA) Daily Position by Country –Monthly Archive,TS_GP_BOP_SCRACOU_M.P04890,Cum In Total Overall,31-May-22,40637.49471,Thousand USD,Normal,
Special Convertible Rupee Accounts (SCRA) Daily Position by Country –Monthly Archive,TS_GP_BOP_SCRACOU_M.P04890,Cum In Total Overall,30-Jun-22,54190.56382,Thousand USD,Normal,
Special Convertible Rupee Accounts (SCRA) Daily Position by Country –Monthly Archive,TS_GP_BOP_SCRACOU_M.P04890,Cum In Total Overall,31-Jul-22,15709.79148,Thousand USD,Normal,
Special Convertible Rupee Accounts (SCRA) Daily Position by Country –Monthly Archive,TS_GP_BOP_SCRACOU_M.P04890,Cum In Total Overall,31-Aug-22,20102.79,Thousand USD,Normal,
Special Convertible Rupee Accounts (SCRA) Daily Position by Country –Monthly Archive,TS_GP_BOP_SCRACOU_M.P04890,Cum In Total Overall,30-Sep-22,22444.08,Thousand USD,Normal,
Special Convertible Rupee Accounts (SCRA) Daily Position by Country –Monthly Archive,TS_GP_BOP_SCRACOU_M.P04890,Cum In Total Overall,31-Oct-22,26191.04,Thousand USD,Normal,
Special Convertible Rupee Accounts (SCRA) Daily Position by Country –Monthly Archive,TS_GP_BOP_SCRACOU_M.P04890,Cum In Total Overall,30-Nov-22,11905.56826,Thousand USD,Normal,
Special Convertible Rupee Accounts (SCRA) Daily Position by Country –Monthly Archive,TS_GP_BOP_SCRACOU_M.P04890,Cum In Total Overall,31-Dec-22,16679.35758,Thousand USD,Normal,
Special Convertible Rupee Accounts (SCRA) Daily Position by Country –Monthly Archive,TS_GP_BOP_SCRACOU_M.P04890,Cum In Total Overall,31-Jan-23,19111,Thousand USD,Normal,
Special Convertible Rupee Accounts (SCRA) Daily Position by Country –Monthly Archive,TS_GP_BOP_SCRACOU_M.P04890,Cum In Total Overall,28-Feb-23,21278.07907,Thousand USD,Normal,
Special Convertible Rupee Accounts (SCRA) Daily Position by Country –Monthly Archive,TS_GP_BOP_SCRACOU_M.P04890,Cum In Total Overall,31-Mar-23,35560,Thousand USD,Normal,
Special Convertible Rupee Accounts (SCRA) Daily Position by Country –Monthly Archive,TS_GP_BOP_SCRACOU_M.P04890,Cum In Total Overall,30-Apr-23,10526,Thousand USD,Normal,
Special Convertible Rupee Accounts (SCRA) Daily Position by Country –Monthly Archive,TS_GP_BOP_SCRACOU_M.P04890,Cum In Total Overall,31-May-23,11836.59494,Thousand USD,Normal,
Special Convertible Rupee Accounts (SCRA) Daily Position by Country –Monthly Archive,TS_GP_BOP_SCRACOU_M.P04890,Cum In Total Overall,30-Jun-23,14935.78367,Thousand USD,Normal,
Special Convertible Rupee Accounts (SCRA) Daily Position by Country –Monthly Archive,TS_GP_BOP_SCRACOU_M.P04890,Cum In Total Overall,31-Jul-23,33938.60654,Thousand USD,Normal,
Special Convertible Rupee Accounts (SCRA) Daily Position by Country –Monthly Archive,TS_GP_BOP_SCRACOU_M.P04890,Cum In Total Overall,31-Aug-23,27469.70127,Thousand USD,Normal,
Special Convertible Rupee Accounts (SCRA) Daily Position by Country –Monthly Archive,TS_GP_BOP_SCRACOU_M.P04890,Cum In Total Overall,30-Sep-23,13961.59763,Thousand USD,Normal,
Special Convertible Rupee Accounts (SCRA) Daily Position by Country –Monthly Archive,TS_GP_BOP_SCRACOU_M.P04890,Cum In Total Overall,31-Oct-23,33479.49518,Thousand USD,Normal,
Special Convertible Rupee Accounts (SCRA) Daily Position by Country –Monthly Archive,TS_GP_BOP_SCRACOU_M.P04890,Cum In Total Overall,30-Nov-23,50008.83454,Thousand USD,Normal,
Special Convertible Rupee Accounts (SCRA) Daily Position by Country –Monthly Archive,TS_GP_BOP_SCRACOU_M.P04890,Cum In Total Overall,31-Dec-23,69487.51983,Thousand USD,Normal,
Special Convertible Rupee Accounts (SCRA) Daily Position by Country –Monthly Archive,TS_GP_BOP_SCRACOU_M.P04890,Cum In Total Overall,31-Jan-24,115950.0927,Thousand USD,Normal,
Special Convertible Rupee Accounts (SCRA) Daily Position by Country –Monthly Archive,TS_GP_BOP_SCRACOU_M.P04890,Cum In Total Overall,29-Feb-24,33414.16548,Thousand USD,Normal,
Special Convertible Rupee Accounts (SCRA) Daily Position by Country –Monthly Archive,TS_GP_BOP_SCRACOU_M.P04890,Cum In Total Overall,31-Mar-24,131031.129,Thousand USD,Normal,
Special Convertible Rupee Accounts (SCRA) Daily Position by Country –Monthly Archive,TS_GP_BOP_SCRACOU_M.P04890,Cum In Total Overall,30-Apr-24,55804.7843,Thousand USD,Normal,
Special Convertible Rupee Accounts (SCRA) Daily Position by Country –Monthly Archive,TS_GP_BOP_SCRACOU_M.P04890,Cum In Total Overall,31-May-24,372042.3982,Thousand USD,Normal,
Special Convertible Rupee Accounts (SCRA) Daily Position by Country –Monthly Archive,TS_GP_BOP_SCRACOU_M.P04890,Cum In Total Overall,30-Jun-24,309443.1891,Thousand USD,Normal,
Special Convertible Rupee Accounts (SCRA) Daily Position by Country –Monthly Archive,TS_GP_BOP_SCRACOU_M.P04890,Cum In Total Overall,31-Jul-24,305691.1505,Thousand USD,Normal,
Special Convertible Rupee Accounts (SCRA) Daily Position by Country –Monthly Archive,TS_GP_BOP_SCRACOU_M.P04890,Cum In Total Overall,31-Aug-24,88542.55376,Thousand USD,Normal,
Special Convertible Rupee Accounts (SCRA) Daily Position by Country –Monthly Archive,TS_GP_BOP_SCRACOU_M.P04890,Cum In Total Overall,30-Sep-24,158588.8468,Thousand USD,Normal,
Special Convertible Rupee Accounts (SCRA) Daily Position by Country –Monthly Archive,TS_GP_BOP_SCRACOU_M.P04890,Cum In Total Overall,31-Oct-24,349620.8381,Thousand USD,Normal,
