Dataset,Series Key,Series,Observation Date,Observation Value,Unit,Observation Status,Observation Status Comment,,,
Structure of Interest Rate: State Bank of Pakistan Policy Rates,TS_GP_IR_SIRPR_AH.SBPOL0030,SBP Policy (Target) Rate,17-Dec-24,13,Percent,Normal,,,31-Jul-16,5.75
Structure of Interest Rate: State Bank of Pakistan Policy Rates,TS_GP_IR_SIRPR_AH.SBPOL0030,SBP Policy (Target) Rate,05-Nov-24,15,Percent,Normal,,,31-Aug-16,5.75
Structure of Interest Rate: State Bank of Pakistan Policy Rates,TS_GP_IR_SIRPR_AH.SBPOL0030,SBP Policy (Target) Rate,13-Sep-24,17.5,Percent,Normal,,,30-Sep-16,5.75
Structure of Interest Rate: State Bank of Pakistan Policy Rates,TS_GP_IR_SIRPR_AH.SBPOL0030,SBP Policy (Target) Rate,30-Jul-24,19.5,Percent,Normal,,,31-Oct-16,5.75
Structure of Interest Rate: State Bank of Pakistan Policy Rates,TS_GP_IR_SIRPR_AH.SBPOL0030,SBP Policy (Target) Rate,11-Jun-24,20.5,Percent,Normal,,,30-Nov-16,5.75
Structure of Interest Rate: State Bank of Pakistan Policy Rates,TS_GP_IR_SIRPR_AH.SBPOL0030,SBP Policy (Target) Rate,27-Jun-23,22,Percent,Normal,,,31-Dec-16,5.75
Structure of Interest Rate: State Bank of Pakistan Policy Rates,TS_GP_IR_SIRPR_AH.SBPOL0030,SBP Policy (Target) Rate,05-Apr-23,21,Percent,Normal,,,31-Jan-17,5.75
Structure of Interest Rate: State Bank of Pakistan Policy Rates,TS_GP_IR_SIRPR_AH.SBPOL0030,SBP Policy (Target) Rate,03-Mar-23,20,Percent,Normal,,,28-Feb-17,5.75
Structure of Interest Rate: State Bank of Pakistan Policy Rates,TS_GP_IR_SIRPR_AH.SBPOL0030,SBP Policy (Target) Rate,24-Jan-23,17,Percent,Normal,,,31-Mar-17,5.75
Structure of Interest Rate: State Bank of Pakistan Policy Rates,TS_GP_IR_SIRPR_AH.SBPOL0030,SBP Policy (Target) Rate,28-Nov-22,16,Percent,Normal,,,30-Apr-17,5.75
Structure of Interest Rate: State Bank of Pakistan Policy Rates,TS_GP_IR_SIRPR_AH.SBPOL0030,SBP Policy (Target) Rate,13-Jul-22,15,Percent,Normal,,,31-May-17,5.75
Structure of Interest Rate: State Bank of Pakistan Policy Rates,TS_GP_IR_SIRPR_AH.SBPOL0030,SBP Policy (Target) Rate,24-May-22,13.75,Percent,Normal,,,30-Jun-17,5.75
Structure of Interest Rate: State Bank of Pakistan Policy Rates,TS_GP_IR_SIRPR_AH.SBPOL0030,SBP Policy (Target) Rate,08-Apr-22,12.25,Percent,Normal,,,31-Jul-17,5.75
Structure of Interest Rate: State Bank of Pakistan Policy Rates,TS_GP_IR_SIRPR_AH.SBPOL0030,SBP Policy (Target) Rate,15-Dec-21,9.75,Percent,Normal,,,31-Aug-17,5.75
Structure of Interest Rate: State Bank of Pakistan Policy Rates,TS_GP_IR_SIRPR_AH.SBPOL0030,SBP Policy (Target) Rate,22-Nov-21,8.75,Percent,Normal,,,30-Sep-17,5.75
Structure of Interest Rate: State Bank of Pakistan Policy Rates,TS_GP_IR_SIRPR_AH.SBPOL0030,SBP Policy (Target) Rate,21-Sep-21,7.25,Percent,Normal,,,31-Oct-17,5.75
Structure of Interest Rate: State Bank of Pakistan Policy Rates,TS_GP_IR_SIRPR_AH.SBPOL0030,SBP Policy (Target) Rate,26-Jun-20,7,Percent,Normal,,,30-Nov-17,5.75
Structure of Interest Rate: State Bank of Pakistan Policy Rates,TS_GP_IR_SIRPR_AH.SBPOL0030,SBP Policy (Target) Rate,18-May-20,8,Percent,Normal,,,31-Dec-17,5.75
Structure of Interest Rate: State Bank of Pakistan Policy Rates,TS_GP_IR_SIRPR_AH.SBPOL0030,SBP Policy (Target) Rate,16-May-20,8,Percent,Normal,,,31-Jan-18,5.75
Structure of Interest Rate: State Bank of Pakistan Policy Rates,TS_GP_IR_SIRPR_AH.SBPOL0030,SBP Policy (Target) Rate,17-Apr-20,9,Percent,Normal,,,28-Feb-18,6
Structure of Interest Rate: State Bank of Pakistan Policy Rates,TS_GP_IR_SIRPR_AH.SBPOL0030,SBP Policy (Target) Rate,16-Apr-20,9,Percent,Normal,,,31-Mar-18,6
Structure of Interest Rate: State Bank of Pakistan Policy Rates,TS_GP_IR_SIRPR_AH.SBPOL0030,SBP Policy (Target) Rate,25-Mar-20,11,Percent,Normal,,,30-Apr-18,6
Structure of Interest Rate: State Bank of Pakistan Policy Rates,TS_GP_IR_SIRPR_AH.SBPOL0030,SBP Policy (Target) Rate,18-Mar-20,12.5,Percent,Normal,,,31-May-18,6
Structure of Interest Rate: State Bank of Pakistan Policy Rates,TS_GP_IR_SIRPR_AH.SBPOL0030,SBP Policy (Target) Rate,17-Jul-19,13.25,Percent,Normal,,,30-Jun-18,6.5
Structure of Interest Rate: State Bank of Pakistan Policy Rates,TS_GP_IR_SIRPR_AH.SBPOL0030,SBP Policy (Target) Rate,21-May-19,12.25,Percent,Normal,,,31-Jul-18,6.5
Structure of Interest Rate: State Bank of Pakistan Policy Rates,TS_GP_IR_SIRPR_AH.SBPOL0030,SBP Policy (Target) Rate,01-Apr-19,10.75,Percent,Normal,,,31-Aug-18,6.5
Structure of Interest Rate: State Bank of Pakistan Policy Rates,TS_GP_IR_SIRPR_AH.SBPOL0030,SBP Policy (Target) Rate,01-Feb-19,10.25,Percent,Normal,,,30-Sep-18,7.5
Structure of Interest Rate: State Bank of Pakistan Policy Rates,TS_GP_IR_SIRPR_AH.SBPOL0030,SBP Policy (Target) Rate,03-Dec-18,10,Percent,Normal,,,31-Oct-18,8.5
Structure of Interest Rate: State Bank of Pakistan Policy Rates,TS_GP_IR_SIRPR_AH.SBPOL0030,SBP Policy (Target) Rate,01-Oct-18,8.5,Percent,Normal,,,30-Nov-18,8.5
Structure of Interest Rate: State Bank of Pakistan Policy Rates,TS_GP_IR_SIRPR_AH.SBPOL0030,SBP Policy (Target) Rate,16-Jul-18,7.5,Percent,Normal,,,31-Dec-18,10
Structure of Interest Rate: State Bank of Pakistan Policy Rates,TS_GP_IR_SIRPR_AH.SBPOL0030,SBP Policy (Target) Rate,28-May-18,6.5,Percent,Normal,,,31-Jan-19,10
Structure of Interest Rate: State Bank of Pakistan Policy Rates,TS_GP_IR_SIRPR_AH.SBPOL0030,SBP Policy (Target) Rate,29-Jan-18,6,Percent,Normal,,,28-Feb-19,10.25
Structure of Interest Rate: State Bank of Pakistan Policy Rates,TS_GP_IR_SIRPR_AH.SBPOL0030,SBP Policy (Target) Rate,23-May-16,5.75,Percent,Normal,,,31-Mar-19,10.25
Structure of Interest Rate: State Bank of Pakistan Policy Rates,TS_GP_IR_SIRPR_AH.SBPOL0030,SBP Policy (Target) Rate,14-Sep-15,6,Percent,Normal,,,30-Apr-19,10.75
Structure of Interest Rate: State Bank of Pakistan Policy Rates,TS_GP_IR_SIRPR_AH.SBPOL0030,SBP Policy (Target) Rate,25-May-15,6.5,Percent,Normal,,,31-May-19,12.25
,,,,,,,,,30-Jun-19,12.25
,,,,,,,,,31-Jul-19,13.25
,,,,,,,,,31-Aug-19,13.25
,,,,,,,,,30-Sep-19,13.25
,,,,,,,,,31-Oct-19,13.25
,,,,,,,,,30-Nov-19,13.25
,,,,,,,,,31-Dec-19,13.25
,,,,,,,,,31-Jan-20,13.25
,,,,,,,,,29-Feb-20,13.25
,,,,,,,,,31-Mar-20,11
,,,,,,,,,30-Apr-20,9
,,,,,,,,,31-May-20,8
,,,,,,,,,30-Jun-20,8
,,,,,,,,,31-Jul-20,7
,,,,,,,,,31-Aug-20,7
,,,,,,,,,30-Sep-20,7
,,,,,,,,,31-Oct-20,7
,,,,,,,,,30-Nov-20,7
,,,,,,,,,31-Dec-20,7
,,,,,,,,,31-Jan-21,7
,,,,,,,,,28-Feb-21,7
,,,,,,,,,31-Mar-21,7
,,,,,,,,,30-Apr-21,7
,,,,,,,,,31-May-21,7
,,,,,,,,,30-Jun-21,7
,,,,,,,,,31-Jul-21,7
,,,,,,,,,31-Aug-21,7
,,,,,,,,,30-Sep-21,7
,,,,,,,,,31-Oct-21,7.25
,,,,,,,,,30-Nov-21,8.75
,,,,,,,,,31-Dec-21,9.75
,,,,,,,,,31-Jan-22,9.75
,,,,,,,,,28-Feb-22,9.75
,,,,,,,,,31-Mar-22,9.75
,,,,,,,,,30-Apr-22,12.25
,,,,,,,,,31-May-22,13.75
,,,,,,,,,30-Jun-22,13.75
,,,,,,,,,31-Jul-22,15
,,,,,,,,,31-Aug-22,15
,,,,,,,,,30-Sep-22,15
,,,,,,,,,31-Oct-22,15
,,,,,,,,,30-Nov-22,16
,,,,,,,,,31-Dec-22,16
,,,,,,,,,31-Jan-23,17
,,,,,,,,,28-Feb-23,17
,,,,,,,,,31-Mar-23,20
,,,,,,,,,30-Apr-23,21
,,,,,,,,,31-May-23,21
,,,,,,,,,30-Jun-23,22
,,,,,,,,,31-Jul-23,22
,,,,,,,,,31-Aug-23,22
,,,,,,,,,30-Sep-23,22
,,,,,,,,,31-Oct-23,22
,,,,,,,,,30-Nov-23,22
,,,,,,,,,31-Dec-23,22
,,,,,,,,,31-Jan-24,22
,,,,,,,,,29-Feb-24,22
,,,,,,,,,31-Mar-24,22
,,,,,,,,,30-Apr-24,22
,,,,,,,,,31-May-24,22
,,,,,,,,,30-Jun-24,20.5
,,,,,,,,,31-Jul-24,19.5
,,,,,,,,,31-Aug-24,18.5
,,,,,,,,,30-Sep-24,17.5
,,,,,,,,,31-Oct-24,17.5
,,,,,,,,,30-Nov-24,15
,,,,,,,,,01-Dec-24,13
