Dataset,Series Key,Series,Observation Date,Observation Value,Unit,Observation Status,Observation Status Comment
Nominal/Real Effective Exchange Rates Indices of Pak Rupees,TS_GP_ER_REERNEER_M.R00010,Real Effective Exchange Rate,31-Jul-01,93.4135564,Index,Normal,
Nominal/Real Effective Exchange Rates Indices of Pak Rupees,TS_GP_ER_REERNEER_M.R00010,Real Effective Exchange Rate,31-Aug-01,92.71555822,Index,Normal,
Nominal/Real Effective Exchange Rates Indices of Pak Rupees,TS_GP_ER_REERNEER_M.R00010,Real Effective Exchange Rate,30-Sep-01,92.10336373,Index,Normal,
Nominal/Real Effective Exchange Rates Indices of Pak Rupees,TS_GP_ER_REERNEER_M.R00010,Real Effective Exchange Rate,31-Oct-01,95.30020742,Index,Normal,
Nominal/Real Effective Exchange Rates Indices of Pak Rupees,TS_GP_ER_REERNEER_M.R00010,Real Effective Exchange Rate,30-Nov-01,97.88144821,Index,Normal,
Nominal/Real Effective Exchange Rates Indices of Pak Rupees,TS_GP_ER_REERNEER_M.R00010,Real Effective Exchange Rate,31-Dec-01,98.40208829,Index,Normal,
Nominal/Real Effective Exchange Rates Indices of Pak Rupees,TS_GP_ER_REERNEER_M.R00010,Real Effective Exchange Rate,31-Jan-02,98.98659376,Index,Normal,
Nominal/Real Effective Exchange Rates Indices of Pak Rupees,TS_GP_ER_REERNEER_M.R00010,Real Effective Exchange Rate,28-Feb-02,100.2252969,Index,Normal,
Nominal/Real Effective Exchange Rates Indices of Pak Rupees,TS_GP_ER_REERNEER_M.R00010,Real Effective Exchange Rate,31-Mar-02,101.0155907,Index,Normal,
Nominal/Real Effective Exchange Rates Indices of Pak Rupees,TS_GP_ER_REERNEER_M.R00010,Real Effective Exchange Rate,30-Apr-02,100.475112,Index,Normal,
Nominal/Real Effective Exchange Rates Indices of Pak Rupees,TS_GP_ER_REERNEER_M.R00010,Real Effective Exchange Rate,31-May-02,98.23704282,Index,Normal,
Nominal/Real Effective Exchange Rates Indices of Pak Rupees,TS_GP_ER_REERNEER_M.R00010,Real Effective Exchange Rate,30-Jun-02,97.31761614,Index,Normal,
Nominal/Real Effective Exchange Rates Indices of Pak Rupees,TS_GP_ER_REERNEER_M.R00010,Real Effective Exchange Rate,31-Jul-02,97.21493615,Index,Normal,
Nominal/Real Effective Exchange Rates Indices of Pak Rupees,TS_GP_ER_REERNEER_M.R00010,Real Effective Exchange Rate,31-Aug-02,98.57249738,Index,Normal,
Nominal/Real Effective Exchange Rates Indices of Pak Rupees,TS_GP_ER_REERNEER_M.R00010,Real Effective Exchange Rate,30-Sep-02,98.78106959,Index,Normal,
Nominal/Real Effective Exchange Rates Indices of Pak Rupees,TS_GP_ER_REERNEER_M.R00010,Real Effective Exchange Rate,31-Oct-02,99.34232001,Index,Normal,
Nominal/Real Effective Exchange Rates Indices of Pak Rupees,TS_GP_ER_REERNEER_M.R00010,Real Effective Exchange Rate,30-Nov-02,99.2993556,Index,Normal,
Nominal/Real Effective Exchange Rates Indices of Pak Rupees,TS_GP_ER_REERNEER_M.R00010,Real Effective Exchange Rate,31-Dec-02,98.41734958,Index,Normal,
Nominal/Real Effective Exchange Rates Indices of Pak Rupees,TS_GP_ER_REERNEER_M.R00010,Real Effective Exchange Rate,31-Jan-03,96.88591108,Index,Normal,
Nominal/Real Effective Exchange Rates Indices of Pak Rupees,TS_GP_ER_REERNEER_M.R00010,Real Effective Exchange Rate,28-Feb-03,96.94054636,Index,Normal,
Nominal/Real Effective Exchange Rates Indices of Pak Rupees,TS_GP_ER_REERNEER_M.R00010,Real Effective Exchange Rate,31-Mar-03,96.97928226,Index,Normal,
Nominal/Real Effective Exchange Rates Indices of Pak Rupees,TS_GP_ER_REERNEER_M.R00010,Real Effective Exchange Rate,30-Apr-03,97.31988201,Index,Normal,
Nominal/Real Effective Exchange Rates Indices of Pak Rupees,TS_GP_ER_REERNEER_M.R00010,Real Effective Exchange Rate,31-May-03,94.63769263,Index,Normal,
Nominal/Real Effective Exchange Rates Indices of Pak Rupees,TS_GP_ER_REERNEER_M.R00010,Real Effective Exchange Rate,30-Jun-03,94.08735875,Index,Normal,
Nominal/Real Effective Exchange Rates Indices of Pak Rupees,TS_GP_ER_REERNEER_M.R00010,Real Effective Exchange Rate,31-Jul-03,95.41490579,Index,Normal,
Nominal/Real Effective Exchange Rates Indices of Pak Rupees,TS_GP_ER_REERNEER_M.R00010,Real Effective Exchange Rate,31-Aug-03,96.34470479,Index,Normal,
Nominal/Real Effective Exchange Rates Indices of Pak Rupees,TS_GP_ER_REERNEER_M.R00010,Real Effective Exchange Rate,30-Sep-03,95.79121061,Index,Normal,
Nominal/Real Effective Exchange Rates Indices of Pak Rupees,TS_GP_ER_REERNEER_M.R00010,Real Effective Exchange Rate,31-Oct-03,95.45766246,Index,Normal,
Nominal/Real Effective Exchange Rates Indices of Pak Rupees,TS_GP_ER_REERNEER_M.R00010,Real Effective Exchange Rate,30-Nov-03,96.40698851,Index,Normal,
Nominal/Real Effective Exchange Rates Indices of Pak Rupees,TS_GP_ER_REERNEER_M.R00010,Real Effective Exchange Rate,31-Dec-03,95.57468254,Index,Normal,
Nominal/Real Effective Exchange Rates Indices of Pak Rupees,TS_GP_ER_REERNEER_M.R00010,Real Effective Exchange Rate,31-Jan-04,93.63449955,Index,Normal,
Nominal/Real Effective Exchange Rates Indices of Pak Rupees,TS_GP_ER_REERNEER_M.R00010,Real Effective Exchange Rate,29-Feb-04,92.83892033,Index,Normal,
Nominal/Real Effective Exchange Rates Indices of Pak Rupees,TS_GP_ER_REERNEER_M.R00010,Real Effective Exchange Rate,31-Mar-04,94.58203207,Index,Normal,
Nominal/Real Effective Exchange Rates Indices of Pak Rupees,TS_GP_ER_REERNEER_M.R00010,Real Effective Exchange Rate,30-Apr-04,95.40618827,Index,Normal,
Nominal/Real Effective Exchange Rates Indices of Pak Rupees,TS_GP_ER_REERNEER_M.R00010,Real Effective Exchange Rate,31-May-04,96.55595456,Index,Normal,
Nominal/Real Effective Exchange Rates Indices of Pak Rupees,TS_GP_ER_REERNEER_M.R00010,Real Effective Exchange Rate,30-Jun-04,96.58134164,Index,Normal,
Nominal/Real Effective Exchange Rates Indices of Pak Rupees,TS_GP_ER_REERNEER_M.R00010,Real Effective Exchange Rate,31-Jul-04,96.87110937,Index,Normal,
Nominal/Real Effective Exchange Rates Indices of Pak Rupees,TS_GP_ER_REERNEER_M.R00010,Real Effective Exchange Rate,31-Aug-04,97.16408597,Index,Normal,
Nominal/Real Effective Exchange Rates Indices of Pak Rupees,TS_GP_ER_REERNEER_M.R00010,Real Effective Exchange Rate,30-Sep-04,96.33683751,Index,Normal,
Nominal/Real Effective Exchange Rates Indices of Pak Rupees,TS_GP_ER_REERNEER_M.R00010,Real Effective Exchange Rate,31-Oct-04,95.80778292,Index,Normal,
Nominal/Real Effective Exchange Rates Indices of Pak Rupees,TS_GP_ER_REERNEER_M.R00010,Real Effective Exchange Rate,30-Nov-04,94.58244975,Index,Normal,
Nominal/Real Effective Exchange Rates Indices of Pak Rupees,TS_GP_ER_REERNEER_M.R00010,Real Effective Exchange Rate,31-Dec-04,92.29085938,Index,Normal,
Nominal/Real Effective Exchange Rates Indices of Pak Rupees,TS_GP_ER_REERNEER_M.R00010,Real Effective Exchange Rate,31-Jan-05,94.02436218,Index,Normal,
Nominal/Real Effective Exchange Rates Indices of Pak Rupees,TS_GP_ER_REERNEER_M.R00010,Real Effective Exchange Rate,28-Feb-05,94.72836352,Index,Normal,
Nominal/Real Effective Exchange Rates Indices of Pak Rupees,TS_GP_ER_REERNEER_M.R00010,Real Effective Exchange Rate,31-Mar-05,95.13755837,Index,Normal,
Nominal/Real Effective Exchange Rates Indices of Pak Rupees,TS_GP_ER_REERNEER_M.R00010,Real Effective Exchange Rate,30-Apr-05,97.43116337,Index,Normal,
Nominal/Real Effective Exchange Rates Indices of Pak Rupees,TS_GP_ER_REERNEER_M.R00010,Real Effective Exchange Rate,31-May-05,96.89388883,Index,Normal,
Nominal/Real Effective Exchange Rates Indices of Pak Rupees,TS_GP_ER_REERNEER_M.R00010,Real Effective Exchange Rate,30-Jun-05,98.18573315,Index,Normal,
Nominal/Real Effective Exchange Rates Indices of Pak Rupees,TS_GP_ER_REERNEER_M.R00010,Real Effective Exchange Rate,31-Jul-05,100.3627487,Index,Normal,
Nominal/Real Effective Exchange Rates Indices of Pak Rupees,TS_GP_ER_REERNEER_M.R00010,Real Effective Exchange Rate,31-Aug-05,98.85920609,Index,Normal,
Nominal/Real Effective Exchange Rates Indices of Pak Rupees,TS_GP_ER_REERNEER_M.R00010,Real Effective Exchange Rate,30-Sep-05,98.50690323,Index,Normal,
Nominal/Real Effective Exchange Rates Indices of Pak Rupees,TS_GP_ER_REERNEER_M.R00010,Real Effective Exchange Rate,31-Oct-05,100.3933349,Index,Normal,
Nominal/Real Effective Exchange Rates Indices of Pak Rupees,TS_GP_ER_REERNEER_M.R00010,Real Effective Exchange Rate,30-Nov-05,102.3618762,Index,Normal,
Nominal/Real Effective Exchange Rates Indices of Pak Rupees,TS_GP_ER_REERNEER_M.R00010,Real Effective Exchange Rate,31-Dec-05,101.3649779,Index,Normal,
Nominal/Real Effective Exchange Rates Indices of Pak Rupees,TS_GP_ER_REERNEER_M.R00010,Real Effective Exchange Rate,31-Jan-06,100.9074731,Index,Normal,
Nominal/Real Effective Exchange Rates Indices of Pak Rupees,TS_GP_ER_REERNEER_M.R00010,Real Effective Exchange Rate,28-Feb-06,101.2854032,Index,Normal,
Nominal/Real Effective Exchange Rates Indices of Pak Rupees,TS_GP_ER_REERNEER_M.R00010,Real Effective Exchange Rate,31-Mar-06,100.9158446,Index,Normal,
Nominal/Real Effective Exchange Rates Indices of Pak Rupees,TS_GP_ER_REERNEER_M.R00010,Real Effective Exchange Rate,30-Apr-06,100.4640389,Index,Normal,
Nominal/Real Effective Exchange Rates Indices of Pak Rupees,TS_GP_ER_REERNEER_M.R00010,Real Effective Exchange Rate,31-May-06,98.60313364,Index,Normal,
Nominal/Real Effective Exchange Rates Indices of Pak Rupees,TS_GP_ER_REERNEER_M.R00010,Real Effective Exchange Rate,30-Jun-06,99.84468628,Index,Normal,
Nominal/Real Effective Exchange Rates Indices of Pak Rupees,TS_GP_ER_REERNEER_M.R00010,Real Effective Exchange Rate,31-Jul-06,101.167589,Index,Normal,
Nominal/Real Effective Exchange Rates Indices of Pak Rupees,TS_GP_ER_REERNEER_M.R00010,Real Effective Exchange Rate,31-Aug-06,101.4741387,Index,Normal,
Nominal/Real Effective Exchange Rates Indices of Pak Rupees,TS_GP_ER_REERNEER_M.R00010,Real Effective Exchange Rate,30-Sep-06,101.6875874,Index,Normal,
Nominal/Real Effective Exchange Rates Indices of Pak Rupees,TS_GP_ER_REERNEER_M.R00010,Real Effective Exchange Rate,31-Oct-06,101.9199938,Index,Normal,
Nominal/Real Effective Exchange Rates Indices of Pak Rupees,TS_GP_ER_REERNEER_M.R00010,Real Effective Exchange Rate,30-Nov-06,100.8071209,Index,Normal,
Nominal/Real Effective Exchange Rates Indices of Pak Rupees,TS_GP_ER_REERNEER_M.R00010,Real Effective Exchange Rate,31-Dec-06,100.1135374,Index,Normal,
Nominal/Real Effective Exchange Rates Indices of Pak Rupees,TS_GP_ER_REERNEER_M.R00010,Real Effective Exchange Rate,31-Jan-07,99.90451256,Index,Normal,
Nominal/Real Effective Exchange Rates Indices of Pak Rupees,TS_GP_ER_REERNEER_M.R00010,Real Effective Exchange Rate,28-Feb-07,100.3471496,Index,Normal,
Nominal/Real Effective Exchange Rates Indices of Pak Rupees,TS_GP_ER_REERNEER_M.R00010,Real Effective Exchange Rate,31-Mar-07,99.98704233,Index,Normal,
Nominal/Real Effective Exchange Rates Indices of Pak Rupees,TS_GP_ER_REERNEER_M.R00010,Real Effective Exchange Rate,30-Apr-07,98.78948414,Index,Normal,
Nominal/Real Effective Exchange Rates Indices of Pak Rupees,TS_GP_ER_REERNEER_M.R00010,Real Effective Exchange Rate,31-May-07,99.22891643,Index,Normal,
Nominal/Real Effective Exchange Rates Indices of Pak Rupees,TS_GP_ER_REERNEER_M.R00010,Real Effective Exchange Rate,30-Jun-07,99.44027415,Index,Normal,
Nominal/Real Effective Exchange Rates Indices of Pak Rupees,TS_GP_ER_REERNEER_M.R00010,Real Effective Exchange Rate,31-Jul-07,99.46328514,Index,Normal,
Nominal/Real Effective Exchange Rates Indices of Pak Rupees,TS_GP_ER_REERNEER_M.R00010,Real Effective Exchange Rate,31-Aug-07,100.6361467,Index,Normal,
Nominal/Real Effective Exchange Rates Indices of Pak Rupees,TS_GP_ER_REERNEER_M.R00010,Real Effective Exchange Rate,30-Sep-07,101.1599685,Index,Normal,
Nominal/Real Effective Exchange Rates Indices of Pak Rupees,TS_GP_ER_REERNEER_M.R00010,Real Effective Exchange Rate,31-Oct-07,100.4872568,Index,Normal,
Nominal/Real Effective Exchange Rates Indices of Pak Rupees,TS_GP_ER_REERNEER_M.R00010,Real Effective Exchange Rate,30-Nov-07,98.15463737,Index,Normal,
Nominal/Real Effective Exchange Rates Indices of Pak Rupees,TS_GP_ER_REERNEER_M.R00010,Real Effective Exchange Rate,31-Dec-07,98.6739946,Index,Normal,
Nominal/Real Effective Exchange Rates Indices of Pak Rupees,TS_GP_ER_REERNEER_M.R00010,Real Effective Exchange Rate,31-Jan-08,97.55563961,Index,Normal,
Nominal/Real Effective Exchange Rates Indices of Pak Rupees,TS_GP_ER_REERNEER_M.R00010,Real Effective Exchange Rate,29-Feb-08,96.45090063,Index,Normal,
Nominal/Real Effective Exchange Rates Indices of Pak Rupees,TS_GP_ER_REERNEER_M.R00010,Real Effective Exchange Rate,31-Mar-08,96.65965493,Index,Normal,
Nominal/Real Effective Exchange Rates Indices of Pak Rupees,TS_GP_ER_REERNEER_M.R00010,Real Effective Exchange Rate,30-Apr-08,97.69376802,Index,Normal,
Nominal/Real Effective Exchange Rates Indices of Pak Rupees,TS_GP_ER_REERNEER_M.R00010,Real Effective Exchange Rate,31-May-08,94.11197373,Index,Normal,
Nominal/Real Effective Exchange Rates Indices of Pak Rupees,TS_GP_ER_REERNEER_M.R00010,Real Effective Exchange Rate,30-Jun-08,96.27315934,Index,Normal,
Nominal/Real Effective Exchange Rates Indices of Pak Rupees,TS_GP_ER_REERNEER_M.R00010,Real Effective Exchange Rate,31-Jul-08,94.76889466,Index,Normal,
Nominal/Real Effective Exchange Rates Indices of Pak Rupees,TS_GP_ER_REERNEER_M.R00010,Real Effective Exchange Rate,31-Aug-08,93.67050488,Index,Normal,
Nominal/Real Effective Exchange Rates Indices of Pak Rupees,TS_GP_ER_REERNEER_M.R00010,Real Effective Exchange Rate,30-Sep-08,92.91141989,Index,Normal,
Nominal/Real Effective Exchange Rates Indices of Pak Rupees,TS_GP_ER_REERNEER_M.R00010,Real Effective Exchange Rate,31-Oct-08,94.23261837,Index,Normal,
Nominal/Real Effective Exchange Rates Indices of Pak Rupees,TS_GP_ER_REERNEER_M.R00010,Real Effective Exchange Rate,30-Nov-08,97.26183967,Index,Normal,
Nominal/Real Effective Exchange Rates Indices of Pak Rupees,TS_GP_ER_REERNEER_M.R00010,Real Effective Exchange Rate,31-Dec-08,97.08605085,Index,Normal,
Nominal/Real Effective Exchange Rates Indices of Pak Rupees,TS_GP_ER_REERNEER_M.R00010,Real Effective Exchange Rate,31-Jan-09,97.6282012,Index,Normal,
Nominal/Real Effective Exchange Rates Indices of Pak Rupees,TS_GP_ER_REERNEER_M.R00010,Real Effective Exchange Rate,28-Feb-09,100.1542012,Index,Normal,
Nominal/Real Effective Exchange Rates Indices of Pak Rupees,TS_GP_ER_REERNEER_M.R00010,Real Effective Exchange Rate,31-Mar-09,99.62034763,Index,Normal,
Nominal/Real Effective Exchange Rates Indices of Pak Rupees,TS_GP_ER_REERNEER_M.R00010,Real Effective Exchange Rate,30-Apr-09,98.84477348,Index,Normal,
Nominal/Real Effective Exchange Rates Indices of Pak Rupees,TS_GP_ER_REERNEER_M.R00010,Real Effective Exchange Rate,31-May-09,96.1961749,Index,Normal,
Nominal/Real Effective Exchange Rates Indices of Pak Rupees,TS_GP_ER_REERNEER_M.R00010,Real Effective Exchange Rate,30-Jun-09,95.12141853,Index,Normal,
Nominal/Real Effective Exchange Rates Indices of Pak Rupees,TS_GP_ER_REERNEER_M.R00010,Real Effective Exchange Rate,31-Jul-09,95.03107583,Index,Normal,
Nominal/Real Effective Exchange Rates Indices of Pak Rupees,TS_GP_ER_REERNEER_M.R00010,Real Effective Exchange Rate,31-Aug-09,94.87776493,Index,Normal,
Nominal/Real Effective Exchange Rates Indices of Pak Rupees,TS_GP_ER_REERNEER_M.R00010,Real Effective Exchange Rate,30-Sep-09,93.89920054,Index,Normal,
Nominal/Real Effective Exchange Rates Indices of Pak Rupees,TS_GP_ER_REERNEER_M.R00010,Real Effective Exchange Rate,31-Oct-09,92.8848352,Index,Normal,
Nominal/Real Effective Exchange Rates Indices of Pak Rupees,TS_GP_ER_REERNEER_M.R00010,Real Effective Exchange Rate,30-Nov-09,93.23600407,Index,Normal,
Nominal/Real Effective Exchange Rates Indices of Pak Rupees,TS_GP_ER_REERNEER_M.R00010,Real Effective Exchange Rate,31-Dec-09,92.45598272,Index,Normal,
Nominal/Real Effective Exchange Rates Indices of Pak Rupees,TS_GP_ER_REERNEER_M.R00010,Real Effective Exchange Rate,31-Jan-10,94.55968956,Index,Normal,
Nominal/Real Effective Exchange Rates Indices of Pak Rupees,TS_GP_ER_REERNEER_M.R00010,Real Effective Exchange Rate,28-Feb-10,95.57184155,Index,Normal,
Nominal/Real Effective Exchange Rates Indices of Pak Rupees,TS_GP_ER_REERNEER_M.R00010,Real Effective Exchange Rate,31-Mar-10,97.10466522,Index,Normal,
Nominal/Real Effective Exchange Rates Indices of Pak Rupees,TS_GP_ER_REERNEER_M.R00010,Real Effective Exchange Rate,30-Apr-10,99.16632626,Index,Normal,
Nominal/Real Effective Exchange Rates Indices of Pak Rupees,TS_GP_ER_REERNEER_M.R00010,Real Effective Exchange Rate,31-May-10,101.1736782,Index,Normal,
Nominal/Real Effective Exchange Rates Indices of Pak Rupees,TS_GP_ER_REERNEER_M.R00010,Real Effective Exchange Rate,30-Jun-10,101.3409685,Index,Normal,
Nominal/Real Effective Exchange Rates Indices of Pak Rupees,TS_GP_ER_REERNEER_M.R00010,Real Effective Exchange Rate,31-Jul-10,101.069649,Index,Normal,
Nominal/Real Effective Exchange Rates Indices of Pak Rupees,TS_GP_ER_REERNEER_M.R00010,Real Effective Exchange Rate,31-Aug-10,101.9318097,Index,Normal,
Nominal/Real Effective Exchange Rates Indices of Pak Rupees,TS_GP_ER_REERNEER_M.R00010,Real Effective Exchange Rate,30-Sep-10,102.5687095,Index,Normal,
Nominal/Real Effective Exchange Rates Indices of Pak Rupees,TS_GP_ER_REERNEER_M.R00010,Real Effective Exchange Rate,31-Oct-10,100.2878153,Index,Normal,
Nominal/Real Effective Exchange Rates Indices of Pak Rupees,TS_GP_ER_REERNEER_M.R00010,Real Effective Exchange Rate,30-Nov-10,101.9390751,Index,Normal,
Nominal/Real Effective Exchange Rates Indices of Pak Rupees,TS_GP_ER_REERNEER_M.R00010,Real Effective Exchange Rate,31-Dec-10,102.2956217,Index,Normal,
Nominal/Real Effective Exchange Rates Indices of Pak Rupees,TS_GP_ER_REERNEER_M.R00010,Real Effective Exchange Rate,31-Jan-11,102.6381787,Index,Normal,
Nominal/Real Effective Exchange Rates Indices of Pak Rupees,TS_GP_ER_REERNEER_M.R00010,Real Effective Exchange Rate,28-Feb-11,101.2019305,Index,Normal,
Nominal/Real Effective Exchange Rates Indices of Pak Rupees,TS_GP_ER_REERNEER_M.R00010,Real Effective Exchange Rate,31-Mar-11,101.0920716,Index,Normal,
Nominal/Real Effective Exchange Rates Indices of Pak Rupees,TS_GP_ER_REERNEER_M.R00010,Real Effective Exchange Rate,30-Apr-11,101.5301191,Index,Normal,
Nominal/Real Effective Exchange Rates Indices of Pak Rupees,TS_GP_ER_REERNEER_M.R00010,Real Effective Exchange Rate,31-May-11,100.7921357,Index,Normal,
Nominal/Real Effective Exchange Rates Indices of Pak Rupees,TS_GP_ER_REERNEER_M.R00010,Real Effective Exchange Rate,30-Jun-11,100.9066654,Index,Normal,
Nominal/Real Effective Exchange Rates Indices of Pak Rupees,TS_GP_ER_REERNEER_M.R00010,Real Effective Exchange Rate,31-Jul-11,101.7805126,Index,Normal,
Nominal/Real Effective Exchange Rates Indices of Pak Rupees,TS_GP_ER_REERNEER_M.R00010,Real Effective Exchange Rate,31-Aug-11,101.8715539,Index,Normal,
Nominal/Real Effective Exchange Rates Indices of Pak Rupees,TS_GP_ER_REERNEER_M.R00010,Real Effective Exchange Rate,30-Sep-11,103.7163767,Index,Normal,
Nominal/Real Effective Exchange Rates Indices of Pak Rupees,TS_GP_ER_REERNEER_M.R00010,Real Effective Exchange Rate,31-Oct-11,106.2962156,Index,Normal,
Nominal/Real Effective Exchange Rates Indices of Pak Rupees,TS_GP_ER_REERNEER_M.R00010,Real Effective Exchange Rate,30-Nov-11,106.8786176,Index,Normal,
Nominal/Real Effective Exchange Rates Indices of Pak Rupees,TS_GP_ER_REERNEER_M.R00010,Real Effective Exchange Rate,31-Dec-11,104.1807368,Index,Normal,
Nominal/Real Effective Exchange Rates Indices of Pak Rupees,TS_GP_ER_REERNEER_M.R00010,Real Effective Exchange Rate,31-Jan-12,104.7421282,Index,Normal,
Nominal/Real Effective Exchange Rates Indices of Pak Rupees,TS_GP_ER_REERNEER_M.R00010,Real Effective Exchange Rate,29-Feb-12,102.9415881,Index,Normal,
Nominal/Real Effective Exchange Rates Indices of Pak Rupees,TS_GP_ER_REERNEER_M.R00010,Real Effective Exchange Rate,31-Mar-12,104.0895981,Index,Normal,
Nominal/Real Effective Exchange Rates Indices of Pak Rupees,TS_GP_ER_REERNEER_M.R00010,Real Effective Exchange Rate,30-Apr-12,105.7596976,Index,Normal,
Nominal/Real Effective Exchange Rates Indices of Pak Rupees,TS_GP_ER_REERNEER_M.R00010,Real Effective Exchange Rate,31-May-12,107.3915056,Index,Normal,
Nominal/Real Effective Exchange Rates Indices of Pak Rupees,TS_GP_ER_REERNEER_M.R00010,Real Effective Exchange Rate,30-Jun-12,105.4679574,Index,Normal,
Nominal/Real Effective Exchange Rates Indices of Pak Rupees,TS_GP_ER_REERNEER_M.R00010,Real Effective Exchange Rate,31-Jul-12,105.2654748,Index,Normal,
Nominal/Real Effective Exchange Rates Indices of Pak Rupees,TS_GP_ER_REERNEER_M.R00010,Real Effective Exchange Rate,31-Aug-12,105.0649577,Index,Normal,
Nominal/Real Effective Exchange Rates Indices of Pak Rupees,TS_GP_ER_REERNEER_M.R00010,Real Effective Exchange Rate,30-Sep-12,103.7803629,Index,Normal,
Nominal/Real Effective Exchange Rates Indices of Pak Rupees,TS_GP_ER_REERNEER_M.R00010,Real Effective Exchange Rate,31-Oct-12,102.7714941,Index,Normal,
Nominal/Real Effective Exchange Rates Indices of Pak Rupees,TS_GP_ER_REERNEER_M.R00010,Real Effective Exchange Rate,30-Nov-12,102.4374709,Index,Normal,
Nominal/Real Effective Exchange Rates Indices of Pak Rupees,TS_GP_ER_REERNEER_M.R00010,Real Effective Exchange Rate,31-Dec-12,100.7394857,Index,Normal,
Nominal/Real Effective Exchange Rates Indices of Pak Rupees,TS_GP_ER_REERNEER_M.R00010,Real Effective Exchange Rate,31-Jan-13,100.7386835,Index,Normal,
Nominal/Real Effective Exchange Rates Indices of Pak Rupees,TS_GP_ER_REERNEER_M.R00010,Real Effective Exchange Rate,28-Feb-13,100.5225554,Index,Normal,
Nominal/Real Effective Exchange Rates Indices of Pak Rupees,TS_GP_ER_REERNEER_M.R00010,Real Effective Exchange Rate,31-Mar-13,101.6882477,Index,Normal,
Nominal/Real Effective Exchange Rates Indices of Pak Rupees,TS_GP_ER_REERNEER_M.R00010,Real Effective Exchange Rate,30-Apr-13,101.7263963,Index,Normal,
Nominal/Real Effective Exchange Rates Indices of Pak Rupees,TS_GP_ER_REERNEER_M.R00010,Real Effective Exchange Rate,31-May-13,102.1988816,Index,Normal,
Nominal/Real Effective Exchange Rates Indices of Pak Rupees,TS_GP_ER_REERNEER_M.R00010,Real Effective Exchange Rate,30-Jun-13,102.5266839,Index,Normal,
Nominal/Real Effective Exchange Rates Indices of Pak Rupees,TS_GP_ER_REERNEER_M.R00010,Real Effective Exchange Rate,31-Jul-13,102.9978271,Index,Normal,
Nominal/Real Effective Exchange Rates Indices of Pak Rupees,TS_GP_ER_REERNEER_M.R00010,Real Effective Exchange Rate,31-Aug-13,101.6360469,Index,Normal,
Nominal/Real Effective Exchange Rates Indices of Pak Rupees,TS_GP_ER_REERNEER_M.R00010,Real Effective Exchange Rate,30-Sep-13,98.46190684,Index,Normal,
Nominal/Real Effective Exchange Rates Indices of Pak Rupees,TS_GP_ER_REERNEER_M.R00010,Real Effective Exchange Rate,31-Oct-13,98.50233185,Index,Normal,
Nominal/Real Effective Exchange Rates Indices of Pak Rupees,TS_GP_ER_REERNEER_M.R00010,Real Effective Exchange Rate,30-Nov-13,99.08063885,Index,Normal,
Nominal/Real Effective Exchange Rates Indices of Pak Rupees,TS_GP_ER_REERNEER_M.R00010,Real Effective Exchange Rate,31-Dec-13,97.85778972,Index,Normal,
Nominal/Real Effective Exchange Rates Indices of Pak Rupees,TS_GP_ER_REERNEER_M.R00010,Real Effective Exchange Rate,31-Jan-14,99.97791228,Index,Normal,
Nominal/Real Effective Exchange Rates Indices of Pak Rupees,TS_GP_ER_REERNEER_M.R00010,Real Effective Exchange Rate,28-Feb-14,100.1843819,Index,Normal,
Nominal/Real Effective Exchange Rates Indices of Pak Rupees,TS_GP_ER_REERNEER_M.R00010,Real Effective Exchange Rate,31-Mar-14,105.6204767,Index,Normal,
Nominal/Real Effective Exchange Rates Indices of Pak Rupees,TS_GP_ER_REERNEER_M.R00010,Real Effective Exchange Rate,30-Apr-14,109.1215041,Index,Normal,
Nominal/Real Effective Exchange Rates Indices of Pak Rupees,TS_GP_ER_REERNEER_M.R00010,Real Effective Exchange Rate,31-May-14,107.4370893,Index,Normal,
Nominal/Real Effective Exchange Rates Indices of Pak Rupees,TS_GP_ER_REERNEER_M.R00010,Real Effective Exchange Rate,30-Jun-14,108.4482055,Index,Normal,
Nominal/Real Effective Exchange Rates Indices of Pak Rupees,TS_GP_ER_REERNEER_M.R00010,Real Effective Exchange Rate,31-Jul-14,109.8511225,Index,Normal,
Nominal/Real Effective Exchange Rates Indices of Pak Rupees,TS_GP_ER_REERNEER_M.R00010,Real Effective Exchange Rate,31-Aug-14,109.1801785,Index,Normal,
Nominal/Real Effective Exchange Rates Indices of Pak Rupees,TS_GP_ER_REERNEER_M.R00010,Real Effective Exchange Rate,30-Sep-14,108.1614106,Index,Normal,
Nominal/Real Effective Exchange Rates Indices of Pak Rupees,TS_GP_ER_REERNEER_M.R00010,Real Effective Exchange Rate,31-Oct-14,108.8836047,Index,Normal,
Nominal/Real Effective Exchange Rates Indices of Pak Rupees,TS_GP_ER_REERNEER_M.R00010,Real Effective Exchange Rate,30-Nov-14,110.5218269,Index,Normal,
Nominal/Real Effective Exchange Rates Indices of Pak Rupees,TS_GP_ER_REERNEER_M.R00010,Real Effective Exchange Rate,31-Dec-14,111.6233641,Index,Missing value,
Nominal/Real Effective Exchange Rates Indices of Pak Rupees,TS_GP_ER_REERNEER_M.R00010,Real Effective Exchange Rate,31-Jan-15,113.7389056,Index,Normal,
Nominal/Real Effective Exchange Rates Indices of Pak Rupees,TS_GP_ER_REERNEER_M.R00010,Real Effective Exchange Rate,28-Feb-15,113.4633675,Index,Normal,
Nominal/Real Effective Exchange Rates Indices of Pak Rupees,TS_GP_ER_REERNEER_M.R00010,Real Effective Exchange Rate,31-Mar-15,114.6259636,Index,Normal,
Nominal/Real Effective Exchange Rates Indices of Pak Rupees,TS_GP_ER_REERNEER_M.R00010,Real Effective Exchange Rate,30-Apr-15,114.6203984,Index,Normal,
Nominal/Real Effective Exchange Rates Indices of Pak Rupees,TS_GP_ER_REERNEER_M.R00010,Real Effective Exchange Rate,31-May-15,114.2470986,Index,Normal,
Nominal/Real Effective Exchange Rates Indices of Pak Rupees,TS_GP_ER_REERNEER_M.R00010,Real Effective Exchange Rate,30-Jun-15,115.3514735,Index,Normal,
Nominal/Real Effective Exchange Rates Indices of Pak Rupees,TS_GP_ER_REERNEER_M.R00010,Real Effective Exchange Rate,31-Jul-15,116.5042231,Index,Normal,
Nominal/Real Effective Exchange Rates Indices of Pak Rupees,TS_GP_ER_REERNEER_M.R00010,Real Effective Exchange Rate,31-Aug-15,117.6099446,Index,Normal,
Nominal/Real Effective Exchange Rates Indices of Pak Rupees,TS_GP_ER_REERNEER_M.R00010,Real Effective Exchange Rate,30-Sep-15,116.0381547,Index,Normal,
Nominal/Real Effective Exchange Rates Indices of Pak Rupees,TS_GP_ER_REERNEER_M.R00010,Real Effective Exchange Rate,31-Oct-15,115.7238815,Index,Normal,
Nominal/Real Effective Exchange Rates Indices of Pak Rupees,TS_GP_ER_REERNEER_M.R00010,Real Effective Exchange Rate,30-Nov-15,116.9478977,Index,Normal,
Nominal/Real Effective Exchange Rates Indices of Pak Rupees,TS_GP_ER_REERNEER_M.R00010,Real Effective Exchange Rate,31-Dec-15,117.4620769,Index,Normal,
Nominal/Real Effective Exchange Rates Indices of Pak Rupees,TS_GP_ER_REERNEER_M.R00010,Real Effective Exchange Rate,31-Jan-16,118.6835059,Index,Normal,
Nominal/Real Effective Exchange Rates Indices of Pak Rupees,TS_GP_ER_REERNEER_M.R00010,Real Effective Exchange Rate,29-Feb-16,116.9139171,Index,Normal,
Nominal/Real Effective Exchange Rates Indices of Pak Rupees,TS_GP_ER_REERNEER_M.R00010,Real Effective Exchange Rate,31-Mar-16,115.7301071,Index,Normal,
Nominal/Real Effective Exchange Rates Indices of Pak Rupees,TS_GP_ER_REERNEER_M.R00010,Real Effective Exchange Rate,30-Apr-16,116.0054965,Index,Normal,
Nominal/Real Effective Exchange Rates Indices of Pak Rupees,TS_GP_ER_REERNEER_M.R00010,Real Effective Exchange Rate,31-May-16,116.201136,Index,Normal,
Nominal/Real Effective Exchange Rates Indices of Pak Rupees,TS_GP_ER_REERNEER_M.R00010,Real Effective Exchange Rate,30-Jun-16,117.4041014,Index,Normal,
Nominal/Real Effective Exchange Rates Indices of Pak Rupees,TS_GP_ER_REERNEER_M.R00010,Real Effective Exchange Rate,31-Jul-16,119.3912933,Index,Normal,
Nominal/Real Effective Exchange Rates Indices of Pak Rupees,TS_GP_ER_REERNEER_M.R00010,Real Effective Exchange Rate,31-Aug-16,118.3053939,Index,Normal,
Nominal/Real Effective Exchange Rates Indices of Pak Rupees,TS_GP_ER_REERNEER_M.R00010,Real Effective Exchange Rate,30-Sep-16,118.5529631,Index,Normal,
Nominal/Real Effective Exchange Rates Indices of Pak Rupees,TS_GP_ER_REERNEER_M.R00010,Real Effective Exchange Rate,31-Oct-16,120.4495422,Index,Normal,
Nominal/Real Effective Exchange Rates Indices of Pak Rupees,TS_GP_ER_REERNEER_M.R00010,Real Effective Exchange Rate,30-Nov-16,122.4623581,Index,Normal,
Nominal/Real Effective Exchange Rates Indices of Pak Rupees,TS_GP_ER_REERNEER_M.R00010,Real Effective Exchange Rate,31-Dec-16,123.4015981,Index,Normal,
Nominal/Real Effective Exchange Rates Indices of Pak Rupees,TS_GP_ER_REERNEER_M.R00010,Real Effective Exchange Rate,31-Jan-17,122.7701282,Index,Normal,
Nominal/Real Effective Exchange Rates Indices of Pak Rupees,TS_GP_ER_REERNEER_M.R00010,Real Effective Exchange Rate,28-Feb-17,122.0675433,Index,Normal,
Nominal/Real Effective Exchange Rates Indices of Pak Rupees,TS_GP_ER_REERNEER_M.R00010,Real Effective Exchange Rate,31-Mar-17,122.8225059,Index,Normal,
Nominal/Real Effective Exchange Rates Indices of Pak Rupees,TS_GP_ER_REERNEER_M.R00010,Real Effective Exchange Rate,30-Apr-17,123.7106639,Index,Normal,
Nominal/Real Effective Exchange Rates Indices of Pak Rupees,TS_GP_ER_REERNEER_M.R00010,Real Effective Exchange Rate,31-May-17,122.9094964,Index,Normal,
Nominal/Real Effective Exchange Rates Indices of Pak Rupees,TS_GP_ER_REERNEER_M.R00010,Real Effective Exchange Rate,30-Jun-17,121.2569128,Index,Normal,
Nominal/Real Effective Exchange Rates Indices of Pak Rupees,TS_GP_ER_REERNEER_M.R00010,Real Effective Exchange Rate,31-Jul-17,119.9588595,Index,Normal,
Nominal/Real Effective Exchange Rates Indices of Pak Rupees,TS_GP_ER_REERNEER_M.R00010,Real Effective Exchange Rate,31-Aug-17,118.5233161,Index,Normal,
Nominal/Real Effective Exchange Rates Indices of Pak Rupees,TS_GP_ER_REERNEER_M.R00010,Real Effective Exchange Rate,30-Sep-17,117.7471146,Index,Normal,
Nominal/Real Effective Exchange Rates Indices of Pak Rupees,TS_GP_ER_REERNEER_M.R00010,Real Effective Exchange Rate,31-Oct-17,119.6734823,Index,Normal,
Nominal/Real Effective Exchange Rates Indices of Pak Rupees,TS_GP_ER_REERNEER_M.R00010,Real Effective Exchange Rate,30-Nov-17,120.3019196,Index,Normal,
Nominal/Real Effective Exchange Rates Indices of Pak Rupees,TS_GP_ER_REERNEER_M.R00010,Real Effective Exchange Rate,31-Dec-17,115.3999358,Index,Normal,
Nominal/Real Effective Exchange Rates Indices of Pak Rupees,TS_GP_ER_REERNEER_M.R00010,Real Effective Exchange Rate,31-Jan-18,110.9943681,Index,Normal,
Nominal/Real Effective Exchange Rates Indices of Pak Rupees,TS_GP_ER_REERNEER_M.R00010,Real Effective Exchange Rate,28-Feb-18,108.8854808,Index,Normal,
Nominal/Real Effective Exchange Rates Indices of Pak Rupees,TS_GP_ER_REERNEER_M.R00010,Real Effective Exchange Rate,31-Mar-18,107.6158887,Index,Normal,
Nominal/Real Effective Exchange Rates Indices of Pak Rupees,TS_GP_ER_REERNEER_M.R00010,Real Effective Exchange Rate,30-Apr-18,106.7891228,Index,Normal,
Nominal/Real Effective Exchange Rates Indices of Pak Rupees,TS_GP_ER_REERNEER_M.R00010,Real Effective Exchange Rate,31-May-18,109.2750319,Index,Normal,
Nominal/Real Effective Exchange Rates Indices of Pak Rupees,TS_GP_ER_REERNEER_M.R00010,Real Effective Exchange Rate,30-Jun-18,107.2731335,Index,Normal,
Nominal/Real Effective Exchange Rates Indices of Pak Rupees,TS_GP_ER_REERNEER_M.R00010,Real Effective Exchange Rate,31-Jul-18,105.1247892,Index,Normal,
Nominal/Real Effective Exchange Rates Indices of Pak Rupees,TS_GP_ER_REERNEER_M.R00010,Real Effective Exchange Rate,31-Aug-18,107.2514063,Index,Normal,
Nominal/Real Effective Exchange Rates Indices of Pak Rupees,TS_GP_ER_REERNEER_M.R00010,Real Effective Exchange Rate,30-Sep-18,106.6350716,Index,Normal,
Nominal/Real Effective Exchange Rates Indices of Pak Rupees,TS_GP_ER_REERNEER_M.R00010,Real Effective Exchange Rate,31-Oct-18,103.8276421,Index,Normal,
Nominal/Real Effective Exchange Rates Indices of Pak Rupees,TS_GP_ER_REERNEER_M.R00010,Real Effective Exchange Rate,30-Nov-18,102.200815,Index,Normal,
Nominal/Real Effective Exchange Rates Indices of Pak Rupees,TS_GP_ER_REERNEER_M.R00010,Real Effective Exchange Rate,31-Dec-18,97.96818297,Index,Normal,
Nominal/Real Effective Exchange Rates Indices of Pak Rupees,TS_GP_ER_REERNEER_M.R00010,Real Effective Exchange Rate,31-Jan-19,97.93897414,Index,Normal,
Nominal/Real Effective Exchange Rates Indices of Pak Rupees,TS_GP_ER_REERNEER_M.R00010,Real Effective Exchange Rate,28-Feb-19,97.8386309,Index,Normal,
Nominal/Real Effective Exchange Rates Indices of Pak Rupees,TS_GP_ER_REERNEER_M.R00010,Real Effective Exchange Rate,31-Mar-19,98.71293636,Index,Normal,
Nominal/Real Effective Exchange Rates Indices of Pak Rupees,TS_GP_ER_REERNEER_M.R00010,Real Effective Exchange Rate,30-Apr-19,98.45262968,Index,Normal,
Nominal/Real Effective Exchange Rates Indices of Pak Rupees,TS_GP_ER_REERNEER_M.R00010,Real Effective Exchange Rate,31-May-19,97.15611375,Index,Normal,
Nominal/Real Effective Exchange Rates Indices of Pak Rupees,TS_GP_ER_REERNEER_M.R00010,Real Effective Exchange Rate,30-Jun-19,92.44327352,Index,Normal,
Nominal/Real Effective Exchange Rates Indices of Pak Rupees,TS_GP_ER_REERNEER_M.R00010,Real Effective Exchange Rate,31-Jul-19,91.0969915,Index,Normal,
Nominal/Real Effective Exchange Rates Indices of Pak Rupees,TS_GP_ER_REERNEER_M.R00010,Real Effective Exchange Rate,31-Aug-19,94.38844745,Index,Normal,
Nominal/Real Effective Exchange Rates Indices of Pak Rupees,TS_GP_ER_REERNEER_M.R00010,Real Effective Exchange Rate,30-Sep-19,96.17102738,Index,Normal,
Nominal/Real Effective Exchange Rates Indices of Pak Rupees,TS_GP_ER_REERNEER_M.R00010,Real Effective Exchange Rate,31-Oct-19,97.39858157,Index,Normal,
Nominal/Real Effective Exchange Rates Indices of Pak Rupees,TS_GP_ER_REERNEER_M.R00010,Real Effective Exchange Rate,30-Nov-19,98.51747892,Index,Normal,
Nominal/Real Effective Exchange Rates Indices of Pak Rupees,TS_GP_ER_REERNEER_M.R00010,Real Effective Exchange Rate,31-Dec-19,98.27418262,Index,Normal,
Nominal/Real Effective Exchange Rates Indices of Pak Rupees,TS_GP_ER_REERNEER_M.R00010,Real Effective Exchange Rate,31-Jan-20,99.41917349,Index,Normal,
Nominal/Real Effective Exchange Rates Indices of Pak Rupees,TS_GP_ER_REERNEER_M.R00010,Real Effective Exchange Rate,29-Feb-20,99.43524792,Index,Normal,
Nominal/Real Effective Exchange Rates Indices of Pak Rupees,TS_GP_ER_REERNEER_M.R00010,Real Effective Exchange Rate,31-Mar-20,98.07857139,Index,Normal,
Nominal/Real Effective Exchange Rates Indices of Pak Rupees,TS_GP_ER_REERNEER_M.R00010,Real Effective Exchange Rate,30-Apr-20,95.70052462,Index,Normal,
Nominal/Real Effective Exchange Rates Indices of Pak Rupees,TS_GP_ER_REERNEER_M.R00010,Real Effective Exchange Rate,31-May-20,98.35827443,Index,Normal,
Nominal/Real Effective Exchange Rates Indices of Pak Rupees,TS_GP_ER_REERNEER_M.R00010,Real Effective Exchange Rate,30-Jun-20,94.50667465,Index,Normal,
Nominal/Real Effective Exchange Rates Indices of Pak Rupees,TS_GP_ER_REERNEER_M.R00010,Real Effective Exchange Rate,31-Jul-20,94.65877038,Index,Normal,
Nominal/Real Effective Exchange Rates Indices of Pak Rupees,TS_GP_ER_REERNEER_M.R00010,Real Effective Exchange Rate,31-Aug-20,92.98683663,Index,Normal,
Nominal/Real Effective Exchange Rates Indices of Pak Rupees,TS_GP_ER_REERNEER_M.R00010,Real Effective Exchange Rate,30-Sep-20,95.34913705,Index,Normal,
Nominal/Real Effective Exchange Rates Indices of Pak Rupees,TS_GP_ER_REERNEER_M.R00010,Real Effective Exchange Rate,31-Oct-20,98.379555,Index,Normal,
Nominal/Real Effective Exchange Rates Indices of Pak Rupees,TS_GP_ER_REERNEER_M.R00010,Real Effective Exchange Rate,30-Nov-20,100.5849,Index,Normal,
Nominal/Real Effective Exchange Rates Indices of Pak Rupees,TS_GP_ER_REERNEER_M.R00010,Real Effective Exchange Rate,31-Dec-20,97.50218475,Index,Normal,
Nominal/Real Effective Exchange Rates Indices of Pak Rupees,TS_GP_ER_REERNEER_M.R00010,Real Effective Exchange Rate,31-Jan-21,96.28359713,Index,Normal,
Nominal/Real Effective Exchange Rates Indices of Pak Rupees,TS_GP_ER_REERNEER_M.R00010,Real Effective Exchange Rate,28-Feb-21,98.35251992,Index,Normal,
Nominal/Real Effective Exchange Rates Indices of Pak Rupees,TS_GP_ER_REERNEER_M.R00010,Real Effective Exchange Rate,31-Mar-21,101.7766664,Index,Normal,
Nominal/Real Effective Exchange Rates Indices of Pak Rupees,TS_GP_ER_REERNEER_M.R00010,Real Effective Exchange Rate,30-Apr-21,104.2028585,Index,Normal,
Nominal/Real Effective Exchange Rates Indices of Pak Rupees,TS_GP_ER_REERNEER_M.R00010,Real Effective Exchange Rate,31-May-21,103.4902184,Index,Normal,
Nominal/Real Effective Exchange Rates Indices of Pak Rupees,TS_GP_ER_REERNEER_M.R00010,Real Effective Exchange Rate,30-Jun-21,101.0253204,Index,Normal,
Nominal/Real Effective Exchange Rates Indices of Pak Rupees,TS_GP_ER_REERNEER_M.R00010,Real Effective Exchange Rate,31-Jul-21,100.6237877,Index,Normal,
Nominal/Real Effective Exchange Rates Indices of Pak Rupees,TS_GP_ER_REERNEER_M.R00010,Real Effective Exchange Rate,31-Aug-21,98.47719579,Index,Normal,
Nominal/Real Effective Exchange Rates Indices of Pak Rupees,TS_GP_ER_REERNEER_M.R00010,Real Effective Exchange Rate,30-Sep-21,97.75993658,Index,Normal,
Nominal/Real Effective Exchange Rates Indices of Pak Rupees,TS_GP_ER_REERNEER_M.R00010,Real Effective Exchange Rate,31-Oct-21,97.41334564,Index,Normal,
Nominal/Real Effective Exchange Rates Indices of Pak Rupees,TS_GP_ER_REERNEER_M.R00010,Real Effective Exchange Rate,30-Nov-21,99.60742258,Index,Normal,
Nominal/Real Effective Exchange Rates Indices of Pak Rupees,TS_GP_ER_REERNEER_M.R00010,Real Effective Exchange Rate,31-Dec-21,97.76080153,Index,Normal,
Nominal/Real Effective Exchange Rates Indices of Pak Rupees,TS_GP_ER_REERNEER_M.R00010,Real Effective Exchange Rate,31-Jan-22,97.78777201,Index,Normal,
Nominal/Real Effective Exchange Rates Indices of Pak Rupees,TS_GP_ER_REERNEER_M.R00010,Real Effective Exchange Rate,28-Feb-22,98.51705762,Index,Normal,
Nominal/Real Effective Exchange Rates Indices of Pak Rupees,TS_GP_ER_REERNEER_M.R00010,Real Effective Exchange Rate,31-Mar-22,97.14297397,Index,Normal,
Nominal/Real Effective Exchange Rates Indices of Pak Rupees,TS_GP_ER_REERNEER_M.R00010,Real Effective Exchange Rate,30-Apr-22,96.75946696,Index,Normal,
Nominal/Real Effective Exchange Rates Indices of Pak Rupees,TS_GP_ER_REERNEER_M.R00010,Real Effective Exchange Rate,31-May-22,94.55331721,Index,Normal,
Nominal/Real Effective Exchange Rates Indices of Pak Rupees,TS_GP_ER_REERNEER_M.R00010,Real Effective Exchange Rate,30-Jun-22,94.86133581,Index,Normal,
Nominal/Real Effective Exchange Rates Indices of Pak Rupees,TS_GP_ER_REERNEER_M.R00010,Real Effective Exchange Rate,31-Jul-22,94.0102526,Index,Normal,
Nominal/Real Effective Exchange Rates Indices of Pak Rupees,TS_GP_ER_REERNEER_M.R00010,Real Effective Exchange Rate,31-Aug-22,95.16755622,Index,Normal,
Nominal/Real Effective Exchange Rates Indices of Pak Rupees,TS_GP_ER_REERNEER_M.R00010,Real Effective Exchange Rate,30-Sep-22,91.71256026,Index,Normal,
Nominal/Real Effective Exchange Rates Indices of Pak Rupees,TS_GP_ER_REERNEER_M.R00010,Real Effective Exchange Rate,31-Oct-22,101.5707,Index,Normal,
Nominal/Real Effective Exchange Rates Indices of Pak Rupees,TS_GP_ER_REERNEER_M.R00010,Real Effective Exchange Rate,30-Nov-22,100.3139401,Index,Normal,
Nominal/Real Effective Exchange Rates Indices of Pak Rupees,TS_GP_ER_REERNEER_M.R00010,Real Effective Exchange Rate,31-Dec-22,97.4737445,Index,Normal,
Nominal/Real Effective Exchange Rates Indices of Pak Rupees,TS_GP_ER_REERNEER_M.R00010,Real Effective Exchange Rate,31-Jan-23,93.96209776,Index,Normal,
Nominal/Real Effective Exchange Rates Indices of Pak Rupees,TS_GP_ER_REERNEER_M.R00010,Real Effective Exchange Rate,28-Feb-23,86.48939743,Index,Normal,
Nominal/Real Effective Exchange Rates Indices of Pak Rupees,TS_GP_ER_REERNEER_M.R00010,Real Effective Exchange Rate,31-Mar-23,85.60532212,Index,Normal,
Nominal/Real Effective Exchange Rates Indices of Pak Rupees,TS_GP_ER_REERNEER_M.R00010,Real Effective Exchange Rate,30-Apr-23,85.56225661,Index,Normal,
Nominal/Real Effective Exchange Rates Indices of Pak Rupees,TS_GP_ER_REERNEER_M.R00010,Real Effective Exchange Rate,31-May-23,87.33010711,Index,Normal,
Nominal/Real Effective Exchange Rates Indices of Pak Rupees,TS_GP_ER_REERNEER_M.R00010,Real Effective Exchange Rate,30-Jun-23,87.72830855,Index,Normal,
Nominal/Real Effective Exchange Rates Indices of Pak Rupees,TS_GP_ER_REERNEER_M.R00010,Real Effective Exchange Rate,31-Jul-23,91.58650898,Index,Normal,
Nominal/Real Effective Exchange Rates Indices of Pak Rupees,TS_GP_ER_REERNEER_M.R00010,Real Effective Exchange Rate,31-Aug-23,90.04066261,Index,Normal,
Nominal/Real Effective Exchange Rates Indices of Pak Rupees,TS_GP_ER_REERNEER_M.R00010,Real Effective Exchange Rate,30-Sep-23,91.72981391,Index,Normal,
Nominal/Real Effective Exchange Rates Indices of Pak Rupees,TS_GP_ER_REERNEER_M.R00010,Real Effective Exchange Rate,31-Oct-23,98.51661249,Index,Normal,
Nominal/Real Effective Exchange Rates Indices of Pak Rupees,TS_GP_ER_REERNEER_M.R00010,Real Effective Exchange Rate,30-Nov-23,98.27553783,Index,Normal,
Nominal/Real Effective Exchange Rates Indices of Pak Rupees,TS_GP_ER_REERNEER_M.R00010,Real Effective Exchange Rate,31-Dec-23,98.82667231,Index,Normal,
Nominal/Real Effective Exchange Rates Indices of Pak Rupees,TS_GP_ER_REERNEER_M.R00010,Real Effective Exchange Rate,31-Jan-24,101.7542166,Index,Normal,
Nominal/Real Effective Exchange Rates Indices of Pak Rupees,TS_GP_ER_REERNEER_M.R00010,Real Effective Exchange Rate,29-Feb-24,102.0965731,Index,Normal,
Nominal/Real Effective Exchange Rates Indices of Pak Rupees,TS_GP_ER_REERNEER_M.R00010,Real Effective Exchange Rate,31-Mar-24,104.09487,Index,Normal,
Nominal/Real Effective Exchange Rates Indices of Pak Rupees,TS_GP_ER_REERNEER_M.R00010,Real Effective Exchange Rate,30-Apr-24,104.4444586,Index,Normal,
Nominal/Real Effective Exchange Rates Indices of Pak Rupees,TS_GP_ER_REERNEER_M.R00010,Real Effective Exchange Rate,31-May-24,100.6883611,Index,Normal,
Nominal/Real Effective Exchange Rates Indices of Pak Rupees,TS_GP_ER_REERNEER_M.R00010,Real Effective Exchange Rate,30-Jun-24,100.0647332,Index,Normal,
Nominal/Real Effective Exchange Rates Indices of Pak Rupees,TS_GP_ER_REERNEER_M.R00010,Real Effective Exchange Rate,31-Jul-24,101.5044332,Index,Normal,
Nominal/Real Effective Exchange Rates Indices of Pak Rupees,TS_GP_ER_REERNEER_M.R00010,Real Effective Exchange Rate,31-Aug-24,100.1324703,Index,Normal,
Nominal/Real Effective Exchange Rates Indices of Pak Rupees,TS_GP_ER_REERNEER_M.R00010,Real Effective Exchange Rate,30-Sep-24,98.64152303,Index,Normal,
Nominal/Real Effective Exchange Rates Indices of Pak Rupees,TS_GP_ER_REERNEER_M.R00010,Real Effective Exchange Rate,31-Oct-24,100.7769933,Index,Normal,
Nominal/Real Effective Exchange Rates Indices of Pak Rupees,TS_GP_ER_REERNEER_M.R00010,Real Effective Exchange Rate,30-Nov-24,103.0224835,Index,Normal,
Nominal/Real Effective Exchange Rates Indices of Pak Rupees,TS_GP_ER_REERNEER_M.R00010,Real Effective Exchange Rate,31-Dec-24,103.6654254,Index,Normal,
Nominal/Real Effective Exchange Rates Indices of Pak Rupees,TS_GP_ER_REERNEER_M.R00010,Real Effective Exchange Rate,31-Jan-25,104.0619292,Index,Normal,
Nominal/Real Effective Exchange Rates Indices of Pak Rupees,TS_GP_ER_REERNEER_M.R00010,Real Effective Exchange Rate,28-Feb-25,102.2469925,Index,Normal,
Nominal/Real Effective Exchange Rates Indices of Pak Rupees,TS_GP_ER_REERNEER_M.R00010,Real Effective Exchange Rate,31-Mar-25,101.5521138,Index,Normal,
Nominal/Real Effective Exchange Rates Indices of Pak Rupees,TS_GP_ER_REERNEER_M.R00010,Real Effective Exchange Rate,30-Apr-25,99.30499453,Index,Normal,
Nominal/Real Effective Exchange Rates Indices of Pak Rupees,TS_GP_ER_REERNEER_M.R00010,Real Effective Exchange Rate,31-May-25,97.79464621,Index,Normal,
Nominal/Real Effective Exchange Rates Indices of Pak Rupees,TS_GP_ER_REERNEER_M.R00010,Real Effective Exchange Rate,30-Jun-25,96.60544393,Index,Normal,
