Dataset,Series Key,Series,Observation Date,Observation Value,Unit,Observation Status,Observation Status Comment
Gold and Foreign Exchange Reserves of Pakistan,TS_GP_EXT_PAKRES_M.Z00010,Gold reserves,30-Jun-48,7,Million USD,Normal,
Gold and Foreign Exchange Reserves of Pakistan,TS_GP_EXT_PAKRES_M.Z00010,Gold reserves,30-Jun-49,13,Million USD,Normal,
Gold and Foreign Exchange Reserves of Pakistan,TS_GP_EXT_PAKRES_M.Z00010,Gold reserves,30-Jun-50,13,Million USD,Normal,
Gold and Foreign Exchange Reserves of Pakistan,TS_GP_EXT_PAKRES_M.Z00010,Gold reserves,30-Jun-51,13,Million USD,Normal,
Gold and Foreign Exchange Reserves of Pakistan,TS_GP_EXT_PAKRES_M.Z00010,Gold reserves,30-Jun-52,24,Million USD,Normal,
Gold and Foreign Exchange Reserves of Pakistan,TS_GP_EXT_PAKRES_M.Z00010,Gold reserves,30-Jun-53,24,Million USD,Normal,
Gold and Foreign Exchange Reserves of Pakistan,TS_GP_EXT_PAKRES_M.Z00010,Gold reserves,30-Jun-54,24,Million USD,Normal,
Gold and Foreign Exchange Reserves of Pakistan,TS_GP_EXT_PAKRES_M.Z00010,Gold reserves,30-Jun-55,24,Million USD,Normal,
Gold and Foreign Exchange Reserves of Pakistan,TS_GP_EXT_PAKRES_M.Z00010,Gold reserves,30-Jun-56,24,Million USD,Normal,
Gold and Foreign Exchange Reserves of Pakistan,TS_GP_EXT_PAKRES_M.Z00010,Gold reserves,30-Jun-57,24,Million USD,Normal,
Gold and Foreign Exchange Reserves of Pakistan,TS_GP_EXT_PAKRES_M.Z00010,Gold reserves,30-Jun-58,25,Million USD,Normal,
Gold and Foreign Exchange Reserves of Pakistan,TS_GP_EXT_PAKRES_M.Z00010,Gold reserves,30-Jun-59,50,Million USD,Normal,
Gold and Foreign Exchange Reserves of Pakistan,TS_GP_EXT_PAKRES_M.Z00010,Gold reserves,30-Jun-60,52,Million USD,Normal,
Gold and Foreign Exchange Reserves of Pakistan,TS_GP_EXT_PAKRES_M.Z00010,Gold reserves,30-Jun-61,53,Million USD,Normal,
Gold and Foreign Exchange Reserves of Pakistan,TS_GP_EXT_PAKRES_M.Z00010,Gold reserves,30-Jun-62,53,Million USD,Normal,
Gold and Foreign Exchange Reserves of Pakistan,TS_GP_EXT_PAKRES_M.Z00010,Gold reserves,30-Jun-63,53,Million USD,Normal,
Gold and Foreign Exchange Reserves of Pakistan,TS_GP_EXT_PAKRES_M.Z00010,Gold reserves,30-Jun-64,53,Million USD,Normal,
Gold and Foreign Exchange Reserves of Pakistan,TS_GP_EXT_PAKRES_M.Z00010,Gold reserves,30-Jun-65,53,Million USD,Normal,
Gold and Foreign Exchange Reserves of Pakistan,TS_GP_EXT_PAKRES_M.Z00010,Gold reserves,30-Jun-66,53,Million USD,Normal,
Gold and Foreign Exchange Reserves of Pakistan,TS_GP_EXT_PAKRES_M.Z00010,Gold reserves,30-Jun-67,53,Million USD,Normal,
Gold and Foreign Exchange Reserves of Pakistan,TS_GP_EXT_PAKRES_M.Z00010,Gold reserves,30-Jun-68,54,Million USD,Normal,
Gold and Foreign Exchange Reserves of Pakistan,TS_GP_EXT_PAKRES_M.Z00010,Gold reserves,30-Jun-69,54,Million USD,Normal,
Gold and Foreign Exchange Reserves of Pakistan,TS_GP_EXT_PAKRES_M.Z00010,Gold reserves,30-Jun-70,54,Million USD,Normal,
Gold and Foreign Exchange Reserves of Pakistan,TS_GP_EXT_PAKRES_M.Z00010,Gold reserves,30-Jun-71,55,Million USD,Normal,
Gold and Foreign Exchange Reserves of Pakistan,TS_GP_EXT_PAKRES_M.Z00010,Gold reserves,31-Jul-71,55,Million USD,Normal,
Gold and Foreign Exchange Reserves of Pakistan,TS_GP_EXT_PAKRES_M.Z00010,Gold reserves,31-Aug-71,55,Million USD,Normal,
Gold and Foreign Exchange Reserves of Pakistan,TS_GP_EXT_PAKRES_M.Z00010,Gold reserves,30-Sep-71,55,Million USD,Normal,
Gold and Foreign Exchange Reserves of Pakistan,TS_GP_EXT_PAKRES_M.Z00010,Gold reserves,31-Oct-71,55,Million USD,Normal,
Gold and Foreign Exchange Reserves of Pakistan,TS_GP_EXT_PAKRES_M.Z00010,Gold reserves,30-Nov-71,55,Million USD,Normal,
Gold and Foreign Exchange Reserves of Pakistan,TS_GP_EXT_PAKRES_M.Z00010,Gold reserves,31-Dec-71,55,Million USD,Normal,
Gold and Foreign Exchange Reserves of Pakistan,TS_GP_EXT_PAKRES_M.Z00010,Gold reserves,31-Jan-72,55,Million USD,Normal,
Gold and Foreign Exchange Reserves of Pakistan,TS_GP_EXT_PAKRES_M.Z00010,Gold reserves,29-Feb-72,55,Million USD,Normal,
Gold and Foreign Exchange Reserves of Pakistan,TS_GP_EXT_PAKRES_M.Z00010,Gold reserves,31-Mar-72,55,Million USD,Normal,
Gold and Foreign Exchange Reserves of Pakistan,TS_GP_EXT_PAKRES_M.Z00010,Gold reserves,30-Apr-72,55,Million USD,Normal,
Gold and Foreign Exchange Reserves of Pakistan,TS_GP_EXT_PAKRES_M.Z00010,Gold reserves,31-May-72,55,Million USD,Normal,
Gold and Foreign Exchange Reserves of Pakistan,TS_GP_EXT_PAKRES_M.Z00010,Gold reserves,30-Jun-72,60,Million USD,Normal,
Gold and Foreign Exchange Reserves of Pakistan,TS_GP_EXT_PAKRES_M.Z00010,Gold reserves,31-Jul-72,60,Million USD,Normal,
Gold and Foreign Exchange Reserves of Pakistan,TS_GP_EXT_PAKRES_M.Z00010,Gold reserves,31-Aug-72,60,Million USD,Normal,
Gold and Foreign Exchange Reserves of Pakistan,TS_GP_EXT_PAKRES_M.Z00010,Gold reserves,30-Sep-72,60,Million USD,Normal,
Gold and Foreign Exchange Reserves of Pakistan,TS_GP_EXT_PAKRES_M.Z00010,Gold reserves,31-Oct-72,60,Million USD,Normal,
Gold and Foreign Exchange Reserves of Pakistan,TS_GP_EXT_PAKRES_M.Z00010,Gold reserves,30-Nov-72,60,Million USD,Normal,
Gold and Foreign Exchange Reserves of Pakistan,TS_GP_EXT_PAKRES_M.Z00010,Gold reserves,31-Dec-72,60,Million USD,Normal,
Gold and Foreign Exchange Reserves of Pakistan,TS_GP_EXT_PAKRES_M.Z00010,Gold reserves,31-Jan-73,60,Million USD,Normal,
Gold and Foreign Exchange Reserves of Pakistan,TS_GP_EXT_PAKRES_M.Z00010,Gold reserves,28-Feb-73,60,Million USD,Normal,
Gold and Foreign Exchange Reserves of Pakistan,TS_GP_EXT_PAKRES_M.Z00010,Gold reserves,31-Mar-73,67,Million USD,Normal,
Gold and Foreign Exchange Reserves of Pakistan,TS_GP_EXT_PAKRES_M.Z00010,Gold reserves,30-Apr-73,67,Million USD,Normal,
Gold and Foreign Exchange Reserves of Pakistan,TS_GP_EXT_PAKRES_M.Z00010,Gold reserves,31-May-73,67,Million USD,Normal,
Gold and Foreign Exchange Reserves of Pakistan,TS_GP_EXT_PAKRES_M.Z00010,Gold reserves,30-Jun-73,67,Million USD,Normal,
Gold and Foreign Exchange Reserves of Pakistan,TS_GP_EXT_PAKRES_M.Z00010,Gold reserves,31-Jul-73,67,Million USD,Normal,
Gold and Foreign Exchange Reserves of Pakistan,TS_GP_EXT_PAKRES_M.Z00010,Gold reserves,31-Aug-73,67,Million USD,Normal,
Gold and Foreign Exchange Reserves of Pakistan,TS_GP_EXT_PAKRES_M.Z00010,Gold reserves,30-Sep-73,67,Million USD,Normal,
Gold and Foreign Exchange Reserves of Pakistan,TS_GP_EXT_PAKRES_M.Z00010,Gold reserves,31-Oct-73,67,Million USD,Normal,
Gold and Foreign Exchange Reserves of Pakistan,TS_GP_EXT_PAKRES_M.Z00010,Gold reserves,30-Nov-73,67,Million USD,Normal,
Gold and Foreign Exchange Reserves of Pakistan,TS_GP_EXT_PAKRES_M.Z00010,Gold reserves,31-Dec-73,67,Million USD,Normal,
Gold and Foreign Exchange Reserves of Pakistan,TS_GP_EXT_PAKRES_M.Z00010,Gold reserves,31-Jan-74,67,Million USD,Normal,
Gold and Foreign Exchange Reserves of Pakistan,TS_GP_EXT_PAKRES_M.Z00010,Gold reserves,28-Feb-74,67,Million USD,Normal,
Gold and Foreign Exchange Reserves of Pakistan,TS_GP_EXT_PAKRES_M.Z00010,Gold reserves,31-Mar-74,67,Million USD,Normal,
Gold and Foreign Exchange Reserves of Pakistan,TS_GP_EXT_PAKRES_M.Z00010,Gold reserves,30-Apr-74,67,Million USD,Normal,
Gold and Foreign Exchange Reserves of Pakistan,TS_GP_EXT_PAKRES_M.Z00010,Gold reserves,31-May-74,67,Million USD,Normal,
Gold and Foreign Exchange Reserves of Pakistan,TS_GP_EXT_PAKRES_M.Z00010,Gold reserves,30-Jun-74,67,Million USD,Normal,
Gold and Foreign Exchange Reserves of Pakistan,TS_GP_EXT_PAKRES_M.Z00010,Gold reserves,31-Jul-74,67,Million USD,Normal,
Gold and Foreign Exchange Reserves of Pakistan,TS_GP_EXT_PAKRES_M.Z00010,Gold reserves,31-Aug-74,67,Million USD,Normal,
Gold and Foreign Exchange Reserves of Pakistan,TS_GP_EXT_PAKRES_M.Z00010,Gold reserves,30-Sep-74,67,Million USD,Normal,
Gold and Foreign Exchange Reserves of Pakistan,TS_GP_EXT_PAKRES_M.Z00010,Gold reserves,31-Oct-74,67,Million USD,Normal,
Gold and Foreign Exchange Reserves of Pakistan,TS_GP_EXT_PAKRES_M.Z00010,Gold reserves,30-Nov-74,67,Million USD,Normal,
Gold and Foreign Exchange Reserves of Pakistan,TS_GP_EXT_PAKRES_M.Z00010,Gold reserves,31-Dec-74,67,Million USD,Normal,
Gold and Foreign Exchange Reserves of Pakistan,TS_GP_EXT_PAKRES_M.Z00010,Gold reserves,31-Jan-75,67,Million USD,Normal,
Gold and Foreign Exchange Reserves of Pakistan,TS_GP_EXT_PAKRES_M.Z00010,Gold reserves,28-Feb-75,67,Million USD,Normal,
Gold and Foreign Exchange Reserves of Pakistan,TS_GP_EXT_PAKRES_M.Z00010,Gold reserves,31-Mar-75,67,Million USD,Normal,
Gold and Foreign Exchange Reserves of Pakistan,TS_GP_EXT_PAKRES_M.Z00010,Gold reserves,30-Apr-75,67,Million USD,Normal,
Gold and Foreign Exchange Reserves of Pakistan,TS_GP_EXT_PAKRES_M.Z00010,Gold reserves,31-May-75,67,Million USD,Normal,
Gold and Foreign Exchange Reserves of Pakistan,TS_GP_EXT_PAKRES_M.Z00010,Gold reserves,30-Jun-75,67,Million USD,Normal,
Gold and Foreign Exchange Reserves of Pakistan,TS_GP_EXT_PAKRES_M.Z00010,Gold reserves,31-Jul-75,67,Million USD,Normal,
Gold and Foreign Exchange Reserves of Pakistan,TS_GP_EXT_PAKRES_M.Z00010,Gold reserves,31-Aug-75,67,Million USD,Normal,
Gold and Foreign Exchange Reserves of Pakistan,TS_GP_EXT_PAKRES_M.Z00010,Gold reserves,30-Sep-75,67,Million USD,Normal,
Gold and Foreign Exchange Reserves of Pakistan,TS_GP_EXT_PAKRES_M.Z00010,Gold reserves,31-Oct-75,67,Million USD,Normal,
Gold and Foreign Exchange Reserves of Pakistan,TS_GP_EXT_PAKRES_M.Z00010,Gold reserves,30-Nov-75,67,Million USD,Normal,
Gold and Foreign Exchange Reserves of Pakistan,TS_GP_EXT_PAKRES_M.Z00010,Gold reserves,31-Dec-75,67,Million USD,Normal,
Gold and Foreign Exchange Reserves of Pakistan,TS_GP_EXT_PAKRES_M.Z00010,Gold reserves,31-Jan-76,67,Million USD,Normal,
Gold and Foreign Exchange Reserves of Pakistan,TS_GP_EXT_PAKRES_M.Z00010,Gold reserves,29-Feb-76,67,Million USD,Normal,
Gold and Foreign Exchange Reserves of Pakistan,TS_GP_EXT_PAKRES_M.Z00010,Gold reserves,31-Mar-76,68,Million USD,Normal,
Gold and Foreign Exchange Reserves of Pakistan,TS_GP_EXT_PAKRES_M.Z00010,Gold reserves,30-Apr-76,68,Million USD,Normal,
Gold and Foreign Exchange Reserves of Pakistan,TS_GP_EXT_PAKRES_M.Z00010,Gold reserves,31-May-76,68,Million USD,Normal,
Gold and Foreign Exchange Reserves of Pakistan,TS_GP_EXT_PAKRES_M.Z00010,Gold reserves,30-Jun-76,68,Million USD,Normal,
Gold and Foreign Exchange Reserves of Pakistan,TS_GP_EXT_PAKRES_M.Z00010,Gold reserves,31-Jul-76,68,Million USD,Normal,
Gold and Foreign Exchange Reserves of Pakistan,TS_GP_EXT_PAKRES_M.Z00010,Gold reserves,31-Aug-76,68,Million USD,Normal,
Gold and Foreign Exchange Reserves of Pakistan,TS_GP_EXT_PAKRES_M.Z00010,Gold reserves,30-Sep-76,68,Million USD,Normal,
Gold and Foreign Exchange Reserves of Pakistan,TS_GP_EXT_PAKRES_M.Z00010,Gold reserves,31-Oct-76,68,Million USD,Normal,
Gold and Foreign Exchange Reserves of Pakistan,TS_GP_EXT_PAKRES_M.Z00010,Gold reserves,30-Nov-76,68,Million USD,Normal,
Gold and Foreign Exchange Reserves of Pakistan,TS_GP_EXT_PAKRES_M.Z00010,Gold reserves,31-Dec-76,68,Million USD,Normal,
Gold and Foreign Exchange Reserves of Pakistan,TS_GP_EXT_PAKRES_M.Z00010,Gold reserves,31-Jan-77,68,Million USD,Normal,
Gold and Foreign Exchange Reserves of Pakistan,TS_GP_EXT_PAKRES_M.Z00010,Gold reserves,28-Feb-77,68,Million USD,Normal,
Gold and Foreign Exchange Reserves of Pakistan,TS_GP_EXT_PAKRES_M.Z00010,Gold reserves,31-Mar-77,68,Million USD,Normal,
Gold and Foreign Exchange Reserves of Pakistan,TS_GP_EXT_PAKRES_M.Z00010,Gold reserves,30-Apr-77,68,Million USD,Normal,
Gold and Foreign Exchange Reserves of Pakistan,TS_GP_EXT_PAKRES_M.Z00010,Gold reserves,31-May-77,68,Million USD,Normal,
Gold and Foreign Exchange Reserves of Pakistan,TS_GP_EXT_PAKRES_M.Z00010,Gold reserves,30-Jun-77,68,Million USD,Normal,
Gold and Foreign Exchange Reserves of Pakistan,TS_GP_EXT_PAKRES_M.Z00010,Gold reserves,31-Jul-77,68,Million USD,Normal,
Gold and Foreign Exchange Reserves of Pakistan,TS_GP_EXT_PAKRES_M.Z00010,Gold reserves,31-Aug-77,68,Million USD,Normal,
Gold and Foreign Exchange Reserves of Pakistan,TS_GP_EXT_PAKRES_M.Z00010,Gold reserves,30-Sep-77,68,Million USD,Normal,
Gold and Foreign Exchange Reserves of Pakistan,TS_GP_EXT_PAKRES_M.Z00010,Gold reserves,31-Oct-77,68,Million USD,Normal,
Gold and Foreign Exchange Reserves of Pakistan,TS_GP_EXT_PAKRES_M.Z00010,Gold reserves,30-Nov-77,68,Million USD,Normal,
Gold and Foreign Exchange Reserves of Pakistan,TS_GP_EXT_PAKRES_M.Z00010,Gold reserves,31-Dec-77,68,Million USD,Normal,
Gold and Foreign Exchange Reserves of Pakistan,TS_GP_EXT_PAKRES_M.Z00010,Gold reserves,31-Jan-78,72,Million USD,Normal,
Gold and Foreign Exchange Reserves of Pakistan,TS_GP_EXT_PAKRES_M.Z00010,Gold reserves,28-Feb-78,72,Million USD,Normal,
Gold and Foreign Exchange Reserves of Pakistan,TS_GP_EXT_PAKRES_M.Z00010,Gold reserves,31-Mar-78,72,Million USD,Normal,
Gold and Foreign Exchange Reserves of Pakistan,TS_GP_EXT_PAKRES_M.Z00010,Gold reserves,30-Apr-78,72,Million USD,Normal,
Gold and Foreign Exchange Reserves of Pakistan,TS_GP_EXT_PAKRES_M.Z00010,Gold reserves,31-May-78,316,Million USD,Normal,
Gold and Foreign Exchange Reserves of Pakistan,TS_GP_EXT_PAKRES_M.Z00010,Gold reserves,30-Jun-78,314,Million USD,Normal,
Gold and Foreign Exchange Reserves of Pakistan,TS_GP_EXT_PAKRES_M.Z00010,Gold reserves,31-Jul-78,344,Million USD,Normal,
Gold and Foreign Exchange Reserves of Pakistan,TS_GP_EXT_PAKRES_M.Z00010,Gold reserves,31-Aug-78,359,Million USD,Normal,
Gold and Foreign Exchange Reserves of Pakistan,TS_GP_EXT_PAKRES_M.Z00010,Gold reserves,30-Sep-78,374,Million USD,Normal,
Gold and Foreign Exchange Reserves of Pakistan,TS_GP_EXT_PAKRES_M.Z00010,Gold reserves,31-Oct-78,417,Million USD,Normal,
Gold and Foreign Exchange Reserves of Pakistan,TS_GP_EXT_PAKRES_M.Z00010,Gold reserves,30-Nov-78,332,Million USD,Normal,
Gold and Foreign Exchange Reserves of Pakistan,TS_GP_EXT_PAKRES_M.Z00010,Gold reserves,31-Dec-78,388,Million USD,Normal,
Gold and Foreign Exchange Reserves of Pakistan,TS_GP_EXT_PAKRES_M.Z00010,Gold reserves,31-Jan-79,413,Million USD,Normal,
Gold and Foreign Exchange Reserves of Pakistan,TS_GP_EXT_PAKRES_M.Z00010,Gold reserves,28-Feb-79,444,Million USD,Normal,
Gold and Foreign Exchange Reserves of Pakistan,TS_GP_EXT_PAKRES_M.Z00010,Gold reserves,31-Mar-79,424,Million USD,Normal,
Gold and Foreign Exchange Reserves of Pakistan,TS_GP_EXT_PAKRES_M.Z00010,Gold reserves,30-Apr-79,433,Million USD,Normal,
Gold and Foreign Exchange Reserves of Pakistan,TS_GP_EXT_PAKRES_M.Z00010,Gold reserves,31-May-79,485,Million USD,Normal,
Gold and Foreign Exchange Reserves of Pakistan,TS_GP_EXT_PAKRES_M.Z00010,Gold reserves,30-Jun-79,490,Million USD,Normal,
Gold and Foreign Exchange Reserves of Pakistan,TS_GP_EXT_PAKRES_M.Z00010,Gold reserves,31-Jul-79,524,Million USD,Normal,
Gold and Foreign Exchange Reserves of Pakistan,TS_GP_EXT_PAKRES_M.Z00010,Gold reserves,31-Aug-79,564,Million USD,Normal,
Gold and Foreign Exchange Reserves of Pakistan,TS_GP_EXT_PAKRES_M.Z00010,Gold reserves,30-Sep-79,702,Million USD,Normal,
Gold and Foreign Exchange Reserves of Pakistan,TS_GP_EXT_PAKRES_M.Z00010,Gold reserves,31-Oct-79,676,Million USD,Normal,
Gold and Foreign Exchange Reserves of Pakistan,TS_GP_EXT_PAKRES_M.Z00010,Gold reserves,30-Nov-79,728,Million USD,Normal,
Gold and Foreign Exchange Reserves of Pakistan,TS_GP_EXT_PAKRES_M.Z00010,Gold reserves,31-Dec-79,931,Million USD,Normal,
Gold and Foreign Exchange Reserves of Pakistan,TS_GP_EXT_PAKRES_M.Z00010,Gold reserves,31-Jan-80,1256,Million USD,Normal,
Gold and Foreign Exchange Reserves of Pakistan,TS_GP_EXT_PAKRES_M.Z00010,Gold reserves,29-Feb-80,1175,Million USD,Normal,
Gold and Foreign Exchange Reserves of Pakistan,TS_GP_EXT_PAKRES_M.Z00010,Gold reserves,31-Mar-80,899,Million USD,Normal,
Gold and Foreign Exchange Reserves of Pakistan,TS_GP_EXT_PAKRES_M.Z00010,Gold reserves,30-Apr-80,942,Million USD,Normal,
Gold and Foreign Exchange Reserves of Pakistan,TS_GP_EXT_PAKRES_M.Z00010,Gold reserves,31-May-80,974,Million USD,Normal,
Gold and Foreign Exchange Reserves of Pakistan,TS_GP_EXT_PAKRES_M.Z00010,Gold reserves,30-Jun-80,1188,Million USD,Normal,
Gold and Foreign Exchange Reserves of Pakistan,TS_GP_EXT_PAKRES_M.Z00010,Gold reserves,31-Jul-80,1188,Million USD,Normal,
Gold and Foreign Exchange Reserves of Pakistan,TS_GP_EXT_PAKRES_M.Z00010,Gold reserves,31-Aug-80,1188,Million USD,Normal,
Gold and Foreign Exchange Reserves of Pakistan,TS_GP_EXT_PAKRES_M.Z00010,Gold reserves,30-Sep-80,1188,Million USD,Normal,
Gold and Foreign Exchange Reserves of Pakistan,TS_GP_EXT_PAKRES_M.Z00010,Gold reserves,31-Oct-80,1188,Million USD,Normal,
Gold and Foreign Exchange Reserves of Pakistan,TS_GP_EXT_PAKRES_M.Z00010,Gold reserves,30-Nov-80,1188,Million USD,Normal,
Gold and Foreign Exchange Reserves of Pakistan,TS_GP_EXT_PAKRES_M.Z00010,Gold reserves,31-Dec-80,1188,Million USD,Normal,
Gold and Foreign Exchange Reserves of Pakistan,TS_GP_EXT_PAKRES_M.Z00010,Gold reserves,31-Jan-81,1188,Million USD,Normal,
Gold and Foreign Exchange Reserves of Pakistan,TS_GP_EXT_PAKRES_M.Z00010,Gold reserves,28-Feb-81,1188,Million USD,Normal,
Gold and Foreign Exchange Reserves of Pakistan,TS_GP_EXT_PAKRES_M.Z00010,Gold reserves,31-Mar-81,1188,Million USD,Normal,
Gold and Foreign Exchange Reserves of Pakistan,TS_GP_EXT_PAKRES_M.Z00010,Gold reserves,30-Apr-81,1188,Million USD,Normal,
Gold and Foreign Exchange Reserves of Pakistan,TS_GP_EXT_PAKRES_M.Z00010,Gold reserves,31-May-81,1201,Million USD,Normal,
Gold and Foreign Exchange Reserves of Pakistan,TS_GP_EXT_PAKRES_M.Z00010,Gold reserves,30-Jun-81,786,Million USD,Normal,
Gold and Foreign Exchange Reserves of Pakistan,TS_GP_EXT_PAKRES_M.Z00010,Gold reserves,31-Jul-81,786,Million USD,Normal,
Gold and Foreign Exchange Reserves of Pakistan,TS_GP_EXT_PAKRES_M.Z00010,Gold reserves,31-Aug-81,786,Million USD,Normal,
Gold and Foreign Exchange Reserves of Pakistan,TS_GP_EXT_PAKRES_M.Z00010,Gold reserves,30-Sep-81,786,Million USD,Normal,
Gold and Foreign Exchange Reserves of Pakistan,TS_GP_EXT_PAKRES_M.Z00010,Gold reserves,31-Oct-81,786,Million USD,Normal,
Gold and Foreign Exchange Reserves of Pakistan,TS_GP_EXT_PAKRES_M.Z00010,Gold reserves,30-Nov-81,786,Million USD,Normal,
Gold and Foreign Exchange Reserves of Pakistan,TS_GP_EXT_PAKRES_M.Z00010,Gold reserves,31-Dec-81,786,Million USD,Normal,
Gold and Foreign Exchange Reserves of Pakistan,TS_GP_EXT_PAKRES_M.Z00010,Gold reserves,31-Jan-82,765,Million USD,Normal,
Gold and Foreign Exchange Reserves of Pakistan,TS_GP_EXT_PAKRES_M.Z00010,Gold reserves,28-Feb-82,728,Million USD,Normal,
Gold and Foreign Exchange Reserves of Pakistan,TS_GP_EXT_PAKRES_M.Z00010,Gold reserves,31-Mar-82,699,Million USD,Normal,
Gold and Foreign Exchange Reserves of Pakistan,TS_GP_EXT_PAKRES_M.Z00010,Gold reserves,30-Apr-82,667,Million USD,Normal,
Gold and Foreign Exchange Reserves of Pakistan,TS_GP_EXT_PAKRES_M.Z00010,Gold reserves,31-May-82,671,Million USD,Normal,
Gold and Foreign Exchange Reserves of Pakistan,TS_GP_EXT_PAKRES_M.Z00010,Gold reserves,30-Jun-82,598,Million USD,Normal,
Gold and Foreign Exchange Reserves of Pakistan,TS_GP_EXT_PAKRES_M.Z00010,Gold reserves,31-Jul-82,588,Million USD,Normal,
Gold and Foreign Exchange Reserves of Pakistan,TS_GP_EXT_PAKRES_M.Z00010,Gold reserves,31-Aug-82,584,Million USD,Normal,
Gold and Foreign Exchange Reserves of Pakistan,TS_GP_EXT_PAKRES_M.Z00010,Gold reserves,30-Sep-82,579,Million USD,Normal,
Gold and Foreign Exchange Reserves of Pakistan,TS_GP_EXT_PAKRES_M.Z00010,Gold reserves,31-Oct-82,568,Million USD,Normal,
Gold and Foreign Exchange Reserves of Pakistan,TS_GP_EXT_PAKRES_M.Z00010,Gold reserves,30-Nov-82,562,Million USD,Normal,
Gold and Foreign Exchange Reserves of Pakistan,TS_GP_EXT_PAKRES_M.Z00010,Gold reserves,31-Dec-82,556,Million USD,Normal,
Gold and Foreign Exchange Reserves of Pakistan,TS_GP_EXT_PAKRES_M.Z00010,Gold reserves,31-Jan-83,557,Million USD,Normal,
Gold and Foreign Exchange Reserves of Pakistan,TS_GP_EXT_PAKRES_M.Z00010,Gold reserves,28-Feb-83,555,Million USD,Normal,
Gold and Foreign Exchange Reserves of Pakistan,TS_GP_EXT_PAKRES_M.Z00010,Gold reserves,31-Mar-83,555,Million USD,Normal,
Gold and Foreign Exchange Reserves of Pakistan,TS_GP_EXT_PAKRES_M.Z00010,Gold reserves,30-Apr-83,554,Million USD,Normal,
Gold and Foreign Exchange Reserves of Pakistan,TS_GP_EXT_PAKRES_M.Z00010,Gold reserves,31-May-83,555,Million USD,Normal,
Gold and Foreign Exchange Reserves of Pakistan,TS_GP_EXT_PAKRES_M.Z00010,Gold reserves,30-Jun-83,783,Million USD,Normal,
Gold and Foreign Exchange Reserves of Pakistan,TS_GP_EXT_PAKRES_M.Z00010,Gold reserves,31-Jul-83,769,Million USD,Normal,
Gold and Foreign Exchange Reserves of Pakistan,TS_GP_EXT_PAKRES_M.Z00010,Gold reserves,31-Aug-83,763,Million USD,Normal,
Gold and Foreign Exchange Reserves of Pakistan,TS_GP_EXT_PAKRES_M.Z00010,Gold reserves,30-Sep-83,761,Million USD,Normal,
Gold and Foreign Exchange Reserves of Pakistan,TS_GP_EXT_PAKRES_M.Z00010,Gold reserves,31-Oct-83,767,Million USD,Normal,
Gold and Foreign Exchange Reserves of Pakistan,TS_GP_EXT_PAKRES_M.Z00010,Gold reserves,30-Nov-83,771,Million USD,Normal,
Gold and Foreign Exchange Reserves of Pakistan,TS_GP_EXT_PAKRES_M.Z00010,Gold reserves,31-Dec-83,760,Million USD,Normal,
Gold and Foreign Exchange Reserves of Pakistan,TS_GP_EXT_PAKRES_M.Z00010,Gold reserves,31-Jan-84,749,Million USD,Normal,
Gold and Foreign Exchange Reserves of Pakistan,TS_GP_EXT_PAKRES_M.Z00010,Gold reserves,29-Feb-84,753,Million USD,Normal,
Gold and Foreign Exchange Reserves of Pakistan,TS_GP_EXT_PAKRES_M.Z00010,Gold reserves,31-Mar-84,764,Million USD,Normal,
Gold and Foreign Exchange Reserves of Pakistan,TS_GP_EXT_PAKRES_M.Z00010,Gold reserves,30-Apr-84,753,Million USD,Normal,
Gold and Foreign Exchange Reserves of Pakistan,TS_GP_EXT_PAKRES_M.Z00010,Gold reserves,31-May-84,736,Million USD,Normal,
Gold and Foreign Exchange Reserves of Pakistan,TS_GP_EXT_PAKRES_M.Z00010,Gold reserves,30-Jun-84,701,Million USD,Normal,
Gold and Foreign Exchange Reserves of Pakistan,TS_GP_EXT_PAKRES_M.Z00010,Gold reserves,31-Jul-84,692,Million USD,Normal,
Gold and Foreign Exchange Reserves of Pakistan,TS_GP_EXT_PAKRES_M.Z00010,Gold reserves,31-Aug-84,691,Million USD,Normal,
Gold and Foreign Exchange Reserves of Pakistan,TS_GP_EXT_PAKRES_M.Z00010,Gold reserves,30-Sep-84,682,Million USD,Normal,
Gold and Foreign Exchange Reserves of Pakistan,TS_GP_EXT_PAKRES_M.Z00010,Gold reserves,31-Oct-84,669,Million USD,Normal,
Gold and Foreign Exchange Reserves of Pakistan,TS_GP_EXT_PAKRES_M.Z00010,Gold reserves,30-Nov-84,660,Million USD,Normal,
Gold and Foreign Exchange Reserves of Pakistan,TS_GP_EXT_PAKRES_M.Z00010,Gold reserves,31-Dec-84,641,Million USD,Normal,
Gold and Foreign Exchange Reserves of Pakistan,TS_GP_EXT_PAKRES_M.Z00010,Gold reserves,31-Jan-85,629,Million USD,Normal,
Gold and Foreign Exchange Reserves of Pakistan,TS_GP_EXT_PAKRES_M.Z00010,Gold reserves,28-Feb-85,619,Million USD,Normal,
Gold and Foreign Exchange Reserves of Pakistan,TS_GP_EXT_PAKRES_M.Z00010,Gold reserves,31-Mar-85,606,Million USD,Normal,
Gold and Foreign Exchange Reserves of Pakistan,TS_GP_EXT_PAKRES_M.Z00010,Gold reserves,30-Apr-85,610,Million USD,Normal,
Gold and Foreign Exchange Reserves of Pakistan,TS_GP_EXT_PAKRES_M.Z00010,Gold reserves,31-May-85,608,Million USD,Normal,
Gold and Foreign Exchange Reserves of Pakistan,TS_GP_EXT_PAKRES_M.Z00010,Gold reserves,30-Jun-85,605,Million USD,Normal,
Gold and Foreign Exchange Reserves of Pakistan,TS_GP_EXT_PAKRES_M.Z00010,Gold reserves,31-Jul-85,604,Million USD,Normal,
Gold and Foreign Exchange Reserves of Pakistan,TS_GP_EXT_PAKRES_M.Z00010,Gold reserves,31-Aug-85,607,Million USD,Normal,
Gold and Foreign Exchange Reserves of Pakistan,TS_GP_EXT_PAKRES_M.Z00010,Gold reserves,30-Sep-85,599,Million USD,Normal,
Gold and Foreign Exchange Reserves of Pakistan,TS_GP_EXT_PAKRES_M.Z00010,Gold reserves,31-Oct-85,602,Million USD,Normal,
Gold and Foreign Exchange Reserves of Pakistan,TS_GP_EXT_PAKRES_M.Z00010,Gold reserves,30-Nov-85,604,Million USD,Normal,
Gold and Foreign Exchange Reserves of Pakistan,TS_GP_EXT_PAKRES_M.Z00010,Gold reserves,31-Dec-85,605,Million USD,Normal,
Gold and Foreign Exchange Reserves of Pakistan,TS_GP_EXT_PAKRES_M.Z00010,Gold reserves,31-Jan-86,605,Million USD,Normal,
Gold and Foreign Exchange Reserves of Pakistan,TS_GP_EXT_PAKRES_M.Z00010,Gold reserves,28-Feb-86,605,Million USD,Normal,
Gold and Foreign Exchange Reserves of Pakistan,TS_GP_EXT_PAKRES_M.Z00010,Gold reserves,31-Mar-86,605,Million USD,Normal,
Gold and Foreign Exchange Reserves of Pakistan,TS_GP_EXT_PAKRES_M.Z00010,Gold reserves,30-Apr-86,597,Million USD,Normal,
Gold and Foreign Exchange Reserves of Pakistan,TS_GP_EXT_PAKRES_M.Z00010,Gold reserves,31-May-86,586,Million USD,Normal,
Gold and Foreign Exchange Reserves of Pakistan,TS_GP_EXT_PAKRES_M.Z00010,Gold reserves,30-Jun-86,670,Million USD,Normal,
Gold and Foreign Exchange Reserves of Pakistan,TS_GP_EXT_PAKRES_M.Z00010,Gold reserves,31-Jul-86,667,Million USD,Normal,
Gold and Foreign Exchange Reserves of Pakistan,TS_GP_EXT_PAKRES_M.Z00010,Gold reserves,31-Aug-86,665,Million USD,Normal,
Gold and Foreign Exchange Reserves of Pakistan,TS_GP_EXT_PAKRES_M.Z00010,Gold reserves,30-Sep-86,663,Million USD,Normal,
Gold and Foreign Exchange Reserves of Pakistan,TS_GP_EXT_PAKRES_M.Z00010,Gold reserves,31-Oct-86,660,Million USD,Normal,
Gold and Foreign Exchange Reserves of Pakistan,TS_GP_EXT_PAKRES_M.Z00010,Gold reserves,30-Nov-86,653,Million USD,Normal,
Gold and Foreign Exchange Reserves of Pakistan,TS_GP_EXT_PAKRES_M.Z00010,Gold reserves,31-Dec-86,653,Million USD,Normal,
Gold and Foreign Exchange Reserves of Pakistan,TS_GP_EXT_PAKRES_M.Z00010,Gold reserves,31-Jan-87,653,Million USD,Normal,
Gold and Foreign Exchange Reserves of Pakistan,TS_GP_EXT_PAKRES_M.Z00010,Gold reserves,28-Feb-87,653,Million USD,Normal,
Gold and Foreign Exchange Reserves of Pakistan,TS_GP_EXT_PAKRES_M.Z00010,Gold reserves,31-Mar-87,652,Million USD,Normal,
Gold and Foreign Exchange Reserves of Pakistan,TS_GP_EXT_PAKRES_M.Z00010,Gold reserves,30-Apr-87,651,Million USD,Normal,
Gold and Foreign Exchange Reserves of Pakistan,TS_GP_EXT_PAKRES_M.Z00010,Gold reserves,31-May-87,651,Million USD,Normal,
Gold and Foreign Exchange Reserves of Pakistan,TS_GP_EXT_PAKRES_M.Z00010,Gold reserves,30-Jun-87,865,Million USD,Normal,
Gold and Foreign Exchange Reserves of Pakistan,TS_GP_EXT_PAKRES_M.Z00010,Gold reserves,31-Jul-87,858,Million USD,Normal,
Gold and Foreign Exchange Reserves of Pakistan,TS_GP_EXT_PAKRES_M.Z00010,Gold reserves,31-Aug-87,857,Million USD,Normal,
Gold and Foreign Exchange Reserves of Pakistan,TS_GP_EXT_PAKRES_M.Z00010,Gold reserves,30-Sep-87,857,Million USD,Normal,
Gold and Foreign Exchange Reserves of Pakistan,TS_GP_EXT_PAKRES_M.Z00010,Gold reserves,31-Oct-87,856,Million USD,Normal,
Gold and Foreign Exchange Reserves of Pakistan,TS_GP_EXT_PAKRES_M.Z00010,Gold reserves,30-Nov-87,858,Million USD,Normal,
Gold and Foreign Exchange Reserves of Pakistan,TS_GP_EXT_PAKRES_M.Z00010,Gold reserves,31-Dec-87,860,Million USD,Normal,
Gold and Foreign Exchange Reserves of Pakistan,TS_GP_EXT_PAKRES_M.Z00010,Gold reserves,31-Jan-88,858,Million USD,Normal,
Gold and Foreign Exchange Reserves of Pakistan,TS_GP_EXT_PAKRES_M.Z00010,Gold reserves,29-Feb-88,856,Million USD,Normal,
Gold and Foreign Exchange Reserves of Pakistan,TS_GP_EXT_PAKRES_M.Z00010,Gold reserves,31-Mar-88,853,Million USD,Normal,
Gold and Foreign Exchange Reserves of Pakistan,TS_GP_EXT_PAKRES_M.Z00010,Gold reserves,30-Apr-88,852,Million USD,Normal,
Gold and Foreign Exchange Reserves of Pakistan,TS_GP_EXT_PAKRES_M.Z00010,Gold reserves,31-May-88,848,Million USD,Normal,
Gold and Foreign Exchange Reserves of Pakistan,TS_GP_EXT_PAKRES_M.Z00010,Gold reserves,30-Jun-88,847,Million USD,Normal,
Gold and Foreign Exchange Reserves of Pakistan,TS_GP_EXT_PAKRES_M.Z00010,Gold reserves,31-Jul-88,840,Million USD,Normal,
Gold and Foreign Exchange Reserves of Pakistan,TS_GP_EXT_PAKRES_M.Z00010,Gold reserves,31-Aug-88,833,Million USD,Normal,
Gold and Foreign Exchange Reserves of Pakistan,TS_GP_EXT_PAKRES_M.Z00010,Gold reserves,30-Sep-88,831,Million USD,Normal,
Gold and Foreign Exchange Reserves of Pakistan,TS_GP_EXT_PAKRES_M.Z00010,Gold reserves,31-Oct-88,822,Million USD,Normal,
Gold and Foreign Exchange Reserves of Pakistan,TS_GP_EXT_PAKRES_M.Z00010,Gold reserves,30-Nov-88,815,Million USD,Normal,
Gold and Foreign Exchange Reserves of Pakistan,TS_GP_EXT_PAKRES_M.Z00010,Gold reserves,31-Dec-88,818,Million USD,Normal,
Gold and Foreign Exchange Reserves of Pakistan,TS_GP_EXT_PAKRES_M.Z00010,Gold reserves,31-Jan-89,798,Million USD,Normal,
Gold and Foreign Exchange Reserves of Pakistan,TS_GP_EXT_PAKRES_M.Z00010,Gold reserves,28-Feb-89,790,Million USD,Normal,
Gold and Foreign Exchange Reserves of Pakistan,TS_GP_EXT_PAKRES_M.Z00010,Gold reserves,31-Mar-89,773,Million USD,Normal,
Gold and Foreign Exchange Reserves of Pakistan,TS_GP_EXT_PAKRES_M.Z00010,Gold reserves,30-Apr-89,758,Million USD,Normal,
Gold and Foreign Exchange Reserves of Pakistan,TS_GP_EXT_PAKRES_M.Z00010,Gold reserves,31-May-89,724,Million USD,Normal,
Gold and Foreign Exchange Reserves of Pakistan,TS_GP_EXT_PAKRES_M.Z00010,Gold reserves,30-Jun-89,725,Million USD,Normal,
Gold and Foreign Exchange Reserves of Pakistan,TS_GP_EXT_PAKRES_M.Z00010,Gold reserves,31-Jul-89,727,Million USD,Normal,
Gold and Foreign Exchange Reserves of Pakistan,TS_GP_EXT_PAKRES_M.Z00010,Gold reserves,31-Aug-89,727,Million USD,Normal,
Gold and Foreign Exchange Reserves of Pakistan,TS_GP_EXT_PAKRES_M.Z00010,Gold reserves,30-Sep-89,726,Million USD,Normal,
Gold and Foreign Exchange Reserves of Pakistan,TS_GP_EXT_PAKRES_M.Z00010,Gold reserves,31-Oct-89,722,Million USD,Normal,
Gold and Foreign Exchange Reserves of Pakistan,TS_GP_EXT_PAKRES_M.Z00010,Gold reserves,30-Nov-89,717,Million USD,Normal,
Gold and Foreign Exchange Reserves of Pakistan,TS_GP_EXT_PAKRES_M.Z00010,Gold reserves,31-Dec-89,714,Million USD,Normal,
Gold and Foreign Exchange Reserves of Pakistan,TS_GP_EXT_PAKRES_M.Z00010,Gold reserves,31-Jan-90,714,Million USD,Normal,
Gold and Foreign Exchange Reserves of Pakistan,TS_GP_EXT_PAKRES_M.Z00010,Gold reserves,28-Feb-90,714,Million USD,Normal,
Gold and Foreign Exchange Reserves of Pakistan,TS_GP_EXT_PAKRES_M.Z00010,Gold reserves,31-Mar-90,711,Million USD,Normal,
Gold and Foreign Exchange Reserves of Pakistan,TS_GP_EXT_PAKRES_M.Z00010,Gold reserves,30-Apr-90,700,Million USD,Normal,
Gold and Foreign Exchange Reserves of Pakistan,TS_GP_EXT_PAKRES_M.Z00010,Gold reserves,31-May-90,699,Million USD,Normal,
Gold and Foreign Exchange Reserves of Pakistan,TS_GP_EXT_PAKRES_M.Z00010,Gold reserves,30-Jun-90,685,Million USD,Normal,
Gold and Foreign Exchange Reserves of Pakistan,TS_GP_EXT_PAKRES_M.Z00010,Gold reserves,31-Jul-90,687,Million USD,Normal,
Gold and Foreign Exchange Reserves of Pakistan,TS_GP_EXT_PAKRES_M.Z00010,Gold reserves,31-Aug-90,686,Million USD,Normal,
Gold and Foreign Exchange Reserves of Pakistan,TS_GP_EXT_PAKRES_M.Z00010,Gold reserves,30-Sep-90,686,Million USD,Normal,
Gold and Foreign Exchange Reserves of Pakistan,TS_GP_EXT_PAKRES_M.Z00010,Gold reserves,31-Oct-90,683,Million USD,Normal,
Gold and Foreign Exchange Reserves of Pakistan,TS_GP_EXT_PAKRES_M.Z00010,Gold reserves,30-Nov-90,683,Million USD,Normal,
Gold and Foreign Exchange Reserves of Pakistan,TS_GP_EXT_PAKRES_M.Z00010,Gold reserves,31-Dec-90,681,Million USD,Normal,
Gold and Foreign Exchange Reserves of Pakistan,TS_GP_EXT_PAKRES_M.Z00010,Gold reserves,31-Jan-91,674,Million USD,Normal,
Gold and Foreign Exchange Reserves of Pakistan,TS_GP_EXT_PAKRES_M.Z00010,Gold reserves,28-Feb-91,674,Million USD,Normal,
Gold and Foreign Exchange Reserves of Pakistan,TS_GP_EXT_PAKRES_M.Z00010,Gold reserves,31-Mar-91,650,Million USD,Normal,
Gold and Foreign Exchange Reserves of Pakistan,TS_GP_EXT_PAKRES_M.Z00010,Gold reserves,30-Apr-91,635,Million USD,Normal,
Gold and Foreign Exchange Reserves of Pakistan,TS_GP_EXT_PAKRES_M.Z00010,Gold reserves,31-May-91,627,Million USD,Normal,
Gold and Foreign Exchange Reserves of Pakistan,TS_GP_EXT_PAKRES_M.Z00010,Gold reserves,30-Jun-91,716,Million USD,Normal,
Gold and Foreign Exchange Reserves of Pakistan,TS_GP_EXT_PAKRES_M.Z00010,Gold reserves,31-Jul-91,706,Million USD,Normal,
Gold and Foreign Exchange Reserves of Pakistan,TS_GP_EXT_PAKRES_M.Z00010,Gold reserves,31-Aug-91,705,Million USD,Normal,
Gold and Foreign Exchange Reserves of Pakistan,TS_GP_EXT_PAKRES_M.Z00010,Gold reserves,30-Sep-91,708,Million USD,Normal,
Gold and Foreign Exchange Reserves of Pakistan,TS_GP_EXT_PAKRES_M.Z00010,Gold reserves,31-Oct-91,705,Million USD,Normal,
Gold and Foreign Exchange Reserves of Pakistan,TS_GP_EXT_PAKRES_M.Z00010,Gold reserves,30-Nov-91,704,Million USD,Normal,
Gold and Foreign Exchange Reserves of Pakistan,TS_GP_EXT_PAKRES_M.Z00010,Gold reserves,31-Dec-91,708,Million USD,Normal,
Gold and Foreign Exchange Reserves of Pakistan,TS_GP_EXT_PAKRES_M.Z00010,Gold reserves,31-Jan-92,710,Million USD,Normal,
Gold and Foreign Exchange Reserves of Pakistan,TS_GP_EXT_PAKRES_M.Z00010,Gold reserves,29-Feb-92,709,Million USD,Normal,
Gold and Foreign Exchange Reserves of Pakistan,TS_GP_EXT_PAKRES_M.Z00010,Gold reserves,31-Mar-92,701,Million USD,Normal,
Gold and Foreign Exchange Reserves of Pakistan,TS_GP_EXT_PAKRES_M.Z00010,Gold reserves,30-Apr-92,699,Million USD,Normal,
Gold and Foreign Exchange Reserves of Pakistan,TS_GP_EXT_PAKRES_M.Z00010,Gold reserves,31-May-92,698,Million USD,Normal,
Gold and Foreign Exchange Reserves of Pakistan,TS_GP_EXT_PAKRES_M.Z00010,Gold reserves,30-Jun-92,692,Million USD,Normal,
Gold and Foreign Exchange Reserves of Pakistan,TS_GP_EXT_PAKRES_M.Z00010,Gold reserves,31-Jul-92,692,Million USD,Normal,
Gold and Foreign Exchange Reserves of Pakistan,TS_GP_EXT_PAKRES_M.Z00010,Gold reserves,31-Aug-92,694,Million USD,Normal,
Gold and Foreign Exchange Reserves of Pakistan,TS_GP_EXT_PAKRES_M.Z00010,Gold reserves,30-Sep-92,694,Million USD,Normal,
Gold and Foreign Exchange Reserves of Pakistan,TS_GP_EXT_PAKRES_M.Z00010,Gold reserves,31-Oct-92,689,Million USD,Normal,
Gold and Foreign Exchange Reserves of Pakistan,TS_GP_EXT_PAKRES_M.Z00010,Gold reserves,30-Nov-92,680,Million USD,Normal,
Gold and Foreign Exchange Reserves of Pakistan,TS_GP_EXT_PAKRES_M.Z00010,Gold reserves,31-Dec-92,679,Million USD,Normal,
Gold and Foreign Exchange Reserves of Pakistan,TS_GP_EXT_PAKRES_M.Z00010,Gold reserves,31-Jan-93,671,Million USD,Normal,
Gold and Foreign Exchange Reserves of Pakistan,TS_GP_EXT_PAKRES_M.Z00010,Gold reserves,28-Feb-93,665,Million USD,Normal,
Gold and Foreign Exchange Reserves of Pakistan,TS_GP_EXT_PAKRES_M.Z00010,Gold reserves,31-Mar-93,655,Million USD,Normal,
Gold and Foreign Exchange Reserves of Pakistan,TS_GP_EXT_PAKRES_M.Z00010,Gold reserves,30-Apr-93,654,Million USD,Normal,
Gold and Foreign Exchange Reserves of Pakistan,TS_GP_EXT_PAKRES_M.Z00010,Gold reserves,31-May-93,648,Million USD,Normal,
Gold and Foreign Exchange Reserves of Pakistan,TS_GP_EXT_PAKRES_M.Z00010,Gold reserves,30-Jun-93,765,Million USD,Normal,
Gold and Foreign Exchange Reserves of Pakistan,TS_GP_EXT_PAKRES_M.Z00010,Gold reserves,31-Jul-93,696,Million USD,Normal,
Gold and Foreign Exchange Reserves of Pakistan,TS_GP_EXT_PAKRES_M.Z00010,Gold reserves,31-Aug-93,696,Million USD,Normal,
Gold and Foreign Exchange Reserves of Pakistan,TS_GP_EXT_PAKRES_M.Z00010,Gold reserves,30-Sep-93,696,Million USD,Normal,
Gold and Foreign Exchange Reserves of Pakistan,TS_GP_EXT_PAKRES_M.Z00010,Gold reserves,31-Oct-93,692,Million USD,Normal,
Gold and Foreign Exchange Reserves of Pakistan,TS_GP_EXT_PAKRES_M.Z00010,Gold reserves,30-Nov-93,692,Million USD,Normal,
Gold and Foreign Exchange Reserves of Pakistan,TS_GP_EXT_PAKRES_M.Z00010,Gold reserves,31-Dec-93,690,Million USD,Normal,
Gold and Foreign Exchange Reserves of Pakistan,TS_GP_EXT_PAKRES_M.Z00010,Gold reserves,31-Jan-94,687,Million USD,Normal,
Gold and Foreign Exchange Reserves of Pakistan,TS_GP_EXT_PAKRES_M.Z00010,Gold reserves,28-Feb-94,682,Million USD,Normal,
Gold and Foreign Exchange Reserves of Pakistan,TS_GP_EXT_PAKRES_M.Z00010,Gold reserves,31-Mar-94,681,Million USD,Normal,
Gold and Foreign Exchange Reserves of Pakistan,TS_GP_EXT_PAKRES_M.Z00010,Gold reserves,30-Apr-94,681,Million USD,Normal,
Gold and Foreign Exchange Reserves of Pakistan,TS_GP_EXT_PAKRES_M.Z00010,Gold reserves,31-May-94,678,Million USD,Normal,
Gold and Foreign Exchange Reserves of Pakistan,TS_GP_EXT_PAKRES_M.Z00010,Gold reserves,30-Jun-94,792,Million USD,Normal,
Gold and Foreign Exchange Reserves of Pakistan,TS_GP_EXT_PAKRES_M.Z00010,Gold reserves,31-Jul-94,792,Million USD,Normal,
Gold and Foreign Exchange Reserves of Pakistan,TS_GP_EXT_PAKRES_M.Z00010,Gold reserves,31-Aug-94,794,Million USD,Normal,
Gold and Foreign Exchange Reserves of Pakistan,TS_GP_EXT_PAKRES_M.Z00010,Gold reserves,30-Sep-94,794,Million USD,Normal,
Gold and Foreign Exchange Reserves of Pakistan,TS_GP_EXT_PAKRES_M.Z00010,Gold reserves,31-Oct-94,794,Million USD,Normal,
Gold and Foreign Exchange Reserves of Pakistan,TS_GP_EXT_PAKRES_M.Z00010,Gold reserves,30-Nov-94,792,Million USD,Normal,
Gold and Foreign Exchange Reserves of Pakistan,TS_GP_EXT_PAKRES_M.Z00010,Gold reserves,31-Dec-94,790,Million USD,Normal,
Gold and Foreign Exchange Reserves of Pakistan,TS_GP_EXT_PAKRES_M.Z00010,Gold reserves,31-Jan-95,788,Million USD,Normal,
Gold and Foreign Exchange Reserves of Pakistan,TS_GP_EXT_PAKRES_M.Z00010,Gold reserves,28-Feb-95,788,Million USD,Normal,
Gold and Foreign Exchange Reserves of Pakistan,TS_GP_EXT_PAKRES_M.Z00010,Gold reserves,31-Mar-95,788,Million USD,Normal,
Gold and Foreign Exchange Reserves of Pakistan,TS_GP_EXT_PAKRES_M.Z00010,Gold reserves,30-Apr-95,788,Million USD,Normal,
Gold and Foreign Exchange Reserves of Pakistan,TS_GP_EXT_PAKRES_M.Z00010,Gold reserves,31-May-95,786,Million USD,Normal,
Gold and Foreign Exchange Reserves of Pakistan,TS_GP_EXT_PAKRES_M.Z00010,Gold reserves,30-Jun-95,793,Million USD,Normal,
Gold and Foreign Exchange Reserves of Pakistan,TS_GP_EXT_PAKRES_M.Z00010,Gold reserves,31-Jul-95,789,Million USD,Normal,
Gold and Foreign Exchange Reserves of Pakistan,TS_GP_EXT_PAKRES_M.Z00010,Gold reserves,31-Aug-95,785,Million USD,Normal,
Gold and Foreign Exchange Reserves of Pakistan,TS_GP_EXT_PAKRES_M.Z00010,Gold reserves,30-Sep-95,780,Million USD,Normal,
Gold and Foreign Exchange Reserves of Pakistan,TS_GP_EXT_PAKRES_M.Z00010,Gold reserves,31-Oct-95,718,Million USD,Normal,
Gold and Foreign Exchange Reserves of Pakistan,TS_GP_EXT_PAKRES_M.Z00010,Gold reserves,30-Nov-95,719,Million USD,Normal,
Gold and Foreign Exchange Reserves of Pakistan,TS_GP_EXT_PAKRES_M.Z00010,Gold reserves,31-Dec-95,719,Million USD,Normal,
Gold and Foreign Exchange Reserves of Pakistan,TS_GP_EXT_PAKRES_M.Z00010,Gold reserves,31-Jan-96,717,Million USD,Normal,
Gold and Foreign Exchange Reserves of Pakistan,TS_GP_EXT_PAKRES_M.Z00010,Gold reserves,29-Feb-96,716,Million USD,Normal,
Gold and Foreign Exchange Reserves of Pakistan,TS_GP_EXT_PAKRES_M.Z00010,Gold reserves,31-Mar-96,713,Million USD,Normal,
Gold and Foreign Exchange Reserves of Pakistan,TS_GP_EXT_PAKRES_M.Z00010,Gold reserves,30-Apr-96,713,Million USD,Normal,
Gold and Foreign Exchange Reserves of Pakistan,TS_GP_EXT_PAKRES_M.Z00010,Gold reserves,31-May-96,707,Million USD,Normal,
Gold and Foreign Exchange Reserves of Pakistan,TS_GP_EXT_PAKRES_M.Z00010,Gold reserves,30-Jun-96,786,Million USD,Normal,
Gold and Foreign Exchange Reserves of Pakistan,TS_GP_EXT_PAKRES_M.Z00010,Gold reserves,31-Jul-96,783,Million USD,Normal,
Gold and Foreign Exchange Reserves of Pakistan,TS_GP_EXT_PAKRES_M.Z00010,Gold reserves,31-Aug-96,774,Million USD,Normal,
Gold and Foreign Exchange Reserves of Pakistan,TS_GP_EXT_PAKRES_M.Z00010,Gold reserves,30-Sep-96,746,Million USD,Normal,
Gold and Foreign Exchange Reserves of Pakistan,TS_GP_EXT_PAKRES_M.Z00010,Gold reserves,31-Oct-96,688,Million USD,Normal,
Gold and Foreign Exchange Reserves of Pakistan,TS_GP_EXT_PAKRES_M.Z00010,Gold reserves,30-Nov-96,688,Million USD,Normal,
Gold and Foreign Exchange Reserves of Pakistan,TS_GP_EXT_PAKRES_M.Z00010,Gold reserves,31-Dec-96,688,Million USD,Normal,
Gold and Foreign Exchange Reserves of Pakistan,TS_GP_EXT_PAKRES_M.Z00010,Gold reserves,31-Jan-97,688,Million USD,Normal,
Gold and Foreign Exchange Reserves of Pakistan,TS_GP_EXT_PAKRES_M.Z00010,Gold reserves,28-Feb-97,688,Million USD,Normal,
Gold and Foreign Exchange Reserves of Pakistan,TS_GP_EXT_PAKRES_M.Z00010,Gold reserves,31-Mar-97,688,Million USD,Normal,
Gold and Foreign Exchange Reserves of Pakistan,TS_GP_EXT_PAKRES_M.Z00010,Gold reserves,30-Apr-97,686,Million USD,Normal,
Gold and Foreign Exchange Reserves of Pakistan,TS_GP_EXT_PAKRES_M.Z00010,Gold reserves,31-May-97,683,Million USD,Normal,
Gold and Foreign Exchange Reserves of Pakistan,TS_GP_EXT_PAKRES_M.Z00010,Gold reserves,30-Jun-97,690,Million USD,Normal,
Gold and Foreign Exchange Reserves of Pakistan,TS_GP_EXT_PAKRES_M.Z00010,Gold reserves,31-Jul-97,689,Million USD,Normal,
Gold and Foreign Exchange Reserves of Pakistan,TS_GP_EXT_PAKRES_M.Z00010,Gold reserves,31-Aug-97,689,Million USD,Normal,
Gold and Foreign Exchange Reserves of Pakistan,TS_GP_EXT_PAKRES_M.Z00010,Gold reserves,30-Sep-97,689,Million USD,Normal,
Gold and Foreign Exchange Reserves of Pakistan,TS_GP_EXT_PAKRES_M.Z00010,Gold reserves,31-Oct-97,633,Million USD,Normal,
Gold and Foreign Exchange Reserves of Pakistan,TS_GP_EXT_PAKRES_M.Z00010,Gold reserves,30-Nov-97,633,Million USD,Normal,
Gold and Foreign Exchange Reserves of Pakistan,TS_GP_EXT_PAKRES_M.Z00010,Gold reserves,31-Dec-97,633,Million USD,Normal,
Gold and Foreign Exchange Reserves of Pakistan,TS_GP_EXT_PAKRES_M.Z00010,Gold reserves,31-Jan-98,633,Million USD,Normal,
Gold and Foreign Exchange Reserves of Pakistan,TS_GP_EXT_PAKRES_M.Z00010,Gold reserves,28-Feb-98,633,Million USD,Normal,
Gold and Foreign Exchange Reserves of Pakistan,TS_GP_EXT_PAKRES_M.Z00010,Gold reserves,31-Mar-98,632,Million USD,Normal,
Gold and Foreign Exchange Reserves of Pakistan,TS_GP_EXT_PAKRES_M.Z00010,Gold reserves,30-Apr-98,632,Million USD,Normal,
Gold and Foreign Exchange Reserves of Pakistan,TS_GP_EXT_PAKRES_M.Z00010,Gold reserves,31-May-98,633,Million USD,Normal,
Gold and Foreign Exchange Reserves of Pakistan,TS_GP_EXT_PAKRES_M.Z00010,Gold reserves,30-Jun-98,612,Million USD,Normal,
Gold and Foreign Exchange Reserves of Pakistan,TS_GP_EXT_PAKRES_M.Z00010,Gold reserves,31-Jul-98,614,Million USD,Normal,
Gold and Foreign Exchange Reserves of Pakistan,TS_GP_EXT_PAKRES_M.Z00010,Gold reserves,31-Aug-98,614,Million USD,Normal,
Gold and Foreign Exchange Reserves of Pakistan,TS_GP_EXT_PAKRES_M.Z00010,Gold reserves,30-Sep-98,614,Million USD,Normal,
Gold and Foreign Exchange Reserves of Pakistan,TS_GP_EXT_PAKRES_M.Z00010,Gold reserves,31-Oct-98,614,Million USD,Normal,
Gold and Foreign Exchange Reserves of Pakistan,TS_GP_EXT_PAKRES_M.Z00010,Gold reserves,30-Nov-98,614,Million USD,Normal,
Gold and Foreign Exchange Reserves of Pakistan,TS_GP_EXT_PAKRES_M.Z00010,Gold reserves,31-Dec-98,614,Million USD,Normal,
Gold and Foreign Exchange Reserves of Pakistan,TS_GP_EXT_PAKRES_M.Z00010,Gold reserves,31-Jan-99,614,Million USD,Normal,
Gold and Foreign Exchange Reserves of Pakistan,TS_GP_EXT_PAKRES_M.Z00010,Gold reserves,28-Feb-99,614,Million USD,Normal,
Gold and Foreign Exchange Reserves of Pakistan,TS_GP_EXT_PAKRES_M.Z00010,Gold reserves,31-Mar-99,614,Million USD,Normal,
Gold and Foreign Exchange Reserves of Pakistan,TS_GP_EXT_PAKRES_M.Z00010,Gold reserves,30-Apr-99,614,Million USD,Normal,
Gold and Foreign Exchange Reserves of Pakistan,TS_GP_EXT_PAKRES_M.Z00010,Gold reserves,31-May-99,614,Million USD,Normal,
Gold and Foreign Exchange Reserves of Pakistan,TS_GP_EXT_PAKRES_M.Z00010,Gold reserves,30-Jun-99,543,Million USD,Normal,
Gold and Foreign Exchange Reserves of Pakistan,TS_GP_EXT_PAKRES_M.Z00010,Gold reserves,31-Jul-99,546,Million USD,Normal,
Gold and Foreign Exchange Reserves of Pakistan,TS_GP_EXT_PAKRES_M.Z00010,Gold reserves,31-Aug-99,546,Million USD,Normal,
Gold and Foreign Exchange Reserves of Pakistan,TS_GP_EXT_PAKRES_M.Z00010,Gold reserves,30-Sep-99,546,Million USD,Normal,
Gold and Foreign Exchange Reserves of Pakistan,TS_GP_EXT_PAKRES_M.Z00010,Gold reserves,31-Oct-99,546,Million USD,Normal,
Gold and Foreign Exchange Reserves of Pakistan,TS_GP_EXT_PAKRES_M.Z00010,Gold reserves,30-Nov-99,546,Million USD,Normal,
Gold and Foreign Exchange Reserves of Pakistan,TS_GP_EXT_PAKRES_M.Z00010,Gold reserves,31-Dec-99,546,Million USD,Normal,
Gold and Foreign Exchange Reserves of Pakistan,TS_GP_EXT_PAKRES_M.Z00010,Gold reserves,31-Jan-00,546,Million USD,Normal,
Gold and Foreign Exchange Reserves of Pakistan,TS_GP_EXT_PAKRES_M.Z00010,Gold reserves,29-Feb-00,546,Million USD,Normal,
Gold and Foreign Exchange Reserves of Pakistan,TS_GP_EXT_PAKRES_M.Z00010,Gold reserves,31-Mar-00,546,Million USD,Normal,
Gold and Foreign Exchange Reserves of Pakistan,TS_GP_EXT_PAKRES_M.Z00010,Gold reserves,30-Apr-00,546,Million USD,Normal,
Gold and Foreign Exchange Reserves of Pakistan,TS_GP_EXT_PAKRES_M.Z00010,Gold reserves,31-May-00,543,Million USD,Normal,
Gold and Foreign Exchange Reserves of Pakistan,TS_GP_EXT_PAKRES_M.Z00010,Gold reserves,30-Jun-00,603,Million USD,Normal,
Gold and Foreign Exchange Reserves of Pakistan,TS_GP_EXT_PAKRES_M.Z00010,Gold reserves,31-Jul-00,603,Million USD,Normal,
Gold and Foreign Exchange Reserves of Pakistan,TS_GP_EXT_PAKRES_M.Z00010,Gold reserves,31-Aug-00,603,Million USD,Normal,
Gold and Foreign Exchange Reserves of Pakistan,TS_GP_EXT_PAKRES_M.Z00010,Gold reserves,30-Sep-00,603,Million USD,Normal,
Gold and Foreign Exchange Reserves of Pakistan,TS_GP_EXT_PAKRES_M.Z00010,Gold reserves,31-Oct-00,603,Million USD,Normal,
Gold and Foreign Exchange Reserves of Pakistan,TS_GP_EXT_PAKRES_M.Z00010,Gold reserves,30-Nov-00,603,Million USD,Normal,
Gold and Foreign Exchange Reserves of Pakistan,TS_GP_EXT_PAKRES_M.Z00010,Gold reserves,31-Dec-00,603,Million USD,Normal,
Gold and Foreign Exchange Reserves of Pakistan,TS_GP_EXT_PAKRES_M.Z00010,Gold reserves,31-Jan-01,603,Million USD,Normal,
Gold and Foreign Exchange Reserves of Pakistan,TS_GP_EXT_PAKRES_M.Z00010,Gold reserves,28-Feb-01,603,Million USD,Normal,
Gold and Foreign Exchange Reserves of Pakistan,TS_GP_EXT_PAKRES_M.Z00010,Gold reserves,31-Mar-01,603,Million USD,Normal,
Gold and Foreign Exchange Reserves of Pakistan,TS_GP_EXT_PAKRES_M.Z00010,Gold reserves,30-Apr-01,603,Million USD,Normal,
Gold and Foreign Exchange Reserves of Pakistan,TS_GP_EXT_PAKRES_M.Z00010,Gold reserves,31-May-01,603,Million USD,Normal,
Gold and Foreign Exchange Reserves of Pakistan,TS_GP_EXT_PAKRES_M.Z00010,Gold reserves,30-Jun-01,566,Million USD,Normal,
Gold and Foreign Exchange Reserves of Pakistan,TS_GP_EXT_PAKRES_M.Z00010,Gold reserves,31-Jul-01,566,Million USD,Normal,
Gold and Foreign Exchange Reserves of Pakistan,TS_GP_EXT_PAKRES_M.Z00010,Gold reserves,31-Aug-01,566,Million USD,Normal,
Gold and Foreign Exchange Reserves of Pakistan,TS_GP_EXT_PAKRES_M.Z00010,Gold reserves,30-Sep-01,566,Million USD,Normal,
Gold and Foreign Exchange Reserves of Pakistan,TS_GP_EXT_PAKRES_M.Z00010,Gold reserves,31-Oct-01,566,Million USD,Normal,
Gold and Foreign Exchange Reserves of Pakistan,TS_GP_EXT_PAKRES_M.Z00010,Gold reserves,30-Nov-01,566,Million USD,Normal,
Gold and Foreign Exchange Reserves of Pakistan,TS_GP_EXT_PAKRES_M.Z00010,Gold reserves,31-Dec-01,566,Million USD,Normal,
Gold and Foreign Exchange Reserves of Pakistan,TS_GP_EXT_PAKRES_M.Z00010,Gold reserves,31-Jan-02,566,Million USD,Normal,
Gold and Foreign Exchange Reserves of Pakistan,TS_GP_EXT_PAKRES_M.Z00010,Gold reserves,28-Feb-02,566,Million USD,Normal,
Gold and Foreign Exchange Reserves of Pakistan,TS_GP_EXT_PAKRES_M.Z00010,Gold reserves,31-Mar-02,566,Million USD,Normal,
Gold and Foreign Exchange Reserves of Pakistan,TS_GP_EXT_PAKRES_M.Z00010,Gold reserves,30-Apr-02,566,Million USD,Normal,
Gold and Foreign Exchange Reserves of Pakistan,TS_GP_EXT_PAKRES_M.Z00010,Gold reserves,31-May-02,566,Million USD,Normal,
Gold and Foreign Exchange Reserves of Pakistan,TS_GP_EXT_PAKRES_M.Z00010,Gold reserves,30-Jun-02,667,Million USD,Normal,
Gold and Foreign Exchange Reserves of Pakistan,TS_GP_EXT_PAKRES_M.Z00010,Gold reserves,31-Jul-02,667,Million USD,Normal,
Gold and Foreign Exchange Reserves of Pakistan,TS_GP_EXT_PAKRES_M.Z00010,Gold reserves,31-Aug-02,667,Million USD,Normal,
Gold and Foreign Exchange Reserves of Pakistan,TS_GP_EXT_PAKRES_M.Z00010,Gold reserves,30-Sep-02,667,Million USD,Normal,
Gold and Foreign Exchange Reserves of Pakistan,TS_GP_EXT_PAKRES_M.Z00010,Gold reserves,31-Oct-02,667,Million USD,Normal,
Gold and Foreign Exchange Reserves of Pakistan,TS_GP_EXT_PAKRES_M.Z00010,Gold reserves,30-Nov-02,667,Million USD,Normal,
Gold and Foreign Exchange Reserves of Pakistan,TS_GP_EXT_PAKRES_M.Z00010,Gold reserves,31-Dec-02,667,Million USD,Normal,
Gold and Foreign Exchange Reserves of Pakistan,TS_GP_EXT_PAKRES_M.Z00010,Gold reserves,31-Jan-03,667,Million USD,Normal,
Gold and Foreign Exchange Reserves of Pakistan,TS_GP_EXT_PAKRES_M.Z00010,Gold reserves,28-Feb-03,667,Million USD,Normal,
Gold and Foreign Exchange Reserves of Pakistan,TS_GP_EXT_PAKRES_M.Z00010,Gold reserves,31-Mar-03,667,Million USD,Normal,
Gold and Foreign Exchange Reserves of Pakistan,TS_GP_EXT_PAKRES_M.Z00010,Gold reserves,30-Apr-03,667,Million USD,Normal,
Gold and Foreign Exchange Reserves of Pakistan,TS_GP_EXT_PAKRES_M.Z00010,Gold reserves,31-May-03,667,Million USD,Normal,
Gold and Foreign Exchange Reserves of Pakistan,TS_GP_EXT_PAKRES_M.Z00010,Gold reserves,30-Jun-03,725,Million USD,Normal,
Gold and Foreign Exchange Reserves of Pakistan,TS_GP_EXT_PAKRES_M.Z00010,Gold reserves,31-Jul-03,725,Million USD,Normal,
Gold and Foreign Exchange Reserves of Pakistan,TS_GP_EXT_PAKRES_M.Z00010,Gold reserves,31-Aug-03,725,Million USD,Normal,
Gold and Foreign Exchange Reserves of Pakistan,TS_GP_EXT_PAKRES_M.Z00010,Gold reserves,30-Sep-03,725,Million USD,Normal,
Gold and Foreign Exchange Reserves of Pakistan,TS_GP_EXT_PAKRES_M.Z00010,Gold reserves,31-Oct-03,725,Million USD,Normal,
Gold and Foreign Exchange Reserves of Pakistan,TS_GP_EXT_PAKRES_M.Z00010,Gold reserves,30-Nov-03,725,Million USD,Normal,
Gold and Foreign Exchange Reserves of Pakistan,TS_GP_EXT_PAKRES_M.Z00010,Gold reserves,31-Dec-03,725,Million USD,Normal,
Gold and Foreign Exchange Reserves of Pakistan,TS_GP_EXT_PAKRES_M.Z00010,Gold reserves,31-Jan-04,725,Million USD,Normal,
Gold and Foreign Exchange Reserves of Pakistan,TS_GP_EXT_PAKRES_M.Z00010,Gold reserves,29-Feb-04,725,Million USD,Normal,
Gold and Foreign Exchange Reserves of Pakistan,TS_GP_EXT_PAKRES_M.Z00010,Gold reserves,31-Mar-04,725,Million USD,Normal,
Gold and Foreign Exchange Reserves of Pakistan,TS_GP_EXT_PAKRES_M.Z00010,Gold reserves,30-Apr-04,725,Million USD,Normal,
Gold and Foreign Exchange Reserves of Pakistan,TS_GP_EXT_PAKRES_M.Z00010,Gold reserves,31-May-04,725,Million USD,Normal,
Gold and Foreign Exchange Reserves of Pakistan,TS_GP_EXT_PAKRES_M.Z00010,Gold reserves,30-Jun-04,831,Million USD,Normal,
Gold and Foreign Exchange Reserves of Pakistan,TS_GP_EXT_PAKRES_M.Z00010,Gold reserves,31-Jul-04,831,Million USD,Normal,
Gold and Foreign Exchange Reserves of Pakistan,TS_GP_EXT_PAKRES_M.Z00010,Gold reserves,31-Aug-04,831,Million USD,Normal,
Gold and Foreign Exchange Reserves of Pakistan,TS_GP_EXT_PAKRES_M.Z00010,Gold reserves,30-Sep-04,831,Million USD,Normal,
Gold and Foreign Exchange Reserves of Pakistan,TS_GP_EXT_PAKRES_M.Z00010,Gold reserves,31-Oct-04,831,Million USD,Normal,
Gold and Foreign Exchange Reserves of Pakistan,TS_GP_EXT_PAKRES_M.Z00010,Gold reserves,30-Nov-04,831,Million USD,Normal,
Gold and Foreign Exchange Reserves of Pakistan,TS_GP_EXT_PAKRES_M.Z00010,Gold reserves,31-Dec-04,831,Million USD,Normal,
Gold and Foreign Exchange Reserves of Pakistan,TS_GP_EXT_PAKRES_M.Z00010,Gold reserves,31-Jan-05,831,Million USD,Normal,
Gold and Foreign Exchange Reserves of Pakistan,TS_GP_EXT_PAKRES_M.Z00010,Gold reserves,28-Feb-05,831,Million USD,Normal,
Gold and Foreign Exchange Reserves of Pakistan,TS_GP_EXT_PAKRES_M.Z00010,Gold reserves,31-Mar-05,831,Million USD,Normal,
Gold and Foreign Exchange Reserves of Pakistan,TS_GP_EXT_PAKRES_M.Z00010,Gold reserves,30-Apr-05,831,Million USD,Normal,
Gold and Foreign Exchange Reserves of Pakistan,TS_GP_EXT_PAKRES_M.Z00010,Gold reserves,31-May-05,831,Million USD,Normal,
Gold and Foreign Exchange Reserves of Pakistan,TS_GP_EXT_PAKRES_M.Z00010,Gold reserves,30-Jun-05,917,Million USD,Normal,
Gold and Foreign Exchange Reserves of Pakistan,TS_GP_EXT_PAKRES_M.Z00010,Gold reserves,31-Jul-05,903,Million USD,Normal,
Gold and Foreign Exchange Reserves of Pakistan,TS_GP_EXT_PAKRES_M.Z00010,Gold reserves,31-Aug-05,903,Million USD,Normal,
Gold and Foreign Exchange Reserves of Pakistan,TS_GP_EXT_PAKRES_M.Z00010,Gold reserves,30-Sep-05,903,Million USD,Normal,
Gold and Foreign Exchange Reserves of Pakistan,TS_GP_EXT_PAKRES_M.Z00010,Gold reserves,31-Oct-05,903,Million USD,Normal,
Gold and Foreign Exchange Reserves of Pakistan,TS_GP_EXT_PAKRES_M.Z00010,Gold reserves,30-Nov-05,903,Million USD,Normal,
Gold and Foreign Exchange Reserves of Pakistan,TS_GP_EXT_PAKRES_M.Z00010,Gold reserves,31-Dec-05,903,Million USD,Normal,
Gold and Foreign Exchange Reserves of Pakistan,TS_GP_EXT_PAKRES_M.Z00010,Gold reserves,31-Jan-06,903,Million USD,Normal,
Gold and Foreign Exchange Reserves of Pakistan,TS_GP_EXT_PAKRES_M.Z00010,Gold reserves,28-Feb-06,903,Million USD,Normal,
Gold and Foreign Exchange Reserves of Pakistan,TS_GP_EXT_PAKRES_M.Z00010,Gold reserves,31-Mar-06,903,Million USD,Normal,
Gold and Foreign Exchange Reserves of Pakistan,TS_GP_EXT_PAKRES_M.Z00010,Gold reserves,30-Apr-06,903,Million USD,Normal,
Gold and Foreign Exchange Reserves of Pakistan,TS_GP_EXT_PAKRES_M.Z00010,Gold reserves,31-May-06,903,Million USD,Normal,
Gold and Foreign Exchange Reserves of Pakistan,TS_GP_EXT_PAKRES_M.Z00010,Gold reserves,30-Jun-06,1268,Million USD,Normal,
Gold and Foreign Exchange Reserves of Pakistan,TS_GP_EXT_PAKRES_M.Z00010,Gold reserves,31-Jul-06,1268,Million USD,Normal,
Gold and Foreign Exchange Reserves of Pakistan,TS_GP_EXT_PAKRES_M.Z00010,Gold reserves,31-Aug-06,1268,Million USD,Normal,
Gold and Foreign Exchange Reserves of Pakistan,TS_GP_EXT_PAKRES_M.Z00010,Gold reserves,30-Sep-06,1268,Million USD,Normal,
Gold and Foreign Exchange Reserves of Pakistan,TS_GP_EXT_PAKRES_M.Z00010,Gold reserves,31-Oct-06,1268,Million USD,Normal,
Gold and Foreign Exchange Reserves of Pakistan,TS_GP_EXT_PAKRES_M.Z00010,Gold reserves,30-Nov-06,1268,Million USD,Normal,
Gold and Foreign Exchange Reserves of Pakistan,TS_GP_EXT_PAKRES_M.Z00010,Gold reserves,31-Dec-06,1268,Million USD,Normal,
Gold and Foreign Exchange Reserves of Pakistan,TS_GP_EXT_PAKRES_M.Z00010,Gold reserves,31-Jan-07,1268,Million USD,Normal,
Gold and Foreign Exchange Reserves of Pakistan,TS_GP_EXT_PAKRES_M.Z00010,Gold reserves,28-Feb-07,1268,Million USD,Normal,
Gold and Foreign Exchange Reserves of Pakistan,TS_GP_EXT_PAKRES_M.Z00010,Gold reserves,31-Mar-07,1268,Million USD,Normal,
Gold and Foreign Exchange Reserves of Pakistan,TS_GP_EXT_PAKRES_M.Z00010,Gold reserves,30-Apr-07,1268,Million USD,Normal,
Gold and Foreign Exchange Reserves of Pakistan,TS_GP_EXT_PAKRES_M.Z00010,Gold reserves,31-May-07,1268,Million USD,Normal,
Gold and Foreign Exchange Reserves of Pakistan,TS_GP_EXT_PAKRES_M.Z00010,Gold reserves,30-Jun-07,1344,Million USD,Normal,
Gold and Foreign Exchange Reserves of Pakistan,TS_GP_EXT_PAKRES_M.Z00010,Gold reserves,31-Jul-07,1375,Million USD,Normal,
Gold and Foreign Exchange Reserves of Pakistan,TS_GP_EXT_PAKRES_M.Z00010,Gold reserves,31-Aug-07,1389,Million USD,Normal,
Gold and Foreign Exchange Reserves of Pakistan,TS_GP_EXT_PAKRES_M.Z00010,Gold reserves,30-Sep-07,1535,Million USD,Normal,
Gold and Foreign Exchange Reserves of Pakistan,TS_GP_EXT_PAKRES_M.Z00010,Gold reserves,31-Oct-07,1634,Million USD,Normal,
Gold and Foreign Exchange Reserves of Pakistan,TS_GP_EXT_PAKRES_M.Z00010,Gold reserves,30-Nov-07,1622,Million USD,Normal,
Gold and Foreign Exchange Reserves of Pakistan,TS_GP_EXT_PAKRES_M.Z00010,Gold reserves,31-Dec-07,1732,Million USD,Normal,
Gold and Foreign Exchange Reserves of Pakistan,TS_GP_EXT_PAKRES_M.Z00010,Gold reserves,31-Jan-08,1911,Million USD,Normal,
Gold and Foreign Exchange Reserves of Pakistan,TS_GP_EXT_PAKRES_M.Z00010,Gold reserves,29-Feb-08,2011,Million USD,Normal,
Gold and Foreign Exchange Reserves of Pakistan,TS_GP_EXT_PAKRES_M.Z00010,Gold reserves,31-Mar-08,1932,Million USD,Normal,
Gold and Foreign Exchange Reserves of Pakistan,TS_GP_EXT_PAKRES_M.Z00010,Gold reserves,30-Apr-08,1803,Million USD,Normal,
Gold and Foreign Exchange Reserves of Pakistan,TS_GP_EXT_PAKRES_M.Z00010,Gold reserves,31-May-08,1834,Million USD,Normal,
Gold and Foreign Exchange Reserves of Pakistan,TS_GP_EXT_PAKRES_M.Z00010,Gold reserves,30-Jun-08,1926,Million USD,Normal,
Gold and Foreign Exchange Reserves of Pakistan,TS_GP_EXT_PAKRES_M.Z00010,Gold reserves,31-Jul-08,1900,Million USD,Normal,
Gold and Foreign Exchange Reserves of Pakistan,TS_GP_EXT_PAKRES_M.Z00010,Gold reserves,31-Aug-08,1724,Million USD,Normal,
Gold and Foreign Exchange Reserves of Pakistan,TS_GP_EXT_PAKRES_M.Z00010,Gold reserves,30-Sep-08,1831,Million USD,Normal,
Gold and Foreign Exchange Reserves of Pakistan,TS_GP_EXT_PAKRES_M.Z00010,Gold reserves,31-Oct-08,1513,Million USD,Normal,
Gold and Foreign Exchange Reserves of Pakistan,TS_GP_EXT_PAKRES_M.Z00010,Gold reserves,30-Nov-08,1686,Million USD,Normal,
Gold and Foreign Exchange Reserves of Pakistan,TS_GP_EXT_PAKRES_M.Z00010,Gold reserves,31-Dec-08,1791,Million USD,Normal,
Gold and Foreign Exchange Reserves of Pakistan,TS_GP_EXT_PAKRES_M.Z00010,Gold reserves,31-Jan-09,1904,Million USD,Normal,
Gold and Foreign Exchange Reserves of Pakistan,TS_GP_EXT_PAKRES_M.Z00010,Gold reserves,28-Feb-09,1971,Million USD,Normal,
Gold and Foreign Exchange Reserves of Pakistan,TS_GP_EXT_PAKRES_M.Z00010,Gold reserves,31-Mar-09,1897,Million USD,Normal,
Gold and Foreign Exchange Reserves of Pakistan,TS_GP_EXT_PAKRES_M.Z00010,Gold reserves,30-Apr-09,1829,Million USD,Normal,
Gold and Foreign Exchange Reserves of Pakistan,TS_GP_EXT_PAKRES_M.Z00010,Gold reserves,31-May-09,2019,Million USD,Normal,
Gold and Foreign Exchange Reserves of Pakistan,TS_GP_EXT_PAKRES_M.Z00010,Gold reserves,30-Jun-09,1935,Million USD,Normal,
Gold and Foreign Exchange Reserves of Pakistan,TS_GP_EXT_PAKRES_M.Z00010,Gold reserves,31-Jul-09,1944,Million USD,Normal,
Gold and Foreign Exchange Reserves of Pakistan,TS_GP_EXT_PAKRES_M.Z00010,Gold reserves,31-Aug-09,1978,Million USD,Normal,
Gold and Foreign Exchange Reserves of Pakistan,TS_GP_EXT_PAKRES_M.Z00010,Gold reserves,30-Sep-09,2061,Million USD,Normal,
Gold and Foreign Exchange Reserves of Pakistan,TS_GP_EXT_PAKRES_M.Z00010,Gold reserves,31-Oct-09,2153,Million USD,Normal,
Gold and Foreign Exchange Reserves of Pakistan,TS_GP_EXT_PAKRES_M.Z00010,Gold reserves,30-Nov-09,2434,Million USD,Normal,
Gold and Foreign Exchange Reserves of Pakistan,TS_GP_EXT_PAKRES_M.Z00010,Gold reserves,31-Dec-09,2286,Million USD,Normal,
Gold and Foreign Exchange Reserves of Pakistan,TS_GP_EXT_PAKRES_M.Z00010,Gold reserves,31-Jan-10,2233,Million USD,Normal,
Gold and Foreign Exchange Reserves of Pakistan,TS_GP_EXT_PAKRES_M.Z00010,Gold reserves,28-Feb-10,2294,Million USD,Normal,
Gold and Foreign Exchange Reserves of Pakistan,TS_GP_EXT_PAKRES_M.Z00010,Gold reserves,31-Mar-10,2309,Million USD,Normal,
Gold and Foreign Exchange Reserves of Pakistan,TS_GP_EXT_PAKRES_M.Z00010,Gold reserves,30-Apr-10,2441,Million USD,Normal,
Gold and Foreign Exchange Reserves of Pakistan,TS_GP_EXT_PAKRES_M.Z00010,Gold reserves,31-May-10,2500,Million USD,Normal,
Gold and Foreign Exchange Reserves of Pakistan,TS_GP_EXT_PAKRES_M.Z00010,Gold reserves,30-Jun-10,2575,Million USD,Normal,
Gold and Foreign Exchange Reserves of Pakistan,TS_GP_EXT_PAKRES_M.Z00010,Gold reserves,31-Jul-10,2420,Million USD,Normal,
Gold and Foreign Exchange Reserves of Pakistan,TS_GP_EXT_PAKRES_M.Z00010,Gold reserves,31-Aug-10,2579,Million USD,Normal,
Gold and Foreign Exchange Reserves of Pakistan,TS_GP_EXT_PAKRES_M.Z00010,Gold reserves,30-Sep-10,2706,Million USD,Normal,
Gold and Foreign Exchange Reserves of Pakistan,TS_GP_EXT_PAKRES_M.Z00010,Gold reserves,31-Oct-10,2788,Million USD,Normal,
Gold and Foreign Exchange Reserves of Pakistan,TS_GP_EXT_PAKRES_M.Z00010,Gold reserves,30-Nov-10,2864,Million USD,Normal,
Gold and Foreign Exchange Reserves of Pakistan,TS_GP_EXT_PAKRES_M.Z00010,Gold reserves,31-Dec-10,2910,Million USD,Normal,
Gold and Foreign Exchange Reserves of Pakistan,TS_GP_EXT_PAKRES_M.Z00010,Gold reserves,31-Jan-11,2747,Million USD,Normal,
Gold and Foreign Exchange Reserves of Pakistan,TS_GP_EXT_PAKRES_M.Z00010,Gold reserves,28-Feb-11,2921,Million USD,Normal,
Gold and Foreign Exchange Reserves of Pakistan,TS_GP_EXT_PAKRES_M.Z00010,Gold reserves,31-Mar-11,2979,Million USD,Normal,
Gold and Foreign Exchange Reserves of Pakistan,TS_GP_EXT_PAKRES_M.Z00010,Gold reserves,30-Apr-11,3179,Million USD,Normal,
Gold and Foreign Exchange Reserves of Pakistan,TS_GP_EXT_PAKRES_M.Z00010,Gold reserves,31-May-11,3181,Million USD,Normal,
Gold and Foreign Exchange Reserves of Pakistan,TS_GP_EXT_PAKRES_M.Z00010,Gold reserves,30-Jun-11,3117,Million USD,Normal,
Gold and Foreign Exchange Reserves of Pakistan,TS_GP_EXT_PAKRES_M.Z00010,Gold reserves,31-Jul-11,3372,Million USD,Normal,
Gold and Foreign Exchange Reserves of Pakistan,TS_GP_EXT_PAKRES_M.Z00010,Gold reserves,31-Aug-11,3779,Million USD,Normal,
Gold and Foreign Exchange Reserves of Pakistan,TS_GP_EXT_PAKRES_M.Z00010,Gold reserves,30-Sep-11,3354,Million USD,Normal,
Gold and Foreign Exchange Reserves of Pakistan,TS_GP_EXT_PAKRES_M.Z00010,Gold reserves,31-Oct-11,3565.5,Million USD,Normal,
Gold and Foreign Exchange Reserves of Pakistan,TS_GP_EXT_PAKRES_M.Z00010,Gold reserves,30-Nov-11,3615.1,Million USD,Normal,
Gold and Foreign Exchange Reserves of Pakistan,TS_GP_EXT_PAKRES_M.Z00010,Gold reserves,31-Dec-11,3170,Million USD,Normal,
Gold and Foreign Exchange Reserves of Pakistan,TS_GP_EXT_PAKRES_M.Z00010,Gold reserves,31-Jan-12,3611,Million USD,Normal,
Gold and Foreign Exchange Reserves of Pakistan,TS_GP_EXT_PAKRES_M.Z00010,Gold reserves,29-Feb-12,3664.8,Million USD,Normal,
Gold and Foreign Exchange Reserves of Pakistan,TS_GP_EXT_PAKRES_M.Z00010,Gold reserves,31-Mar-12,3442.3,Million USD,Normal,
Gold and Foreign Exchange Reserves of Pakistan,TS_GP_EXT_PAKRES_M.Z00010,Gold reserves,30-Apr-12,3419,Million USD,Normal,
Gold and Foreign Exchange Reserves of Pakistan,TS_GP_EXT_PAKRES_M.Z00010,Gold reserves,31-May-12,3225.9,Million USD,Normal,
Gold and Foreign Exchange Reserves of Pakistan,TS_GP_EXT_PAKRES_M.Z00010,Gold reserves,30-Jun-12,3311.3,Million USD,Normal,
Gold and Foreign Exchange Reserves of Pakistan,TS_GP_EXT_PAKRES_M.Z00010,Gold reserves,31-Jul-12,3360,Million USD,Normal,
Gold and Foreign Exchange Reserves of Pakistan,TS_GP_EXT_PAKRES_M.Z00010,Gold reserves,31-Aug-12,3414.9,Million USD,Normal,
Gold and Foreign Exchange Reserves of Pakistan,TS_GP_EXT_PAKRES_M.Z00010,Gold reserves,30-Sep-12,3679,Million USD,Normal,
Gold and Foreign Exchange Reserves of Pakistan,TS_GP_EXT_PAKRES_M.Z00010,Gold reserves,31-Oct-12,3560.9,Million USD,Normal,
Gold and Foreign Exchange Reserves of Pakistan,TS_GP_EXT_PAKRES_M.Z00010,Gold reserves,30-Nov-12,3575.4,Million USD,Normal,
Gold and Foreign Exchange Reserves of Pakistan,TS_GP_EXT_PAKRES_M.Z00010,Gold reserves,31-Dec-12,3433.5,Million USD,Normal,
Gold and Foreign Exchange Reserves of Pakistan,TS_GP_EXT_PAKRES_M.Z00010,Gold reserves,31-Jan-13,3448.5,Million USD,Normal,
Gold and Foreign Exchange Reserves of Pakistan,TS_GP_EXT_PAKRES_M.Z00010,Gold reserves,28-Feb-13,3290.6,Million USD,Normal,
Gold and Foreign Exchange Reserves of Pakistan,TS_GP_EXT_PAKRES_M.Z00010,Gold reserves,31-Mar-13,3310.8,Million USD,Normal,
Gold and Foreign Exchange Reserves of Pakistan,TS_GP_EXT_PAKRES_M.Z00010,Gold reserves,30-Apr-13,3043,Million USD,Normal,
Gold and Foreign Exchange Reserves of Pakistan,TS_GP_EXT_PAKRES_M.Z00010,Gold reserves,31-May-13,2888.7,Million USD,Normal,
Gold and Foreign Exchange Reserves of Pakistan,TS_GP_EXT_PAKRES_M.Z00010,Gold reserves,30-Jun-13,2469.4,Million USD,Normal,
Gold and Foreign Exchange Reserves of Pakistan,TS_GP_EXT_PAKRES_M.Z00010,Gold reserves,31-Jul-13,2723.2,Million USD,Normal,
Gold and Foreign Exchange Reserves of Pakistan,TS_GP_EXT_PAKRES_M.Z00010,Gold reserves,31-Aug-13,2889.4,Million USD,Normal,
Gold and Foreign Exchange Reserves of Pakistan,TS_GP_EXT_PAKRES_M.Z00010,Gold reserves,30-Sep-13,2748,Million USD,Normal,
Gold and Foreign Exchange Reserves of Pakistan,TS_GP_EXT_PAKRES_M.Z00010,Gold reserves,31-Oct-13,2742.8,Million USD,Normal,
Gold and Foreign Exchange Reserves of Pakistan,TS_GP_EXT_PAKRES_M.Z00010,Gold reserves,30-Nov-13,2595.7,Million USD,Normal,
Gold and Foreign Exchange Reserves of Pakistan,TS_GP_EXT_PAKRES_M.Z00010,Gold reserves,31-Dec-13,2489.1,Million USD,Normal,
Gold and Foreign Exchange Reserves of Pakistan,TS_GP_EXT_PAKRES_M.Z00010,Gold reserves,31-Jan-14,2591.6,Million USD,Normal,
Gold and Foreign Exchange Reserves of Pakistan,TS_GP_EXT_PAKRES_M.Z00010,Gold reserves,28-Feb-14,2748,Million USD,Normal,
Gold and Foreign Exchange Reserves of Pakistan,TS_GP_EXT_PAKRES_M.Z00010,Gold reserves,31-Mar-14,2676,Million USD,Normal,
Gold and Foreign Exchange Reserves of Pakistan,TS_GP_EXT_PAKRES_M.Z00010,Gold reserves,30-Apr-14,2669.3,Million USD,Normal,
Gold and Foreign Exchange Reserves of Pakistan,TS_GP_EXT_PAKRES_M.Z00010,Gold reserves,31-May-14,2590.6,Million USD,Normal,
Gold and Foreign Exchange Reserves of Pakistan,TS_GP_EXT_PAKRES_M.Z00010,Gold reserves,30-Jun-14,2725.7,Million USD,Normal,
Gold and Foreign Exchange Reserves of Pakistan,TS_GP_EXT_PAKRES_M.Z00010,Gold reserves,31-Jul-14,2664,Million USD,Normal,
Gold and Foreign Exchange Reserves of Pakistan,TS_GP_EXT_PAKRES_M.Z00010,Gold reserves,31-Aug-14,2665,Million USD,Normal,
Gold and Foreign Exchange Reserves of Pakistan,TS_GP_EXT_PAKRES_M.Z00010,Gold reserves,30-Sep-14,2521.5,Million USD,Normal,
Gold and Foreign Exchange Reserves of Pakistan,TS_GP_EXT_PAKRES_M.Z00010,Gold reserves,31-Oct-14,2413.2,Million USD,Normal,
Gold and Foreign Exchange Reserves of Pakistan,TS_GP_EXT_PAKRES_M.Z00010,Gold reserves,30-Nov-14,2451.5,Million USD,Normal,
Gold and Foreign Exchange Reserves of Pakistan,TS_GP_EXT_PAKRES_M.Z00010,Gold reserves,31-Dec-14,2485.7,Million USD,Normal,
Gold and Foreign Exchange Reserves of Pakistan,TS_GP_EXT_PAKRES_M.Z00010,Gold reserves,31-Jan-15,2612.2,Million USD,Normal,
Gold and Foreign Exchange Reserves of Pakistan,TS_GP_EXT_PAKRES_M.Z00010,Gold reserves,28-Feb-15,2516.3,Million USD,Normal,
Gold and Foreign Exchange Reserves of Pakistan,TS_GP_EXT_PAKRES_M.Z00010,Gold reserves,31-Mar-15,2460.4,Million USD,Normal,
Gold and Foreign Exchange Reserves of Pakistan,TS_GP_EXT_PAKRES_M.Z00010,Gold reserves,30-Apr-15,2446.4,Million USD,Normal,
Gold and Foreign Exchange Reserves of Pakistan,TS_GP_EXT_PAKRES_M.Z00010,Gold reserves,31-May-15,2469.5,Million USD,Normal,
Gold and Foreign Exchange Reserves of Pakistan,TS_GP_EXT_PAKRES_M.Z00010,Gold reserves,30-Jun-15,2428.3,Million USD,Normal,
Gold and Foreign Exchange Reserves of Pakistan,TS_GP_EXT_PAKRES_M.Z00010,Gold reserves,31-Jul-15,2277.8,Million USD,Normal,
Gold and Foreign Exchange Reserves of Pakistan,TS_GP_EXT_PAKRES_M.Z00010,Gold reserves,31-Aug-15,2353.7,Million USD,Normal,
Gold and Foreign Exchange Reserves of Pakistan,TS_GP_EXT_PAKRES_M.Z00010,Gold reserves,30-Sep-15,2310.1,Million USD,Normal,
Gold and Foreign Exchange Reserves of Pakistan,TS_GP_EXT_PAKRES_M.Z00010,Gold reserves,31-Oct-15,2368.9,Million USD,Normal,
Gold and Foreign Exchange Reserves of Pakistan,TS_GP_EXT_PAKRES_M.Z00010,Gold reserves,30-Nov-15,2202.1,Million USD,Normal,
Gold and Foreign Exchange Reserves of Pakistan,TS_GP_EXT_PAKRES_M.Z00010,Gold reserves,31-Dec-15,2202.8,Million USD,Normal,
Gold and Foreign Exchange Reserves of Pakistan,TS_GP_EXT_PAKRES_M.Z00010,Gold reserves,31-Jan-16,2305.6,Million USD,Normal,
Gold and Foreign Exchange Reserves of Pakistan,TS_GP_EXT_PAKRES_M.Z00010,Gold reserves,29-Feb-16,2560.8,Million USD,Normal,
Gold and Foreign Exchange Reserves of Pakistan,TS_GP_EXT_PAKRES_M.Z00010,Gold reserves,31-Mar-16,2565.2,Million USD,Normal,
Gold and Foreign Exchange Reserves of Pakistan,TS_GP_EXT_PAKRES_M.Z00010,Gold reserves,30-Apr-16,2666.1,Million USD,Normal,
Gold and Foreign Exchange Reserves of Pakistan,TS_GP_EXT_PAKRES_M.Z00010,Gold reserves,31-May-16,2513.5,Million USD,Normal,
Gold and Foreign Exchange Reserves of Pakistan,TS_GP_EXT_PAKRES_M.Z00010,Gold reserves,30-Jun-16,2739.3,Million USD,Normal,
Gold and Foreign Exchange Reserves of Pakistan,TS_GP_EXT_PAKRES_M.Z00010,Gold reserves,31-Jul-16,2783.3,Million USD,Normal,
Gold and Foreign Exchange Reserves of Pakistan,TS_GP_EXT_PAKRES_M.Z00010,Gold reserves,31-Aug-16,2715.4,Million USD,Normal,
Gold and Foreign Exchange Reserves of Pakistan,TS_GP_EXT_PAKRES_M.Z00010,Gold reserves,30-Sep-16,2742.9,Million USD,Normal,
Gold and Foreign Exchange Reserves of Pakistan,TS_GP_EXT_PAKRES_M.Z00010,Gold reserves,31-Oct-16,2638.2,Million USD,Normal,
Gold and Foreign Exchange Reserves of Pakistan,TS_GP_EXT_PAKRES_M.Z00010,Gold reserves,30-Nov-16,2444,Million USD,Normal,
Gold and Foreign Exchange Reserves of Pakistan,TS_GP_EXT_PAKRES_M.Z00010,Gold reserves,31-Dec-16,2404.6,Million USD,Normal,
Gold and Foreign Exchange Reserves of Pakistan,TS_GP_EXT_PAKRES_M.Z00010,Gold reserves,31-Jan-17,2516,Million USD,Normal,
Gold and Foreign Exchange Reserves of Pakistan,TS_GP_EXT_PAKRES_M.Z00010,Gold reserves,28-Feb-17,2604.8,Million USD,Normal,
Gold and Foreign Exchange Reserves of Pakistan,TS_GP_EXT_PAKRES_M.Z00010,Gold reserves,31-Mar-17,2582.5,Million USD,Normal,
Gold and Foreign Exchange Reserves of Pakistan,TS_GP_EXT_PAKRES_M.Z00010,Gold reserves,30-Apr-17,2627.3,Million USD,Normal,
Gold and Foreign Exchange Reserves of Pakistan,TS_GP_EXT_PAKRES_M.Z00010,Gold reserves,31-May-17,2626.7,Million USD,Normal,
Gold and Foreign Exchange Reserves of Pakistan,TS_GP_EXT_PAKRES_M.Z00010,Gold reserves,30-Jun-17,2578.5,Million USD,Normal,
Gold and Foreign Exchange Reserves of Pakistan,TS_GP_EXT_PAKRES_M.Z00010,Gold reserves,31-Jul-17,2631,Million USD,Normal,
Gold and Foreign Exchange Reserves of Pakistan,TS_GP_EXT_PAKRES_M.Z00010,Gold reserves,31-Aug-17,2722.7,Million USD,Normal,
Gold and Foreign Exchange Reserves of Pakistan,TS_GP_EXT_PAKRES_M.Z00010,Gold reserves,30-Sep-17,2663.2,Million USD,Normal,
Gold and Foreign Exchange Reserves of Pakistan,TS_GP_EXT_PAKRES_M.Z00010,Gold reserves,31-Oct-17,2636.4,Million USD,Normal,
Gold and Foreign Exchange Reserves of Pakistan,TS_GP_EXT_PAKRES_M.Z00010,Gold reserves,30-Nov-17,2657.2,Million USD,Normal,
Gold and Foreign Exchange Reserves of Pakistan,TS_GP_EXT_PAKRES_M.Z00010,Gold reserves,31-Dec-17,2691.1,Million USD,Normal,
Gold and Foreign Exchange Reserves of Pakistan,TS_GP_EXT_PAKRES_M.Z00010,Gold reserves,31-Jan-18,2792.5,Million USD,Normal,
Gold and Foreign Exchange Reserves of Pakistan,TS_GP_EXT_PAKRES_M.Z00010,Gold reserves,28-Feb-18,2736,Million USD,Normal,
Gold and Foreign Exchange Reserves of Pakistan,TS_GP_EXT_PAKRES_M.Z00010,Gold reserves,31-Mar-18,2748.5,Million USD,Normal,
Gold and Foreign Exchange Reserves of Pakistan,TS_GP_EXT_PAKRES_M.Z00010,Gold reserves,30-Apr-18,2726.4,Million USD,Normal,
Gold and Foreign Exchange Reserves of Pakistan,TS_GP_EXT_PAKRES_M.Z00010,Gold reserves,31-May-18,2711.5,Million USD,Normal,
Gold and Foreign Exchange Reserves of Pakistan,TS_GP_EXT_PAKRES_M.Z00010,Gold reserves,30-Jun-18,2597.7,Million USD,Normal,
Gold and Foreign Exchange Reserves of Pakistan,TS_GP_EXT_PAKRES_M.Z00010,Gold reserves,31-Jul-18,2536.4,Million USD,Normal,
Gold and Foreign Exchange Reserves of Pakistan,TS_GP_EXT_PAKRES_M.Z00010,Gold reserves,31-Aug-18,2498,Million USD,Normal,
Gold and Foreign Exchange Reserves of Pakistan,TS_GP_EXT_PAKRES_M.Z00010,Gold reserves,30-Sep-18,2466.4,Million USD,Normal,
Gold and Foreign Exchange Reserves of Pakistan,TS_GP_EXT_PAKRES_M.Z00010,Gold reserves,31-Oct-18,2523.9,Million USD,Normal,
Gold and Foreign Exchange Reserves of Pakistan,TS_GP_EXT_PAKRES_M.Z00010,Gold reserves,30-Nov-18,2529.3,Million USD,Normal,
Gold and Foreign Exchange Reserves of Pakistan,TS_GP_EXT_PAKRES_M.Z00010,Gold reserves,31-Dec-18,2662.5,Million USD,Normal,
Gold and Foreign Exchange Reserves of Pakistan,TS_GP_EXT_PAKRES_M.Z00010,Gold reserves,31-Jan-19,2748.9,Million USD,Normal,
Gold and Foreign Exchange Reserves of Pakistan,TS_GP_EXT_PAKRES_M.Z00010,Gold reserves,28-Feb-19,2740.4,Million USD,Normal,
Gold and Foreign Exchange Reserves of Pakistan,TS_GP_EXT_PAKRES_M.Z00010,Gold reserves,31-Mar-19,2691.1,Million USD,Normal,
Gold and Foreign Exchange Reserves of Pakistan,TS_GP_EXT_PAKRES_M.Z00010,Gold reserves,30-Apr-19,2663.8,Million USD,Normal,
Gold and Foreign Exchange Reserves of Pakistan,TS_GP_EXT_PAKRES_M.Z00010,Gold reserves,31-May-19,2691.4,Million USD,Normal,
Gold and Foreign Exchange Reserves of Pakistan,TS_GP_EXT_PAKRES_M.Z00010,Gold reserves,30-Jun-19,2928,Million USD,Normal,
Gold and Foreign Exchange Reserves of Pakistan,TS_GP_EXT_PAKRES_M.Z00010,Gold reserves,31-Jul-19,2966.5,Million USD,Normal,
Gold and Foreign Exchange Reserves of Pakistan,TS_GP_EXT_PAKRES_M.Z00010,Gold reserves,31-Aug-19,3176.1,Million USD,Normal,
Gold and Foreign Exchange Reserves of Pakistan,TS_GP_EXT_PAKRES_M.Z00010,Gold reserves,30-Sep-19,3086.5,Million USD,Normal,
Gold and Foreign Exchange Reserves of Pakistan,TS_GP_EXT_PAKRES_M.Z00010,Gold reserves,31-Oct-19,3139.8,Million USD,Normal,
Gold and Foreign Exchange Reserves of Pakistan,TS_GP_EXT_PAKRES_M.Z00010,Gold reserves,30-Nov-19,3034.2,Million USD,Normal,
Gold and Foreign Exchange Reserves of Pakistan,TS_GP_EXT_PAKRES_M.Z00010,Gold reserves,31-Dec-19,3164.8,Million USD,Normal,
Gold and Foreign Exchange Reserves of Pakistan,TS_GP_EXT_PAKRES_M.Z00010,Gold reserves,31-Jan-20,3292,Million USD,Normal,
Gold and Foreign Exchange Reserves of Pakistan,TS_GP_EXT_PAKRES_M.Z00010,Gold reserves,29-Feb-20,3345.3,Million USD,Normal,
Gold and Foreign Exchange Reserves of Pakistan,TS_GP_EXT_PAKRES_M.Z00010,Gold reserves,31-Mar-20,3343.5,Million USD,Normal,
Gold and Foreign Exchange Reserves of Pakistan,TS_GP_EXT_PAKRES_M.Z00010,Gold reserves,30-Apr-20,3538.4,Million USD,Normal,
Gold and Foreign Exchange Reserves of Pakistan,TS_GP_EXT_PAKRES_M.Z00010,Gold reserves,31-May-20,3592.3,Million USD,Normal,
Gold and Foreign Exchange Reserves of Pakistan,TS_GP_EXT_PAKRES_M.Z00010,Gold reserves,30-Jun-20,3674.5,Million USD,Normal,
Gold and Foreign Exchange Reserves of Pakistan,TS_GP_EXT_PAKRES_M.Z00010,Gold reserves,31-Jul-20,4083.4,Million USD,Normal,
Gold and Foreign Exchange Reserves of Pakistan,TS_GP_EXT_PAKRES_M.Z00010,Gold reserves,31-Aug-20,4067.8,Million USD,Normal,
Gold and Foreign Exchange Reserves of Pakistan,TS_GP_EXT_PAKRES_M.Z00010,Gold reserves,30-Sep-20,3921.3,Million USD,Normal,
Gold and Foreign Exchange Reserves of Pakistan,TS_GP_EXT_PAKRES_M.Z00010,Gold reserves,31-Oct-20,3910.9,Million USD,Normal,
Gold and Foreign Exchange Reserves of Pakistan,TS_GP_EXT_PAKRES_M.Z00010,Gold reserves,30-Nov-20,3662.9,Million USD,Normal,
Gold and Foreign Exchange Reserves of Pakistan,TS_GP_EXT_PAKRES_M.Z00010,Gold reserves,31-Dec-20,3922.8,Million USD,Normal,
Gold and Foreign Exchange Reserves of Pakistan,TS_GP_EXT_PAKRES_M.Z00010,Gold reserves,31-Jan-21,3873.3,Million USD,Normal,
Gold and Foreign Exchange Reserves of Pakistan,TS_GP_EXT_PAKRES_M.Z00010,Gold reserves,28-Feb-21,3622,Million USD,Normal,
Gold and Foreign Exchange Reserves of Pakistan,TS_GP_EXT_PAKRES_M.Z00010,Gold reserves,31-Mar-21,3514.3,Million USD,Normal,
Gold and Foreign Exchange Reserves of Pakistan,TS_GP_EXT_PAKRES_M.Z00010,Gold reserves,30-Apr-21,3674.1,Million USD,Normal,
Gold and Foreign Exchange Reserves of Pakistan,TS_GP_EXT_PAKRES_M.Z00010,Gold reserves,31-May-21,3949.1,Million USD,Normal,
Gold and Foreign Exchange Reserves of Pakistan,TS_GP_EXT_PAKRES_M.Z00010,Gold reserves,30-Jun-21,3664.7,Million USD,Normal,
Gold and Foreign Exchange Reserves of Pakistan,TS_GP_EXT_PAKRES_M.Z00010,Gold reserves,31-Jul-21,3794.9,Million USD,Normal,
Gold and Foreign Exchange Reserves of Pakistan,TS_GP_EXT_PAKRES_M.Z00010,Gold reserves,31-Aug-21,3772.2,Million USD,Normal,
Gold and Foreign Exchange Reserves of Pakistan,TS_GP_EXT_PAKRES_M.Z00010,Gold reserves,30-Sep-21,3622.4,Million USD,Normal,
Gold and Foreign Exchange Reserves of Pakistan,TS_GP_EXT_PAKRES_M.Z00010,Gold reserves,31-Oct-21,3677.2,Million USD,Normal,
Gold and Foreign Exchange Reserves of Pakistan,TS_GP_EXT_PAKRES_M.Z00010,Gold reserves,30-Nov-21,3750.5,Million USD,Normal,
Gold and Foreign Exchange Reserves of Pakistan,TS_GP_EXT_PAKRES_M.Z00010,Gold reserves,31-Dec-21,3783.1,Million USD,Normal,
Gold and Foreign Exchange Reserves of Pakistan,TS_GP_EXT_PAKRES_M.Z00010,Gold reserves,31-Jan-22,3731.46,Million USD,Normal,
Gold and Foreign Exchange Reserves of Pakistan,TS_GP_EXT_PAKRES_M.Z00010,Gold reserves,28-Feb-22,3969.66,Million USD,Normal,
Gold and Foreign Exchange Reserves of Pakistan,TS_GP_EXT_PAKRES_M.Z00010,Gold reserves,31-Mar-22,4036.79,Million USD,Normal,
Gold and Foreign Exchange Reserves of Pakistan,TS_GP_EXT_PAKRES_M.Z00010,Gold reserves,30-Apr-22,3972.67,Million USD,Normal,
Gold and Foreign Exchange Reserves of Pakistan,TS_GP_EXT_PAKRES_M.Z00010,Gold reserves,31-May-22,3821.77,Million USD,Normal,
Gold and Foreign Exchange Reserves of Pakistan,TS_GP_EXT_PAKRES_M.Z00010,Gold reserves,30-Jun-22,3776.67,Million USD,Normal,
Gold and Foreign Exchange Reserves of Pakistan,TS_GP_EXT_PAKRES_M.Z00010,Gold reserves,31-Jul-22,3644.47,Million USD,Normal,
Gold and Foreign Exchange Reserves of Pakistan,TS_GP_EXT_PAKRES_M.Z00010,Gold reserves,31-Aug-22,3566.53,Million USD,Normal,
Gold and Foreign Exchange Reserves of Pakistan,TS_GP_EXT_PAKRES_M.Z00010,Gold reserves,30-Sep-22,3475.03,Million USD,Normal,
Gold and Foreign Exchange Reserves of Pakistan,TS_GP_EXT_PAKRES_M.Z00010,Gold reserves,31-Oct-22,3406.95,Million USD,Normal,
Gold and Foreign Exchange Reserves of Pakistan,TS_GP_EXT_PAKRES_M.Z00010,Gold reserves,30-Nov-22,3644.96,Million USD,Normal,
Gold and Foreign Exchange Reserves of Pakistan,TS_GP_EXT_PAKRES_M.Z00010,Gold reserves,31-Dec-22,3767.29,Million USD,Normal,
Gold and Foreign Exchange Reserves of Pakistan,TS_GP_EXT_PAKRES_M.Z00010,Gold reserves,31-Jan-23,3999.17,Million USD,Normal,
Gold and Foreign Exchange Reserves of Pakistan,TS_GP_EXT_PAKRES_M.Z00010,Gold reserves,28-Feb-23,3792.75,Million USD,Normal,
Gold and Foreign Exchange Reserves of Pakistan,TS_GP_EXT_PAKRES_M.Z00010,Gold reserves,31-Mar-23,4115.16,Million USD,Normal,
Gold and Foreign Exchange Reserves of Pakistan,TS_GP_EXT_PAKRES_M.Z00010,Gold reserves,30-Apr-23,4121.08,Million USD,Normal,
Gold and Foreign Exchange Reserves of Pakistan,TS_GP_EXT_PAKRES_M.Z00010,Gold reserves,31-May-23,4083.35,Million USD,Normal,
Gold and Foreign Exchange Reserves of Pakistan,TS_GP_EXT_PAKRES_M.Z00010,Gold reserves,30-Jun-23,3975.56,Million USD,Normal,
Gold and Foreign Exchange Reserves of Pakistan,TS_GP_EXT_PAKRES_M.Z00010,Gold reserves,31-Jul-23,4096.977799,Million USD,Normal,.
Gold and Foreign Exchange Reserves of Pakistan,TS_GP_EXT_PAKRES_M.Z00010,Gold reserves,31-Aug-23,4038.0382,Million USD,Normal,.
Gold and Foreign Exchange Reserves of Pakistan,TS_GP_EXT_PAKRES_M.Z00010,Gold reserves,30-Sep-23,3888.766129,Million USD,Normal,.
Gold and Foreign Exchange Reserves of Pakistan,TS_GP_EXT_PAKRES_M.Z00010,Gold reserves,31-Oct-23,4151.551502,Million USD,Normal,.
Gold and Foreign Exchange Reserves of Pakistan,TS_GP_EXT_PAKRES_M.Z00010,Gold reserves,30-Nov-23,4231.696882,Million USD,Normal,.
Gold and Foreign Exchange Reserves of Pakistan,TS_GP_EXT_PAKRES_M.Z00010,Gold reserves,31-Dec-23,4320.989855,Million USD,Normal,.
Gold and Foreign Exchange Reserves of Pakistan,TS_GP_EXT_PAKRES_M.Z00010,Gold reserves,31-Jan-24,4269.362525,Million USD,Normal,.
Gold and Foreign Exchange Reserves of Pakistan,TS_GP_EXT_PAKRES_M.Z00010,Gold reserves,29-Feb-24,4258.550064,Million USD,Normal,.
Gold and Foreign Exchange Reserves of Pakistan,TS_GP_EXT_PAKRES_M.Z00010,Gold reserves,31-Mar-24,4604.7,Million USD,Normal,.
Gold and Foreign Exchange Reserves of Pakistan,TS_GP_EXT_PAKRES_M.Z00010,Gold reserves,30-Apr-24,4797.359936,Million USD,Normal,.
Gold and Foreign Exchange Reserves of Pakistan,TS_GP_EXT_PAKRES_M.Z00010,Gold reserves,31-May-24,4883.138478,Million USD,Normal,.
Gold and Foreign Exchange Reserves of Pakistan,TS_GP_EXT_PAKRES_M.Z00010,Gold reserves,30-Jun-24,4848.181358,Million USD,Normal,.
Gold and Foreign Exchange Reserves of Pakistan,TS_GP_EXT_PAKRES_M.Z00010,Gold reserves,31-Jul-24,5046.609648,Million USD,Normal,
Gold and Foreign Exchange Reserves of Pakistan,TS_GP_EXT_PAKRES_M.Z00010,Gold reserves,31-Aug-24,5229.688382,Million USD,Normal,
Gold and Foreign Exchange Reserves of Pakistan,TS_GP_EXT_PAKRES_M.Z00010,Gold reserves,30-Sep-24,5472.305486,Million USD,Normal,
Gold and Foreign Exchange Reserves of Pakistan,TS_GP_EXT_PAKRES_M.Z00010,Gold reserves,31-Oct-24,5690.43704,Million USD,Normal,.
Gold and Foreign Exchange Reserves of Pakistan,TS_GP_EXT_PAKRES_M.Z00010,Gold reserves,30-Nov-24,5517.48555,Million USD,Normal,.
Gold and Foreign Exchange Reserves of Pakistan,TS_GP_EXT_PAKRES_M.Z00010,Gold reserves,31-Dec-24,5434.237511,Million USD,Normal,.
Gold and Foreign Exchange Reserves of Pakistan,TS_GP_EXT_PAKRES_M.Z00010,Gold reserves,31-Jan-25,5853.917677,Million USD,Normal,.
Gold and Foreign Exchange Reserves of Pakistan,TS_GP_EXT_PAKRES_M.Z00010,Gold reserves,28-Feb-25,5900.756512,Million USD,Normal,.
Gold and Foreign Exchange Reserves of Pakistan,TS_GP_EXT_PAKRES_M.Z00010,Gold reserves,31-Mar-25,6484.785,Million USD,Normal,.
Gold and Foreign Exchange Reserves of Pakistan,TS_GP_EXT_PAKRES_M.Z00010,Gold reserves,30-Apr-25,6874.492655,Million USD,Normal,.
Gold and Foreign Exchange Reserves of Pakistan,TS_GP_EXT_PAKRES_M.Z00010,Gold reserves,31-May-25,6823.48644,Million USD,Normal,.
