Dataset,Series Key,Series,Observation Date,Observation Value,Unit,Observation Status,Observation Status Comment
POL Sales by Sector,TS_GP_RLS_POLSALE_M.P_001000,Overall POL Sales,31-Jul-13,2045858,Metric Ton,Normal,
POL Sales by Sector,TS_GP_RLS_POLSALE_M.P_001000,Overall POL Sales,31-Aug-13,1833892,Metric Ton,Normal,
POL Sales by Sector,TS_GP_RLS_POLSALE_M.P_001000,Overall POL Sales,30-Sep-13,1699582,Metric Ton,Normal,
POL Sales by Sector,TS_GP_RLS_POLSALE_M.P_001000,Overall POL Sales,31-Oct-13,1657988,Metric Ton,Normal,
POL Sales by Sector,TS_GP_RLS_POLSALE_M.P_001000,Overall POL Sales,30-Nov-13,1850501,Metric Ton,Normal,
POL Sales by Sector,TS_GP_RLS_POLSALE_M.P_001000,Overall POL Sales,31-Dec-13,1711514,Metric Ton,Normal,
POL Sales by Sector,TS_GP_RLS_POLSALE_M.P_001000,Overall POL Sales,31-Jan-14,1593695,Metric Ton,Normal,
POL Sales by Sector,TS_GP_RLS_POLSALE_M.P_001000,Overall POL Sales,28-Feb-14,1427815,Metric Ton,Normal,
POL Sales by Sector,TS_GP_RLS_POLSALE_M.P_001000,Overall POL Sales,31-Mar-14,1643200,Metric Ton,Normal,
POL Sales by Sector,TS_GP_RLS_POLSALE_M.P_001000,Overall POL Sales,30-Apr-14,1815265,Metric Ton,Normal,
POL Sales by Sector,TS_GP_RLS_POLSALE_M.P_001000,Overall POL Sales,31-May-14,2323499,Metric Ton,Normal,
POL Sales by Sector,TS_GP_RLS_POLSALE_M.P_001000,Overall POL Sales,30-Jun-14,1931359,Metric Ton,Normal,
POL Sales by Sector,TS_GP_RLS_POLSALE_M.P_001000,Overall POL Sales,31-Jul-14,2062844,Metric Ton,Normal,
POL Sales by Sector,TS_GP_RLS_POLSALE_M.P_001000,Overall POL Sales,31-Aug-14,1833770,Metric Ton,Normal,
POL Sales by Sector,TS_GP_RLS_POLSALE_M.P_001000,Overall POL Sales,30-Sep-14,1857979,Metric Ton,Normal,
POL Sales by Sector,TS_GP_RLS_POLSALE_M.P_001000,Overall POL Sales,31-Oct-14,1779369,Metric Ton,Normal,
POL Sales by Sector,TS_GP_RLS_POLSALE_M.P_001000,Overall POL Sales,30-Nov-14,1609184,Metric Ton,Normal,
POL Sales by Sector,TS_GP_RLS_POLSALE_M.P_001000,Overall POL Sales,31-Dec-14,1569901,Metric Ton,Normal,
POL Sales by Sector,TS_GP_RLS_POLSALE_M.P_001000,Overall POL Sales,31-Jan-15,1750928,Metric Ton,Normal,
POL Sales by Sector,TS_GP_RLS_POLSALE_M.P_001000,Overall POL Sales,28-Feb-15,1807909,Metric Ton,Normal,
POL Sales by Sector,TS_GP_RLS_POLSALE_M.P_001000,Overall POL Sales,31-Mar-15,1901838,Metric Ton,Normal,
POL Sales by Sector,TS_GP_RLS_POLSALE_M.P_001000,Overall POL Sales,30-Apr-15,2122091,Metric Ton,Normal,
POL Sales by Sector,TS_GP_RLS_POLSALE_M.P_001000,Overall POL Sales,31-May-15,2220547,Metric Ton,Normal,
POL Sales by Sector,TS_GP_RLS_POLSALE_M.P_001000,Overall POL Sales,30-Jun-15,1998049,Metric Ton,Normal,
POL Sales by Sector,TS_GP_RLS_POLSALE_M.P_001000,Overall POL Sales,31-Jul-15,1764085,Metric Ton,Normal,
POL Sales by Sector,TS_GP_RLS_POLSALE_M.P_001000,Overall POL Sales,31-Aug-15,1877220,Metric Ton,Normal,
POL Sales by Sector,TS_GP_RLS_POLSALE_M.P_001000,Overall POL Sales,30-Sep-15,1889924,Metric Ton,Normal,
POL Sales by Sector,TS_GP_RLS_POLSALE_M.P_001000,Overall POL Sales,31-Oct-15,2118662,Metric Ton,Normal,
POL Sales by Sector,TS_GP_RLS_POLSALE_M.P_001000,Overall POL Sales,30-Nov-15,1780188,Metric Ton,Normal,
POL Sales by Sector,TS_GP_RLS_POLSALE_M.P_001000,Overall POL Sales,31-Dec-15,1731817,Metric Ton,Normal,
POL Sales by Sector,TS_GP_RLS_POLSALE_M.P_001000,Overall POL Sales,31-Jan-16,1907296,Metric Ton,Normal,
POL Sales by Sector,TS_GP_RLS_POLSALE_M.P_001000,Overall POL Sales,29-Feb-16,1789940,Metric Ton,Normal,
POL Sales by Sector,TS_GP_RLS_POLSALE_M.P_001000,Overall POL Sales,31-Mar-16,2036282,Metric Ton,Normal,
POL Sales by Sector,TS_GP_RLS_POLSALE_M.P_001000,Overall POL Sales,30-Apr-16,2013620,Metric Ton,Normal,
POL Sales by Sector,TS_GP_RLS_POLSALE_M.P_001000,Overall POL Sales,31-May-16,2454454,Metric Ton,Normal,
POL Sales by Sector,TS_GP_RLS_POLSALE_M.P_001000,Overall POL Sales,30-Jun-16,2266322,Metric Ton,Normal,
POL Sales by Sector,TS_GP_RLS_POLSALE_M.P_001000,Overall POL Sales,31-Jul-16,2144954,Metric Ton,Normal,
POL Sales by Sector,TS_GP_RLS_POLSALE_M.P_001000,Overall POL Sales,31-Aug-16,2252793,Metric Ton,Normal,
POL Sales by Sector,TS_GP_RLS_POLSALE_M.P_001000,Overall POL Sales,30-Sep-16,2144591,Metric Ton,Normal,
POL Sales by Sector,TS_GP_RLS_POLSALE_M.P_001000,Overall POL Sales,31-Oct-16,2367917,Metric Ton,Normal,
POL Sales by Sector,TS_GP_RLS_POLSALE_M.P_001000,Overall POL Sales,30-Nov-16,2086534,Metric Ton,Normal,
POL Sales by Sector,TS_GP_RLS_POLSALE_M.P_001000,Overall POL Sales,31-Dec-16,2118828,Metric Ton,Normal,
POL Sales by Sector,TS_GP_RLS_POLSALE_M.P_001000,Overall POL Sales,31-Jan-17,2102810,Metric Ton,Normal,
POL Sales by Sector,TS_GP_RLS_POLSALE_M.P_001000,Overall POL Sales,28-Feb-17,1754679,Metric Ton,Normal,
POL Sales by Sector,TS_GP_RLS_POLSALE_M.P_001000,Overall POL Sales,31-Mar-17,2047363,Metric Ton,Normal,
POL Sales by Sector,TS_GP_RLS_POLSALE_M.P_001000,Overall POL Sales,30-Apr-17,2257600,Metric Ton,Normal,
POL Sales by Sector,TS_GP_RLS_POLSALE_M.P_001000,Overall POL Sales,31-May-17,2488012,Metric Ton,Normal,
POL Sales by Sector,TS_GP_RLS_POLSALE_M.P_001000,Overall POL Sales,30-Jun-17,2172190,Metric Ton,Normal,
POL Sales by Sector,TS_GP_RLS_POLSALE_M.P_001000,Overall POL Sales,31-Jul-17,2372650,Metric Ton,Normal,
POL Sales by Sector,TS_GP_RLS_POLSALE_M.P_001000,Overall POL Sales,31-Aug-17,2541125,Metric Ton,Normal,
POL Sales by Sector,TS_GP_RLS_POLSALE_M.P_001000,Overall POL Sales,30-Sep-17,2181353,Metric Ton,Normal,
POL Sales by Sector,TS_GP_RLS_POLSALE_M.P_001000,Overall POL Sales,31-Oct-17,2482187,Metric Ton,Normal,
POL Sales by Sector,TS_GP_RLS_POLSALE_M.P_001000,Overall POL Sales,30-Nov-17,1938559,Metric Ton,Normal,
POL Sales by Sector,TS_GP_RLS_POLSALE_M.P_001000,Overall POL Sales,31-Dec-17,1962750,Metric Ton,Normal,
POL Sales by Sector,TS_GP_RLS_POLSALE_M.P_001000,Overall POL Sales,31-Jan-18,1870727,Metric Ton,Normal,
POL Sales by Sector,TS_GP_RLS_POLSALE_M.P_001000,Overall POL Sales,28-Feb-18,1498336,Metric Ton,Normal,
POL Sales by Sector,TS_GP_RLS_POLSALE_M.P_001000,Overall POL Sales,31-Mar-18,1844103,Metric Ton,Normal,
POL Sales by Sector,TS_GP_RLS_POLSALE_M.P_001000,Overall POL Sales,30-Apr-18,1966251,Metric Ton,Normal,
POL Sales by Sector,TS_GP_RLS_POLSALE_M.P_001000,Overall POL Sales,31-May-18,2535667,Metric Ton,Normal,
POL Sales by Sector,TS_GP_RLS_POLSALE_M.P_001000,Overall POL Sales,30-Jun-18,1969390,Metric Ton,Normal,
POL Sales by Sector,TS_GP_RLS_POLSALE_M.P_001000,Overall POL Sales,31-Jul-18,1691434,Metric Ton,Normal,
POL Sales by Sector,TS_GP_RLS_POLSALE_M.P_001000,Overall POL Sales,31-Aug-18,1549156,Metric Ton,Normal,
POL Sales by Sector,TS_GP_RLS_POLSALE_M.P_001000,Overall POL Sales,30-Sep-18,1850535,Metric Ton,Normal,
POL Sales by Sector,TS_GP_RLS_POLSALE_M.P_001000,Overall POL Sales,31-Oct-18,1807450,Metric Ton,Normal,
POL Sales by Sector,TS_GP_RLS_POLSALE_M.P_001000,Overall POL Sales,30-Nov-18,1430583,Metric Ton,Normal,
POL Sales by Sector,TS_GP_RLS_POLSALE_M.P_001000,Overall POL Sales,31-Dec-18,1536747,Metric Ton,Normal,
POL Sales by Sector,TS_GP_RLS_POLSALE_M.P_001000,Overall POL Sales,31-Jan-19,1666595,Metric Ton,Normal,
POL Sales by Sector,TS_GP_RLS_POLSALE_M.P_001000,Overall POL Sales,28-Feb-19,1500003,Metric Ton,Normal,
POL Sales by Sector,TS_GP_RLS_POLSALE_M.P_001000,Overall POL Sales,31-Mar-19,1558866,Metric Ton,Normal,
POL Sales by Sector,TS_GP_RLS_POLSALE_M.P_001000,Overall POL Sales,30-Apr-19,1740111,Metric Ton,Normal,
POL Sales by Sector,TS_GP_RLS_POLSALE_M.P_001000,Overall POL Sales,31-May-19,1851021,Metric Ton,Normal,
POL Sales by Sector,TS_GP_RLS_POLSALE_M.P_001000,Overall POL Sales,30-Jun-19,1490131,Metric Ton,Normal,
POL Sales by Sector,TS_GP_RLS_POLSALE_M.P_001000,Overall POL Sales,31-Jul-19,1644122,Metric Ton,Normal,
POL Sales by Sector,TS_GP_RLS_POLSALE_M.P_001000,Overall POL Sales,31-Aug-19,1380218,Metric Ton,Normal,
POL Sales by Sector,TS_GP_RLS_POLSALE_M.P_001000,Overall POL Sales,30-Sep-19,1546942,Metric Ton,Normal,
POL Sales by Sector,TS_GP_RLS_POLSALE_M.P_001000,Overall POL Sales,31-Oct-19,1652264,Metric Ton,Normal,
POL Sales by Sector,TS_GP_RLS_POLSALE_M.P_001000,Overall POL Sales,30-Nov-19,1502864,Metric Ton,Normal,
POL Sales by Sector,TS_GP_RLS_POLSALE_M.P_001000,Overall POL Sales,31-Dec-19,1448851,Metric Ton,Normal,
POL Sales by Sector,TS_GP_RLS_POLSALE_M.P_001000,Overall POL Sales,31-Jan-20,1394201,Metric Ton,Normal,
POL Sales by Sector,TS_GP_RLS_POLSALE_M.P_001000,Overall POL Sales,29-Feb-20,1190824,Metric Ton,Normal,
POL Sales by Sector,TS_GP_RLS_POLSALE_M.P_001000,Overall POL Sales,31-Mar-20,1104154,Metric Ton,Normal,
POL Sales by Sector,TS_GP_RLS_POLSALE_M.P_001000,Overall POL Sales,30-Apr-20,1095160,Metric Ton,Normal,
POL Sales by Sector,TS_GP_RLS_POLSALE_M.P_001000,Overall POL Sales,31-May-20,1627495,Metric Ton,Normal,
POL Sales by Sector,TS_GP_RLS_POLSALE_M.P_001000,Overall POL Sales,30-Jun-20,1734176,Metric Ton,Normal,
POL Sales by Sector,TS_GP_RLS_POLSALE_M.P_001000,Overall POL Sales,31-Jul-20,1848327,Metric Ton,Normal,
POL Sales by Sector,TS_GP_RLS_POLSALE_M.P_001000,Overall POL Sales,31-Aug-20,1610156,Metric Ton,Normal,
POL Sales by Sector,TS_GP_RLS_POLSALE_M.P_001000,Overall POL Sales,30-Sep-20,1590941,Metric Ton,Normal,
POL Sales by Sector,TS_GP_RLS_POLSALE_M.P_001000,Overall POL Sales,31-Oct-20,1735179,Metric Ton,Normal,
POL Sales by Sector,TS_GP_RLS_POLSALE_M.P_001000,Overall POL Sales,30-Nov-20,1769662,Metric Ton,Normal,
POL Sales by Sector,TS_GP_RLS_POLSALE_M.P_001000,Overall POL Sales,31-Dec-20,1627157,Metric Ton,Normal,
POL Sales by Sector,TS_GP_RLS_POLSALE_M.P_001000,Overall POL Sales,31-Jan-21,1580755,Metric Ton,Normal,
POL Sales by Sector,TS_GP_RLS_POLSALE_M.P_001000,Overall POL Sales,28-Feb-21,1432658,Metric Ton,Normal,
POL Sales by Sector,TS_GP_RLS_POLSALE_M.P_001000,Overall POL Sales,31-Mar-21,1519993,Metric Ton,Normal,
POL Sales by Sector,TS_GP_RLS_POLSALE_M.P_001000,Overall POL Sales,30-Apr-21,1722367,Metric Ton,Normal,
POL Sales by Sector,TS_GP_RLS_POLSALE_M.P_001000,Overall POL Sales,31-May-21,1733539,Metric Ton,Normal,
POL Sales by Sector,TS_GP_RLS_POLSALE_M.P_001000,Overall POL Sales,30-Jun-21,1971462,Metric Ton,Normal,
POL Sales by Sector,TS_GP_RLS_POLSALE_M.P_001000,Overall POL Sales,31-Jul-21,1936927,Metric Ton,Normal,
POL Sales by Sector,TS_GP_RLS_POLSALE_M.P_001000,Overall POL Sales,31-Aug-21,1995065,Metric Ton,Normal,
POL Sales by Sector,TS_GP_RLS_POLSALE_M.P_001000,Overall POL Sales,30-Sep-21,2021868,Metric Ton,Normal,
POL Sales by Sector,TS_GP_RLS_POLSALE_M.P_001000,Overall POL Sales,31-Oct-21,2058025,Metric Ton,Normal,
POL Sales by Sector,TS_GP_RLS_POLSALE_M.P_001000,Overall POL Sales,30-Nov-21,1802702,Metric Ton,Normal,
POL Sales by Sector,TS_GP_RLS_POLSALE_M.P_001000,Overall POL Sales,31-Dec-21,1594176,Metric Ton,Normal,
POL Sales by Sector,TS_GP_RLS_POLSALE_M.P_001000,Overall POL Sales,31-Jan-22,1842516,Metric Ton,Normal,
POL Sales by Sector,TS_GP_RLS_POLSALE_M.P_001000,Overall POL Sales,28-Feb-22,1572029,Metric Ton,Normal,
POL Sales by Sector,TS_GP_RLS_POLSALE_M.P_001000,Overall POL Sales,31-Mar-22,1857914,Metric Ton,Normal,Revised
POL Sales by Sector,TS_GP_RLS_POLSALE_M.P_001000,Overall POL Sales,30-Apr-22,2210647,Metric Ton,Normal,
POL Sales by Sector,TS_GP_RLS_POLSALE_M.P_001000,Overall POL Sales,31-May-22,2194723,Metric Ton,Normal,
POL Sales by Sector,TS_GP_RLS_POLSALE_M.P_001000,Overall POL Sales,30-Jun-22,1959497,Metric Ton,Normal,
POL Sales by Sector,TS_GP_RLS_POLSALE_M.P_001000,Overall POL Sales,31-Jul-22,1542715,Metric Ton,Normal,
POL Sales by Sector,TS_GP_RLS_POLSALE_M.P_001000,Overall POL Sales,31-Aug-22,1545775,Metric Ton,Normal,
POL Sales by Sector,TS_GP_RLS_POLSALE_M.P_001000,Overall POL Sales,30-Sep-22,1555185,Metric Ton,Normal,
POL Sales by Sector,TS_GP_RLS_POLSALE_M.P_001000,Overall POL Sales,31-Oct-22,1708555,Metric Ton,Normal,
POL Sales by Sector,TS_GP_RLS_POLSALE_M.P_001000,Overall POL Sales,30-Nov-22,1561565,Metric Ton,Normal,
POL Sales by Sector,TS_GP_RLS_POLSALE_M.P_001000,Overall POL Sales,31-Dec-22,1364160,Metric Ton,Normal,
POL Sales by Sector,TS_GP_RLS_POLSALE_M.P_001000,Overall POL Sales,31-Jan-23,1509541,Metric Ton,Normal,
POL Sales by Sector,TS_GP_RLS_POLSALE_M.P_001000,Overall POL Sales,28-Feb-23,1239011,Metric Ton,Normal,
POL Sales by Sector,TS_GP_RLS_POLSALE_M.P_001000,Overall POL Sales,31-Mar-23,1208501,Metric Ton,Normal,
POL Sales by Sector,TS_GP_RLS_POLSALE_M.P_001000,Overall POL Sales,30-Apr-23,1293010,Metric Ton,Normal,
POL Sales by Sector,TS_GP_RLS_POLSALE_M.P_001000,Overall POL Sales,31-May-23,1448059,Metric Ton,Normal,
POL Sales by Sector,TS_GP_RLS_POLSALE_M.P_001000,Overall POL Sales,30-Jun-23,1488506,Metric Ton,Normal,
POL Sales by Sector,TS_GP_RLS_POLSALE_M.P_001000,Overall POL Sales,31-Jul-23,1439880,Metric Ton,Normal,
POL Sales by Sector,TS_GP_RLS_POLSALE_M.P_001000,Overall POL Sales,31-Aug-23,1443877,Metric Ton,Normal,
POL Sales by Sector,TS_GP_RLS_POLSALE_M.P_001000,Overall POL Sales,30-Sep-23,1148840,Metric Ton,Normal,
POL Sales by Sector,TS_GP_RLS_POLSALE_M.P_001000,Overall POL Sales,31-Oct-23,1371196,Metric Ton,Normal,
POL Sales by Sector,TS_GP_RLS_POLSALE_M.P_001000,Overall POL Sales,30-Nov-23,1512225,Metric Ton,Normal,
POL Sales by Sector,TS_GP_RLS_POLSALE_M.P_001000,Overall POL Sales,31-Dec-23,1441101,Metric Ton,Normal,
POL Sales by Sector,TS_GP_RLS_POLSALE_M.P_001000,Overall POL Sales,31-Jan-24,1512912,Metric Ton,Normal,
POL Sales by Sector,TS_GP_RLS_POLSALE_M.P_001000,Overall POL Sales,29-Feb-24,1159420,Metric Ton,Normal,
POL Sales by Sector,TS_GP_RLS_POLSALE_M.P_001000,Overall POL Sales,31-Mar-24,1272794,Metric Ton,Normal,
POL Sales by Sector,TS_GP_RLS_POLSALE_M.P_001000,Overall POL Sales,30-Apr-24,1158706,Metric Ton,Normal,
POL Sales by Sector,TS_GP_RLS_POLSALE_M.P_001000,Overall POL Sales,31-May-24,1619809,Metric Ton,Normal,
POL Sales by Sector,TS_GP_RLS_POLSALE_M.P_001000,Overall POL Sales,30-Jun-24,1607804,Metric Ton,Normal,
POL Sales by Sector,TS_GP_RLS_POLSALE_M.P_001000,Overall POL Sales,31-Jul-24,1341089,Metric Ton,Normal,
POL Sales by Sector,TS_GP_RLS_POLSALE_M.P_001000,Overall POL Sales,31-Aug-24,1308307,Metric Ton,Normal,
POL Sales by Sector,TS_GP_RLS_POLSALE_M.P_001000,Overall POL Sales,30-Sep-24,1421239,Metric Ton,Normal,
POL Sales by Sector,TS_GP_RLS_POLSALE_M.P_001000,Overall POL Sales,31-Oct-24,1658976,Metric Ton,Normal,
POL Sales by Sector,TS_GP_RLS_POLSALE_M.P_001000,Overall POL Sales,30-Nov-24,1718247,Metric Ton,Normal,
POL Sales by Sector,TS_GP_RLS_POLSALE_M.P_001000,Overall POL Sales,31-Dec-24,1462545,Metric Ton,Normal,
POL Sales by Sector,TS_GP_RLS_POLSALE_M.P_001000,Overall POL Sales,31-Jan-25,1646834,Metric Ton,Normal,
POL Sales by Sector,TS_GP_RLS_POLSALE_M.P_001000,Overall POL Sales,28-Feb-25,1202081,Metric Ton,Normal,
POL Sales by Sector,TS_GP_RLS_POLSALE_M.P_001000,Overall POL Sales,31-Mar-25,1439281,Metric Ton,Normal,
POL Sales by Sector,TS_GP_RLS_POLSALE_M.P_001000,Overall POL Sales,30-Apr-25,1565963,Metric Ton,Normal,
POL Sales by Sector,TS_GP_RLS_POLSALE_M.P_001000,Overall POL Sales,31-May-25,1702184,Metric Ton,Normal,
