Dataset,Series Key,Series,Observation Date,Observation Value,Unit,Observation Status,Observation Status Comment
Outstanding Position of National Saving  Schemes,TS_GP_PDL_NSSOA_M.NSSOA00010,NSS Total Outstanding Amount,31-Jul-13,2476264.36,Million PKR,Normal,
Outstanding Position of National Saving  Schemes,TS_GP_PDL_NSSOA_M.NSSOA00010,NSS Total Outstanding Amount,31-Aug-13,2493875.52,Million PKR,Normal,
Outstanding Position of National Saving  Schemes,TS_GP_PDL_NSSOA_M.NSSOA00010,NSS Total Outstanding Amount,30-Sep-13,2506769.76,Million PKR,Normal,
Outstanding Position of National Saving  Schemes,TS_GP_PDL_NSSOA_M.NSSOA00010,NSS Total Outstanding Amount,31-Oct-13,2526681.07,Million PKR,Normal,
Outstanding Position of National Saving  Schemes,TS_GP_PDL_NSSOA_M.NSSOA00010,NSS Total Outstanding Amount,30-Nov-13,2544403.04,Million PKR,Normal,
Outstanding Position of National Saving  Schemes,TS_GP_PDL_NSSOA_M.NSSOA00010,NSS Total Outstanding Amount,31-Dec-13,2521888.98,Million PKR,Normal,
Outstanding Position of National Saving  Schemes,TS_GP_PDL_NSSOA_M.NSSOA00010,NSS Total Outstanding Amount,31-Jan-14,2560601.96,Million PKR,Normal,
Outstanding Position of National Saving  Schemes,TS_GP_PDL_NSSOA_M.NSSOA00010,NSS Total Outstanding Amount,28-Feb-14,2592821.96,Million PKR,Normal,
Outstanding Position of National Saving  Schemes,TS_GP_PDL_NSSOA_M.NSSOA00010,NSS Total Outstanding Amount,31-Mar-14,2612260.11,Million PKR,Normal,
Outstanding Position of National Saving  Schemes,TS_GP_PDL_NSSOA_M.NSSOA00010,NSS Total Outstanding Amount,30-Apr-14,2632452.01,Million PKR,Normal,
Outstanding Position of National Saving  Schemes,TS_GP_PDL_NSSOA_M.NSSOA00010,NSS Total Outstanding Amount,31-May-14,2637145.83,Million PKR,Normal,
Outstanding Position of National Saving  Schemes,TS_GP_PDL_NSSOA_M.NSSOA00010,NSS Total Outstanding Amount,30-Jun-14,2669946.279,Million PKR,Normal,
Outstanding Position of National Saving  Schemes,TS_GP_PDL_NSSOA_M.NSSOA00010,NSS Total Outstanding Amount,31-Jul-14,2691351.031,Million PKR,Normal,
Outstanding Position of National Saving  Schemes,TS_GP_PDL_NSSOA_M.NSSOA00010,NSS Total Outstanding Amount,31-Aug-14,2721031.726,Million PKR,Normal,
Outstanding Position of National Saving  Schemes,TS_GP_PDL_NSSOA_M.NSSOA00010,NSS Total Outstanding Amount,30-Sep-14,2736058.495,Million PKR,Normal,
Outstanding Position of National Saving  Schemes,TS_GP_PDL_NSSOA_M.NSSOA00010,NSS Total Outstanding Amount,31-Oct-14,2752709.13,Million PKR,Normal,
Outstanding Position of National Saving  Schemes,TS_GP_PDL_NSSOA_M.NSSOA00010,NSS Total Outstanding Amount,30-Nov-14,2842970.61,Million PKR,Normal,
Outstanding Position of National Saving  Schemes,TS_GP_PDL_NSSOA_M.NSSOA00010,NSS Total Outstanding Amount,31-Dec-14,2865507.79,Million PKR,Normal,
Outstanding Position of National Saving  Schemes,TS_GP_PDL_NSSOA_M.NSSOA00010,NSS Total Outstanding Amount,31-Jan-15,2899922.83,Million PKR,Normal,
Outstanding Position of National Saving  Schemes,TS_GP_PDL_NSSOA_M.NSSOA00010,NSS Total Outstanding Amount,28-Feb-15,2916514.56,Million PKR,Normal,
Outstanding Position of National Saving  Schemes,TS_GP_PDL_NSSOA_M.NSSOA00010,NSS Total Outstanding Amount,31-Mar-15,2938920.218,Million PKR,Normal,
Outstanding Position of National Saving  Schemes,TS_GP_PDL_NSSOA_M.NSSOA00010,NSS Total Outstanding Amount,30-Apr-15,2947297.681,Million PKR,Normal,
Outstanding Position of National Saving  Schemes,TS_GP_PDL_NSSOA_M.NSSOA00010,NSS Total Outstanding Amount,31-May-15,2978948.154,Million PKR,Normal,
Outstanding Position of National Saving  Schemes,TS_GP_PDL_NSSOA_M.NSSOA00010,NSS Total Outstanding Amount,30-Jun-15,3007005.527,Million PKR,Normal,
Outstanding Position of National Saving  Schemes,TS_GP_PDL_NSSOA_M.NSSOA00010,NSS Total Outstanding Amount,31-Jul-15,3023587.427,Million PKR,Normal,
Outstanding Position of National Saving  Schemes,TS_GP_PDL_NSSOA_M.NSSOA00010,NSS Total Outstanding Amount,31-Aug-15,3058344.31,Million PKR,Normal,
Outstanding Position of National Saving  Schemes,TS_GP_PDL_NSSOA_M.NSSOA00010,NSS Total Outstanding Amount,30-Sep-15,3095308.93,Million PKR,Normal,
Outstanding Position of National Saving  Schemes,TS_GP_PDL_NSSOA_M.NSSOA00010,NSS Total Outstanding Amount,31-Oct-15,3112874.14,Million PKR,Normal,
Outstanding Position of National Saving  Schemes,TS_GP_PDL_NSSOA_M.NSSOA00010,NSS Total Outstanding Amount,30-Nov-15,3131340.99,Million PKR,Normal,
Outstanding Position of National Saving  Schemes,TS_GP_PDL_NSSOA_M.NSSOA00010,NSS Total Outstanding Amount,31-Dec-15,3148518.08,Million PKR,Normal,
Outstanding Position of National Saving  Schemes,TS_GP_PDL_NSSOA_M.NSSOA00010,NSS Total Outstanding Amount,31-Jan-16,3164877.76,Million PKR,Normal,
Outstanding Position of National Saving  Schemes,TS_GP_PDL_NSSOA_M.NSSOA00010,NSS Total Outstanding Amount,29-Feb-16,3181226.57,Million PKR,Normal,
Outstanding Position of National Saving  Schemes,TS_GP_PDL_NSSOA_M.NSSOA00010,NSS Total Outstanding Amount,31-Mar-16,3197461.25,Million PKR,Normal,
Outstanding Position of National Saving  Schemes,TS_GP_PDL_NSSOA_M.NSSOA00010,NSS Total Outstanding Amount,30-Apr-16,3204679.23,Million PKR,Normal,
Outstanding Position of National Saving  Schemes,TS_GP_PDL_NSSOA_M.NSSOA00010,NSS Total Outstanding Amount,31-May-16,3221524.62,Million PKR,Normal,
Outstanding Position of National Saving  Schemes,TS_GP_PDL_NSSOA_M.NSSOA00010,NSS Total Outstanding Amount,30-Jun-16,3240084.925,Million PKR,Normal,
Outstanding Position of National Saving  Schemes,TS_GP_PDL_NSSOA_M.NSSOA00010,NSS Total Outstanding Amount,31-Jul-16,3258309.488,Million PKR,Normal,
Outstanding Position of National Saving  Schemes,TS_GP_PDL_NSSOA_M.NSSOA00010,NSS Total Outstanding Amount,31-Aug-16,3287556.71,Million PKR,Normal,
Outstanding Position of National Saving  Schemes,TS_GP_PDL_NSSOA_M.NSSOA00010,NSS Total Outstanding Amount,30-Sep-16,3301611.19,Million PKR,Normal,
Outstanding Position of National Saving  Schemes,TS_GP_PDL_NSSOA_M.NSSOA00010,NSS Total Outstanding Amount,31-Oct-16,3318803.92,Million PKR,Normal,
Outstanding Position of National Saving  Schemes,TS_GP_PDL_NSSOA_M.NSSOA00010,NSS Total Outstanding Amount,30-Nov-16,3340446.22,Million PKR,Normal,
Outstanding Position of National Saving  Schemes,TS_GP_PDL_NSSOA_M.NSSOA00010,NSS Total Outstanding Amount,31-Dec-16,3353638.614,Million PKR,Normal,
Outstanding Position of National Saving  Schemes,TS_GP_PDL_NSSOA_M.NSSOA00010,NSS Total Outstanding Amount,31-Jan-17,3377771.181,Million PKR,Normal,
Outstanding Position of National Saving  Schemes,TS_GP_PDL_NSSOA_M.NSSOA00010,NSS Total Outstanding Amount,28-Feb-17,3399602.854,Million PKR,Normal,
Outstanding Position of National Saving  Schemes,TS_GP_PDL_NSSOA_M.NSSOA00010,NSS Total Outstanding Amount,31-Mar-17,3409376.545,Million PKR,Normal,
Outstanding Position of National Saving  Schemes,TS_GP_PDL_NSSOA_M.NSSOA00010,NSS Total Outstanding Amount,30-Apr-17,3411067.413,Million PKR,Normal,
Outstanding Position of National Saving  Schemes,TS_GP_PDL_NSSOA_M.NSSOA00010,NSS Total Outstanding Amount,31-May-17,3400137.522,Million PKR,Normal,
Outstanding Position of National Saving  Schemes,TS_GP_PDL_NSSOA_M.NSSOA00010,NSS Total Outstanding Amount,30-Jun-17,3423565.26,Million PKR,Normal,
Outstanding Position of National Saving  Schemes,TS_GP_PDL_NSSOA_M.NSSOA00010,NSS Total Outstanding Amount,31-Jul-17,3435600.85,Million PKR,Normal,
Outstanding Position of National Saving  Schemes,TS_GP_PDL_NSSOA_M.NSSOA00010,NSS Total Outstanding Amount,31-Aug-17,3458511.843,Million PKR,Normal,
Outstanding Position of National Saving  Schemes,TS_GP_PDL_NSSOA_M.NSSOA00010,NSS Total Outstanding Amount,30-Sep-17,3470193.944,Million PKR,Normal,
Outstanding Position of National Saving  Schemes,TS_GP_PDL_NSSOA_M.NSSOA00010,NSS Total Outstanding Amount,31-Oct-17,3477002.357,Million PKR,Normal,
Outstanding Position of National Saving  Schemes,TS_GP_PDL_NSSOA_M.NSSOA00010,NSS Total Outstanding Amount,30-Nov-17,3491819.311,Million PKR,Normal,
Outstanding Position of National Saving  Schemes,TS_GP_PDL_NSSOA_M.NSSOA00010,NSS Total Outstanding Amount,31-Dec-17,3515881.739,Million PKR,Normal,
Outstanding Position of National Saving  Schemes,TS_GP_PDL_NSSOA_M.NSSOA00010,NSS Total Outstanding Amount,31-Jan-18,3519152.827,Million PKR,Normal,
Outstanding Position of National Saving  Schemes,TS_GP_PDL_NSSOA_M.NSSOA00010,NSS Total Outstanding Amount,28-Feb-18,3529839.63,Million PKR,Normal,
Outstanding Position of National Saving  Schemes,TS_GP_PDL_NSSOA_M.NSSOA00010,NSS Total Outstanding Amount,31-Mar-18,3541431.979,Million PKR,Normal,
Outstanding Position of National Saving  Schemes,TS_GP_PDL_NSSOA_M.NSSOA00010,NSS Total Outstanding Amount,30-Apr-18,3544672.716,Million PKR,Normal,
Outstanding Position of National Saving  Schemes,TS_GP_PDL_NSSOA_M.NSSOA00010,NSS Total Outstanding Amount,31-May-18,3607204.503,Million PKR,Normal,
Outstanding Position of National Saving  Schemes,TS_GP_PDL_NSSOA_M.NSSOA00010,NSS Total Outstanding Amount,30-Jun-18,3627394.414,Million PKR,Normal,
Outstanding Position of National Saving  Schemes,TS_GP_PDL_NSSOA_M.NSSOA00010,NSS Total Outstanding Amount,31-Jul-18,3653194.377,Million PKR,Normal,
Outstanding Position of National Saving  Schemes,TS_GP_PDL_NSSOA_M.NSSOA00010,NSS Total Outstanding Amount,31-Aug-18,3644375.656,Million PKR,Normal,
Outstanding Position of National Saving  Schemes,TS_GP_PDL_NSSOA_M.NSSOA00010,NSS Total Outstanding Amount,30-Sep-18,3679720.6,Million PKR,Normal,
Outstanding Position of National Saving  Schemes,TS_GP_PDL_NSSOA_M.NSSOA00010,NSS Total Outstanding Amount,31-Oct-18,3695588.979,Million PKR,Normal,
Outstanding Position of National Saving  Schemes,TS_GP_PDL_NSSOA_M.NSSOA00010,NSS Total Outstanding Amount,30-Nov-18,3694755.087,Million PKR,Normal,
Outstanding Position of National Saving  Schemes,TS_GP_PDL_NSSOA_M.NSSOA00010,NSS Total Outstanding Amount,31-Dec-18,3699881.036,Million PKR,Normal,
Outstanding Position of National Saving  Schemes,TS_GP_PDL_NSSOA_M.NSSOA00010,NSS Total Outstanding Amount,31-Jan-19,3824690.181,Million PKR,Normal,
Outstanding Position of National Saving  Schemes,TS_GP_PDL_NSSOA_M.NSSOA00010,NSS Total Outstanding Amount,28-Feb-19,3885107.035,Million PKR,Normal,
Outstanding Position of National Saving  Schemes,TS_GP_PDL_NSSOA_M.NSSOA00010,NSS Total Outstanding Amount,31-Mar-19,3949576.248,Million PKR,Normal,
Outstanding Position of National Saving  Schemes,TS_GP_PDL_NSSOA_M.NSSOA00010,NSS Total Outstanding Amount,30-Apr-19,4001465.282,Million PKR,Normal,
Outstanding Position of National Saving  Schemes,TS_GP_PDL_NSSOA_M.NSSOA00010,NSS Total Outstanding Amount,31-May-19,3982150.089,Million PKR,Normal,
Outstanding Position of National Saving  Schemes,TS_GP_PDL_NSSOA_M.NSSOA00010,NSS Total Outstanding Amount,30-Jun-19,3933706.146,Million PKR,Normal,
Outstanding Position of National Saving  Schemes,TS_GP_PDL_NSSOA_M.NSSOA00010,NSS Total Outstanding Amount,31-Jul-19,3861722.165,Million PKR,Normal,
Outstanding Position of National Saving  Schemes,TS_GP_PDL_NSSOA_M.NSSOA00010,NSS Total Outstanding Amount,31-Aug-19,3836031.279,Million PKR,Normal,
Outstanding Position of National Saving  Schemes,TS_GP_PDL_NSSOA_M.NSSOA00010,NSS Total Outstanding Amount,30-Sep-19,3918925.888,Million PKR,Normal,
Outstanding Position of National Saving  Schemes,TS_GP_PDL_NSSOA_M.NSSOA00010,NSS Total Outstanding Amount,31-Oct-19,4014678.448,Million PKR,Normal,
Outstanding Position of National Saving  Schemes,TS_GP_PDL_NSSOA_M.NSSOA00010,NSS Total Outstanding Amount,30-Nov-19,4038551.34,Million PKR,Normal,
Outstanding Position of National Saving  Schemes,TS_GP_PDL_NSSOA_M.NSSOA00010,NSS Total Outstanding Amount,31-Dec-19,4045524.737,Million PKR,Normal,
Outstanding Position of National Saving  Schemes,TS_GP_PDL_NSSOA_M.NSSOA00010,NSS Total Outstanding Amount,31-Jan-20,4057520.343,Million PKR,Normal,
Outstanding Position of National Saving  Schemes,TS_GP_PDL_NSSOA_M.NSSOA00010,NSS Total Outstanding Amount,29-Feb-20,4079544.087,Million PKR,Normal,
Outstanding Position of National Saving  Schemes,TS_GP_PDL_NSSOA_M.NSSOA00010,NSS Total Outstanding Amount,31-Mar-20,4094101.546,Million PKR,Normal,
Outstanding Position of National Saving  Schemes,TS_GP_PDL_NSSOA_M.NSSOA00010,NSS Total Outstanding Amount,30-Apr-20,4274497.94,Million PKR,Normal,
Outstanding Position of National Saving  Schemes,TS_GP_PDL_NSSOA_M.NSSOA00010,NSS Total Outstanding Amount,31-May-20,4300114.386,Million PKR,Normal,
Outstanding Position of National Saving  Schemes,TS_GP_PDL_NSSOA_M.NSSOA00010,NSS Total Outstanding Amount,30-Jun-20,4306155.555,Million PKR,Normal,
Outstanding Position of National Saving  Schemes,TS_GP_PDL_NSSOA_M.NSSOA00010,NSS Total Outstanding Amount,31-Jul-20,4306006.093,Million PKR,Normal,
Outstanding Position of National Saving  Schemes,TS_GP_PDL_NSSOA_M.NSSOA00010,NSS Total Outstanding Amount,31-Aug-20,4313290.796,Million PKR,Normal,
Outstanding Position of National Saving  Schemes,TS_GP_PDL_NSSOA_M.NSSOA00010,NSS Total Outstanding Amount,30-Sep-20,4318752.743,Million PKR,Normal,
Outstanding Position of National Saving  Schemes,TS_GP_PDL_NSSOA_M.NSSOA00010,NSS Total Outstanding Amount,31-Oct-20,4330999.651,Million PKR,Normal,
Outstanding Position of National Saving  Schemes,TS_GP_PDL_NSSOA_M.NSSOA00010,NSS Total Outstanding Amount,30-Nov-20,4334142.673,Million PKR,Normal,
Outstanding Position of National Saving  Schemes,TS_GP_PDL_NSSOA_M.NSSOA00010,NSS Total Outstanding Amount,31-Dec-20,4296193.849,Million PKR,Normal,
Outstanding Position of National Saving  Schemes,TS_GP_PDL_NSSOA_M.NSSOA00010,NSS Total Outstanding Amount,31-Jan-21,4259880.97,Million PKR,Normal,
Outstanding Position of National Saving  Schemes,TS_GP_PDL_NSSOA_M.NSSOA00010,NSS Total Outstanding Amount,28-Feb-21,4240646.032,Million PKR,Normal,
Outstanding Position of National Saving  Schemes,TS_GP_PDL_NSSOA_M.NSSOA00010,NSS Total Outstanding Amount,31-Mar-21,4219869.072,Million PKR,Normal,
Outstanding Position of National Saving  Schemes,TS_GP_PDL_NSSOA_M.NSSOA00010,NSS Total Outstanding Amount,30-Apr-21,4205603.478,Million PKR,Normal,
Outstanding Position of National Saving  Schemes,TS_GP_PDL_NSSOA_M.NSSOA00010,NSS Total Outstanding Amount,31-May-21,4112688.418,Million PKR,Normal,
Outstanding Position of National Saving  Schemes,TS_GP_PDL_NSSOA_M.NSSOA00010,NSS Total Outstanding Amount,30-Jun-21,3988846.241,Million PKR,Normal,
Outstanding Position of National Saving  Schemes,TS_GP_PDL_NSSOA_M.NSSOA00010,NSS Total Outstanding Amount,31-Jul-21,3962732.893,Million PKR,Normal,
Outstanding Position of National Saving  Schemes,TS_GP_PDL_NSSOA_M.NSSOA00010,NSS Total Outstanding Amount,31-Aug-21,3937867.185,Million PKR,Normal,
Outstanding Position of National Saving  Schemes,TS_GP_PDL_NSSOA_M.NSSOA00010,NSS Total Outstanding Amount,30-Sep-21,3916809.001,Million PKR,Normal,
Outstanding Position of National Saving  Schemes,TS_GP_PDL_NSSOA_M.NSSOA00010,NSS Total Outstanding Amount,31-Oct-21,3909965.875,Million PKR,Normal,
Outstanding Position of National Saving  Schemes,TS_GP_PDL_NSSOA_M.NSSOA00010,NSS Total Outstanding Amount,30-Nov-21,3901915.801,Million PKR,Normal,
Outstanding Position of National Saving  Schemes,TS_GP_PDL_NSSOA_M.NSSOA00010,NSS Total Outstanding Amount,31-Dec-21,3884492.786,Million PKR,Normal,
Outstanding Position of National Saving  Schemes,TS_GP_PDL_NSSOA_M.NSSOA00010,NSS Total Outstanding Amount,31-Jan-22,3891802.323,Million PKR,Normal,
Outstanding Position of National Saving  Schemes,TS_GP_PDL_NSSOA_M.NSSOA00010,NSS Total Outstanding Amount,28-Feb-22,3901330.918,Million PKR,Normal,
Outstanding Position of National Saving  Schemes,TS_GP_PDL_NSSOA_M.NSSOA00010,NSS Total Outstanding Amount,31-Mar-22,3902440.002,Million PKR,Normal,
Outstanding Position of National Saving  Schemes,TS_GP_PDL_NSSOA_M.NSSOA00010,NSS Total Outstanding Amount,30-Apr-22,3752790.995,Million PKR,Normal,
Outstanding Position of National Saving  Schemes,TS_GP_PDL_NSSOA_M.NSSOA00010,NSS Total Outstanding Amount,31-May-22,3692902.327,Million PKR,Normal,
Outstanding Position of National Saving  Schemes,TS_GP_PDL_NSSOA_M.NSSOA00010,NSS Total Outstanding Amount,30-Jun-22,3630162.996,Million PKR,Normal,
Outstanding Position of National Saving  Schemes,TS_GP_PDL_NSSOA_M.NSSOA00010,NSS Total Outstanding Amount,31-Jul-22,3553750.2,Million PKR,Normal,
Outstanding Position of National Saving  Schemes,TS_GP_PDL_NSSOA_M.NSSOA00010,NSS Total Outstanding Amount,31-Aug-22,3519125.43,Million PKR,Normal,
Outstanding Position of National Saving  Schemes,TS_GP_PDL_NSSOA_M.NSSOA00010,NSS Total Outstanding Amount,30-Sep-22,3456729.125,Million PKR,Normal,
Outstanding Position of National Saving  Schemes,TS_GP_PDL_NSSOA_M.NSSOA00010,NSS Total Outstanding Amount,31-Oct-22,3422595.319,Million PKR,Normal,
Outstanding Position of National Saving  Schemes,TS_GP_PDL_NSSOA_M.NSSOA00010,NSS Total Outstanding Amount,30-Nov-22,3411681.526,Million PKR,Normal,
Outstanding Position of National Saving  Schemes,TS_GP_PDL_NSSOA_M.NSSOA00010,NSS Total Outstanding Amount,31-Dec-22,3389950.333,Million PKR,Normal,
Outstanding Position of National Saving  Schemes,TS_GP_PDL_NSSOA_M.NSSOA00010,NSS Total Outstanding Amount,31-Jan-23,3376814.994,Million PKR,Normal,
Outstanding Position of National Saving  Schemes,TS_GP_PDL_NSSOA_M.NSSOA00010,NSS Total Outstanding Amount,28-Feb-23,3344429.953,Million PKR,Normal,
Outstanding Position of National Saving  Schemes,TS_GP_PDL_NSSOA_M.NSSOA00010,NSS Total Outstanding Amount,31-Mar-23,3323273.928,Million PKR,Normal,
Outstanding Position of National Saving  Schemes,TS_GP_PDL_NSSOA_M.NSSOA00010,NSS Total Outstanding Amount,30-Apr-23,3291047.294,Million PKR,Normal,
Outstanding Position of National Saving  Schemes,TS_GP_PDL_NSSOA_M.NSSOA00010,NSS Total Outstanding Amount,31-May-23,3263585.708,Million PKR,Normal,
Outstanding Position of National Saving  Schemes,TS_GP_PDL_NSSOA_M.NSSOA00010,NSS Total Outstanding Amount,30-Jun-23,3248297.568,Million PKR,Normal,
Outstanding Position of National Saving  Schemes,TS_GP_PDL_NSSOA_M.NSSOA00010,NSS Total Outstanding Amount,31-Jul-23,3262007.858,Million PKR,Normal,
Outstanding Position of National Saving  Schemes,TS_GP_PDL_NSSOA_M.NSSOA00010,NSS Total Outstanding Amount,31-Aug-23,3255093.127,Million PKR,Normal,
Outstanding Position of National Saving  Schemes,TS_GP_PDL_NSSOA_M.NSSOA00010,NSS Total Outstanding Amount,30-Sep-23,3243009.586,Million PKR,Normal,
Outstanding Position of National Saving  Schemes,TS_GP_PDL_NSSOA_M.NSSOA00010,NSS Total Outstanding Amount,31-Oct-23,3215248.724,Million PKR,Normal,
Outstanding Position of National Saving  Schemes,TS_GP_PDL_NSSOA_M.NSSOA00010,NSS Total Outstanding Amount,30-Nov-23,3216959.749,Million PKR,Normal,
Outstanding Position of National Saving  Schemes,TS_GP_PDL_NSSOA_M.NSSOA00010,NSS Total Outstanding Amount,31-Dec-23,3178726.974,Million PKR,Normal,
Outstanding Position of National Saving  Schemes,TS_GP_PDL_NSSOA_M.NSSOA00010,NSS Total Outstanding Amount,31-Jan-24,3149583.338,Million PKR,Normal,
Outstanding Position of National Saving  Schemes,TS_GP_PDL_NSSOA_M.NSSOA00010,NSS Total Outstanding Amount,29-Feb-24,3152953.155,Million PKR,Normal,
Outstanding Position of National Saving  Schemes,TS_GP_PDL_NSSOA_M.NSSOA00010,NSS Total Outstanding Amount,31-Mar-24,3143576.95,Million PKR,Normal,
Outstanding Position of National Saving  Schemes,TS_GP_PDL_NSSOA_M.NSSOA00010,NSS Total Outstanding Amount,30-Apr-24,3142495.022,Million PKR,Normal,
Outstanding Position of National Saving  Schemes,TS_GP_PDL_NSSOA_M.NSSOA00010,NSS Total Outstanding Amount,31-May-24,3138539.472,Million PKR,Normal,
Outstanding Position of National Saving  Schemes,TS_GP_PDL_NSSOA_M.NSSOA00010,NSS Total Outstanding Amount,30-Jun-24,3140172.982,Million PKR,Normal,
Outstanding Position of National Saving  Schemes,TS_GP_PDL_NSSOA_M.NSSOA00010,NSS Total Outstanding Amount,31-Jul-24,3158564.388,Million PKR,Normal,
Outstanding Position of National Saving  Schemes,TS_GP_PDL_NSSOA_M.NSSOA00010,NSS Total Outstanding Amount,31-Aug-24,3164392.316,Million PKR,Normal,
Outstanding Position of National Saving  Schemes,TS_GP_PDL_NSSOA_M.NSSOA00010,NSS Total Outstanding Amount,30-Sep-24,3178175.753,Million PKR,Normal,
Outstanding Position of National Saving  Schemes,TS_GP_PDL_NSSOA_M.NSSOA00010,NSS Total Outstanding Amount,31-Oct-24,3192030.2,Million PKR,Normal,
Outstanding Position of National Saving  Schemes,TS_GP_PDL_NSSOA_M.NSSOA00010,NSS Total Outstanding Amount,30-Nov-24,3206533.564,Million PKR,Normal,
Outstanding Position of National Saving  Schemes,TS_GP_PDL_NSSOA_M.NSSOA00010,NSS Total Outstanding Amount,31-Dec-24,3227315.331,Million PKR,Normal,
Outstanding Position of National Saving  Schemes,TS_GP_PDL_NSSOA_M.NSSOA00010,NSS Total Outstanding Amount,31-Jan-25,3258472.338,Million PKR,Normal,
Outstanding Position of National Saving  Schemes,TS_GP_PDL_NSSOA_M.NSSOA00010,NSS Total Outstanding Amount,28-Feb-25,3281799.263,Million PKR,Normal,
Outstanding Position of National Saving  Schemes,TS_GP_PDL_NSSOA_M.NSSOA00010,NSS Total Outstanding Amount,31-Mar-25,3309535.28,Million PKR,Normal,
