Dataset,Series Key,Series,Observation Date,Observation Value,Unit,Observation Status,Observation Status Comment
Foreign Investment in Pakistan by Sectors,TS_GP_FI_FIPK_M.FIS0030,FDI outfolws,31-Jul-12,57.516747,Million USD,Normal,
Foreign Investment in Pakistan by Sectors,TS_GP_FI_FIPK_M.FIS0030,FDI outfolws,31-Aug-12,176.121982,Million USD,Normal,
Foreign Investment in Pakistan by Sectors,TS_GP_FI_FIPK_M.FIS0030,FDI outfolws,30-Sep-12,105.668509,Million USD,Normal,
Foreign Investment in Pakistan by Sectors,TS_GP_FI_FIPK_M.FIS0030,FDI outfolws,31-Oct-12,65.326162,Million USD,Normal,
Foreign Investment in Pakistan by Sectors,TS_GP_FI_FIPK_M.FIS0030,FDI outfolws,30-Nov-12,67.221962,Million USD,Normal,
Foreign Investment in Pakistan by Sectors,TS_GP_FI_FIPK_M.FIS0030,FDI outfolws,31-Dec-12,61.262713,Million USD,Normal,
Foreign Investment in Pakistan by Sectors,TS_GP_FI_FIPK_M.FIS0030,FDI outfolws,31-Jan-13,194.702871,Million USD,Normal,
Foreign Investment in Pakistan by Sectors,TS_GP_FI_FIPK_M.FIS0030,FDI outfolws,28-Feb-13,176.591216,Million USD,Normal,
Foreign Investment in Pakistan by Sectors,TS_GP_FI_FIPK_M.FIS0030,FDI outfolws,31-Mar-13,68.686222,Million USD,Normal,
Foreign Investment in Pakistan by Sectors,TS_GP_FI_FIPK_M.FIS0030,FDI outfolws,30-Apr-13,70.252628,Million USD,Normal,
Foreign Investment in Pakistan by Sectors,TS_GP_FI_FIPK_M.FIS0030,FDI outfolws,31-May-13,106.093725,Million USD,Normal,
Foreign Investment in Pakistan by Sectors,TS_GP_FI_FIPK_M.FIS0030,FDI outfolws,30-Jun-13,59.443288,Million USD,Normal,
Foreign Investment in Pakistan by Sectors,TS_GP_FI_FIPK_M.FIS0030,FDI outfolws,31-Jul-13,89.700925,Million USD,Normal,
Foreign Investment in Pakistan by Sectors,TS_GP_FI_FIPK_M.FIS0030,FDI outfolws,31-Aug-13,136.885471,Million USD,Normal,
Foreign Investment in Pakistan by Sectors,TS_GP_FI_FIPK_M.FIS0030,FDI outfolws,30-Sep-13,79.010598,Million USD,Normal,
Foreign Investment in Pakistan by Sectors,TS_GP_FI_FIPK_M.FIS0030,FDI outfolws,31-Oct-13,107.166003,Million USD,Normal,
Foreign Investment in Pakistan by Sectors,TS_GP_FI_FIPK_M.FIS0030,FDI outfolws,30-Nov-13,81.489419,Million USD,Normal,
Foreign Investment in Pakistan by Sectors,TS_GP_FI_FIPK_M.FIS0030,FDI outfolws,31-Dec-13,111.421943,Million USD,Normal,
Foreign Investment in Pakistan by Sectors,TS_GP_FI_FIPK_M.FIS0030,FDI outfolws,31-Jan-14,68.299394,Million USD,Normal,
Foreign Investment in Pakistan by Sectors,TS_GP_FI_FIPK_M.FIS0030,FDI outfolws,28-Feb-14,75.167095,Million USD,Normal,
Foreign Investment in Pakistan by Sectors,TS_GP_FI_FIPK_M.FIS0030,FDI outfolws,31-Mar-14,110.158507,Million USD,Normal,
Foreign Investment in Pakistan by Sectors,TS_GP_FI_FIPK_M.FIS0030,FDI outfolws,30-Apr-14,110.055952,Million USD,Normal,
Foreign Investment in Pakistan by Sectors,TS_GP_FI_FIPK_M.FIS0030,FDI outfolws,31-May-14,92.660078,Million USD,Normal,
Foreign Investment in Pakistan by Sectors,TS_GP_FI_FIPK_M.FIS0030,FDI outfolws,30-Jun-14,86.777284,Million USD,Normal,
Foreign Investment in Pakistan by Sectors,TS_GP_FI_FIPK_M.FIS0030,FDI outfolws,31-Jul-14,116.56108,Million USD,Normal,
Foreign Investment in Pakistan by Sectors,TS_GP_FI_FIPK_M.FIS0030,FDI outfolws,31-Aug-14,55.23816,Million USD,Normal,
Foreign Investment in Pakistan by Sectors,TS_GP_FI_FIPK_M.FIS0030,FDI outfolws,30-Sep-14,53.266962,Million USD,Normal,
Foreign Investment in Pakistan by Sectors,TS_GP_FI_FIPK_M.FIS0030,FDI outfolws,31-Oct-14,711.375331,Million USD,Normal,
Foreign Investment in Pakistan by Sectors,TS_GP_FI_FIPK_M.FIS0030,FDI outfolws,30-Nov-14,118.866285,Million USD,Normal,
Foreign Investment in Pakistan by Sectors,TS_GP_FI_FIPK_M.FIS0030,FDI outfolws,31-Dec-14,115.797499,Million USD,Normal,
Foreign Investment in Pakistan by Sectors,TS_GP_FI_FIPK_M.FIS0030,FDI outfolws,31-Jan-15,90.991121,Million USD,Normal,
Foreign Investment in Pakistan by Sectors,TS_GP_FI_FIPK_M.FIS0030,FDI outfolws,28-Feb-15,47.921251,Million USD,Normal,
Foreign Investment in Pakistan by Sectors,TS_GP_FI_FIPK_M.FIS0030,FDI outfolws,31-Mar-15,59.930041,Million USD,Normal,
Foreign Investment in Pakistan by Sectors,TS_GP_FI_FIPK_M.FIS0030,FDI outfolws,30-Apr-15,70.471719,Million USD,Normal,
Foreign Investment in Pakistan by Sectors,TS_GP_FI_FIPK_M.FIS0030,FDI outfolws,31-May-15,127.543045,Million USD,Normal,
Foreign Investment in Pakistan by Sectors,TS_GP_FI_FIPK_M.FIS0030,FDI outfolws,30-Jun-15,241.152852,Million USD,Normal,
Foreign Investment in Pakistan by Sectors,TS_GP_FI_FIPK_M.FIS0030,FDI outfolws,31-Jul-15,107.371467,Million USD,Normal,
Foreign Investment in Pakistan by Sectors,TS_GP_FI_FIPK_M.FIS0030,FDI outfolws,31-Aug-15,98.050264,Million USD,Normal,
Foreign Investment in Pakistan by Sectors,TS_GP_FI_FIPK_M.FIS0030,FDI outfolws,30-Sep-15,58.75689,Million USD,Normal,
Foreign Investment in Pakistan by Sectors,TS_GP_FI_FIPK_M.FIS0030,FDI outfolws,31-Oct-15,53.687939,Million USD,Normal,
Foreign Investment in Pakistan by Sectors,TS_GP_FI_FIPK_M.FIS0030,FDI outfolws,30-Nov-15,69.938222,Million USD,Normal,
Foreign Investment in Pakistan by Sectors,TS_GP_FI_FIPK_M.FIS0030,FDI outfolws,31-Dec-15,101.983438,Million USD,Normal,
Foreign Investment in Pakistan by Sectors,TS_GP_FI_FIPK_M.FIS0030,FDI outfolws,31-Jan-16,69.122852,Million USD,Normal,
Foreign Investment in Pakistan by Sectors,TS_GP_FI_FIPK_M.FIS0030,FDI outfolws,28-Feb-16,57.661461,Million USD,Normal,
Foreign Investment in Pakistan by Sectors,TS_GP_FI_FIPK_M.FIS0030,FDI outfolws,31-Mar-16,76.135542,Million USD,Normal,
Foreign Investment in Pakistan by Sectors,TS_GP_FI_FIPK_M.FIS0030,FDI outfolws,30-Apr-16,90.389024,Million USD,Normal,
Foreign Investment in Pakistan by Sectors,TS_GP_FI_FIPK_M.FIS0030,FDI outfolws,31-May-16,35.951563,Million USD,Normal,
Foreign Investment in Pakistan by Sectors,TS_GP_FI_FIPK_M.FIS0030,FDI outfolws,30-Jun-16,44.360869,Million USD,Normal,
Foreign Investment in Pakistan by Sectors,TS_GP_FI_FIPK_M.FIS0030,FDI outfolws,31-Jul-16,30.529923,Million USD,Normal,
Foreign Investment in Pakistan by Sectors,TS_GP_FI_FIPK_M.FIS0030,FDI outfolws,31-Aug-16,37.736769,Million USD,Normal,
Foreign Investment in Pakistan by Sectors,TS_GP_FI_FIPK_M.FIS0030,FDI outfolws,30-Sep-16,31.997574,Million USD,Normal,
Foreign Investment in Pakistan by Sectors,TS_GP_FI_FIPK_M.FIS0030,FDI outfolws,31-Oct-16,71.021413,Million USD,Normal,
Foreign Investment in Pakistan by Sectors,TS_GP_FI_FIPK_M.FIS0030,FDI outfolws,30-Nov-16,84.357281,Million USD,Normal,
Foreign Investment in Pakistan by Sectors,TS_GP_FI_FIPK_M.FIS0030,FDI outfolws,31-Dec-16,87.709393,Million USD,Normal,
Foreign Investment in Pakistan by Sectors,TS_GP_FI_FIPK_M.FIS0030,FDI outfolws,31-Jan-17,84.88843,Million USD,Normal,
Foreign Investment in Pakistan by Sectors,TS_GP_FI_FIPK_M.FIS0030,FDI outfolws,28-Feb-17,31.530682,Million USD,Normal,
Foreign Investment in Pakistan by Sectors,TS_GP_FI_FIPK_M.FIS0030,FDI outfolws,31-Mar-17,57.495182,Million USD,Normal,
Foreign Investment in Pakistan by Sectors,TS_GP_FI_FIPK_M.FIS0030,FDI outfolws,30-Apr-17,73.847954,Million USD,Normal,
Foreign Investment in Pakistan by Sectors,TS_GP_FI_FIPK_M.FIS0030,FDI outfolws,31-May-17,58.360243,Million USD,Normal,
Foreign Investment in Pakistan by Sectors,TS_GP_FI_FIPK_M.FIS0030,FDI outfolws,30-Jun-17,54.73456,Million USD,Normal,
Foreign Investment in Pakistan by Sectors,TS_GP_FI_FIPK_M.FIS0030,FDI outfolws,31-Jul-17,53.423918,Million USD,Normal,
Foreign Investment in Pakistan by Sectors,TS_GP_FI_FIPK_M.FIS0030,FDI outfolws,31-Aug-17,51.966012,Million USD,Normal,
Foreign Investment in Pakistan by Sectors,TS_GP_FI_FIPK_M.FIS0030,FDI outfolws,30-Sep-17,88.937942,Million USD,Normal,
Foreign Investment in Pakistan by Sectors,TS_GP_FI_FIPK_M.FIS0030,FDI outfolws,31-Oct-17,48.609916,Million USD,Normal,
Foreign Investment in Pakistan by Sectors,TS_GP_FI_FIPK_M.FIS0030,FDI outfolws,30-Nov-17,120.826229,Million USD,Normal,
Foreign Investment in Pakistan by Sectors,TS_GP_FI_FIPK_M.FIS0030,FDI outfolws,31-Dec-17,62.973773,Million USD,Normal,
Foreign Investment in Pakistan by Sectors,TS_GP_FI_FIPK_M.FIS0030,FDI outfolws,31-Jan-18,63.964088,Million USD,Normal,
Foreign Investment in Pakistan by Sectors,TS_GP_FI_FIPK_M.FIS0030,FDI outfolws,28-Feb-18,35.235272,Million USD,Normal,
Foreign Investment in Pakistan by Sectors,TS_GP_FI_FIPK_M.FIS0030,FDI outfolws,31-Mar-18,34.046929,Million USD,Normal,
Foreign Investment in Pakistan by Sectors,TS_GP_FI_FIPK_M.FIS0030,FDI outfolws,30-Apr-18,31.316997,Million USD,Normal,
Foreign Investment in Pakistan by Sectors,TS_GP_FI_FIPK_M.FIS0030,FDI outfolws,31-May-18,58.16211,Million USD,Normal,
Foreign Investment in Pakistan by Sectors,TS_GP_FI_FIPK_M.FIS0030,FDI outfolws,30-Jun-18,64.762319,Million USD,Normal,
Foreign Investment in Pakistan by Sectors,TS_GP_FI_FIPK_M.FIS0030,FDI outfolws,31-Jul-18,85.648365,Million USD,Normal,
Foreign Investment in Pakistan by Sectors,TS_GP_FI_FIPK_M.FIS0030,FDI outfolws,31-Aug-18,84.799423,Million USD,Normal,
Foreign Investment in Pakistan by Sectors,TS_GP_FI_FIPK_M.FIS0030,FDI outfolws,30-Sep-18,76.698586,Million USD,Normal,
Foreign Investment in Pakistan by Sectors,TS_GP_FI_FIPK_M.FIS0030,FDI outfolws,31-Oct-18,615.522445,Million USD,Normal,
Foreign Investment in Pakistan by Sectors,TS_GP_FI_FIPK_M.FIS0030,FDI outfolws,30-Nov-18,106.538668,Million USD,Normal,
Foreign Investment in Pakistan by Sectors,TS_GP_FI_FIPK_M.FIS0030,FDI outfolws,31-Dec-18,82.37239,Million USD,Normal,
Foreign Investment in Pakistan by Sectors,TS_GP_FI_FIPK_M.FIS0030,FDI outfolws,31-Jan-19,70.013489,Million USD,Normal,
Foreign Investment in Pakistan by Sectors,TS_GP_FI_FIPK_M.FIS0030,FDI outfolws,28-Feb-19,63.803752,Million USD,Normal,
Foreign Investment in Pakistan by Sectors,TS_GP_FI_FIPK_M.FIS0030,FDI outfolws,31-Mar-19,56.394955,Million USD,Normal,
Foreign Investment in Pakistan by Sectors,TS_GP_FI_FIPK_M.FIS0030,FDI outfolws,30-Apr-19,66.39935,Million USD,Normal,
Foreign Investment in Pakistan by Sectors,TS_GP_FI_FIPK_M.FIS0030,FDI outfolws,31-May-19,58.05412,Million USD,Normal,
Foreign Investment in Pakistan by Sectors,TS_GP_FI_FIPK_M.FIS0030,FDI outfolws,30-Jun-19,56.578737,Million USD,Normal,
Foreign Investment in Pakistan by Sectors,TS_GP_FI_FIPK_M.FIS0030,FDI outfolws,31-Jul-19,94.015725,Million USD,Normal,
Foreign Investment in Pakistan by Sectors,TS_GP_FI_FIPK_M.FIS0030,FDI outfolws,31-Aug-19,58.457409,Million USD,Normal,
Foreign Investment in Pakistan by Sectors,TS_GP_FI_FIPK_M.FIS0030,FDI outfolws,30-Sep-19,54.697694,Million USD,Normal,
Foreign Investment in Pakistan by Sectors,TS_GP_FI_FIPK_M.FIS0030,FDI outfolws,31-Oct-19,56.635146,Million USD,Normal,
Foreign Investment in Pakistan by Sectors,TS_GP_FI_FIPK_M.FIS0030,FDI outfolws,30-Nov-19,48.454739,Million USD,Normal,
Foreign Investment in Pakistan by Sectors,TS_GP_FI_FIPK_M.FIS0030,FDI outfolws,31-Dec-19,78.933899,Million USD,Normal,
Foreign Investment in Pakistan by Sectors,TS_GP_FI_FIPK_M.FIS0030,FDI outfolws,31-Jan-20,72.67365,Million USD,Normal,
Foreign Investment in Pakistan by Sectors,TS_GP_FI_FIPK_M.FIS0030,FDI outfolws,28-Feb-20,43.564992,Million USD,Normal,
Foreign Investment in Pakistan by Sectors,TS_GP_FI_FIPK_M.FIS0030,FDI outfolws,31-Mar-20,41.110835,Million USD,Normal,
Foreign Investment in Pakistan by Sectors,TS_GP_FI_FIPK_M.FIS0030,FDI outfolws,30-Apr-20,41.575112,Million USD,Normal,
Foreign Investment in Pakistan by Sectors,TS_GP_FI_FIPK_M.FIS0030,FDI outfolws,31-May-20,83.594326,Million USD,Normal,
Foreign Investment in Pakistan by Sectors,TS_GP_FI_FIPK_M.FIS0030,FDI outfolws,30-Jun-20,50.840011,Million USD,Normal,
Foreign Investment in Pakistan by Sectors,TS_GP_FI_FIPK_M.FIS0030,FDI outfolws,31-Jul-20,75.157965,Million USD,Normal,
Foreign Investment in Pakistan by Sectors,TS_GP_FI_FIPK_M.FIS0030,FDI outfolws,31-Aug-20,91.089211,Million USD,Normal,
Foreign Investment in Pakistan by Sectors,TS_GP_FI_FIPK_M.FIS0030,FDI outfolws,30-Sep-20,100.194821,Million USD,Normal,
Foreign Investment in Pakistan by Sectors,TS_GP_FI_FIPK_M.FIS0030,FDI outfolws,31-Oct-20,70.332332,Million USD,Normal,
Foreign Investment in Pakistan by Sectors,TS_GP_FI_FIPK_M.FIS0030,FDI outfolws,30-Nov-20,339.1896,Million USD,Normal,
Foreign Investment in Pakistan by Sectors,TS_GP_FI_FIPK_M.FIS0030,FDI outfolws,31-Dec-20,88.252031,Million USD,Normal,
Foreign Investment in Pakistan by Sectors,TS_GP_FI_FIPK_M.FIS0030,FDI outfolws,31-Jan-21,99.56596,Million USD,Normal,
Foreign Investment in Pakistan by Sectors,TS_GP_FI_FIPK_M.FIS0030,FDI outfolws,28-Feb-21,71.558444,Million USD,Normal,
Foreign Investment in Pakistan by Sectors,TS_GP_FI_FIPK_M.FIS0030,FDI outfolws,31-Mar-21,85.684599,Million USD,Normal,
Foreign Investment in Pakistan by Sectors,TS_GP_FI_FIPK_M.FIS0030,FDI outfolws,30-Apr-21,79.185539,Million USD,Normal,
Foreign Investment in Pakistan by Sectors,TS_GP_FI_FIPK_M.FIS0030,FDI outfolws,31-May-21,65.146711,Million USD,Normal,
Foreign Investment in Pakistan by Sectors,TS_GP_FI_FIPK_M.FIS0030,FDI outfolws,30-Jun-21,75.582777,Million USD,Normal,
Foreign Investment in Pakistan by Sectors,TS_GP_FI_FIPK_M.FIS0030,FDI outfolws,31-Jul-21,46.100353,Million USD,Normal,NA
Foreign Investment in Pakistan by Sectors,TS_GP_FI_FIPK_M.FIS0030,FDI outfolws,31-Aug-21,30.612783,Million USD,Normal,NA
Foreign Investment in Pakistan by Sectors,TS_GP_FI_FIPK_M.FIS0030,FDI outfolws,30-Sep-21,29.968788,Million USD,Normal,NA
Foreign Investment in Pakistan by Sectors,TS_GP_FI_FIPK_M.FIS0030,FDI outfolws,31-Oct-21,36.308551,Million USD,Normal,NA
Foreign Investment in Pakistan by Sectors,TS_GP_FI_FIPK_M.FIS0030,FDI outfolws,30-Nov-21,44.23448,Million USD,Normal,NA
Foreign Investment in Pakistan by Sectors,TS_GP_FI_FIPK_M.FIS0030,FDI outfolws,31-Dec-21,128.833063,Million USD,Normal,NA
Foreign Investment in Pakistan by Sectors,TS_GP_FI_FIPK_M.FIS0030,FDI outfolws,31-Jan-22,74.020697,Million USD,Normal,NA
Foreign Investment in Pakistan by Sectors,TS_GP_FI_FIPK_M.FIS0030,FDI outfolws,28-Feb-22,64.80182,Million USD,Normal,NA
Foreign Investment in Pakistan by Sectors,TS_GP_FI_FIPK_M.FIS0030,FDI outfolws,31-Mar-22,229.442726,Million USD,Normal,NA
Foreign Investment in Pakistan by Sectors,TS_GP_FI_FIPK_M.FIS0030,FDI outfolws,30-Apr-22,23.804811,Million USD,Normal,NA
Foreign Investment in Pakistan by Sectors,TS_GP_FI_FIPK_M.FIS0030,FDI outfolws,31-May-22,26.131618,Million USD,Normal,NA
Foreign Investment in Pakistan by Sectors,TS_GP_FI_FIPK_M.FIS0030,FDI outfolws,30-Jun-22,22.312062,Million USD,Normal,NA
Foreign Investment in Pakistan by Sectors,TS_GP_FI_FIPK_M.FIS0030,FDI outfolws,31-Jul-22,78.576103,Million USD,Normal,NA
Foreign Investment in Pakistan by Sectors,TS_GP_FI_FIPK_M.FIS0030,FDI outfolws,31-Aug-22,46.151559,Million USD,Normal,NA
Foreign Investment in Pakistan by Sectors,TS_GP_FI_FIPK_M.FIS0030,FDI outfolws,30-Sep-22,86.897544,Million USD,Normal,NA
Foreign Investment in Pakistan by Sectors,TS_GP_FI_FIPK_M.FIS0030,FDI outfolws,31-Oct-22,47.560677,Million USD,Normal,NA
Foreign Investment in Pakistan by Sectors,TS_GP_FI_FIPK_M.FIS0030,FDI outfolws,30-Nov-22,107.89876,Million USD,Normal,NA
Foreign Investment in Pakistan by Sectors,TS_GP_FI_FIPK_M.FIS0030,FDI outfolws,31-Dec-22,266.303366,Million USD,Normal,NA
Foreign Investment in Pakistan by Sectors,TS_GP_FI_FIPK_M.FIS0030,FDI outfolws,31-Jan-23,50.981074,Million USD,Normal,NA
Foreign Investment in Pakistan by Sectors,TS_GP_FI_FIPK_M.FIS0030,FDI outfolws,28-Feb-23,48.594852,Million USD,Normal,NA
Foreign Investment in Pakistan by Sectors,TS_GP_FI_FIPK_M.FIS0030,FDI outfolws,31-Mar-23,66.89734,Million USD,Normal,NA
Foreign Investment in Pakistan by Sectors,TS_GP_FI_FIPK_M.FIS0030,FDI outfolws,30-Apr-23,45.194913,Million USD,Normal,NA
Foreign Investment in Pakistan by Sectors,TS_GP_FI_FIPK_M.FIS0030,FDI outfolws,31-May-23,47.922989,Million USD,Normal,NA
Foreign Investment in Pakistan by Sectors,TS_GP_FI_FIPK_M.FIS0030,FDI outfolws,30-Jun-23,48.012489,Million USD,Normal,NA
Foreign Investment in Pakistan by Sectors,TS_GP_FI_FIPK_M.FIS0030,FDI outfolws,31-Jul-23,57.65123469,Million USD,Normal,NA
Foreign Investment in Pakistan by Sectors,TS_GP_FI_FIPK_M.FIS0030,FDI outfolws,31-Aug-23,49.11266889,Million USD,Normal,NA
Foreign Investment in Pakistan by Sectors,TS_GP_FI_FIPK_M.FIS0030,FDI outfolws,30-Sep-23,38.68666859,Million USD,Normal,NA
Foreign Investment in Pakistan by Sectors,TS_GP_FI_FIPK_M.FIS0030,FDI outfolws,31-Oct-23,39.24622569,Million USD,Normal,NA
Foreign Investment in Pakistan by Sectors,TS_GP_FI_FIPK_M.FIS0030,FDI outfolws,30-Nov-23,49.68901629,Million USD,Normal,NA
Foreign Investment in Pakistan by Sectors,TS_GP_FI_FIPK_M.FIS0030,FDI outfolws,31-Dec-23,36.98508599,Million USD,Normal,NA
Foreign Investment in Pakistan by Sectors,TS_GP_FI_FIPK_M.FIS0030,FDI outfolws,31-Jan-24,345.3895875,Million USD,Normal,NA
Foreign Investment in Pakistan by Sectors,TS_GP_FI_FIPK_M.FIS0030,FDI outfolws,29-Feb-24,33.66278669,Million USD,Normal,NA
Foreign Investment in Pakistan by Sectors,TS_GP_FI_FIPK_M.FIS0030,FDI outfolws,31-Mar-24,50.18774569,Million USD,Normal,NA
Foreign Investment in Pakistan by Sectors,TS_GP_FI_FIPK_M.FIS0030,FDI outfolws,30-Apr-24,33.28821149,Million USD,Normal,NA
Foreign Investment in Pakistan by Sectors,TS_GP_FI_FIPK_M.FIS0030,FDI outfolws,31-May-24,46.24453399,Million USD,Normal,NA
Foreign Investment in Pakistan by Sectors,TS_GP_FI_FIPK_M.FIS0030,FDI outfolws,30-Jun-24,38.75829059,Million USD,Normal,NA
Foreign Investment in Pakistan by Sectors,TS_GP_FI_FIPK_M.FIS0030,FDI outfolws,31-Jul-24,90.23842134,Million USD,Normal,NA
Foreign Investment in Pakistan by Sectors,TS_GP_FI_FIPK_M.FIS0030,FDI outfolws,31-Aug-24,110.688539,Million USD,Normal,NA
Foreign Investment in Pakistan by Sectors,TS_GP_FI_FIPK_M.FIS0030,FDI outfolws,30-Sep-24,158.5614745,Million USD,Normal,NA
Foreign Investment in Pakistan by Sectors,TS_GP_FI_FIPK_M.FIS0030,FDI outfolws,31-Oct-24,157.3214861,Million USD,Normal,NA
Foreign Investment in Pakistan by Sectors,TS_GP_FI_FIPK_M.FIS0030,FDI outfolws,30-Nov-24,213.7526936,Million USD,Normal,NA
Foreign Investment in Pakistan by Sectors,TS_GP_FI_FIPK_M.FIS0030,FDI outfolws,31-Dec-24,124.3377682,Million USD,Normal,NA
Foreign Investment in Pakistan by Sectors,TS_GP_FI_FIPK_M.FIS0030,FDI outfolws,31-Jan-25,94.78257904,Million USD,Normal,NA
Foreign Investment in Pakistan by Sectors,TS_GP_FI_FIPK_M.FIS0030,FDI outfolws,28-Feb-25,128.7273071,Million USD,Normal,NA
Foreign Investment in Pakistan by Sectors,TS_GP_FI_FIPK_M.FIS0030,FDI outfolws,31-Mar-25,200.9413288,Million USD,Normal,NA
Foreign Investment in Pakistan by Sectors,TS_GP_FI_FIPK_M.FIS0030,FDI outfolws,30-Apr-25,98.56332634,Million USD,Normal,NA
Foreign Investment in Pakistan by Sectors,TS_GP_FI_FIPK_M.FIS0030,FDI outfolws,31-May-25,87.89841564,Million USD,Normal,NA
Foreign Investment in Pakistan by Sectors,TS_GP_FI_FIPK_M.FIS0030,FDI outfolws,30-Jun-25,103.7633006,Million USD,Normal,NA
