Dataset,Series Key,Series,Observation Date,Observation Value,Unit,Observation Status,Observation Status Comment
Monetary Aggregates (M3) - Monthly Profile,TS_GP_BAM_M3_M.MA3001700,M2,30-Jun-06,3407794,Million PKR,Normal,
Monetary Aggregates (M3) - Monthly Profile,TS_GP_BAM_M3_M.MA3001700,M2,30-Jun-07,4052986,Million PKR,Normal,
Monetary Aggregates (M3) - Monthly Profile,TS_GP_BAM_M3_M.MA3001700,M2,30-Jun-08,4536799,Million PKR,Normal,
Monetary Aggregates (M3) - Monthly Profile,TS_GP_BAM_M3_M.MA3001700,M2,30-Jun-09,4969897,Million PKR,Normal,
Monetary Aggregates (M3) - Monthly Profile,TS_GP_BAM_M3_M.MA3001700,M2,30-Jun-10,5615061,Million PKR,Normal,
Monetary Aggregates (M3) - Monthly Profile,TS_GP_BAM_M3_M.MA3001700,M2,30-Jun-11,6555481,Million PKR,Normal,
Monetary Aggregates (M3) - Monthly Profile,TS_GP_BAM_M3_M.MA3001700,M2,30-Jun-12,7433179,Million PKR,Normal,
Monetary Aggregates (M3) - Monthly Profile,TS_GP_BAM_M3_M.MA3001700,M2,30-Jun-13,8687944.505,Million PKR,Normal,
Monetary Aggregates (M3) - Monthly Profile,TS_GP_BAM_M3_M.MA3001700,M2,30-Jun-14,9784953.845,Million PKR,Normal,
Monetary Aggregates (M3) - Monthly Profile,TS_GP_BAM_M3_M.MA3001700,M2,30-Jun-15,11037950.49,Million PKR,Normal,
Monetary Aggregates (M3) - Monthly Profile,TS_GP_BAM_M3_M.MA3001700,M2,30-Jun-16,12638926.16,Million PKR,Normal,
Monetary Aggregates (M3) - Monthly Profile,TS_GP_BAM_M3_M.MA3001700,M2,31-Jul-16,12485710.85,Million PKR,Normal,
Monetary Aggregates (M3) - Monthly Profile,TS_GP_BAM_M3_M.MA3001700,M2,31-Aug-16,12493915.45,Million PKR,Normal,
Monetary Aggregates (M3) - Monthly Profile,TS_GP_BAM_M3_M.MA3001700,M2,30-Sep-16,12688184.1,Million PKR,Normal,
Monetary Aggregates (M3) - Monthly Profile,TS_GP_BAM_M3_M.MA3001700,M2,31-Oct-16,12775021.51,Million PKR,Normal,
Monetary Aggregates (M3) - Monthly Profile,TS_GP_BAM_M3_M.MA3001700,M2,30-Nov-16,12918521.56,Million PKR,Normal,
Monetary Aggregates (M3) - Monthly Profile,TS_GP_BAM_M3_M.MA3001700,M2,31-Dec-16,13292210.32,Million PKR,Normal,
Monetary Aggregates (M3) - Monthly Profile,TS_GP_BAM_M3_M.MA3001700,M2,31-Jan-17,13085133.76,Million PKR,Normal,
Monetary Aggregates (M3) - Monthly Profile,TS_GP_BAM_M3_M.MA3001700,M2,28-Feb-17,13136661.06,Million PKR,Normal,
Monetary Aggregates (M3) - Monthly Profile,TS_GP_BAM_M3_M.MA3001700,M2,31-Mar-17,13339370.5,Million PKR,Normal,
Monetary Aggregates (M3) - Monthly Profile,TS_GP_BAM_M3_M.MA3001700,M2,30-Apr-17,13483243.36,Million PKR,Normal,
Monetary Aggregates (M3) - Monthly Profile,TS_GP_BAM_M3_M.MA3001700,M2,31-May-17,13822467,Million PKR,Normal,
Monetary Aggregates (M3) - Monthly Profile,TS_GP_BAM_M3_M.MA3001700,M2,30-Jun-17,14394708.36,Million PKR,Normal,
Monetary Aggregates (M3) - Monthly Profile,TS_GP_BAM_M3_M.MA3001700,M2,31-Jul-17,14170407.34,Million PKR,Normal,
Monetary Aggregates (M3) - Monthly Profile,TS_GP_BAM_M3_M.MA3001700,M2,31-Aug-17,14306362.11,Million PKR,Normal,
Monetary Aggregates (M3) - Monthly Profile,TS_GP_BAM_M3_M.MA3001700,M2,30-Sep-17,14339767.99,Million PKR,Normal,
Monetary Aggregates (M3) - Monthly Profile,TS_GP_BAM_M3_M.MA3001700,M2,31-Oct-17,14427170.48,Million PKR,Normal,
Monetary Aggregates (M3) - Monthly Profile,TS_GP_BAM_M3_M.MA3001700,M2,30-Nov-17,14507578.55,Million PKR,Normal,
Monetary Aggregates (M3) - Monthly Profile,TS_GP_BAM_M3_M.MA3001700,M2,31-Dec-17,14737604.64,Million PKR,Normal,
Monetary Aggregates (M3) - Monthly Profile,TS_GP_BAM_M3_M.MA3001700,M2,31-Jan-18,14606134.39,Million PKR,Normal,
Monetary Aggregates (M3) - Monthly Profile,TS_GP_BAM_M3_M.MA3001700,M2,28-Feb-18,14792522.11,Million PKR,Normal,
Monetary Aggregates (M3) - Monthly Profile,TS_GP_BAM_M3_M.MA3001700,M2,31-Mar-18,15099892.65,Million PKR,Normal,
Monetary Aggregates (M3) - Monthly Profile,TS_GP_BAM_M3_M.MA3001700,M2,30-Apr-18,15148617.98,Million PKR,Normal,
Monetary Aggregates (M3) - Monthly Profile,TS_GP_BAM_M3_M.MA3001700,M2,31-May-18,15431482.86,Million PKR,Normal,
Monetary Aggregates (M3) - Monthly Profile,TS_GP_BAM_M3_M.MA3001700,M2,30-Jun-18,15763268.36,Million PKR,Normal,
Monetary Aggregates (M3) - Monthly Profile,TS_GP_BAM_M3_M.MA3001700,M2,31-Jul-18,15606763.47,Million PKR,Normal,
Monetary Aggregates (M3) - Monthly Profile,TS_GP_BAM_M3_M.MA3001700,M2,31-Aug-18,15792086.27,Million PKR,Normal,
Monetary Aggregates (M3) - Monthly Profile,TS_GP_BAM_M3_M.MA3001700,M2,30-Sep-18,15791356.33,Million PKR,Normal,
Monetary Aggregates (M3) - Monthly Profile,TS_GP_BAM_M3_M.MA3001700,M2,31-Oct-18,15833048.66,Million PKR,Normal,
Monetary Aggregates (M3) - Monthly Profile,TS_GP_BAM_M3_M.MA3001700,M2,30-Nov-18,16066648.83,Million PKR,Normal,
Monetary Aggregates (M3) - Monthly Profile,TS_GP_BAM_M3_M.MA3001700,M2,31-Dec-18,16352718.75,Million PKR,Normal,
Monetary Aggregates (M3) - Monthly Profile,TS_GP_BAM_M3_M.MA3001700,M2,31-Jan-19,16201933.5,Million PKR,Normal,
Monetary Aggregates (M3) - Monthly Profile,TS_GP_BAM_M3_M.MA3001700,M2,28-Feb-19,16321337.67,Million PKR,Normal,
Monetary Aggregates (M3) - Monthly Profile,TS_GP_BAM_M3_M.MA3001700,M2,31-Mar-19,16523643.38,Million PKR,Normal,
Monetary Aggregates (M3) - Monthly Profile,TS_GP_BAM_M3_M.MA3001700,M2,30-Apr-19,16482612.12,Million PKR,Normal,
Monetary Aggregates (M3) - Monthly Profile,TS_GP_BAM_M3_M.MA3001700,M2,31-May-19,16801403.07,Million PKR,Normal,
Monetary Aggregates (M3) - Monthly Profile,TS_GP_BAM_M3_M.MA3001700,M2,30-Jun-19,17459548.63,Million PKR,Normal,
Monetary Aggregates (M3) - Monthly Profile,TS_GP_BAM_M3_M.MA3001700,M2,31-Jul-19,17391731.8,Million PKR,Normal,
Monetary Aggregates (M3) - Monthly Profile,TS_GP_BAM_M3_M.MA3001700,M2,31-Aug-19,17430036.35,Million PKR,Normal,
Monetary Aggregates (M3) - Monthly Profile,TS_GP_BAM_M3_M.MA3001700,M2,30-Sep-19,17585878.16,Million PKR,Normal,
Monetary Aggregates (M3) - Monthly Profile,TS_GP_BAM_M3_M.MA3001700,M2,31-Oct-19,17720639.14,Million PKR,Normal,
Monetary Aggregates (M3) - Monthly Profile,TS_GP_BAM_M3_M.MA3001700,M2,30-Nov-19,17778927.97,Million PKR,Normal,
Monetary Aggregates (M3) - Monthly Profile,TS_GP_BAM_M3_M.MA3001700,M2,31-Dec-19,18349494.34,Million PKR,Normal,
Monetary Aggregates (M3) - Monthly Profile,TS_GP_BAM_M3_M.MA3001700,M2,31-Jan-20,18191704.53,Million PKR,Normal,
Monetary Aggregates (M3) - Monthly Profile,TS_GP_BAM_M3_M.MA3001700,M2,29-Feb-20,18413615.73,Million PKR,Normal,
Monetary Aggregates (M3) - Monthly Profile,TS_GP_BAM_M3_M.MA3001700,M2,31-Mar-20,19064231.46,Million PKR,Normal,
Monetary Aggregates (M3) - Monthly Profile,TS_GP_BAM_M3_M.MA3001700,M2,30-Apr-20,19286815.53,Million PKR,Normal,
Monetary Aggregates (M3) - Monthly Profile,TS_GP_BAM_M3_M.MA3001700,M2,31-May-20,19854195.52,Million PKR,Normal,
Monetary Aggregates (M3) - Monthly Profile,TS_GP_BAM_M3_M.MA3001700,M2,30-Jun-20,20659885.32,Million PKR,Normal,
Monetary Aggregates (M3) - Monthly Profile,TS_GP_BAM_M3_M.MA3001700,M2,31-Jul-20,20530201.77,Million PKR,Normal,
Monetary Aggregates (M3) - Monthly Profile,TS_GP_BAM_M3_M.MA3001700,M2,31-Aug-20,20518914.29,Million PKR,Normal,
Monetary Aggregates (M3) - Monthly Profile,TS_GP_BAM_M3_M.MA3001700,M2,30-Sep-20,20743360.06,Million PKR,Normal,
Monetary Aggregates (M3) - Monthly Profile,TS_GP_BAM_M3_M.MA3001700,M2,31-Oct-20,20811421.32,Million PKR,Normal,
Monetary Aggregates (M3) - Monthly Profile,TS_GP_BAM_M3_M.MA3001700,M2,30-Nov-20,21063278.04,Million PKR,Normal,
Monetary Aggregates (M3) - Monthly Profile,TS_GP_BAM_M3_M.MA3001700,M2,31-Dec-20,21604282.49,Million PKR,Normal,
Monetary Aggregates (M3) - Monthly Profile,TS_GP_BAM_M3_M.MA3001700,M2,31-Jan-21,21429480.6,Million PKR,Normal,
Monetary Aggregates (M3) - Monthly Profile,TS_GP_BAM_M3_M.MA3001700,M2,28-Feb-21,21682945.99,Million PKR,Normal,
Monetary Aggregates (M3) - Monthly Profile,TS_GP_BAM_M3_M.MA3001700,M2,31-Mar-21,21985338,Million PKR,Normal,
Monetary Aggregates (M3) - Monthly Profile,TS_GP_BAM_M3_M.MA3001700,M2,30-Apr-21,22212661.24,Million PKR,Normal,
Monetary Aggregates (M3) - Monthly Profile,TS_GP_BAM_M3_M.MA3001700,M2,30-May-21,22475749.69,Million PKR,Normal,
Monetary Aggregates (M3) - Monthly Profile,TS_GP_BAM_M3_M.MA3001700,M2,30-Jun-21,23722366.43,Million PKR,Normal,
Monetary Aggregates (M3) - Monthly Profile,TS_GP_BAM_M3_M.MA3001700,M2,31-Jul-21,23565262.64,Million PKR,Normal,
Monetary Aggregates (M3) - Monthly Profile,TS_GP_BAM_M3_M.MA3001700,M2,31-Aug-21,23523011.99,Million PKR,Normal,
Monetary Aggregates (M3) - Monthly Profile,TS_GP_BAM_M3_M.MA3001700,M2,30-Sep-21,23904152.09,Million PKR,Normal,
Monetary Aggregates (M3) - Monthly Profile,TS_GP_BAM_M3_M.MA3001700,M2,31-Oct-21,23646409.83,Million PKR,Normal,
Monetary Aggregates (M3) - Monthly Profile,TS_GP_BAM_M3_M.MA3001700,M2,30-Nov-21,23932944.48,Million PKR,Normal,
Monetary Aggregates (M3) - Monthly Profile,TS_GP_BAM_M3_M.MA3001700,M2,31-Dec-21,24719270.74,Million PKR,Normal,
Monetary Aggregates (M3) - Monthly Profile,TS_GP_BAM_M3_M.MA3001700,M2,31-Jan-22,24210801.22,Million PKR,Normal,
Monetary Aggregates (M3) - Monthly Profile,TS_GP_BAM_M3_M.MA3001700,M2,28-Feb-22,24176070.38,Million PKR,Normal,
Monetary Aggregates (M3) - Monthly Profile,TS_GP_BAM_M3_M.MA3001700,M2,31-Mar-22,24726565.17,Million PKR,Normal,
Monetary Aggregates (M3) - Monthly Profile,TS_GP_BAM_M3_M.MA3001700,M2,30-Apr-22,25155232.57,Million PKR,Normal,
Monetary Aggregates (M3) - Monthly Profile,TS_GP_BAM_M3_M.MA3001700,M2,31-May-22,25633674.81,Million PKR,Normal,
Monetary Aggregates (M3) - Monthly Profile,TS_GP_BAM_M3_M.MA3001700,M2,30-Jun-22,26798395.37,Million PKR,Normal,
Monetary Aggregates (M3) - Monthly Profile,TS_GP_BAM_M3_M.MA3001700,M2,31-Jul-22,26799839.81,Million PKR,Normal,
Monetary Aggregates (M3) - Monthly Profile,TS_GP_BAM_M3_M.MA3001700,M2,30-Aug-22,26893805.05,Million PKR,Normal,
Monetary Aggregates (M3) - Monthly Profile,TS_GP_BAM_M3_M.MA3001700,M2,31-Aug-22,26894842.44,Million PKR,Normal,
Monetary Aggregates (M3) - Monthly Profile,TS_GP_BAM_M3_M.MA3001700,M2,30-Sep-22,27261368.37,Million PKR,Normal,
Monetary Aggregates (M3) - Monthly Profile,TS_GP_BAM_M3_M.MA3001700,M2,31-Oct-22,27295516.79,Million PKR,Normal,
Monetary Aggregates (M3) - Monthly Profile,TS_GP_BAM_M3_M.MA3001700,M2,30-Nov-22,27386924.51,Million PKR,Normal,
Monetary Aggregates (M3) - Monthly Profile,TS_GP_BAM_M3_M.MA3001700,M2,31-Dec-22,27335210.8,Million PKR,Normal,
Monetary Aggregates (M3) - Monthly Profile,TS_GP_BAM_M3_M.MA3001700,M2,31-Jan-23,27292465.68,Million PKR,Normal,
Monetary Aggregates (M3) - Monthly Profile,TS_GP_BAM_M3_M.MA3001700,M2,28-Feb-23,27877507.45,Million PKR,Normal,
Monetary Aggregates (M3) - Monthly Profile,TS_GP_BAM_M3_M.MA3001700,M2,31-Mar-23,28732395.1,Million PKR,Normal,
Monetary Aggregates (M3) - Monthly Profile,TS_GP_BAM_M3_M.MA3001700,M2,30-Apr-23,29433281.89,Million PKR,Normal,
Monetary Aggregates (M3) - Monthly Profile,TS_GP_BAM_M3_M.MA3001700,M2,31-May-23,29858754.77,Million PKR,Normal,
Monetary Aggregates (M3) - Monthly Profile,TS_GP_BAM_M3_M.MA3001700,M2,30-Jun-23,31275366.86,Million PKR,Normal,
Monetary Aggregates (M3) - Monthly Profile,TS_GP_BAM_M3_M.MA3001700,M2,31-Jul-23,30958667.78,Million PKR,Normal,
Monetary Aggregates (M3) - Monthly Profile,TS_GP_BAM_M3_M.MA3001700,M2,31-Aug-23,31208774.18,Million PKR,Normal,
Monetary Aggregates (M3) - Monthly Profile,TS_GP_BAM_M3_M.MA3001700,M2,30-Sep-23,31429988.28,Million PKR,Normal,
Monetary Aggregates (M3) - Monthly Profile,TS_GP_BAM_M3_M.MA3001700,M2,31-Oct-23,31722366.55,Million PKR,Normal,
Monetary Aggregates (M3) - Monthly Profile,TS_GP_BAM_M3_M.MA3001700,M2,30-Nov-23,31999690.83,Million PKR,Normal,
Monetary Aggregates (M3) - Monthly Profile,TS_GP_BAM_M3_M.MA3001700,M2,31-Dec-23,32593930.99,Million PKR,Normal,
Monetary Aggregates (M3) - Monthly Profile,TS_GP_BAM_M3_M.MA3001700,M2,31-Jan-24,32466437.59,Million PKR,Normal,
Monetary Aggregates (M3) - Monthly Profile,TS_GP_BAM_M3_M.MA3001700,M2,29-Feb-24,32997325.38,Million PKR,Normal,
Monetary Aggregates (M3) - Monthly Profile,TS_GP_BAM_M3_M.MA3001700,M2,31-Mar-24,33749505.75,Million PKR,Normal,
Monetary Aggregates (M3) - Monthly Profile,TS_GP_BAM_M3_M.MA3001700,M2,30-Apr-24,34129821.38,Million PKR,Normal,
Monetary Aggregates (M3) - Monthly Profile,TS_GP_BAM_M3_M.MA3001700,M2,31-May-24,34842964.18,Million PKR,Normal,
Monetary Aggregates (M3) - Monthly Profile,TS_GP_BAM_M3_M.MA3001700,M2,30-Jun-24,36492055.54,Million PKR,Normal,
Monetary Aggregates (M3) - Monthly Profile,TS_GP_BAM_M3_M.MA3001700,M2,31-Jul-24,36038256.55,Million PKR,Normal,
Monetary Aggregates (M3) - Monthly Profile,TS_GP_BAM_M3_M.MA3001700,M2,31-Aug-24,36314558.64,Million PKR,Normal,
Monetary Aggregates (M3) - Monthly Profile,TS_GP_BAM_M3_M.MA3001700,M2,30-Sep-24,36741321.09,Million PKR,Normal,
Monetary Aggregates (M3) - Monthly Profile,TS_GP_BAM_M3_M.MA3001700,M2,31-Oct-24,36771434.49,Million PKR,Normal,
Monetary Aggregates (M3) - Monthly Profile,TS_GP_BAM_M3_M.MA3001700,M2,30-Nov-24,36911569.95,Million PKR,Normal,
Monetary Aggregates (M3) - Monthly Profile,TS_GP_BAM_M3_M.MA3001700,M2,31-Dec-24,37018628.71,Million PKR,Normal,
Monetary Aggregates (M3) - Monthly Profile,TS_GP_BAM_M3_M.MA3001700,M2,31-Jan-25,36905227.39,Million PKR,Normal,
Monetary Aggregates (M3) - Monthly Profile,TS_GP_BAM_M3_M.MA3001700,M2,28-Feb-25,37321385.61,Million PKR,Normal,
Monetary Aggregates (M3) - Monthly Profile,TS_GP_BAM_M3_M.MA3001700,M2,31-Mar-25,38716701.35,Million PKR,Normal,
Monetary Aggregates (M3) - Monthly Profile,TS_GP_BAM_M3_M.MA3001700,M2,30-Apr-25,38757427.95,Million PKR,Normal,
Monetary Aggregates (M3) - Monthly Profile,TS_GP_BAM_M3_M.MA3001700,M2,31-May-25,39464807.16,Million PKR,Normal,
