Dataset,Series Key,Series,Observation Date,Observation Value,Unit,Observation Status,Observation Status Comment
Monetary Aggregates (M3) - Monthly Profile,TS_GP_BAM_M3_M.MA3001300,M1,30-Jun-06,2716174,Million PKR,Normal,
Monetary Aggregates (M3) - Monthly Profile,TS_GP_BAM_M3_M.MA3001300,M1,30-Jun-07,3150758,Million PKR,Normal,
Monetary Aggregates (M3) - Monthly Profile,TS_GP_BAM_M3_M.MA3001300,M1,30-Jun-08,3296958,Million PKR,Normal,
Monetary Aggregates (M3) - Monthly Profile,TS_GP_BAM_M3_M.MA3001300,M1,30-Jun-09,3621216,Million PKR,Normal,
Monetary Aggregates (M3) - Monthly Profile,TS_GP_BAM_M3_M.MA3001300,M1,30-Jun-10,4131206,Million PKR,Normal,
Monetary Aggregates (M3) - Monthly Profile,TS_GP_BAM_M3_M.MA3001300,M1,30-Jun-11,4852502,Million PKR,Normal,
Monetary Aggregates (M3) - Monthly Profile,TS_GP_BAM_M3_M.MA3001300,M1,30-Jun-12,5526428,Million PKR,Normal,
Monetary Aggregates (M3) - Monthly Profile,TS_GP_BAM_M3_M.MA3001300,M1,30-Jun-13,6616775.329,Million PKR,Normal,
Monetary Aggregates (M3) - Monthly Profile,TS_GP_BAM_M3_M.MA3001300,M1,30-Jun-14,7616654.553,Million PKR,Normal,
Monetary Aggregates (M3) - Monthly Profile,TS_GP_BAM_M3_M.MA3001300,M1,30-Jun-15,8883972.295,Million PKR,Normal,
Monetary Aggregates (M3) - Monthly Profile,TS_GP_BAM_M3_M.MA3001300,M1,30-Jun-16,10310302.42,Million PKR,Normal,
Monetary Aggregates (M3) - Monthly Profile,TS_GP_BAM_M3_M.MA3001300,M1,31-Jul-16,10234993.82,Million PKR,Normal,
Monetary Aggregates (M3) - Monthly Profile,TS_GP_BAM_M3_M.MA3001300,M1,31-Aug-16,10223782.23,Million PKR,Normal,
Monetary Aggregates (M3) - Monthly Profile,TS_GP_BAM_M3_M.MA3001300,M1,30-Sep-16,10401026.49,Million PKR,Normal,
Monetary Aggregates (M3) - Monthly Profile,TS_GP_BAM_M3_M.MA3001300,M1,31-Oct-16,10516635.79,Million PKR,Normal,
Monetary Aggregates (M3) - Monthly Profile,TS_GP_BAM_M3_M.MA3001300,M1,30-Nov-16,10603097.98,Million PKR,Normal,
Monetary Aggregates (M3) - Monthly Profile,TS_GP_BAM_M3_M.MA3001300,M1,31-Dec-16,10844440.2,Million PKR,Normal,
Monetary Aggregates (M3) - Monthly Profile,TS_GP_BAM_M3_M.MA3001300,M1,31-Jan-17,10785725.64,Million PKR,Normal,
Monetary Aggregates (M3) - Monthly Profile,TS_GP_BAM_M3_M.MA3001300,M1,28-Feb-17,10850266.04,Million PKR,Normal,
Monetary Aggregates (M3) - Monthly Profile,TS_GP_BAM_M3_M.MA3001300,M1,31-Mar-17,10977201.74,Million PKR,Normal,
Monetary Aggregates (M3) - Monthly Profile,TS_GP_BAM_M3_M.MA3001300,M1,30-Apr-17,11112338.43,Million PKR,Normal,
Monetary Aggregates (M3) - Monthly Profile,TS_GP_BAM_M3_M.MA3001300,M1,31-May-17,11414097.98,Million PKR,Normal,
Monetary Aggregates (M3) - Monthly Profile,TS_GP_BAM_M3_M.MA3001300,M1,30-Jun-17,11892171.3,Million PKR,Normal,
Monetary Aggregates (M3) - Monthly Profile,TS_GP_BAM_M3_M.MA3001300,M1,31-Jul-17,11654101.94,Million PKR,Normal,
Monetary Aggregates (M3) - Monthly Profile,TS_GP_BAM_M3_M.MA3001300,M1,31-Aug-17,11773198.47,Million PKR,Normal,
Monetary Aggregates (M3) - Monthly Profile,TS_GP_BAM_M3_M.MA3001300,M1,30-Sep-17,11781983.58,Million PKR,Normal,
Monetary Aggregates (M3) - Monthly Profile,TS_GP_BAM_M3_M.MA3001300,M1,31-Oct-17,11909646.44,Million PKR,Normal,
Monetary Aggregates (M3) - Monthly Profile,TS_GP_BAM_M3_M.MA3001300,M1,30-Nov-17,11970874.51,Million PKR,Normal,
Monetary Aggregates (M3) - Monthly Profile,TS_GP_BAM_M3_M.MA3001300,M1,31-Dec-17,12071828.85,Million PKR,Normal,
Monetary Aggregates (M3) - Monthly Profile,TS_GP_BAM_M3_M.MA3001300,M1,31-Jan-18,12053477.16,Million PKR,Normal,
Monetary Aggregates (M3) - Monthly Profile,TS_GP_BAM_M3_M.MA3001300,M1,28-Feb-18,12211813.07,Million PKR,Normal,
Monetary Aggregates (M3) - Monthly Profile,TS_GP_BAM_M3_M.MA3001300,M1,31-Mar-18,12455566.83,Million PKR,Normal,
Monetary Aggregates (M3) - Monthly Profile,TS_GP_BAM_M3_M.MA3001300,M1,30-Apr-18,12565329.97,Million PKR,Normal,
Monetary Aggregates (M3) - Monthly Profile,TS_GP_BAM_M3_M.MA3001300,M1,31-May-18,12870129.65,Million PKR,Normal,
Monetary Aggregates (M3) - Monthly Profile,TS_GP_BAM_M3_M.MA3001300,M1,30-Jun-18,13109406.33,Million PKR,Normal,
Monetary Aggregates (M3) - Monthly Profile,TS_GP_BAM_M3_M.MA3001300,M1,31-Jul-18,13040866.92,Million PKR,Normal,
Monetary Aggregates (M3) - Monthly Profile,TS_GP_BAM_M3_M.MA3001300,M1,31-Aug-18,13199292.35,Million PKR,Normal,
Monetary Aggregates (M3) - Monthly Profile,TS_GP_BAM_M3_M.MA3001300,M1,30-Sep-18,13071186.31,Million PKR,Normal,
Monetary Aggregates (M3) - Monthly Profile,TS_GP_BAM_M3_M.MA3001300,M1,31-Oct-18,13130690.92,Million PKR,Normal,
Monetary Aggregates (M3) - Monthly Profile,TS_GP_BAM_M3_M.MA3001300,M1,30-Nov-18,13321718.38,Million PKR,Normal,
Monetary Aggregates (M3) - Monthly Profile,TS_GP_BAM_M3_M.MA3001300,M1,31-Dec-18,13470941.42,Million PKR,Normal,
Monetary Aggregates (M3) - Monthly Profile,TS_GP_BAM_M3_M.MA3001300,M1,31-Jan-19,13430473.67,Million PKR,Normal,
Monetary Aggregates (M3) - Monthly Profile,TS_GP_BAM_M3_M.MA3001300,M1,28-Feb-19,13504191.55,Million PKR,Normal,
Monetary Aggregates (M3) - Monthly Profile,TS_GP_BAM_M3_M.MA3001300,M1,31-Mar-19,13656456.09,Million PKR,Normal,
Monetary Aggregates (M3) - Monthly Profile,TS_GP_BAM_M3_M.MA3001300,M1,30-Apr-19,13590635.47,Million PKR,Normal,
Monetary Aggregates (M3) - Monthly Profile,TS_GP_BAM_M3_M.MA3001300,M1,31-May-19,13931360.39,Million PKR,Normal,
Monetary Aggregates (M3) - Monthly Profile,TS_GP_BAM_M3_M.MA3001300,M1,30-Jun-19,14407650.61,Million PKR,Normal,
Monetary Aggregates (M3) - Monthly Profile,TS_GP_BAM_M3_M.MA3001300,M1,31-Jul-19,14446878.95,Million PKR,Normal,
Monetary Aggregates (M3) - Monthly Profile,TS_GP_BAM_M3_M.MA3001300,M1,31-Aug-19,14440350,Million PKR,Normal,
Monetary Aggregates (M3) - Monthly Profile,TS_GP_BAM_M3_M.MA3001300,M1,30-Sep-19,14550860.51,Million PKR,Normal,
Monetary Aggregates (M3) - Monthly Profile,TS_GP_BAM_M3_M.MA3001300,M1,31-Oct-19,14681863.12,Million PKR,Normal,
Monetary Aggregates (M3) - Monthly Profile,TS_GP_BAM_M3_M.MA3001300,M1,30-Nov-19,14702006.37,Million PKR,Normal,
Monetary Aggregates (M3) - Monthly Profile,TS_GP_BAM_M3_M.MA3001300,M1,31-Dec-19,15152485.59,Million PKR,Normal,
Monetary Aggregates (M3) - Monthly Profile,TS_GP_BAM_M3_M.MA3001300,M1,31-Jan-20,15008811.24,Million PKR,Normal,
Monetary Aggregates (M3) - Monthly Profile,TS_GP_BAM_M3_M.MA3001300,M1,29-Feb-20,15202220.93,Million PKR,Normal,
Monetary Aggregates (M3) - Monthly Profile,TS_GP_BAM_M3_M.MA3001300,M1,31-Mar-20,15798526,Million PKR,Normal,
Monetary Aggregates (M3) - Monthly Profile,TS_GP_BAM_M3_M.MA3001300,M1,30-Apr-20,16090817.43,Million PKR,Normal,
Monetary Aggregates (M3) - Monthly Profile,TS_GP_BAM_M3_M.MA3001300,M1,31-May-20,16654117.61,Million PKR,Normal,
Monetary Aggregates (M3) - Monthly Profile,TS_GP_BAM_M3_M.MA3001300,M1,30-Jun-20,17205666.44,Million PKR,Normal,
Monetary Aggregates (M3) - Monthly Profile,TS_GP_BAM_M3_M.MA3001300,M1,31-Jul-20,17158747.69,Million PKR,Normal,
Monetary Aggregates (M3) - Monthly Profile,TS_GP_BAM_M3_M.MA3001300,M1,31-Aug-20,17128119.6,Million PKR,Normal,
Monetary Aggregates (M3) - Monthly Profile,TS_GP_BAM_M3_M.MA3001300,M1,30-Sep-20,17232028.5,Million PKR,Normal,
Monetary Aggregates (M3) - Monthly Profile,TS_GP_BAM_M3_M.MA3001300,M1,31-Oct-20,17316801.36,Million PKR,Normal,
Monetary Aggregates (M3) - Monthly Profile,TS_GP_BAM_M3_M.MA3001300,M1,30-Nov-20,17540777.1,Million PKR,Normal,
Monetary Aggregates (M3) - Monthly Profile,TS_GP_BAM_M3_M.MA3001300,M1,31-Dec-20,17951426.55,Million PKR,Normal,
Monetary Aggregates (M3) - Monthly Profile,TS_GP_BAM_M3_M.MA3001300,M1,31-Jan-21,17930134.15,Million PKR,Normal,
Monetary Aggregates (M3) - Monthly Profile,TS_GP_BAM_M3_M.MA3001300,M1,28-Feb-21,18185570.26,Million PKR,Normal,
Monetary Aggregates (M3) - Monthly Profile,TS_GP_BAM_M3_M.MA3001300,M1,31-Mar-21,18402599.19,Million PKR,Normal,
Monetary Aggregates (M3) - Monthly Profile,TS_GP_BAM_M3_M.MA3001300,M1,30-Apr-21,18723078.8,Million PKR,Normal,
Monetary Aggregates (M3) - Monthly Profile,TS_GP_BAM_M3_M.MA3001300,M1,30-May-21,18935249.4,Million PKR,Normal,
Monetary Aggregates (M3) - Monthly Profile,TS_GP_BAM_M3_M.MA3001300,M1,30-Jun-21,19823850.39,Million PKR,Normal,
Monetary Aggregates (M3) - Monthly Profile,TS_GP_BAM_M3_M.MA3001300,M1,31-Jul-21,19880721.71,Million PKR,Normal,
Monetary Aggregates (M3) - Monthly Profile,TS_GP_BAM_M3_M.MA3001300,M1,31-Aug-21,19803460.56,Million PKR,Normal,
Monetary Aggregates (M3) - Monthly Profile,TS_GP_BAM_M3_M.MA3001300,M1,30-Sep-21,20084797.69,Million PKR,Normal,
Monetary Aggregates (M3) - Monthly Profile,TS_GP_BAM_M3_M.MA3001300,M1,31-Oct-21,19901841.36,Million PKR,Normal,
Monetary Aggregates (M3) - Monthly Profile,TS_GP_BAM_M3_M.MA3001300,M1,30-Nov-21,20128197.46,Million PKR,Normal,
Monetary Aggregates (M3) - Monthly Profile,TS_GP_BAM_M3_M.MA3001300,M1,31-Dec-21,20443519.59,Million PKR,Normal,
Monetary Aggregates (M3) - Monthly Profile,TS_GP_BAM_M3_M.MA3001300,M1,31-Jan-22,20204236.84,Million PKR,Normal,
Monetary Aggregates (M3) - Monthly Profile,TS_GP_BAM_M3_M.MA3001300,M1,28-Feb-22,20210350.35,Million PKR,Normal,
Monetary Aggregates (M3) - Monthly Profile,TS_GP_BAM_M3_M.MA3001300,M1,31-Mar-22,20683195.95,Million PKR,Normal,
Monetary Aggregates (M3) - Monthly Profile,TS_GP_BAM_M3_M.MA3001300,M1,30-Apr-22,21179441.01,Million PKR,Normal,
Monetary Aggregates (M3) - Monthly Profile,TS_GP_BAM_M3_M.MA3001300,M1,31-May-22,21447782.62,Million PKR,Normal,
Monetary Aggregates (M3) - Monthly Profile,TS_GP_BAM_M3_M.MA3001300,M1,30-Jun-22,22156555.32,Million PKR,Normal,
Monetary Aggregates (M3) - Monthly Profile,TS_GP_BAM_M3_M.MA3001300,M1,31-Jul-22,22255741.81,Million PKR,Normal,
Monetary Aggregates (M3) - Monthly Profile,TS_GP_BAM_M3_M.MA3001300,M1,30-Aug-22,22361004.63,Million PKR,Normal,
Monetary Aggregates (M3) - Monthly Profile,TS_GP_BAM_M3_M.MA3001300,M1,31-Aug-22,22361073.26,Million PKR,Normal,
Monetary Aggregates (M3) - Monthly Profile,TS_GP_BAM_M3_M.MA3001300,M1,30-Sep-22,22661093.9,Million PKR,Normal,
Monetary Aggregates (M3) - Monthly Profile,TS_GP_BAM_M3_M.MA3001300,M1,31-Oct-22,22577765.66,Million PKR,Normal,
Monetary Aggregates (M3) - Monthly Profile,TS_GP_BAM_M3_M.MA3001300,M1,30-Nov-22,22804725.85,Million PKR,Normal,
Monetary Aggregates (M3) - Monthly Profile,TS_GP_BAM_M3_M.MA3001300,M1,31-Dec-22,22962797.78,Million PKR,Normal,
Monetary Aggregates (M3) - Monthly Profile,TS_GP_BAM_M3_M.MA3001300,M1,31-Jan-23,22797918.42,Million PKR,Normal,
Monetary Aggregates (M3) - Monthly Profile,TS_GP_BAM_M3_M.MA3001300,M1,28-Feb-23,23131238.29,Million PKR,Normal,
Monetary Aggregates (M3) - Monthly Profile,TS_GP_BAM_M3_M.MA3001300,M1,31-Mar-23,24073578.87,Million PKR,Normal,
Monetary Aggregates (M3) - Monthly Profile,TS_GP_BAM_M3_M.MA3001300,M1,30-Apr-23,24802264.49,Million PKR,Normal,
Monetary Aggregates (M3) - Monthly Profile,TS_GP_BAM_M3_M.MA3001300,M1,31-May-23,25016844.17,Million PKR,Normal,
Monetary Aggregates (M3) - Monthly Profile,TS_GP_BAM_M3_M.MA3001300,M1,30-Jun-23,26156652.73,Million PKR,Normal,
Monetary Aggregates (M3) - Monthly Profile,TS_GP_BAM_M3_M.MA3001300,M1,31-Jul-23,25856924.66,Million PKR,Normal,
Monetary Aggregates (M3) - Monthly Profile,TS_GP_BAM_M3_M.MA3001300,M1,31-Aug-23,25963970.2,Million PKR,Normal,
Monetary Aggregates (M3) - Monthly Profile,TS_GP_BAM_M3_M.MA3001300,M1,30-Sep-23,26200075.55,Million PKR,Normal,
Monetary Aggregates (M3) - Monthly Profile,TS_GP_BAM_M3_M.MA3001300,M1,31-Oct-23,26403282.15,Million PKR,Normal,
Monetary Aggregates (M3) - Monthly Profile,TS_GP_BAM_M3_M.MA3001300,M1,30-Nov-23,26717393.22,Million PKR,Normal,
Monetary Aggregates (M3) - Monthly Profile,TS_GP_BAM_M3_M.MA3001300,M1,31-Dec-23,27130084.32,Million PKR,Normal,
Monetary Aggregates (M3) - Monthly Profile,TS_GP_BAM_M3_M.MA3001300,M1,31-Jan-24,27085122.44,Million PKR,Normal,
Monetary Aggregates (M3) - Monthly Profile,TS_GP_BAM_M3_M.MA3001300,M1,29-Feb-24,27421142.57,Million PKR,Normal,
Monetary Aggregates (M3) - Monthly Profile,TS_GP_BAM_M3_M.MA3001300,M1,31-Mar-24,28168439.47,Million PKR,Normal,
Monetary Aggregates (M3) - Monthly Profile,TS_GP_BAM_M3_M.MA3001300,M1,30-Apr-24,28504742.18,Million PKR,Normal,
Monetary Aggregates (M3) - Monthly Profile,TS_GP_BAM_M3_M.MA3001300,M1,31-May-24,29133701.42,Million PKR,Normal,
Monetary Aggregates (M3) - Monthly Profile,TS_GP_BAM_M3_M.MA3001300,M1,30-Jun-24,30539703.1,Million PKR,Normal,
Monetary Aggregates (M3) - Monthly Profile,TS_GP_BAM_M3_M.MA3001300,M1,31-Jul-24,30099889.51,Million PKR,Normal,
Monetary Aggregates (M3) - Monthly Profile,TS_GP_BAM_M3_M.MA3001300,M1,31-Aug-24,30376717.57,Million PKR,Normal,
Monetary Aggregates (M3) - Monthly Profile,TS_GP_BAM_M3_M.MA3001300,M1,30-Sep-24,30762888.58,Million PKR,Normal,
Monetary Aggregates (M3) - Monthly Profile,TS_GP_BAM_M3_M.MA3001300,M1,31-Oct-24,30918658.53,Million PKR,Normal,
Monetary Aggregates (M3) - Monthly Profile,TS_GP_BAM_M3_M.MA3001300,M1,30-Nov-24,31046444.73,Million PKR,Normal,
Monetary Aggregates (M3) - Monthly Profile,TS_GP_BAM_M3_M.MA3001300,M1,31-Dec-24,31141664.68,Million PKR,Normal,
Monetary Aggregates (M3) - Monthly Profile,TS_GP_BAM_M3_M.MA3001300,M1,31-Jan-25,31443604.78,Million PKR,Normal,
Monetary Aggregates (M3) - Monthly Profile,TS_GP_BAM_M3_M.MA3001300,M1,28-Feb-25,31779738.47,Million PKR,Normal,
Monetary Aggregates (M3) - Monthly Profile,TS_GP_BAM_M3_M.MA3001300,M1,31-Mar-25,33080316.43,Million PKR,Normal,
Monetary Aggregates (M3) - Monthly Profile,TS_GP_BAM_M3_M.MA3001300,M1,30-Apr-25,33020211.42,Million PKR,Normal,
Monetary Aggregates (M3) - Monthly Profile,TS_GP_BAM_M3_M.MA3001300,M1,31-May-25,33668592,Million PKR,Normal,
