Dataset,Series Key,Series,Observation Date,Observation Value,Unit,Observation Status,Observation Status Comment
Pakistan Stock Exchange – Important Indicators,TS_GP_MFS_PSXIND_M.PSX00020000,KSE 100 Index,30-Jun-11,12496,Index,Normal,
Pakistan Stock Exchange – Important Indicators,TS_GP_MFS_PSXIND_M.PSX00020000,KSE 100 Index,31-Jul-11,12190,Index,Normal,
Pakistan Stock Exchange – Important Indicators,TS_GP_MFS_PSXIND_M.PSX00020000,KSE 100 Index,31-Aug-11,10903,Index,Normal,
Pakistan Stock Exchange – Important Indicators,TS_GP_MFS_PSXIND_M.PSX00020000,KSE 100 Index,30-Sep-11,11762,Index,Normal,
Pakistan Stock Exchange – Important Indicators,TS_GP_MFS_PSXIND_M.PSX00020000,KSE 100 Index,31-Oct-11,11869,Index,Normal,
Pakistan Stock Exchange – Important Indicators,TS_GP_MFS_PSXIND_M.PSX00020000,KSE 100 Index,30-Nov-11,11533,Index,Normal,
Pakistan Stock Exchange – Important Indicators,TS_GP_MFS_PSXIND_M.PSX00020000,KSE 100 Index,31-Dec-11,11348,Index,Normal,
Pakistan Stock Exchange – Important Indicators,TS_GP_MFS_PSXIND_M.PSX00020000,KSE 100 Index,31-Jan-12,11875,Index,Normal,
Pakistan Stock Exchange – Important Indicators,TS_GP_MFS_PSXIND_M.PSX00020000,KSE 100 Index,29-Feb-12,12878,Index,Normal,
Pakistan Stock Exchange – Important Indicators,TS_GP_MFS_PSXIND_M.PSX00020000,KSE 100 Index,31-Mar-12,13762,Index,Normal,
Pakistan Stock Exchange – Important Indicators,TS_GP_MFS_PSXIND_M.PSX00020000,KSE 100 Index,30-Apr-12,13990,Index,Normal,
Pakistan Stock Exchange – Important Indicators,TS_GP_MFS_PSXIND_M.PSX00020000,KSE 100 Index,31-May-12,13787,Index,Normal,
Pakistan Stock Exchange – Important Indicators,TS_GP_MFS_PSXIND_M.PSX00020000,KSE 100 Index,30-Jun-12,13801,Index,Normal,
Pakistan Stock Exchange – Important Indicators,TS_GP_MFS_PSXIND_M.PSX00020000,KSE 100 Index,31-Jul-12,14577,Index,Normal,
Pakistan Stock Exchange – Important Indicators,TS_GP_MFS_PSXIND_M.PSX00020000,KSE 100 Index,31-Aug-12,15392,Index,Normal,
Pakistan Stock Exchange – Important Indicators,TS_GP_MFS_PSXIND_M.PSX00020000,KSE 100 Index,30-Sep-12,15358,Index,Normal,
Pakistan Stock Exchange – Important Indicators,TS_GP_MFS_PSXIND_M.PSX00020000,KSE 100 Index,31-Oct-12,15910,Index,Normal,
Pakistan Stock Exchange – Important Indicators,TS_GP_MFS_PSXIND_M.PSX00020000,KSE 100 Index,30-Nov-12,16574,Index,Normal,
Pakistan Stock Exchange – Important Indicators,TS_GP_MFS_PSXIND_M.PSX00020000,KSE 100 Index,31-Dec-12,16905,Index,Normal,
Pakistan Stock Exchange – Important Indicators,TS_GP_MFS_PSXIND_M.PSX00020000,KSE 100 Index,31-Jan-13,17243,Index,Normal,
Pakistan Stock Exchange – Important Indicators,TS_GP_MFS_PSXIND_M.PSX00020000,KSE 100 Index,28-Feb-13,18174,Index,Normal,
Pakistan Stock Exchange – Important Indicators,TS_GP_MFS_PSXIND_M.PSX00020000,KSE 100 Index,31-Mar-13,18043,Index,Normal,
Pakistan Stock Exchange – Important Indicators,TS_GP_MFS_PSXIND_M.PSX00020000,KSE 100 Index,30-Apr-13,18982,Index,Normal,
Pakistan Stock Exchange – Important Indicators,TS_GP_MFS_PSXIND_M.PSX00020000,KSE 100 Index,31-May-13,21823,Index,Normal,
Pakistan Stock Exchange – Important Indicators,TS_GP_MFS_PSXIND_M.PSX00020000,KSE 100 Index,30-Jun-13,21006,Index,Normal,
Pakistan Stock Exchange – Important Indicators,TS_GP_MFS_PSXIND_M.PSX00020000,KSE 100 Index,31-Jul-13,23313,Index,Normal,
Pakistan Stock Exchange – Important Indicators,TS_GP_MFS_PSXIND_M.PSX00020000,KSE 100 Index,31-Aug-13,22161,Index,Normal,
Pakistan Stock Exchange – Important Indicators,TS_GP_MFS_PSXIND_M.PSX00020000,KSE 100 Index,30-Sep-13,21833,Index,Normal,
Pakistan Stock Exchange – Important Indicators,TS_GP_MFS_PSXIND_M.PSX00020000,KSE 100 Index,31-Oct-13,22776,Index,Normal,
Pakistan Stock Exchange – Important Indicators,TS_GP_MFS_PSXIND_M.PSX00020000,KSE 100 Index,30-Nov-13,24302,Index,Normal,
Pakistan Stock Exchange – Important Indicators,TS_GP_MFS_PSXIND_M.PSX00020000,KSE 100 Index,31-Dec-13,25261,Index,Normal,
Pakistan Stock Exchange – Important Indicators,TS_GP_MFS_PSXIND_M.PSX00020000,KSE 100 Index,31-Jan-14,26784,Index,Normal,
Pakistan Stock Exchange – Important Indicators,TS_GP_MFS_PSXIND_M.PSX00020000,KSE 100 Index,28-Feb-14,25783,Index,Normal,
Pakistan Stock Exchange – Important Indicators,TS_GP_MFS_PSXIND_M.PSX00020000,KSE 100 Index,31-Mar-14,27160,Index,Normal,
Pakistan Stock Exchange – Important Indicators,TS_GP_MFS_PSXIND_M.PSX00020000,KSE 100 Index,30-Apr-14,28913,Index,Normal,
Pakistan Stock Exchange – Important Indicators,TS_GP_MFS_PSXIND_M.PSX00020000,KSE 100 Index,31-May-14,29738,Index,Normal,
Pakistan Stock Exchange – Important Indicators,TS_GP_MFS_PSXIND_M.PSX00020000,KSE 100 Index,30-Jun-14,29653,Index,Normal,
Pakistan Stock Exchange – Important Indicators,TS_GP_MFS_PSXIND_M.PSX00020000,KSE 100 Index,31-Jul-14,30314,Index,Normal,
Pakistan Stock Exchange – Important Indicators,TS_GP_MFS_PSXIND_M.PSX00020000,KSE 100 Index,31-Aug-14,28568,Index,Normal,
Pakistan Stock Exchange – Important Indicators,TS_GP_MFS_PSXIND_M.PSX00020000,KSE 100 Index,30-Sep-14,29726,Index,Normal,
Pakistan Stock Exchange – Important Indicators,TS_GP_MFS_PSXIND_M.PSX00020000,KSE 100 Index,31-Oct-14,30377,Index,Normal,
Pakistan Stock Exchange – Important Indicators,TS_GP_MFS_PSXIND_M.PSX00020000,KSE 100 Index,30-Nov-14,31198,Index,Normal,
Pakistan Stock Exchange – Important Indicators,TS_GP_MFS_PSXIND_M.PSX00020000,KSE 100 Index,31-Dec-14,32131,Index,Normal,
Pakistan Stock Exchange – Important Indicators,TS_GP_MFS_PSXIND_M.PSX00020000,KSE 100 Index,31-Jan-15,34444,Index,Normal,
Pakistan Stock Exchange – Important Indicators,TS_GP_MFS_PSXIND_M.PSX00020000,KSE 100 Index,28-Feb-15,33632,Index,Normal,
Pakistan Stock Exchange – Important Indicators,TS_GP_MFS_PSXIND_M.PSX00020000,KSE 100 Index,31-Mar-15,30234,Index,Normal,
Pakistan Stock Exchange – Important Indicators,TS_GP_MFS_PSXIND_M.PSX00020000,KSE 100 Index,30-Apr-15,33730,Index,Normal,
Pakistan Stock Exchange – Important Indicators,TS_GP_MFS_PSXIND_M.PSX00020000,KSE 100 Index,31-May-15,33057,Index,Normal,
Pakistan Stock Exchange – Important Indicators,TS_GP_MFS_PSXIND_M.PSX00020000,KSE 100 Index,30-Jun-15,34399,Index,Normal,
Pakistan Stock Exchange – Important Indicators,TS_GP_MFS_PSXIND_M.PSX00020000,KSE 100 Index,31-Jul-15,35742,Index,Normal,
Pakistan Stock Exchange – Important Indicators,TS_GP_MFS_PSXIND_M.PSX00020000,KSE 100 Index,31-Aug-15,34727,Index,Normal,
Pakistan Stock Exchange – Important Indicators,TS_GP_MFS_PSXIND_M.PSX00020000,KSE 100 Index,30-Sep-15,32287,Index,Normal,
Pakistan Stock Exchange – Important Indicators,TS_GP_MFS_PSXIND_M.PSX00020000,KSE 100 Index,31-Oct-15,34262,Index,Normal,
Pakistan Stock Exchange – Important Indicators,TS_GP_MFS_PSXIND_M.PSX00020000,KSE 100 Index,30-Nov-15,32255,Index,Normal,
Pakistan Stock Exchange – Important Indicators,TS_GP_MFS_PSXIND_M.PSX00020000,KSE 100 Index,31-Dec-15,32816,Index,Normal,
Pakistan Stock Exchange – Important Indicators,TS_GP_MFS_PSXIND_M.PSX00020000,KSE 100 Index,31-Jan-16,31299,Index,Normal,
Pakistan Stock Exchange – Important Indicators,TS_GP_MFS_PSXIND_M.PSX00020000,KSE 100 Index,29-Feb-16,31370,Index,Normal,
Pakistan Stock Exchange – Important Indicators,TS_GP_MFS_PSXIND_M.PSX00020000,KSE 100 Index,31-Mar-16,33139,Index,Normal,
Pakistan Stock Exchange – Important Indicators,TS_GP_MFS_PSXIND_M.PSX00020000,KSE 100 Index,30-Apr-16,34719,Index,Normal,
Pakistan Stock Exchange – Important Indicators,TS_GP_MFS_PSXIND_M.PSX00020000,KSE 100 Index,31-May-16,36062,Index,Normal,
Pakistan Stock Exchange – Important Indicators,TS_GP_MFS_PSXIND_M.PSX00020000,KSE 100 Index,30-Jun-16,37784,Index,Normal,
Pakistan Stock Exchange – Important Indicators,TS_GP_MFS_PSXIND_M.PSX00020000,KSE 100 Index,31-Jul-16,39529,Index,Normal,
Pakistan Stock Exchange – Important Indicators,TS_GP_MFS_PSXIND_M.PSX00020000,KSE 100 Index,31-Aug-16,39810,Index,Normal,
Pakistan Stock Exchange – Important Indicators,TS_GP_MFS_PSXIND_M.PSX00020000,KSE 100 Index,30-Sep-16,40542,Index,Normal,
Pakistan Stock Exchange – Important Indicators,TS_GP_MFS_PSXIND_M.PSX00020000,KSE 100 Index,31-Oct-16,39894,Index,Normal,
Pakistan Stock Exchange – Important Indicators,TS_GP_MFS_PSXIND_M.PSX00020000,KSE 100 Index,30-Nov-16,42620,Index,Normal,
Pakistan Stock Exchange – Important Indicators,TS_GP_MFS_PSXIND_M.PSX00020000,KSE 100 Index,31-Dec-16,47807,Index,Normal,
Pakistan Stock Exchange – Important Indicators,TS_GP_MFS_PSXIND_M.PSX00020000,KSE 100 Index,31-Jan-17,48758,Index,Normal,
Pakistan Stock Exchange – Important Indicators,TS_GP_MFS_PSXIND_M.PSX00020000,KSE 100 Index,28-Feb-17,48534,Index,Normal,
Pakistan Stock Exchange – Important Indicators,TS_GP_MFS_PSXIND_M.PSX00020000,KSE 100 Index,31-Mar-17,48156,Index,Normal,
Pakistan Stock Exchange – Important Indicators,TS_GP_MFS_PSXIND_M.PSX00020000,KSE 100 Index,30-Apr-17,49301,Index,Normal,
Pakistan Stock Exchange – Important Indicators,TS_GP_MFS_PSXIND_M.PSX00020000,KSE 100 Index,31-May-17,50592,Index,Normal,
Pakistan Stock Exchange – Important Indicators,TS_GP_MFS_PSXIND_M.PSX00020000,KSE 100 Index,30-Jun-17,46565,Index,Normal,
Pakistan Stock Exchange – Important Indicators,TS_GP_MFS_PSXIND_M.PSX00020000,KSE 100 Index,31-Jul-17,46010,Index,Normal,
Pakistan Stock Exchange – Important Indicators,TS_GP_MFS_PSXIND_M.PSX00020000,KSE 100 Index,31-Aug-17,41207,Index,Normal,
Pakistan Stock Exchange – Important Indicators,TS_GP_MFS_PSXIND_M.PSX00020000,KSE 100 Index,30-Sep-17,42409,Index,Normal,
Pakistan Stock Exchange – Important Indicators,TS_GP_MFS_PSXIND_M.PSX00020000,KSE 100 Index,31-Oct-17,39617,Index,Normal,
Pakistan Stock Exchange – Important Indicators,TS_GP_MFS_PSXIND_M.PSX00020000,KSE 100 Index,30-Nov-17,40010,Index,Normal,
Pakistan Stock Exchange – Important Indicators,TS_GP_MFS_PSXIND_M.PSX00020000,KSE 100 Index,31-Dec-17,40471,Index,Normal,
Pakistan Stock Exchange – Important Indicators,TS_GP_MFS_PSXIND_M.PSX00020000,KSE 100 Index,31-Jan-18,44049,Index,Normal,
Pakistan Stock Exchange – Important Indicators,TS_GP_MFS_PSXIND_M.PSX00020000,KSE 100 Index,28-Feb-18,43239,Index,Normal,
Pakistan Stock Exchange – Important Indicators,TS_GP_MFS_PSXIND_M.PSX00020000,KSE 100 Index,31-Mar-18,45560,Index,Normal,
Pakistan Stock Exchange – Important Indicators,TS_GP_MFS_PSXIND_M.PSX00020000,KSE 100 Index,30-Apr-18,45489,Index,Normal,
Pakistan Stock Exchange – Important Indicators,TS_GP_MFS_PSXIND_M.PSX00020000,KSE 100 Index,31-May-18,42847,Index,Normal,
Pakistan Stock Exchange – Important Indicators,TS_GP_MFS_PSXIND_M.PSX00020000,KSE 100 Index,30-Jun-18,41911,Index,Normal,
Pakistan Stock Exchange – Important Indicators,TS_GP_MFS_PSXIND_M.PSX00020000,KSE 100 Index,31-Jul-18,42712,Index,Normal,
Pakistan Stock Exchange – Important Indicators,TS_GP_MFS_PSXIND_M.PSX00020000,KSE 100 Index,31-Aug-18,41742,Index,Normal,
Pakistan Stock Exchange – Important Indicators,TS_GP_MFS_PSXIND_M.PSX00020000,KSE 100 Index,30-Sep-18,40999,Index,Normal,
Pakistan Stock Exchange – Important Indicators,TS_GP_MFS_PSXIND_M.PSX00020000,KSE 100 Index,31-Oct-18,41649,Index,Normal,
Pakistan Stock Exchange – Important Indicators,TS_GP_MFS_PSXIND_M.PSX00020000,KSE 100 Index,30-Nov-18,40496,Index,Normal,
Pakistan Stock Exchange – Important Indicators,TS_GP_MFS_PSXIND_M.PSX00020000,KSE 100 Index,31-Dec-18,37067,Index,Normal,
Pakistan Stock Exchange – Important Indicators,TS_GP_MFS_PSXIND_M.PSX00020000,KSE 100 Index,31-Jan-19,40800,Index,Normal,
Pakistan Stock Exchange – Important Indicators,TS_GP_MFS_PSXIND_M.PSX00020000,KSE 100 Index,28-Feb-19,39055,Index,Normal,
Pakistan Stock Exchange – Important Indicators,TS_GP_MFS_PSXIND_M.PSX00020000,KSE 100 Index,31-Mar-19,38649,Index,Normal,
Pakistan Stock Exchange – Important Indicators,TS_GP_MFS_PSXIND_M.PSX00020000,KSE 100 Index,30-Apr-19,36784,Index,Normal,
Pakistan Stock Exchange – Important Indicators,TS_GP_MFS_PSXIND_M.PSX00020000,KSE 100 Index,31-May-19,35975,Index,Normal,
Pakistan Stock Exchange – Important Indicators,TS_GP_MFS_PSXIND_M.PSX00020000,KSE 100 Index,30-Jun-19,33902,Index,Normal,
Pakistan Stock Exchange – Important Indicators,TS_GP_MFS_PSXIND_M.PSX00020000,KSE 100 Index,31-Jul-19,31938,Index,Normal,
Pakistan Stock Exchange – Important Indicators,TS_GP_MFS_PSXIND_M.PSX00020000,KSE 100 Index,31-Aug-19,29672,Index,Normal,
Pakistan Stock Exchange – Important Indicators,TS_GP_MFS_PSXIND_M.PSX00020000,KSE 100 Index,30-Sep-19,32079,Index,Normal,
Pakistan Stock Exchange – Important Indicators,TS_GP_MFS_PSXIND_M.PSX00020000,KSE 100 Index,31-Oct-19,34204,Index,Normal,
Pakistan Stock Exchange – Important Indicators,TS_GP_MFS_PSXIND_M.PSX00020000,KSE 100 Index,30-Nov-19,39288,Index,Normal,
Pakistan Stock Exchange – Important Indicators,TS_GP_MFS_PSXIND_M.PSX00020000,KSE 100 Index,31-Dec-19,40735,Index,Normal,
Pakistan Stock Exchange – Important Indicators,TS_GP_MFS_PSXIND_M.PSX00020000,KSE 100 Index,31-Jan-20,41631,Index,Normal,
Pakistan Stock Exchange – Important Indicators,TS_GP_MFS_PSXIND_M.PSX00020000,KSE 100 Index,29-Feb-20,37984,Index,Normal,
Pakistan Stock Exchange – Important Indicators,TS_GP_MFS_PSXIND_M.PSX00020000,KSE 100 Index,31-Mar-20,29232,Index,Normal,
Pakistan Stock Exchange – Important Indicators,TS_GP_MFS_PSXIND_M.PSX00020000,KSE 100 Index,30-Apr-20,34112,Index,Normal,
Pakistan Stock Exchange – Important Indicators,TS_GP_MFS_PSXIND_M.PSX00020000,KSE 100 Index,31-May-20,33931,Index,Normal,
Pakistan Stock Exchange – Important Indicators,TS_GP_MFS_PSXIND_M.PSX00020000,KSE 100 Index,30-Jun-20,34422,Index,Normal,
Pakistan Stock Exchange – Important Indicators,TS_GP_MFS_PSXIND_M.PSX00020000,KSE 100 Index,31-Jul-20,39258,Index,Normal,
Pakistan Stock Exchange – Important Indicators,TS_GP_MFS_PSXIND_M.PSX00020000,KSE 100 Index,31-Aug-20,41111,Index,Normal,
Pakistan Stock Exchange – Important Indicators,TS_GP_MFS_PSXIND_M.PSX00020000,KSE 100 Index,30-Sep-20,40571,Index,Normal,
Pakistan Stock Exchange – Important Indicators,TS_GP_MFS_PSXIND_M.PSX00020000,KSE 100 Index,31-Oct-20,39888,Index,Normal,
Pakistan Stock Exchange – Important Indicators,TS_GP_MFS_PSXIND_M.PSX00020000,KSE 100 Index,30-Nov-20,41069,Index,Normal,
Pakistan Stock Exchange – Important Indicators,TS_GP_MFS_PSXIND_M.PSX00020000,KSE 100 Index,31-Dec-20,43755,Index,Normal,
Pakistan Stock Exchange – Important Indicators,TS_GP_MFS_PSXIND_M.PSX00020000,KSE 100 Index,31-Jan-21,46386,Index,Normal,
Pakistan Stock Exchange – Important Indicators,TS_GP_MFS_PSXIND_M.PSX00020000,KSE 100 Index,28-Feb-21,45865,Index,Normal,
Pakistan Stock Exchange – Important Indicators,TS_GP_MFS_PSXIND_M.PSX00020000,KSE 100 Index,31-Mar-21,44588,Index,Normal,
Pakistan Stock Exchange – Important Indicators,TS_GP_MFS_PSXIND_M.PSX00020000,KSE 100 Index,30-Apr-21,44262,Index,Normal,
Pakistan Stock Exchange – Important Indicators,TS_GP_MFS_PSXIND_M.PSX00020000,KSE 100 Index,31-May-21,47896.34,Index,Normal,
Pakistan Stock Exchange – Important Indicators,TS_GP_MFS_PSXIND_M.PSX00020000,KSE 100 Index,30-Jun-21,47356.02,Index,Normal,
Pakistan Stock Exchange – Important Indicators,TS_GP_MFS_PSXIND_M.PSX00020000,KSE 100 Index,31-Jul-21,47055.29,Index,Normal,
Pakistan Stock Exchange – Important Indicators,TS_GP_MFS_PSXIND_M.PSX00020000,KSE 100 Index,31-Aug-21,47419.74,Index,Normal,
Pakistan Stock Exchange – Important Indicators,TS_GP_MFS_PSXIND_M.PSX00020000,KSE 100 Index,30-Sep-21,44899.6,Index,Normal,
Pakistan Stock Exchange – Important Indicators,TS_GP_MFS_PSXIND_M.PSX00020000,KSE 100 Index,31-Oct-21,46184.71,Index,Normal,
Pakistan Stock Exchange – Important Indicators,TS_GP_MFS_PSXIND_M.PSX00020000,KSE 100 Index,30-Nov-21,45072.38,Index,Normal,
Pakistan Stock Exchange – Important Indicators,TS_GP_MFS_PSXIND_M.PSX00020000,KSE 100 Index,31-Dec-21,44596.07,Index,Normal,
Pakistan Stock Exchange – Important Indicators,TS_GP_MFS_PSXIND_M.PSX00020000,KSE 100 Index,31-Jan-22,45374.68,Index,Normal,
Pakistan Stock Exchange – Important Indicators,TS_GP_MFS_PSXIND_M.PSX00020000,KSE 100 Index,28-Feb-22,44461.01,Index,Normal,
Pakistan Stock Exchange – Important Indicators,TS_GP_MFS_PSXIND_M.PSX00020000,KSE 100 Index,31-Mar-22,44928.83,Index,Normal,
Pakistan Stock Exchange – Important Indicators,TS_GP_MFS_PSXIND_M.PSX00020000,KSE 100 Index,30-Apr-22,45249.41,Index,Normal,
Pakistan Stock Exchange – Important Indicators,TS_GP_MFS_PSXIND_M.PSX00020000,KSE 100 Index,31-May-22,43078.14,Index,Normal,
Pakistan Stock Exchange – Important Indicators,TS_GP_MFS_PSXIND_M.PSX00020000,KSE 100 Index,30-Jun-22,41540.83,Index,Normal,
Pakistan Stock Exchange – Important Indicators,TS_GP_MFS_PSXIND_M.PSX00020000,KSE 100 Index,31-Jul-22,40150.36,Index,Normal,
Pakistan Stock Exchange – Important Indicators,TS_GP_MFS_PSXIND_M.PSX00020000,KSE 100 Index,31-Aug-22,42351.2,Index,Normal,
Pakistan Stock Exchange – Important Indicators,TS_GP_MFS_PSXIND_M.PSX00020000,KSE 100 Index,30-Sep-22,41128.7,Index,Normal,
Pakistan Stock Exchange – Important Indicators,TS_GP_MFS_PSXIND_M.PSX00020000,KSE 100 Index,31-Oct-22,41264.7,Index,Normal,
Pakistan Stock Exchange – Important Indicators,TS_GP_MFS_PSXIND_M.PSX00020000,KSE 100 Index,30-Nov-22,42348.63,Index,Normal,
Pakistan Stock Exchange – Important Indicators,TS_GP_MFS_PSXIND_M.PSX00020000,KSE 100 Index,31-Dec-22,40420.45,Index,Normal,
Pakistan Stock Exchange – Important Indicators,TS_GP_MFS_PSXIND_M.PSX00020000,KSE 100 Index,31-Jan-23,40673.06,Index,Normal,
Pakistan Stock Exchange – Important Indicators,TS_GP_MFS_PSXIND_M.PSX00020000,KSE 100 Index,28-Feb-23,40510.37,Index,Normal,
Pakistan Stock Exchange – Important Indicators,TS_GP_MFS_PSXIND_M.PSX00020000,KSE 100 Index,31-Mar-23,40001,Index,Normal,
Pakistan Stock Exchange – Important Indicators,TS_GP_MFS_PSXIND_M.PSX00020000,KSE 100 Index,30-Apr-23,41581,Index,Normal,
Pakistan Stock Exchange – Important Indicators,TS_GP_MFS_PSXIND_M.PSX00020000,KSE 100 Index,31-May-23,41331,Index,Normal,
Pakistan Stock Exchange – Important Indicators,TS_GP_MFS_PSXIND_M.PSX00020000,KSE 100 Index,30-Jun-23,41453,Index,Normal,
Pakistan Stock Exchange – Important Indicators,TS_GP_MFS_PSXIND_M.PSX00020000,KSE 100 Index,31-Jul-23,48035,Index,Normal,
Pakistan Stock Exchange – Important Indicators,TS_GP_MFS_PSXIND_M.PSX00020000,KSE 100 Index,31-Aug-23,45002,Index,Normal,
Pakistan Stock Exchange – Important Indicators,TS_GP_MFS_PSXIND_M.PSX00020000,KSE 100 Index,30-Sep-23,46233,Index,Normal,
Pakistan Stock Exchange – Important Indicators,TS_GP_MFS_PSXIND_M.PSX00020000,KSE 100 Index,31-Oct-23,51920,Index,Normal,
Pakistan Stock Exchange – Important Indicators,TS_GP_MFS_PSXIND_M.PSX00020000,KSE 100 Index,30-Nov-23,60531,Index,Normal,
Pakistan Stock Exchange – Important Indicators,TS_GP_MFS_PSXIND_M.PSX00020000,KSE 100 Index,31-Dec-23,62451,Index,Normal,
Pakistan Stock Exchange – Important Indicators,TS_GP_MFS_PSXIND_M.PSX00020000,KSE 100 Index,31-Jan-24,61979,Index,Normal,
Pakistan Stock Exchange – Important Indicators,TS_GP_MFS_PSXIND_M.PSX00020000,KSE 100 Index,29-Feb-24,64579,Index,Normal,
Pakistan Stock Exchange – Important Indicators,TS_GP_MFS_PSXIND_M.PSX00020000,KSE 100 Index,29-Mar-24,67005,Index,Normal,
Pakistan Stock Exchange – Important Indicators,TS_GP_MFS_PSXIND_M.PSX00020000,KSE 100 Index,30-Apr-24,71103,Index,Normal,
Pakistan Stock Exchange – Important Indicators,TS_GP_MFS_PSXIND_M.PSX00020000,KSE 100 Index,31-May-24,75878,Index,Normal,
Pakistan Stock Exchange – Important Indicators,TS_GP_MFS_PSXIND_M.PSX00020000,KSE 100 Index,28-Jun-24,78445,Index,Normal,
Pakistan Stock Exchange – Important Indicators,TS_GP_MFS_PSXIND_M.PSX00020000,KSE 100 Index,31-Jul-24,77887,Index,Normal,
Pakistan Stock Exchange – Important Indicators,TS_GP_MFS_PSXIND_M.PSX00020000,KSE 100 Index,31-Aug-24,78488,Index,Normal,
Pakistan Stock Exchange – Important Indicators,TS_GP_MFS_PSXIND_M.PSX00020000,KSE 100 Index,30-Sep-24,81114,Index,Normal,
Pakistan Stock Exchange – Important Indicators,TS_GP_MFS_PSXIND_M.PSX00020000,KSE 100 Index,31-Oct-24,88967,Index,Normal,
Pakistan Stock Exchange – Important Indicators,TS_GP_MFS_PSXIND_M.PSX00020000,KSE 100 Index,30-Nov-24,101357,Index,Normal,
