Dataset,Series Key,Series,Observation Date,Observation Value,Unit,Observation Status,Observation Status Comment
Weighted Average Lending and Deposit Rates,TS_GP_BAM_WALDR_M.WALD01410000,WAR_All_Banks_OD_in.0_in.IB,31-Jan-04,1.34,Percent,Normal,
Weighted Average Lending and Deposit Rates,TS_GP_BAM_WALDR_M.WALD01410000,WAR_All_Banks_OD_in.0_in.IB,29-Feb-04,1.32,Percent,Normal,
Weighted Average Lending and Deposit Rates,TS_GP_BAM_WALDR_M.WALD01410000,WAR_All_Banks_OD_in.0_in.IB,31-Mar-04,1.3,Percent,Normal,
Weighted Average Lending and Deposit Rates,TS_GP_BAM_WALDR_M.WALD01410000,WAR_All_Banks_OD_in.0_in.IB,30-Apr-04,1.21,Percent,Normal,
Weighted Average Lending and Deposit Rates,TS_GP_BAM_WALDR_M.WALD01410000,WAR_All_Banks_OD_in.0_in.IB,31-May-04,1.21,Percent,Normal,
Weighted Average Lending and Deposit Rates,TS_GP_BAM_WALDR_M.WALD01410000,WAR_All_Banks_OD_in.0_in.IB,30-Jun-04,1.21,Percent,Normal,
Weighted Average Lending and Deposit Rates,TS_GP_BAM_WALDR_M.WALD01410000,WAR_All_Banks_OD_in.0_in.IB,31-Jul-04,1.2,Percent,Normal,
Weighted Average Lending and Deposit Rates,TS_GP_BAM_WALDR_M.WALD01410000,WAR_All_Banks_OD_in.0_in.IB,31-Aug-04,1.2,Percent,Normal,
Weighted Average Lending and Deposit Rates,TS_GP_BAM_WALDR_M.WALD01410000,WAR_All_Banks_OD_in.0_in.IB,30-Sep-04,1.22,Percent,Normal,
Weighted Average Lending and Deposit Rates,TS_GP_BAM_WALDR_M.WALD01410000,WAR_All_Banks_OD_in.0_in.IB,31-Oct-04,1.18,Percent,Normal,
Weighted Average Lending and Deposit Rates,TS_GP_BAM_WALDR_M.WALD01410000,WAR_All_Banks_OD_in.0_in.IB,30-Nov-04,1.21,Percent,Normal,
Weighted Average Lending and Deposit Rates,TS_GP_BAM_WALDR_M.WALD01410000,WAR_All_Banks_OD_in.0_in.IB,31-Dec-04,1.3,Percent,Normal,
Weighted Average Lending and Deposit Rates,TS_GP_BAM_WALDR_M.WALD01410000,WAR_All_Banks_OD_in.0_in.IB,31-Jan-05,1.35,Percent,Normal,
Weighted Average Lending and Deposit Rates,TS_GP_BAM_WALDR_M.WALD01410000,WAR_All_Banks_OD_in.0_in.IB,28-Feb-05,1.37,Percent,Normal,
Weighted Average Lending and Deposit Rates,TS_GP_BAM_WALDR_M.WALD01410000,WAR_All_Banks_OD_in.0_in.IB,31-Mar-05,1.43,Percent,Normal,
Weighted Average Lending and Deposit Rates,TS_GP_BAM_WALDR_M.WALD01410000,WAR_All_Banks_OD_in.0_in.IB,30-Apr-05,1.55,Percent,Normal,
Weighted Average Lending and Deposit Rates,TS_GP_BAM_WALDR_M.WALD01410000,WAR_All_Banks_OD_in.0_in.IB,31-May-05,1.71,Percent,Normal,
Weighted Average Lending and Deposit Rates,TS_GP_BAM_WALDR_M.WALD01410000,WAR_All_Banks_OD_in.0_in.IB,30-Jun-05,1.85,Percent,Normal,
Weighted Average Lending and Deposit Rates,TS_GP_BAM_WALDR_M.WALD01410000,WAR_All_Banks_OD_in.0_in.IB,31-Jul-05,2.06,Percent,Normal,
Weighted Average Lending and Deposit Rates,TS_GP_BAM_WALDR_M.WALD01410000,WAR_All_Banks_OD_in.0_in.IB,31-Aug-05,2.16,Percent,Normal,
Weighted Average Lending and Deposit Rates,TS_GP_BAM_WALDR_M.WALD01410000,WAR_All_Banks_OD_in.0_in.IB,30-Sep-05,2.21,Percent,Normal,
Weighted Average Lending and Deposit Rates,TS_GP_BAM_WALDR_M.WALD01410000,WAR_All_Banks_OD_in.0_in.IB,31-Oct-05,2.31,Percent,Normal,
Weighted Average Lending and Deposit Rates,TS_GP_BAM_WALDR_M.WALD01410000,WAR_All_Banks_OD_in.0_in.IB,30-Nov-05,2.37,Percent,Normal,
Weighted Average Lending and Deposit Rates,TS_GP_BAM_WALDR_M.WALD01410000,WAR_All_Banks_OD_in.0_in.IB,31-Dec-05,2.55,Percent,Normal,
Weighted Average Lending and Deposit Rates,TS_GP_BAM_WALDR_M.WALD01410000,WAR_All_Banks_OD_in.0_in.IB,31-Jan-06,2.62,Percent,Normal,
Weighted Average Lending and Deposit Rates,TS_GP_BAM_WALDR_M.WALD01410000,WAR_All_Banks_OD_in.0_in.IB,28-Feb-06,2.75,Percent,Normal,
Weighted Average Lending and Deposit Rates,TS_GP_BAM_WALDR_M.WALD01410000,WAR_All_Banks_OD_in.0_in.IB,31-Mar-06,2.75,Percent,Normal,
Weighted Average Lending and Deposit Rates,TS_GP_BAM_WALDR_M.WALD01410000,WAR_All_Banks_OD_in.0_in.IB,30-Apr-06,2.85,Percent,Normal,
Weighted Average Lending and Deposit Rates,TS_GP_BAM_WALDR_M.WALD01410000,WAR_All_Banks_OD_in.0_in.IB,31-May-06,2.91,Percent,Normal,
Weighted Average Lending and Deposit Rates,TS_GP_BAM_WALDR_M.WALD01410000,WAR_All_Banks_OD_in.0_in.IB,30-Jun-06,2.89,Percent,Normal,
Weighted Average Lending and Deposit Rates,TS_GP_BAM_WALDR_M.WALD01410000,WAR_All_Banks_OD_in.0_in.IB,31-Jul-06,3.09,Percent,Normal,
Weighted Average Lending and Deposit Rates,TS_GP_BAM_WALDR_M.WALD01410000,WAR_All_Banks_OD_in.0_in.IB,31-Aug-06,3.14,Percent,Normal,
Weighted Average Lending and Deposit Rates,TS_GP_BAM_WALDR_M.WALD01410000,WAR_All_Banks_OD_in.0_in.IB,30-Sep-06,3.24,Percent,Normal,
Weighted Average Lending and Deposit Rates,TS_GP_BAM_WALDR_M.WALD01410000,WAR_All_Banks_OD_in.0_in.IB,31-Oct-06,3.35,Percent,Normal,
Weighted Average Lending and Deposit Rates,TS_GP_BAM_WALDR_M.WALD01410000,WAR_All_Banks_OD_in.0_in.IB,30-Nov-06,3.59,Percent,Normal,
Weighted Average Lending and Deposit Rates,TS_GP_BAM_WALDR_M.WALD01410000,WAR_All_Banks_OD_in.0_in.IB,31-Dec-06,3.66,Percent,Normal,
Weighted Average Lending and Deposit Rates,TS_GP_BAM_WALDR_M.WALD01410000,WAR_All_Banks_OD_in.0_in.IB,31-Jan-07,3.72,Percent,Normal,
Weighted Average Lending and Deposit Rates,TS_GP_BAM_WALDR_M.WALD01410000,WAR_All_Banks_OD_in.0_in.IB,28-Feb-07,3.82,Percent,Normal,
Weighted Average Lending and Deposit Rates,TS_GP_BAM_WALDR_M.WALD01410000,WAR_All_Banks_OD_in.0_in.IB,31-Mar-07,3.92,Percent,Normal,
Weighted Average Lending and Deposit Rates,TS_GP_BAM_WALDR_M.WALD01410000,WAR_All_Banks_OD_in.0_in.IB,30-Apr-07,3.92,Percent,Normal,
Weighted Average Lending and Deposit Rates,TS_GP_BAM_WALDR_M.WALD01410000,WAR_All_Banks_OD_in.0_in.IB,31-May-07,4.02,Percent,Normal,
Weighted Average Lending and Deposit Rates,TS_GP_BAM_WALDR_M.WALD01410000,WAR_All_Banks_OD_in.0_in.IB,30-Jun-07,3.98,Percent,Normal,
Weighted Average Lending and Deposit Rates,TS_GP_BAM_WALDR_M.WALD01410000,WAR_All_Banks_OD_in.0_in.IB,31-Jul-07,4.03,Percent,Normal,
Weighted Average Lending and Deposit Rates,TS_GP_BAM_WALDR_M.WALD01410000,WAR_All_Banks_OD_in.0_in.IB,31-Aug-07,4.12,Percent,Normal,
Weighted Average Lending and Deposit Rates,TS_GP_BAM_WALDR_M.WALD01410000,WAR_All_Banks_OD_in.0_in.IB,30-Sep-07,4.12,Percent,Normal,
Weighted Average Lending and Deposit Rates,TS_GP_BAM_WALDR_M.WALD01410000,WAR_All_Banks_OD_in.0_in.IB,31-Oct-07,4.14,Percent,Normal,
Weighted Average Lending and Deposit Rates,TS_GP_BAM_WALDR_M.WALD01410000,WAR_All_Banks_OD_in.0_in.IB,30-Nov-07,4.11,Percent,Normal,
Weighted Average Lending and Deposit Rates,TS_GP_BAM_WALDR_M.WALD01410000,WAR_All_Banks_OD_in.0_in.IB,31-Dec-07,4.13,Percent,Normal,
Weighted Average Lending and Deposit Rates,TS_GP_BAM_WALDR_M.WALD01410000,WAR_All_Banks_OD_in.0_in.IB,31-Jan-08,4.19,Percent,Normal,
Weighted Average Lending and Deposit Rates,TS_GP_BAM_WALDR_M.WALD01410000,WAR_All_Banks_OD_in.0_in.IB,29-Feb-08,4.17,Percent,Normal,
Weighted Average Lending and Deposit Rates,TS_GP_BAM_WALDR_M.WALD01410000,WAR_All_Banks_OD_in.0_in.IB,31-Mar-08,4.17,Percent,Normal,
Weighted Average Lending and Deposit Rates,TS_GP_BAM_WALDR_M.WALD01410000,WAR_All_Banks_OD_in.0_in.IB,30-Apr-08,4.18,Percent,Normal,
Weighted Average Lending and Deposit Rates,TS_GP_BAM_WALDR_M.WALD01410000,WAR_All_Banks_OD_in.0_in.IB,31-May-08,4.21,Percent,Normal,
Weighted Average Lending and Deposit Rates,TS_GP_BAM_WALDR_M.WALD01410000,WAR_All_Banks_OD_in.0_in.IB,30-Jun-08,5.18,Percent,Normal,
Weighted Average Lending and Deposit Rates,TS_GP_BAM_WALDR_M.WALD01410000,WAR_All_Banks_OD_in.0_in.IB,31-Jul-08,5.47,Percent,Normal,
Weighted Average Lending and Deposit Rates,TS_GP_BAM_WALDR_M.WALD01410000,WAR_All_Banks_OD_in.0_in.IB,31-Aug-08,5.56,Percent,Normal,
Weighted Average Lending and Deposit Rates,TS_GP_BAM_WALDR_M.WALD01410000,WAR_All_Banks_OD_in.0_in.IB,30-Sep-08,5.85,Percent,Normal,
Weighted Average Lending and Deposit Rates,TS_GP_BAM_WALDR_M.WALD01410000,WAR_All_Banks_OD_in.0_in.IB,31-Oct-08,6.17,Percent,Normal,
Weighted Average Lending and Deposit Rates,TS_GP_BAM_WALDR_M.WALD01410000,WAR_All_Banks_OD_in.0_in.IB,30-Nov-08,6.5,Percent,Normal,
Weighted Average Lending and Deposit Rates,TS_GP_BAM_WALDR_M.WALD01410000,WAR_All_Banks_OD_in.0_in.IB,31-Dec-08,6.7,Percent,Normal,
Weighted Average Lending and Deposit Rates,TS_GP_BAM_WALDR_M.WALD01410000,WAR_All_Banks_OD_in.0_in.IB,31-Jan-09,6.88,Percent,Normal,
Weighted Average Lending and Deposit Rates,TS_GP_BAM_WALDR_M.WALD01410000,WAR_All_Banks_OD_in.0_in.IB,28-Feb-09,6.96,Percent,Normal,
Weighted Average Lending and Deposit Rates,TS_GP_BAM_WALDR_M.WALD01410000,WAR_All_Banks_OD_in.0_in.IB,31-Mar-09,6.72,Percent,Normal,
Weighted Average Lending and Deposit Rates,TS_GP_BAM_WALDR_M.WALD01410000,WAR_All_Banks_OD_in.0_in.IB,30-Apr-09,6.6,Percent,Normal,
Weighted Average Lending and Deposit Rates,TS_GP_BAM_WALDR_M.WALD01410000,WAR_All_Banks_OD_in.0_in.IB,31-May-09,6.62,Percent,Normal,
Weighted Average Lending and Deposit Rates,TS_GP_BAM_WALDR_M.WALD01410000,WAR_All_Banks_OD_in.0_in.IB,30-Jun-09,6.5,Percent,Normal,
Weighted Average Lending and Deposit Rates,TS_GP_BAM_WALDR_M.WALD01410000,WAR_All_Banks_OD_in.0_in.IB,31-Jul-09,6.44,Percent,Normal,
Weighted Average Lending and Deposit Rates,TS_GP_BAM_WALDR_M.WALD01410000,WAR_All_Banks_OD_in.0_in.IB,31-Aug-09,6.41,Percent,Normal,
Weighted Average Lending and Deposit Rates,TS_GP_BAM_WALDR_M.WALD01410000,WAR_All_Banks_OD_in.0_in.IB,30-Sep-09,6.29,Percent,Normal,
Weighted Average Lending and Deposit Rates,TS_GP_BAM_WALDR_M.WALD01410000,WAR_All_Banks_OD_in.0_in.IB,31-Oct-09,6.26,Percent,Normal,
Weighted Average Lending and Deposit Rates,TS_GP_BAM_WALDR_M.WALD01410000,WAR_All_Banks_OD_in.0_in.IB,30-Nov-09,6.25,Percent,Normal,
Weighted Average Lending and Deposit Rates,TS_GP_BAM_WALDR_M.WALD01410000,WAR_All_Banks_OD_in.0_in.IB,31-Dec-09,6.14,Percent,Normal,
Weighted Average Lending and Deposit Rates,TS_GP_BAM_WALDR_M.WALD01410000,WAR_All_Banks_OD_in.0_in.IB,31-Jan-10,6.1,Percent,Normal,
Weighted Average Lending and Deposit Rates,TS_GP_BAM_WALDR_M.WALD01410000,WAR_All_Banks_OD_in.0_in.IB,28-Feb-10,6.07,Percent,Normal,
Weighted Average Lending and Deposit Rates,TS_GP_BAM_WALDR_M.WALD01410000,WAR_All_Banks_OD_in.0_in.IB,31-Mar-10,6.1,Percent,Normal,
Weighted Average Lending and Deposit Rates,TS_GP_BAM_WALDR_M.WALD01410000,WAR_All_Banks_OD_in.0_in.IB,30-Apr-10,6.03,Percent,Normal,
Weighted Average Lending and Deposit Rates,TS_GP_BAM_WALDR_M.WALD01410000,WAR_All_Banks_OD_in.0_in.IB,31-May-10,6.05,Percent,Normal,
Weighted Average Lending and Deposit Rates,TS_GP_BAM_WALDR_M.WALD01410000,WAR_All_Banks_OD_in.0_in.IB,30-Jun-10,5.79,Percent,Normal,
Weighted Average Lending and Deposit Rates,TS_GP_BAM_WALDR_M.WALD01410000,WAR_All_Banks_OD_in.0_in.IB,31-Jul-10,5.84,Percent,Normal,
Weighted Average Lending and Deposit Rates,TS_GP_BAM_WALDR_M.WALD01410000,WAR_All_Banks_OD_in.0_in.IB,31-Aug-10,5.82,Percent,Normal,
Weighted Average Lending and Deposit Rates,TS_GP_BAM_WALDR_M.WALD01410000,WAR_All_Banks_OD_in.0_in.IB,30-Sep-10,5.77,Percent,Normal,
Weighted Average Lending and Deposit Rates,TS_GP_BAM_WALDR_M.WALD01410000,WAR_All_Banks_OD_in.0_in.IB,31-Oct-10,5.83,Percent,Normal,
Weighted Average Lending and Deposit Rates,TS_GP_BAM_WALDR_M.WALD01410000,WAR_All_Banks_OD_in.0_in.IB,30-Nov-10,5.88,Percent,Normal,
Weighted Average Lending and Deposit Rates,TS_GP_BAM_WALDR_M.WALD01410000,WAR_All_Banks_OD_in.0_in.IB,31-Dec-10,5.91,Percent,Normal,
Weighted Average Lending and Deposit Rates,TS_GP_BAM_WALDR_M.WALD01410000,WAR_All_Banks_OD_in.0_in.IB,31-Jan-11,6.02,Percent,Normal,
Weighted Average Lending and Deposit Rates,TS_GP_BAM_WALDR_M.WALD01410000,WAR_All_Banks_OD_in.0_in.IB,28-Feb-11,6.04,Percent,Normal,
Weighted Average Lending and Deposit Rates,TS_GP_BAM_WALDR_M.WALD01410000,WAR_All_Banks_OD_in.0_in.IB,31-Mar-11,5.97,Percent,Normal,
Weighted Average Lending and Deposit Rates,TS_GP_BAM_WALDR_M.WALD01410000,WAR_All_Banks_OD_in.0_in.IB,30-Apr-11,6.03,Percent,Normal,
Weighted Average Lending and Deposit Rates,TS_GP_BAM_WALDR_M.WALD01410000,WAR_All_Banks_OD_in.0_in.IB,31-May-11,6,Percent,Normal,
Weighted Average Lending and Deposit Rates,TS_GP_BAM_WALDR_M.WALD01410000,WAR_All_Banks_OD_in.0_in.IB,30-Jun-11,5.92,Percent,Normal,
Weighted Average Lending and Deposit Rates,TS_GP_BAM_WALDR_M.WALD01410000,WAR_All_Banks_OD_in.0_in.IB,31-Jul-11,5.88,Percent,Normal,
Weighted Average Lending and Deposit Rates,TS_GP_BAM_WALDR_M.WALD01410000,WAR_All_Banks_OD_in.0_in.IB,31-Aug-11,6.06,Percent,Normal,
Weighted Average Lending and Deposit Rates,TS_GP_BAM_WALDR_M.WALD01410000,WAR_All_Banks_OD_in.0_in.IB,30-Sep-11,6.18,Percent,Normal,
Weighted Average Lending and Deposit Rates,TS_GP_BAM_WALDR_M.WALD01410000,WAR_All_Banks_OD_in.0_in.IB,31-Oct-11,6.01,Percent,Normal,
Weighted Average Lending and Deposit Rates,TS_GP_BAM_WALDR_M.WALD01410000,WAR_All_Banks_OD_in.0_in.IB,30-Nov-11,5.99,Percent,Normal,
Weighted Average Lending and Deposit Rates,TS_GP_BAM_WALDR_M.WALD01410000,WAR_All_Banks_OD_in.0_in.IB,31-Dec-11,5.88,Percent,Normal,
Weighted Average Lending and Deposit Rates,TS_GP_BAM_WALDR_M.WALD01410000,WAR_All_Banks_OD_in.0_in.IB,31-Jan-12,5.88,Percent,Normal,
Weighted Average Lending and Deposit Rates,TS_GP_BAM_WALDR_M.WALD01410000,WAR_All_Banks_OD_in.0_in.IB,29-Feb-12,5.85,Percent,Normal,
Weighted Average Lending and Deposit Rates,TS_GP_BAM_WALDR_M.WALD01410000,WAR_All_Banks_OD_in.0_in.IB,31-Mar-12,5.74,Percent,Normal,
Weighted Average Lending and Deposit Rates,TS_GP_BAM_WALDR_M.WALD01410000,WAR_All_Banks_OD_in.0_in.IB,30-Apr-12,5.76,Percent,Normal,
Weighted Average Lending and Deposit Rates,TS_GP_BAM_WALDR_M.WALD01410000,WAR_All_Banks_OD_in.0_in.IB,31-May-12,5.88,Percent,Normal,
Weighted Average Lending and Deposit Rates,TS_GP_BAM_WALDR_M.WALD01410000,WAR_All_Banks_OD_in.0_in.IB,30-Jun-12,5.82,Percent,Normal,
Weighted Average Lending and Deposit Rates,TS_GP_BAM_WALDR_M.WALD01410000,WAR_All_Banks_OD_in.0_in.IB,31-Jul-12,5.88,Percent,Normal,
Weighted Average Lending and Deposit Rates,TS_GP_BAM_WALDR_M.WALD01410000,WAR_All_Banks_OD_in.0_in.IB,31-Aug-12,5.87,Percent,Normal,
Weighted Average Lending and Deposit Rates,TS_GP_BAM_WALDR_M.WALD01410000,WAR_All_Banks_OD_in.0_in.IB,30-Sep-12,5.75,Percent,Normal,
Weighted Average Lending and Deposit Rates,TS_GP_BAM_WALDR_M.WALD01410000,WAR_All_Banks_OD_in.0_in.IB,31-Oct-12,5.64,Percent,Normal,
Weighted Average Lending and Deposit Rates,TS_GP_BAM_WALDR_M.WALD01410000,WAR_All_Banks_OD_in.0_in.IB,30-Nov-12,5.58,Percent,Normal,
Weighted Average Lending and Deposit Rates,TS_GP_BAM_WALDR_M.WALD01410000,WAR_All_Banks_OD_in.0_in.IB,31-Dec-12,5.43,Percent,Normal,
Weighted Average Lending and Deposit Rates,TS_GP_BAM_WALDR_M.WALD01410000,WAR_All_Banks_OD_in.0_in.IB,31-Jan-13,5.39,Percent,Normal,
Weighted Average Lending and Deposit Rates,TS_GP_BAM_WALDR_M.WALD01410000,WAR_All_Banks_OD_in.0_in.IB,28-Feb-13,5.34,Percent,Normal,
Weighted Average Lending and Deposit Rates,TS_GP_BAM_WALDR_M.WALD01410000,WAR_All_Banks_OD_in.0_in.IB,31-Mar-13,5.26,Percent,Normal,
Weighted Average Lending and Deposit Rates,TS_GP_BAM_WALDR_M.WALD01410000,WAR_All_Banks_OD_in.0_in.IB,30-Apr-13,5.23,Percent,Normal,
Weighted Average Lending and Deposit Rates,TS_GP_BAM_WALDR_M.WALD01410000,WAR_All_Banks_OD_in.0_in.IB,31-May-13,5.15,Percent,Normal,
Weighted Average Lending and Deposit Rates,TS_GP_BAM_WALDR_M.WALD01410000,WAR_All_Banks_OD_in.0_in.IB,30-Jun-13,5.01,Percent,Normal,
Weighted Average Lending and Deposit Rates,TS_GP_BAM_WALDR_M.WALD01410000,WAR_All_Banks_OD_in.0_in.IB,31-Jul-13,4.97,Percent,Normal,
Weighted Average Lending and Deposit Rates,TS_GP_BAM_WALDR_M.WALD01410000,WAR_All_Banks_OD_in.0_in.IB,31-Aug-13,4.829101316,Percent,Normal,
Weighted Average Lending and Deposit Rates,TS_GP_BAM_WALDR_M.WALD01410000,WAR_All_Banks_OD_in.0_in.IB,30-Sep-13,4.793547458,Percent,Normal,
Weighted Average Lending and Deposit Rates,TS_GP_BAM_WALDR_M.WALD01410000,WAR_All_Banks_OD_in.0_in.IB,31-Oct-13,4.8987371,Percent,Normal,
Weighted Average Lending and Deposit Rates,TS_GP_BAM_WALDR_M.WALD01410000,WAR_All_Banks_OD_in.0_in.IB,30-Nov-13,4.891883412,Percent,Normal,
Weighted Average Lending and Deposit Rates,TS_GP_BAM_WALDR_M.WALD01410000,WAR_All_Banks_OD_in.0_in.IB,31-Dec-13,5.05217777,Percent,Normal,
Weighted Average Lending and Deposit Rates,TS_GP_BAM_WALDR_M.WALD01410000,WAR_All_Banks_OD_in.0_in.IB,31-Jan-14,5.194561271,Percent,Normal,
Weighted Average Lending and Deposit Rates,TS_GP_BAM_WALDR_M.WALD01410000,WAR_All_Banks_OD_in.0_in.IB,28-Feb-14,5.137898173,Percent,Normal,
Weighted Average Lending and Deposit Rates,TS_GP_BAM_WALDR_M.WALD01410000,WAR_All_Banks_OD_in.0_in.IB,31-Mar-14,5.051324318,Percent,Normal,
Weighted Average Lending and Deposit Rates,TS_GP_BAM_WALDR_M.WALD01410000,WAR_All_Banks_OD_in.0_in.IB,30-Apr-14,5.042026371,Percent,Normal,
Weighted Average Lending and Deposit Rates,TS_GP_BAM_WALDR_M.WALD01410000,WAR_All_Banks_OD_in.0_in.IB,31-May-14,5.047688792,Percent,Normal,
Weighted Average Lending and Deposit Rates,TS_GP_BAM_WALDR_M.WALD01410000,WAR_All_Banks_OD_in.0_in.IB,30-Jun-14,4.748483759,Percent,Normal,
Weighted Average Lending and Deposit Rates,TS_GP_BAM_WALDR_M.WALD01410000,WAR_All_Banks_OD_in.0_in.IB,31-Jul-14,5.110579202,Percent,Normal,
Weighted Average Lending and Deposit Rates,TS_GP_BAM_WALDR_M.WALD01410000,WAR_All_Banks_OD_in.0_in.IB,31-Aug-14,5.168821492,Percent,Normal,
Weighted Average Lending and Deposit Rates,TS_GP_BAM_WALDR_M.WALD01410000,WAR_All_Banks_OD_in.0_in.IB,30-Sep-14,5.116326067,Percent,Normal,
Weighted Average Lending and Deposit Rates,TS_GP_BAM_WALDR_M.WALD01410000,WAR_All_Banks_OD_in.0_in.IB,31-Oct-14,5.112079649,Percent,Normal,
Weighted Average Lending and Deposit Rates,TS_GP_BAM_WALDR_M.WALD01410000,WAR_All_Banks_OD_in.0_in.IB,30-Nov-14,5.112265549,Percent,Normal,
Weighted Average Lending and Deposit Rates,TS_GP_BAM_WALDR_M.WALD01410000,WAR_All_Banks_OD_in.0_in.IB,31-Dec-14,4.904749622,Percent,Normal,
Weighted Average Lending and Deposit Rates,TS_GP_BAM_WALDR_M.WALD01410000,WAR_All_Banks_OD_in.0_in.IB,31-Jan-15,4.935891172,Percent,Normal,
Weighted Average Lending and Deposit Rates,TS_GP_BAM_WALDR_M.WALD01410000,WAR_All_Banks_OD_in.0_in.IB,28-Feb-15,4.66236405,Percent,Normal,
Weighted Average Lending and Deposit Rates,TS_GP_BAM_WALDR_M.WALD01410000,WAR_All_Banks_OD_in.0_in.IB,31-Mar-15,4.552923908,Percent,Normal,
Weighted Average Lending and Deposit Rates,TS_GP_BAM_WALDR_M.WALD01410000,WAR_All_Banks_OD_in.0_in.IB,30-Apr-15,4.379004988,Percent,Normal,
Weighted Average Lending and Deposit Rates,TS_GP_BAM_WALDR_M.WALD01410000,WAR_All_Banks_OD_in.0_in.IB,31-May-15,4.264536064,Percent,Normal,
Weighted Average Lending and Deposit Rates,TS_GP_BAM_WALDR_M.WALD01410000,WAR_All_Banks_OD_in.0_in.IB,30-Jun-15,3.887264562,Percent,Normal,
Weighted Average Lending and Deposit Rates,TS_GP_BAM_WALDR_M.WALD01410000,WAR_All_Banks_OD_in.0_in.IB,31-Jul-15,3.947621089,Percent,Normal,
Weighted Average Lending and Deposit Rates,TS_GP_BAM_WALDR_M.WALD01410000,WAR_All_Banks_OD_in.0_in.IB,31-Aug-15,3.85,Percent,Normal,
Weighted Average Lending and Deposit Rates,TS_GP_BAM_WALDR_M.WALD01410000,WAR_All_Banks_OD_in.0_in.IB,30-Sep-15,3.79529037,Percent,Normal,
Weighted Average Lending and Deposit Rates,TS_GP_BAM_WALDR_M.WALD01410000,WAR_All_Banks_OD_in.0_in.IB,31-Oct-15,3.622229867,Percent,Normal,
Weighted Average Lending and Deposit Rates,TS_GP_BAM_WALDR_M.WALD01410000,WAR_All_Banks_OD_in.0_in.IB,30-Nov-15,3.493981011,Percent,Normal,
Weighted Average Lending and Deposit Rates,TS_GP_BAM_WALDR_M.WALD01410000,WAR_All_Banks_OD_in.0_in.IB,31-Dec-15,3.484964599,Percent,Normal,
Weighted Average Lending and Deposit Rates,TS_GP_BAM_WALDR_M.WALD01410000,WAR_All_Banks_OD_in.0_in.IB,31-Jan-16,3.47285357,Percent,Normal,
Weighted Average Lending and Deposit Rates,TS_GP_BAM_WALDR_M.WALD01410000,WAR_All_Banks_OD_in.0_in.IB,29-Feb-16,3.409158636,Percent,Normal,
Weighted Average Lending and Deposit Rates,TS_GP_BAM_WALDR_M.WALD01410000,WAR_All_Banks_OD_in.0_in.IB,31-Mar-16,3.29590439,Percent,Normal,
Weighted Average Lending and Deposit Rates,TS_GP_BAM_WALDR_M.WALD01410000,WAR_All_Banks_OD_in.0_in.IB,30-Apr-16,3.334333785,Percent,Normal,
Weighted Average Lending and Deposit Rates,TS_GP_BAM_WALDR_M.WALD01410000,WAR_All_Banks_OD_in.0_in.IB,31-May-16,3.275654068,Percent,Normal,
Weighted Average Lending and Deposit Rates,TS_GP_BAM_WALDR_M.WALD01410000,WAR_All_Banks_OD_in.0_in.IB,30-Jun-16,3.136050525,Percent,Normal,
Weighted Average Lending and Deposit Rates,TS_GP_BAM_WALDR_M.WALD01410000,WAR_All_Banks_OD_in.0_in.IB,31-Jul-16,3.169852827,Percent,Normal,
Weighted Average Lending and Deposit Rates,TS_GP_BAM_WALDR_M.WALD01410000,WAR_All_Banks_OD_in.0_in.IB,31-Aug-16,3.136120051,Percent,Normal,
Weighted Average Lending and Deposit Rates,TS_GP_BAM_WALDR_M.WALD01410000,WAR_All_Banks_OD_in.0_in.IB,30-Sep-16,3.114588673,Percent,Normal,
Weighted Average Lending and Deposit Rates,TS_GP_BAM_WALDR_M.WALD01410000,WAR_All_Banks_OD_in.0_in.IB,31-Oct-16,3.140619462,Percent,Normal,
Weighted Average Lending and Deposit Rates,TS_GP_BAM_WALDR_M.WALD01410000,WAR_All_Banks_OD_in.0_in.IB,30-Nov-16,3.092055636,Percent,Normal,
Weighted Average Lending and Deposit Rates,TS_GP_BAM_WALDR_M.WALD01410000,WAR_All_Banks_OD_in.0_in.IB,31-Dec-16,3.016203165,Percent,Normal,
Weighted Average Lending and Deposit Rates,TS_GP_BAM_WALDR_M.WALD01410000,WAR_All_Banks_OD_in.0_in.IB,31-Jan-17,3.045979994,Percent,Normal,
Weighted Average Lending and Deposit Rates,TS_GP_BAM_WALDR_M.WALD01410000,WAR_All_Banks_OD_in.0_in.IB,28-Feb-17,3.021105903,Percent,Normal,
Weighted Average Lending and Deposit Rates,TS_GP_BAM_WALDR_M.WALD01410000,WAR_All_Banks_OD_in.0_in.IB,31-Mar-17,2.993618855,Percent,Normal,
Weighted Average Lending and Deposit Rates,TS_GP_BAM_WALDR_M.WALD01410000,WAR_All_Banks_OD_in.0_in.IB,30-Apr-17,2.982927642,Percent,Normal,
Weighted Average Lending and Deposit Rates,TS_GP_BAM_WALDR_M.WALD01410000,WAR_All_Banks_OD_in.0_in.IB,31-May-17,2.894270704,Percent,Normal,
Weighted Average Lending and Deposit Rates,TS_GP_BAM_WALDR_M.WALD01410000,WAR_All_Banks_OD_in.0_in.IB,30-Jun-17,2.836060196,Percent,Normal,
Weighted Average Lending and Deposit Rates,TS_GP_BAM_WALDR_M.WALD01410000,WAR_All_Banks_OD_in.0_in.IB,31-Jul-17,2.91460238,Percent,Normal,
Weighted Average Lending and Deposit Rates,TS_GP_BAM_WALDR_M.WALD01410000,WAR_All_Banks_OD_in.0_in.IB,31-Aug-17,2.934857996,Percent,Normal,
Weighted Average Lending and Deposit Rates,TS_GP_BAM_WALDR_M.WALD01410000,WAR_All_Banks_OD_in.0_in.IB,30-Sep-17,2.930539442,Percent,Normal,
Weighted Average Lending and Deposit Rates,TS_GP_BAM_WALDR_M.WALD01410000,WAR_All_Banks_OD_in.0_in.IB,31-Oct-17,2.914774951,Percent,Normal,
Weighted Average Lending and Deposit Rates,TS_GP_BAM_WALDR_M.WALD01410000,WAR_All_Banks_OD_in.0_in.IB,30-Nov-17,2.911481709,Percent,Normal,
Weighted Average Lending and Deposit Rates,TS_GP_BAM_WALDR_M.WALD01410000,WAR_All_Banks_OD_in.0_in.IB,31-Dec-17,2.89171035,Percent,Normal,
Weighted Average Lending and Deposit Rates,TS_GP_BAM_WALDR_M.WALD01410000,WAR_All_Banks_OD_in.0_in.IB,31-Jan-18,2.890365266,Percent,Normal,
Weighted Average Lending and Deposit Rates,TS_GP_BAM_WALDR_M.WALD01410000,WAR_All_Banks_OD_in.0_in.IB,28-Feb-18,2.917601917,Percent,Normal,
Weighted Average Lending and Deposit Rates,TS_GP_BAM_WALDR_M.WALD01410000,WAR_All_Banks_OD_in.0_in.IB,31-Mar-18,2.948302431,Percent,Normal,
Weighted Average Lending and Deposit Rates,TS_GP_BAM_WALDR_M.WALD01410000,WAR_All_Banks_OD_in.0_in.IB,30-Apr-18,2.909079629,Percent,Normal,
Weighted Average Lending and Deposit Rates,TS_GP_BAM_WALDR_M.WALD01410000,WAR_All_Banks_OD_in.0_in.IB,31-May-18,2.91508955,Percent,Normal,
Weighted Average Lending and Deposit Rates,TS_GP_BAM_WALDR_M.WALD01410000,WAR_All_Banks_OD_in.0_in.IB,30-Jun-18,3.000375291,Percent,Normal,
Weighted Average Lending and Deposit Rates,TS_GP_BAM_WALDR_M.WALD01410000,WAR_All_Banks_OD_in.0_in.IB,31-Jul-18,3.150151036,Percent,Normal,
Weighted Average Lending and Deposit Rates,TS_GP_BAM_WALDR_M.WALD01410000,WAR_All_Banks_OD_in.0_in.IB,31-Aug-18,3.439926012,Percent,Normal,
Weighted Average Lending and Deposit Rates,TS_GP_BAM_WALDR_M.WALD01410000,WAR_All_Banks_OD_in.0_in.IB,30-Sep-18,3.506102206,Percent,Normal,
Weighted Average Lending and Deposit Rates,TS_GP_BAM_WALDR_M.WALD01410000,WAR_All_Banks_OD_in.0_in.IB,31-Oct-18,3.843696432,Percent,Normal,
Weighted Average Lending and Deposit Rates,TS_GP_BAM_WALDR_M.WALD01410000,WAR_All_Banks_OD_in.0_in.IB,30-Nov-18,3.924913231,Percent,Normal,
Weighted Average Lending and Deposit Rates,TS_GP_BAM_WALDR_M.WALD01410000,WAR_All_Banks_OD_in.0_in.IB,31-Dec-18,4.461303522,Percent,Normal,
Weighted Average Lending and Deposit Rates,TS_GP_BAM_WALDR_M.WALD01410000,WAR_All_Banks_OD_in.0_in.IB,31-Jan-19,4.778616871,Percent,Normal,
Weighted Average Lending and Deposit Rates,TS_GP_BAM_WALDR_M.WALD01410000,WAR_All_Banks_OD_in.0_in.IB,28-Feb-19,4.959695241,Percent,Normal,
Weighted Average Lending and Deposit Rates,TS_GP_BAM_WALDR_M.WALD01410000,WAR_All_Banks_OD_in.0_in.IB,31-Mar-19,5.015158677,Percent,Normal,
Weighted Average Lending and Deposit Rates,TS_GP_BAM_WALDR_M.WALD01410000,WAR_All_Banks_OD_in.0_in.IB,30-Apr-19,5.243242347,Percent,Normal,
Weighted Average Lending and Deposit Rates,TS_GP_BAM_WALDR_M.WALD01410000,WAR_All_Banks_OD_in.0_in.IB,31-May-19,5.344045094,Percent,Normal,
Weighted Average Lending and Deposit Rates,TS_GP_BAM_WALDR_M.WALD01410000,WAR_All_Banks_OD_in.0_in.IB,30-Jun-19,5.705574188,Percent,Normal,
Weighted Average Lending and Deposit Rates,TS_GP_BAM_WALDR_M.WALD01410000,WAR_All_Banks_OD_in.0_in.IB,31-Jul-19,6.183407294,Percent,Normal,
Weighted Average Lending and Deposit Rates,TS_GP_BAM_WALDR_M.WALD01410000,WAR_All_Banks_OD_in.0_in.IB,31-Aug-19,6.470245681,Percent,Normal,
Weighted Average Lending and Deposit Rates,TS_GP_BAM_WALDR_M.WALD01410000,WAR_All_Banks_OD_in.0_in.IB,30-Sep-19,6.523373585,Percent,Normal,
Weighted Average Lending and Deposit Rates,TS_GP_BAM_WALDR_M.WALD01410000,WAR_All_Banks_OD_in.0_in.IB,31-Oct-19,6.689234955,Percent,Normal,
Weighted Average Lending and Deposit Rates,TS_GP_BAM_WALDR_M.WALD01410000,WAR_All_Banks_OD_in.0_in.IB,30-Nov-19,6.733952469,Percent,Normal,
Weighted Average Lending and Deposit Rates,TS_GP_BAM_WALDR_M.WALD01410000,WAR_All_Banks_OD_in.0_in.IB,31-Dec-19,6.656512334,Percent,Normal,
Weighted Average Lending and Deposit Rates,TS_GP_BAM_WALDR_M.WALD01410000,WAR_All_Banks_OD_in.0_in.IB,31-Jan-20,6.952016572,Percent,Normal,
Weighted Average Lending and Deposit Rates,TS_GP_BAM_WALDR_M.WALD01410000,WAR_All_Banks_OD_in.0_in.IB,29-Feb-20,7.003751038,Percent,Normal,
Weighted Average Lending and Deposit Rates,TS_GP_BAM_WALDR_M.WALD01410000,WAR_All_Banks_OD_in.0_in.IB,31-Mar-20,6.912599305,Percent,Normal,
Weighted Average Lending and Deposit Rates,TS_GP_BAM_WALDR_M.WALD01410000,WAR_All_Banks_OD_in.0_in.IB,30-Apr-20,6.001111858,Percent,Normal,
Weighted Average Lending and Deposit Rates,TS_GP_BAM_WALDR_M.WALD01410000,WAR_All_Banks_OD_in.0_in.IB,31-May-20,5.107662142,Percent,Normal,
Weighted Average Lending and Deposit Rates,TS_GP_BAM_WALDR_M.WALD01410000,WAR_All_Banks_OD_in.0_in.IB,30-Jun-20,4.314944978,Percent,Normal,
Weighted Average Lending and Deposit Rates,TS_GP_BAM_WALDR_M.WALD01410000,WAR_All_Banks_OD_in.0_in.IB,31-Jul-20,3.942413547,Percent,Normal,
Weighted Average Lending and Deposit Rates,TS_GP_BAM_WALDR_M.WALD01410000,WAR_All_Banks_OD_in.0_in.IB,31-Aug-20,3.842946001,Percent,Normal,
Weighted Average Lending and Deposit Rates,TS_GP_BAM_WALDR_M.WALD01410000,WAR_All_Banks_OD_in.0_in.IB,30-Sep-20,3.76622226,Percent,Normal,
Weighted Average Lending and Deposit Rates,TS_GP_BAM_WALDR_M.WALD01410000,WAR_All_Banks_OD_in.0_in.IB,31-Oct-20,3.741262617,Percent,Normal,
Weighted Average Lending and Deposit Rates,TS_GP_BAM_WALDR_M.WALD01410000,WAR_All_Banks_OD_in.0_in.IB,30-Nov-20,3.636054699,Percent,Normal,
Weighted Average Lending and Deposit Rates,TS_GP_BAM_WALDR_M.WALD01410000,WAR_All_Banks_OD_in.0_in.IB,31-Dec-20,3.610700333,Percent,Normal,
Weighted Average Lending and Deposit Rates,TS_GP_BAM_WALDR_M.WALD01410000,WAR_All_Banks_OD_in.0_in.IB,31-Jan-21,3.577499402,Percent,Normal,
Weighted Average Lending and Deposit Rates,TS_GP_BAM_WALDR_M.WALD01410000,WAR_All_Banks_OD_in.0_in.IB,28-Feb-21,3.558415702,Percent,Normal,
Weighted Average Lending and Deposit Rates,TS_GP_BAM_WALDR_M.WALD01410000,WAR_All_Banks_OD_in.0_in.IB,31-Mar-21,3.533134194,Percent,Normal,
Weighted Average Lending and Deposit Rates,TS_GP_BAM_WALDR_M.WALD01410000,WAR_All_Banks_OD_in.0_in.IB,30-Apr-21,3.533327676,Percent,Normal,
Weighted Average Lending and Deposit Rates,TS_GP_BAM_WALDR_M.WALD01410000,WAR_All_Banks_OD_in.0_in.IB,31-May-21,3.482096181,Percent,Normal,
Weighted Average Lending and Deposit Rates,TS_GP_BAM_WALDR_M.WALD01410000,WAR_All_Banks_OD_in.0_in.IB,30-Jun-21,3.502275912,Percent,Normal,
Weighted Average Lending and Deposit Rates,TS_GP_BAM_WALDR_M.WALD01410000,WAR_All_Banks_OD_in.0_in.IB,31-Jul-21,3.577988803,Percent,Normal,
Weighted Average Lending and Deposit Rates,TS_GP_BAM_WALDR_M.WALD01410000,WAR_All_Banks_OD_in.0_in.IB,31-Aug-21,3.582957053,Percent,Normal,
Weighted Average Lending and Deposit Rates,TS_GP_BAM_WALDR_M.WALD01410000,WAR_All_Banks_OD_in.0_in.IB,30-Sep-21,3.615992732,Percent,Normal,
Weighted Average Lending and Deposit Rates,TS_GP_BAM_WALDR_M.WALD01410000,WAR_All_Banks_OD_in.0_in.IB,31-Oct-21,3.706435086,Percent,Normal,
Weighted Average Lending and Deposit Rates,TS_GP_BAM_WALDR_M.WALD01410000,WAR_All_Banks_OD_in.0_in.IB,30-Nov-21,3.836743312,Percent,Normal,
Weighted Average Lending and Deposit Rates,TS_GP_BAM_WALDR_M.WALD01410000,WAR_All_Banks_OD_in.0_in.IB,31-Dec-21,4.533722598,Percent,Normal,
Weighted Average Lending and Deposit Rates,TS_GP_BAM_WALDR_M.WALD01410000,WAR_All_Banks_OD_in.0_in.IB,31-Jan-22,5.075963046,Percent,Normal,
Weighted Average Lending and Deposit Rates,TS_GP_BAM_WALDR_M.WALD01410000,WAR_All_Banks_OD_in.0_in.IB,28-Feb-22,5.000010464,Percent,Normal,
Weighted Average Lending and Deposit Rates,TS_GP_BAM_WALDR_M.WALD01410000,WAR_All_Banks_OD_in.0_in.IB,31-Mar-22,4.938665042,Percent,Normal,
Weighted Average Lending and Deposit Rates,TS_GP_BAM_WALDR_M.WALD01410000,WAR_All_Banks_OD_in.0_in.IB,30-Apr-22,5.240875318,Percent,Normal,
Weighted Average Lending and Deposit Rates,TS_GP_BAM_WALDR_M.WALD01410000,WAR_All_Banks_OD_in.0_in.IB,31-May-22,6.18,Percent,Normal,
Weighted Average Lending and Deposit Rates,TS_GP_BAM_WALDR_M.WALD01410000,WAR_All_Banks_OD_in.0_in.IB,30-Jun-22,6.961408285,Percent,Normal,
Weighted Average Lending and Deposit Rates,TS_GP_BAM_WALDR_M.WALD01410000,WAR_All_Banks_OD_in.0_in.IB,31-Jul-22,7.017104729,Percent,Normal,
Weighted Average Lending and Deposit Rates,TS_GP_BAM_WALDR_M.WALD01410000,WAR_All_Banks_OD_in.0_in.IB,31-Aug-22,7.53831482,Percent,Normal,
Weighted Average Lending and Deposit Rates,TS_GP_BAM_WALDR_M.WALD01410000,WAR_All_Banks_OD_in.0_in.IB,30-Sep-22,7.55,Percent,Normal,
Weighted Average Lending and Deposit Rates,TS_GP_BAM_WALDR_M.WALD01410000,WAR_All_Banks_OD_in.0_in.IB,31-Oct-22,7.64,Percent,Normal,
Weighted Average Lending and Deposit Rates,TS_GP_BAM_WALDR_M.WALD01410000,WAR_All_Banks_OD_in.0_in.IB,30-Nov-22,7.71,Percent,Normal,
Weighted Average Lending and Deposit Rates,TS_GP_BAM_WALDR_M.WALD01410000,WAR_All_Banks_OD_in.0_in.IB,31-Dec-22,8.36,Percent,Normal,
Weighted Average Lending and Deposit Rates,TS_GP_BAM_WALDR_M.WALD01410000,WAR_All_Banks_OD_in.0_in.IB,31-Jan-23,7.94,Percent,Normal,
Weighted Average Lending and Deposit Rates,TS_GP_BAM_WALDR_M.WALD01410000,WAR_All_Banks_OD_in.0_in.IB,28-Feb-23,8.736846135,Percent,Normal,
Weighted Average Lending and Deposit Rates,TS_GP_BAM_WALDR_M.WALD01410000,WAR_All_Banks_OD_in.0_in.IB,31-Mar-23,8.626508174,Percent,Normal,
Weighted Average Lending and Deposit Rates,TS_GP_BAM_WALDR_M.WALD01410000,WAR_All_Banks_OD_in.0_in.IB,30-Apr-23,9.6,Percent,Normal,
Weighted Average Lending and Deposit Rates,TS_GP_BAM_WALDR_M.WALD01410000,WAR_All_Banks_OD_in.0_in.IB,31-May-23,10.08230124,Percent,Normal,
Weighted Average Lending and Deposit Rates,TS_GP_BAM_WALDR_M.WALD01410000,WAR_All_Banks_OD_in.0_in.IB,30-Jun-23,10.39044514,Percent,Normal,
Weighted Average Lending and Deposit Rates,TS_GP_BAM_WALDR_M.WALD01410000,WAR_All_Banks_OD_in.0_in.IB,31-Jul-23,11.23,Percent,Normal,
Weighted Average Lending and Deposit Rates,TS_GP_BAM_WALDR_M.WALD01410000,WAR_All_Banks_OD_in.0_in.IB,31-Aug-23,11.21017433,Percent,Normal,
Weighted Average Lending and Deposit Rates,TS_GP_BAM_WALDR_M.WALD01410000,WAR_All_Banks_OD_in.0_in.IB,30-Sep-23,11.29,Percent,Normal,
Weighted Average Lending and Deposit Rates,TS_GP_BAM_WALDR_M.WALD01410000,WAR_All_Banks_OD_in.0_in.IB,31-Oct-23,11.52,Percent,Normal,
Weighted Average Lending and Deposit Rates,TS_GP_BAM_WALDR_M.WALD01410000,WAR_All_Banks_OD_in.0_in.IB,30-Nov-23,11.55,Percent,Normal,
Weighted Average Lending and Deposit Rates,TS_GP_BAM_WALDR_M.WALD01410000,WAR_All_Banks_OD_in.0_in.IB,31-Dec-23,11.61469412,Percent,Normal,
Weighted Average Lending and Deposit Rates,TS_GP_BAM_WALDR_M.WALD01410000,WAR_All_Banks_OD_in.0_in.IB,31-Jan-24,11.92,Percent,Normal,
Weighted Average Lending and Deposit Rates,TS_GP_BAM_WALDR_M.WALD01410000,WAR_All_Banks_OD_in.0_in.IB,29-Feb-24,11.85,Percent,Normal,
Weighted Average Lending and Deposit Rates,TS_GP_BAM_WALDR_M.WALD01410000,WAR_All_Banks_OD_in.0_in.IB,31-Mar-24,11.71,Percent,Normal,
Weighted Average Lending and Deposit Rates,TS_GP_BAM_WALDR_M.WALD01410000,WAR_All_Banks_OD_in.0_in.IB,30-Apr-24,11.72711183,Percent,Normal,
Weighted Average Lending and Deposit Rates,TS_GP_BAM_WALDR_M.WALD01410000,WAR_All_Banks_OD_in.0_in.IB,31-May-24,11.74235032,Percent,Normal,
Weighted Average Lending and Deposit Rates,TS_GP_BAM_WALDR_M.WALD01410000,WAR_All_Banks_OD_in.0_in.IB,30-Jun-24,11.68,Percent,Normal,
Weighted Average Lending and Deposit Rates,TS_GP_BAM_WALDR_M.WALD01410000,WAR_All_Banks_OD_in.0_in.IB,31-Jul-24,11.14,Percent,Normal,
Weighted Average Lending and Deposit Rates,TS_GP_BAM_WALDR_M.WALD01410000,WAR_All_Banks_OD_in.0_in.IB,31-Aug-24,11,Percent,Normal,
Weighted Average Lending and Deposit Rates,TS_GP_BAM_WALDR_M.WALD01410000,WAR_All_Banks_OD_in.0_in.IB,30-Sep-24,10.43,Percent,Normal,
Weighted Average Lending and Deposit Rates,TS_GP_BAM_WALDR_M.WALD01410000,WAR_All_Banks_OD_in.0_in.IB,31-Oct-24,9.397166767,Percent,Normal,
Weighted Average Lending and Deposit Rates,TS_GP_BAM_WALDR_M.WALD01410000,WAR_All_Banks_OD_in.0_in.IB,30-Nov-24,9.07,Percent,Normal,
Weighted Average Lending and Deposit Rates,TS_GP_BAM_WALDR_M.WALD01410000,WAR_All_Banks_OD_in.0_in.IB,31-Dec-24,7.48,Percent,Normal,
Weighted Average Lending and Deposit Rates,TS_GP_BAM_WALDR_M.WALD01410000,WAR_All_Banks_OD_in.0_in.IB,31-Jan-25,7.48,Percent,Normal,
Weighted Average Lending and Deposit Rates,TS_GP_BAM_WALDR_M.WALD01410000,WAR_All_Banks_OD_in.0_in.IB,28-Feb-25,5.58,Percent,Normal,5.57
Weighted Average Lending and Deposit Rates,TS_GP_BAM_WALDR_M.WALD01410000,WAR_All_Banks_OD_in.0_in.IB,31-Mar-25,5.92,Percent,Normal,
Weighted Average Lending and Deposit Rates,TS_GP_BAM_WALDR_M.WALD01410000,WAR_All_Banks_OD_in.0_in.IB,30-Apr-25,5.83,Percent,Normal,
Weighted Average Lending and Deposit Rates,TS_GP_BAM_WALDR_M.WALD01410000,WAR_All_Banks_OD_in.0_in.IB,31-May-25,5.7,Percent,Normal,
Weighted Average Lending and Deposit Rates,TS_GP_BAM_WALDR_M.WALD01410000,WAR_All_Banks_OD_in.0_in.IB,30-Jun-25,5.34,Percent,Normal,
