Dataset,Series Key,Series,Observation Date,Observation Value,Unit,Observation Status,Observation Status Comment
Economic Policy Uncertainty (EPU) Index,TS_GP_MFS_EPUI_M.EPUI4,EPUI-4 Newspapers,31-Jan-15,28.85929167,Index,Normal,
Economic Policy Uncertainty (EPU) Index,TS_GP_MFS_EPUI_M.EPUI4,EPUI-4 Newspapers,28-Feb-15,48.34696959,Index,Normal,
Economic Policy Uncertainty (EPU) Index,TS_GP_MFS_EPUI_M.EPUI4,EPUI-4 Newspapers,31-Mar-15,45.58385359,Index,Normal,
Economic Policy Uncertainty (EPU) Index,TS_GP_MFS_EPUI_M.EPUI4,EPUI-4 Newspapers,30-Apr-15,35.23152823,Index,Normal,
Economic Policy Uncertainty (EPU) Index,TS_GP_MFS_EPUI_M.EPUI4,EPUI-4 Newspapers,31-May-15,44.16232185,Index,Normal,
Economic Policy Uncertainty (EPU) Index,TS_GP_MFS_EPUI_M.EPUI4,EPUI-4 Newspapers,30-Jun-15,47.43564664,Index,Normal,
Economic Policy Uncertainty (EPU) Index,TS_GP_MFS_EPUI_M.EPUI4,EPUI-4 Newspapers,31-Jul-15,43.89374044,Index,Normal,
Economic Policy Uncertainty (EPU) Index,TS_GP_MFS_EPUI_M.EPUI4,EPUI-4 Newspapers,31-Aug-15,41.7967649,Index,Normal,
Economic Policy Uncertainty (EPU) Index,TS_GP_MFS_EPUI_M.EPUI4,EPUI-4 Newspapers,30-Sep-15,39.45600383,Index,Normal,
Economic Policy Uncertainty (EPU) Index,TS_GP_MFS_EPUI_M.EPUI4,EPUI-4 Newspapers,31-Oct-15,40.69927942,Index,Normal,
Economic Policy Uncertainty (EPU) Index,TS_GP_MFS_EPUI_M.EPUI4,EPUI-4 Newspapers,30-Nov-15,43.84651403,Index,Normal,
Economic Policy Uncertainty (EPU) Index,TS_GP_MFS_EPUI_M.EPUI4,EPUI-4 Newspapers,31-Dec-15,46.27414689,Index,Normal,
Economic Policy Uncertainty (EPU) Index,TS_GP_MFS_EPUI_M.EPUI4,EPUI-4 Newspapers,31-Jan-16,34.26738929,Index,Normal,
Economic Policy Uncertainty (EPU) Index,TS_GP_MFS_EPUI_M.EPUI4,EPUI-4 Newspapers,29-Feb-16,41.92828093,Index,Normal,
Economic Policy Uncertainty (EPU) Index,TS_GP_MFS_EPUI_M.EPUI4,EPUI-4 Newspapers,31-Mar-16,37.79663443,Index,Normal,
Economic Policy Uncertainty (EPU) Index,TS_GP_MFS_EPUI_M.EPUI4,EPUI-4 Newspapers,30-Apr-16,31.40360025,Index,Normal,
Economic Policy Uncertainty (EPU) Index,TS_GP_MFS_EPUI_M.EPUI4,EPUI-4 Newspapers,31-May-16,45.95443809,Index,Normal,
Economic Policy Uncertainty (EPU) Index,TS_GP_MFS_EPUI_M.EPUI4,EPUI-4 Newspapers,30-Jun-16,57.94059539,Index,Normal,
Economic Policy Uncertainty (EPU) Index,TS_GP_MFS_EPUI_M.EPUI4,EPUI-4 Newspapers,31-Jul-16,69.08318506,Index,Normal,
Economic Policy Uncertainty (EPU) Index,TS_GP_MFS_EPUI_M.EPUI4,EPUI-4 Newspapers,31-Aug-16,29.28099193,Index,Normal,
Economic Policy Uncertainty (EPU) Index,TS_GP_MFS_EPUI_M.EPUI4,EPUI-4 Newspapers,30-Sep-16,44.17869479,Index,Normal,
Economic Policy Uncertainty (EPU) Index,TS_GP_MFS_EPUI_M.EPUI4,EPUI-4 Newspapers,31-Oct-16,61.08050511,Index,Normal,
Economic Policy Uncertainty (EPU) Index,TS_GP_MFS_EPUI_M.EPUI4,EPUI-4 Newspapers,30-Nov-16,59.98486,Index,Normal,
Economic Policy Uncertainty (EPU) Index,TS_GP_MFS_EPUI_M.EPUI4,EPUI-4 Newspapers,31-Dec-16,41.24118496,Index,Normal,
Economic Policy Uncertainty (EPU) Index,TS_GP_MFS_EPUI_M.EPUI4,EPUI-4 Newspapers,31-Jan-17,50.14251056,Index,Normal,
Economic Policy Uncertainty (EPU) Index,TS_GP_MFS_EPUI_M.EPUI4,EPUI-4 Newspapers,28-Feb-17,35.83570967,Index,Normal,
Economic Policy Uncertainty (EPU) Index,TS_GP_MFS_EPUI_M.EPUI4,EPUI-4 Newspapers,31-Mar-17,40.07166189,Index,Normal,
Economic Policy Uncertainty (EPU) Index,TS_GP_MFS_EPUI_M.EPUI4,EPUI-4 Newspapers,30-Apr-17,49.84800453,Index,Normal,
Economic Policy Uncertainty (EPU) Index,TS_GP_MFS_EPUI_M.EPUI4,EPUI-4 Newspapers,31-May-17,67.68449165,Index,Normal,
Economic Policy Uncertainty (EPU) Index,TS_GP_MFS_EPUI_M.EPUI4,EPUI-4 Newspapers,30-Jun-17,43.80188674,Index,Normal,
Economic Policy Uncertainty (EPU) Index,TS_GP_MFS_EPUI_M.EPUI4,EPUI-4 Newspapers,31-Jul-17,95.10126678,Index,Normal,
Economic Policy Uncertainty (EPU) Index,TS_GP_MFS_EPUI_M.EPUI4,EPUI-4 Newspapers,31-Aug-17,77.49498681,Index,Normal,
Economic Policy Uncertainty (EPU) Index,TS_GP_MFS_EPUI_M.EPUI4,EPUI-4 Newspapers,30-Sep-17,63.96499811,Index,Normal,
Economic Policy Uncertainty (EPU) Index,TS_GP_MFS_EPUI_M.EPUI4,EPUI-4 Newspapers,31-Oct-17,114.7341094,Index,Normal,
Economic Policy Uncertainty (EPU) Index,TS_GP_MFS_EPUI_M.EPUI4,EPUI-4 Newspapers,30-Nov-17,71.50978381,Index,Normal,
Economic Policy Uncertainty (EPU) Index,TS_GP_MFS_EPUI_M.EPUI4,EPUI-4 Newspapers,31-Dec-17,75.27317484,Index,Normal,
Economic Policy Uncertainty (EPU) Index,TS_GP_MFS_EPUI_M.EPUI4,EPUI-4 Newspapers,31-Jan-18,71.36745372,Index,Normal,
Economic Policy Uncertainty (EPU) Index,TS_GP_MFS_EPUI_M.EPUI4,EPUI-4 Newspapers,28-Feb-18,40.28600437,Index,Normal,
Economic Policy Uncertainty (EPU) Index,TS_GP_MFS_EPUI_M.EPUI4,EPUI-4 Newspapers,31-Mar-18,76.88467899,Index,Normal,
Economic Policy Uncertainty (EPU) Index,TS_GP_MFS_EPUI_M.EPUI4,EPUI-4 Newspapers,30-Apr-18,75.77239118,Index,Normal,
Economic Policy Uncertainty (EPU) Index,TS_GP_MFS_EPUI_M.EPUI4,EPUI-4 Newspapers,31-May-18,72.40365644,Index,Normal,
Economic Policy Uncertainty (EPU) Index,TS_GP_MFS_EPUI_M.EPUI4,EPUI-4 Newspapers,30-Jun-18,71.84464001,Index,Normal,
Economic Policy Uncertainty (EPU) Index,TS_GP_MFS_EPUI_M.EPUI4,EPUI-4 Newspapers,31-Jul-18,71.714077,Index,Normal,
Economic Policy Uncertainty (EPU) Index,TS_GP_MFS_EPUI_M.EPUI4,EPUI-4 Newspapers,31-Aug-18,52.03293972,Index,Normal,
Economic Policy Uncertainty (EPU) Index,TS_GP_MFS_EPUI_M.EPUI4,EPUI-4 Newspapers,30-Sep-18,70.31892241,Index,Normal,
Economic Policy Uncertainty (EPU) Index,TS_GP_MFS_EPUI_M.EPUI4,EPUI-4 Newspapers,31-Oct-18,84.66601329,Index,Normal,
Economic Policy Uncertainty (EPU) Index,TS_GP_MFS_EPUI_M.EPUI4,EPUI-4 Newspapers,30-Nov-18,88.3458486,Index,Normal,
Economic Policy Uncertainty (EPU) Index,TS_GP_MFS_EPUI_M.EPUI4,EPUI-4 Newspapers,31-Dec-18,84.31209287,Index,Normal,
Economic Policy Uncertainty (EPU) Index,TS_GP_MFS_EPUI_M.EPUI4,EPUI-4 Newspapers,31-Jan-19,106.4899238,Index,Normal,
Economic Policy Uncertainty (EPU) Index,TS_GP_MFS_EPUI_M.EPUI4,EPUI-4 Newspapers,28-Feb-19,82.56491073,Index,Normal,
Economic Policy Uncertainty (EPU) Index,TS_GP_MFS_EPUI_M.EPUI4,EPUI-4 Newspapers,31-Mar-19,58.83111724,Index,Normal,
Economic Policy Uncertainty (EPU) Index,TS_GP_MFS_EPUI_M.EPUI4,EPUI-4 Newspapers,30-Apr-19,97.04401004,Index,Normal,
Economic Policy Uncertainty (EPU) Index,TS_GP_MFS_EPUI_M.EPUI4,EPUI-4 Newspapers,31-May-19,98.96291285,Index,Normal,
Economic Policy Uncertainty (EPU) Index,TS_GP_MFS_EPUI_M.EPUI4,EPUI-4 Newspapers,30-Jun-19,104.5512828,Index,Normal,
Economic Policy Uncertainty (EPU) Index,TS_GP_MFS_EPUI_M.EPUI4,EPUI-4 Newspapers,31-Jul-19,120.2615324,Index,Normal,
Economic Policy Uncertainty (EPU) Index,TS_GP_MFS_EPUI_M.EPUI4,EPUI-4 Newspapers,31-Aug-19,77.14115473,Index,Normal,
Economic Policy Uncertainty (EPU) Index,TS_GP_MFS_EPUI_M.EPUI4,EPUI-4 Newspapers,30-Sep-19,77.42286924,Index,Normal,
Economic Policy Uncertainty (EPU) Index,TS_GP_MFS_EPUI_M.EPUI4,EPUI-4 Newspapers,31-Oct-19,83.31885176,Index,Normal,
Economic Policy Uncertainty (EPU) Index,TS_GP_MFS_EPUI_M.EPUI4,EPUI-4 Newspapers,30-Nov-19,65.64406,Index,Normal,
Economic Policy Uncertainty (EPU) Index,TS_GP_MFS_EPUI_M.EPUI4,EPUI-4 Newspapers,31-Dec-19,66.17202772,Index,Normal,
Economic Policy Uncertainty (EPU) Index,TS_GP_MFS_EPUI_M.EPUI4,EPUI-4 Newspapers,31-Jan-20,69.88289905,Index,Normal,
Economic Policy Uncertainty (EPU) Index,TS_GP_MFS_EPUI_M.EPUI4,EPUI-4 Newspapers,29-Feb-20,65.13428184,Index,Normal,
Economic Policy Uncertainty (EPU) Index,TS_GP_MFS_EPUI_M.EPUI4,EPUI-4 Newspapers,31-Mar-20,112.4709584,Index,Normal,
Economic Policy Uncertainty (EPU) Index,TS_GP_MFS_EPUI_M.EPUI4,EPUI-4 Newspapers,30-Apr-20,151.1719166,Index,Normal,
Economic Policy Uncertainty (EPU) Index,TS_GP_MFS_EPUI_M.EPUI4,EPUI-4 Newspapers,31-May-20,117.0576298,Index,Normal,
Economic Policy Uncertainty (EPU) Index,TS_GP_MFS_EPUI_M.EPUI4,EPUI-4 Newspapers,30-Jun-20,132.6819049,Index,Normal,
Economic Policy Uncertainty (EPU) Index,TS_GP_MFS_EPUI_M.EPUI4,EPUI-4 Newspapers,31-Jul-20,88.14785988,Index,Normal,
Economic Policy Uncertainty (EPU) Index,TS_GP_MFS_EPUI_M.EPUI4,EPUI-4 Newspapers,31-Aug-20,98.98026787,Index,Normal,
Economic Policy Uncertainty (EPU) Index,TS_GP_MFS_EPUI_M.EPUI4,EPUI-4 Newspapers,30-Sep-20,86.36795042,Index,Normal,
Economic Policy Uncertainty (EPU) Index,TS_GP_MFS_EPUI_M.EPUI4,EPUI-4 Newspapers,31-Oct-20,107.1271325,Index,Normal,
Economic Policy Uncertainty (EPU) Index,TS_GP_MFS_EPUI_M.EPUI4,EPUI-4 Newspapers,30-Nov-20,86.6082876,Index,Normal,
Economic Policy Uncertainty (EPU) Index,TS_GP_MFS_EPUI_M.EPUI4,EPUI-4 Newspapers,31-Dec-20,91.63229012,Index,Normal,
Economic Policy Uncertainty (EPU) Index,TS_GP_MFS_EPUI_M.EPUI4,EPUI-4 Newspapers,31-Jan-21,79.86537493,Index,Normal,
Economic Policy Uncertainty (EPU) Index,TS_GP_MFS_EPUI_M.EPUI4,EPUI-4 Newspapers,28-Feb-21,47.62710684,Index,Normal,
Economic Policy Uncertainty (EPU) Index,TS_GP_MFS_EPUI_M.EPUI4,EPUI-4 Newspapers,31-Mar-21,88.22394895,Index,Normal,
Economic Policy Uncertainty (EPU) Index,TS_GP_MFS_EPUI_M.EPUI4,EPUI-4 Newspapers,30-Apr-21,89.75184551,Index,Normal,
Economic Policy Uncertainty (EPU) Index,TS_GP_MFS_EPUI_M.EPUI4,EPUI-4 Newspapers,31-May-21,70.62348691,Index,Normal,
Economic Policy Uncertainty (EPU) Index,TS_GP_MFS_EPUI_M.EPUI4,EPUI-4 Newspapers,30-Jun-21,76.89188144,Index,Normal,
Economic Policy Uncertainty (EPU) Index,TS_GP_MFS_EPUI_M.EPUI4,EPUI-4 Newspapers,31-Jul-21,54.72195979,Index,Normal,
Economic Policy Uncertainty (EPU) Index,TS_GP_MFS_EPUI_M.EPUI4,EPUI-4 Newspapers,31-Aug-21,100.6059979,Index,Normal,
Economic Policy Uncertainty (EPU) Index,TS_GP_MFS_EPUI_M.EPUI4,EPUI-4 Newspapers,30-Sep-21,112.742153,Index,Normal,
Economic Policy Uncertainty (EPU) Index,TS_GP_MFS_EPUI_M.EPUI4,EPUI-4 Newspapers,31-Oct-21,110.1678484,Index,Normal,
Economic Policy Uncertainty (EPU) Index,TS_GP_MFS_EPUI_M.EPUI4,EPUI-4 Newspapers,30-Nov-21,93.50232388,Index,Normal,
Economic Policy Uncertainty (EPU) Index,TS_GP_MFS_EPUI_M.EPUI4,EPUI-4 Newspapers,31-Dec-21,97.03291318,Index,Normal,
Economic Policy Uncertainty (EPU) Index,TS_GP_MFS_EPUI_M.EPUI4,EPUI-4 Newspapers,31-Jan-22,84.15159813,Index,Normal,
Economic Policy Uncertainty (EPU) Index,TS_GP_MFS_EPUI_M.EPUI4,EPUI-4 Newspapers,28-Feb-22,72.86850645,Index,Normal,
Economic Policy Uncertainty (EPU) Index,TS_GP_MFS_EPUI_M.EPUI4,EPUI-4 Newspapers,31-Mar-22,149.3168963,Index,Normal,
Economic Policy Uncertainty (EPU) Index,TS_GP_MFS_EPUI_M.EPUI4,EPUI-4 Newspapers,30-Apr-22,232.8456103,Index,Normal,
Economic Policy Uncertainty (EPU) Index,TS_GP_MFS_EPUI_M.EPUI4,EPUI-4 Newspapers,31-May-22,276.4233015,Index,Normal,
Economic Policy Uncertainty (EPU) Index,TS_GP_MFS_EPUI_M.EPUI4,EPUI-4 Newspapers,30-Jun-22,165.5585344,Index,Normal,
Economic Policy Uncertainty (EPU) Index,TS_GP_MFS_EPUI_M.EPUI4,EPUI-4 Newspapers,31-Jul-22,238.4392108,Index,Normal,
Economic Policy Uncertainty (EPU) Index,TS_GP_MFS_EPUI_M.EPUI4,EPUI-4 Newspapers,31-Aug-22,156.4460214,Index,Normal,
Economic Policy Uncertainty (EPU) Index,TS_GP_MFS_EPUI_M.EPUI4,EPUI-4 Newspapers,30-Sep-22,119.2821752,Index,Normal,
Economic Policy Uncertainty (EPU) Index,TS_GP_MFS_EPUI_M.EPUI4,EPUI-4 Newspapers,31-Oct-22,118.6348223,Index,Normal,
Economic Policy Uncertainty (EPU) Index,TS_GP_MFS_EPUI_M.EPUI4,EPUI-4 Newspapers,30-Nov-22,142.3050619,Index,Normal,
Economic Policy Uncertainty (EPU) Index,TS_GP_MFS_EPUI_M.EPUI4,EPUI-4 Newspapers,31-Dec-22,194.3957713,Index,Normal,
Economic Policy Uncertainty (EPU) Index,TS_GP_MFS_EPUI_M.EPUI4,EPUI-4 Newspapers,31-Jan-23,194.8632452,Index,Normal,
Economic Policy Uncertainty (EPU) Index,TS_GP_MFS_EPUI_M.EPUI4,EPUI-4 Newspapers,28-Feb-23,147.9237342,Index,Normal,
Economic Policy Uncertainty (EPU) Index,TS_GP_MFS_EPUI_M.EPUI4,EPUI-4 Newspapers,31-Mar-23,136.0182934,Index,Normal,
Economic Policy Uncertainty (EPU) Index,TS_GP_MFS_EPUI_M.EPUI4,EPUI-4 Newspapers,30-Apr-23,175.9381867,Index,Normal,
Economic Policy Uncertainty (EPU) Index,TS_GP_MFS_EPUI_M.EPUI4,EPUI-4 Newspapers,31-May-23,186.3034173,Index,Normal,
Economic Policy Uncertainty (EPU) Index,TS_GP_MFS_EPUI_M.EPUI4,EPUI-4 Newspapers,30-Jun-23,176.8901939,Index,Normal,
Economic Policy Uncertainty (EPU) Index,TS_GP_MFS_EPUI_M.EPUI4,EPUI-4 Newspapers,31-Jul-23,163.4245636,Index,Normal,
Economic Policy Uncertainty (EPU) Index,TS_GP_MFS_EPUI_M.EPUI4,EPUI-4 Newspapers,31-Aug-23,160.4852564,Index,Normal,
Economic Policy Uncertainty (EPU) Index,TS_GP_MFS_EPUI_M.EPUI4,EPUI-4 Newspapers,30-Sep-23,151.7442454,Index,Normal,
Economic Policy Uncertainty (EPU) Index,TS_GP_MFS_EPUI_M.EPUI4,EPUI-4 Newspapers,31-Oct-23,126.1040357,Index,Normal,
Economic Policy Uncertainty (EPU) Index,TS_GP_MFS_EPUI_M.EPUI4,EPUI-4 Newspapers,30-Nov-23,99.32735043,Index,Normal,
Economic Policy Uncertainty (EPU) Index,TS_GP_MFS_EPUI_M.EPUI4,EPUI-4 Newspapers,31-Dec-23,122.6435491,Index,Normal,
Economic Policy Uncertainty (EPU) Index,TS_GP_MFS_EPUI_M.EPUI4,EPUI-4 Newspapers,31-Jan-24,127.2238762,Index,Normal,
Economic Policy Uncertainty (EPU) Index,TS_GP_MFS_EPUI_M.EPUI4,EPUI-4 Newspapers,29-Feb-24,271.8967552,Index,Normal,
Economic Policy Uncertainty (EPU) Index,TS_GP_MFS_EPUI_M.EPUI4,EPUI-4 Newspapers,31-Mar-24,144.6075605,Index,Normal,
Economic Policy Uncertainty (EPU) Index,TS_GP_MFS_EPUI_M.EPUI4,EPUI-4 Newspapers,30-Apr-24,114.8309734,Index,Normal,
Economic Policy Uncertainty (EPU) Index,TS_GP_MFS_EPUI_M.EPUI4,EPUI-4 Newspapers,31-May-24,130.2215472,Index,Normal,
Economic Policy Uncertainty (EPU) Index,TS_GP_MFS_EPUI_M.EPUI4,EPUI-4 Newspapers,30-Jun-24,132.3469887,Index,Normal,
Economic Policy Uncertainty (EPU) Index,TS_GP_MFS_EPUI_M.EPUI4,EPUI-4 Newspapers,31-Jul-24,123.3037798,Index,Normal,
Economic Policy Uncertainty (EPU) Index,TS_GP_MFS_EPUI_M.EPUI4,EPUI-4 Newspapers,31-Aug-24,136.8822725,Index,Normal,
Economic Policy Uncertainty (EPU) Index,TS_GP_MFS_EPUI_M.EPUI4,EPUI-4 Newspapers,30-Sep-24,131.4316149,Index,Normal,
Economic Policy Uncertainty (EPU) Index,TS_GP_MFS_EPUI_M.EPUI4,EPUI-4 Newspapers,31-Oct-24,118.9035963,Index,Normal,
Economic Policy Uncertainty (EPU) Index,TS_GP_MFS_EPUI_M.EPUI4,EPUI-4 Newspapers,30-Nov-24,127.8466385,Index,Normal,
Economic Policy Uncertainty (EPU) Index,TS_GP_MFS_EPUI_M.EPUI4,EPUI-4 Newspapers,31-Dec-24,137.6426927,Index,Normal,
Economic Policy Uncertainty (EPU) Index,TS_GP_MFS_EPUI_M.EPUI4,EPUI-4 Newspapers,31-Jan-25,150.222195,Index,Normal,
Economic Policy Uncertainty (EPU) Index,TS_GP_MFS_EPUI_M.EPUI4,EPUI-4 Newspapers,28-Feb-25,171.8717534,Index,Normal,
Economic Policy Uncertainty (EPU) Index,TS_GP_MFS_EPUI_M.EPUI4,EPUI-4 Newspapers,31-Mar-25,189.4743121,Index,Normal,
Economic Policy Uncertainty (EPU) Index,TS_GP_MFS_EPUI_M.EPUI4,EPUI-4 Newspapers,30-Apr-25,212.6263047,Index,Normal,
Economic Policy Uncertainty (EPU) Index,TS_GP_MFS_EPUI_M.EPUI4,EPUI-4 Newspapers,31-May-25,189.033534,Index,Normal,
Economic Policy Uncertainty (EPU) Index,TS_GP_MFS_EPUI_M.EPUI4,EPUI-4 Newspapers,30-Jun-25,224.737426,Index,Normal,
