Dataset,Series Key,Series,Observation Date,Observation Value,Unit,Observation Status,Observation Status Comment
Gold and Foreign Exchange Reserves of Pakistan,TS_GP_EXT_PAKRES_M.Z00020,Total SBP Reserves,30-Jun-48,150,Million USD,Normal,
Gold and Foreign Exchange Reserves of Pakistan,TS_GP_EXT_PAKRES_M.Z00020,Total SBP Reserves,30-Jun-49,487,Million USD,Normal,
Gold and Foreign Exchange Reserves of Pakistan,TS_GP_EXT_PAKRES_M.Z00020,Total SBP Reserves,30-Jun-50,277,Million USD,Normal,
Gold and Foreign Exchange Reserves of Pakistan,TS_GP_EXT_PAKRES_M.Z00020,Total SBP Reserves,30-Jun-51,444,Million USD,Normal,
Gold and Foreign Exchange Reserves of Pakistan,TS_GP_EXT_PAKRES_M.Z00020,Total SBP Reserves,30-Jun-52,292,Million USD,Normal,
Gold and Foreign Exchange Reserves of Pakistan,TS_GP_EXT_PAKRES_M.Z00020,Total SBP Reserves,30-Jun-53,178,Million USD,Normal,
Gold and Foreign Exchange Reserves of Pakistan,TS_GP_EXT_PAKRES_M.Z00020,Total SBP Reserves,30-Jun-54,166,Million USD,Normal,
Gold and Foreign Exchange Reserves of Pakistan,TS_GP_EXT_PAKRES_M.Z00020,Total SBP Reserves,30-Jun-55,186,Million USD,Normal,
Gold and Foreign Exchange Reserves of Pakistan,TS_GP_EXT_PAKRES_M.Z00020,Total SBP Reserves,30-Jun-56,269,Million USD,Normal,
Gold and Foreign Exchange Reserves of Pakistan,TS_GP_EXT_PAKRES_M.Z00020,Total SBP Reserves,30-Jun-57,228,Million USD,Normal,
Gold and Foreign Exchange Reserves of Pakistan,TS_GP_EXT_PAKRES_M.Z00020,Total SBP Reserves,30-Jun-58,160,Million USD,Normal,
Gold and Foreign Exchange Reserves of Pakistan,TS_GP_EXT_PAKRES_M.Z00020,Total SBP Reserves,30-Jun-59,169,Million USD,Normal,
Gold and Foreign Exchange Reserves of Pakistan,TS_GP_EXT_PAKRES_M.Z00020,Total SBP Reserves,30-Jun-60,194,Million USD,Normal,
Gold and Foreign Exchange Reserves of Pakistan,TS_GP_EXT_PAKRES_M.Z00020,Total SBP Reserves,30-Jun-61,204,Million USD,Normal,
Gold and Foreign Exchange Reserves of Pakistan,TS_GP_EXT_PAKRES_M.Z00020,Total SBP Reserves,30-Jun-62,184,Million USD,Normal,
Gold and Foreign Exchange Reserves of Pakistan,TS_GP_EXT_PAKRES_M.Z00020,Total SBP Reserves,30-Jun-63,249,Million USD,Normal,
Gold and Foreign Exchange Reserves of Pakistan,TS_GP_EXT_PAKRES_M.Z00020,Total SBP Reserves,30-Jun-64,206,Million USD,Normal,
Gold and Foreign Exchange Reserves of Pakistan,TS_GP_EXT_PAKRES_M.Z00020,Total SBP Reserves,30-Jun-65,147,Million USD,Normal,
Gold and Foreign Exchange Reserves of Pakistan,TS_GP_EXT_PAKRES_M.Z00020,Total SBP Reserves,30-Jun-66,212,Million USD,Normal,
Gold and Foreign Exchange Reserves of Pakistan,TS_GP_EXT_PAKRES_M.Z00020,Total SBP Reserves,30-Jun-67,114,Million USD,Normal,
Gold and Foreign Exchange Reserves of Pakistan,TS_GP_EXT_PAKRES_M.Z00020,Total SBP Reserves,30-Jun-68,128,Million USD,Normal,
Gold and Foreign Exchange Reserves of Pakistan,TS_GP_EXT_PAKRES_M.Z00020,Total SBP Reserves,30-Jun-69,245,Million USD,Normal,
Gold and Foreign Exchange Reserves of Pakistan,TS_GP_EXT_PAKRES_M.Z00020,Total SBP Reserves,30-Jun-70,233,Million USD,Normal,
Gold and Foreign Exchange Reserves of Pakistan,TS_GP_EXT_PAKRES_M.Z00020,Total SBP Reserves,30-Jun-71,149,Million USD,Normal,
Gold and Foreign Exchange Reserves of Pakistan,TS_GP_EXT_PAKRES_M.Z00020,Total SBP Reserves,31-Jul-71,161,Million USD,Normal,
Gold and Foreign Exchange Reserves of Pakistan,TS_GP_EXT_PAKRES_M.Z00020,Total SBP Reserves,31-Aug-71,176,Million USD,Normal,
Gold and Foreign Exchange Reserves of Pakistan,TS_GP_EXT_PAKRES_M.Z00020,Total SBP Reserves,30-Sep-71,171,Million USD,Normal,
Gold and Foreign Exchange Reserves of Pakistan,TS_GP_EXT_PAKRES_M.Z00020,Total SBP Reserves,31-Oct-71,171,Million USD,Normal,
Gold and Foreign Exchange Reserves of Pakistan,TS_GP_EXT_PAKRES_M.Z00020,Total SBP Reserves,30-Nov-71,173,Million USD,Normal,
Gold and Foreign Exchange Reserves of Pakistan,TS_GP_EXT_PAKRES_M.Z00020,Total SBP Reserves,31-Dec-71,132,Million USD,Normal,
Gold and Foreign Exchange Reserves of Pakistan,TS_GP_EXT_PAKRES_M.Z00020,Total SBP Reserves,31-Jan-72,157,Million USD,Normal,
Gold and Foreign Exchange Reserves of Pakistan,TS_GP_EXT_PAKRES_M.Z00020,Total SBP Reserves,29-Feb-72,152,Million USD,Normal,
Gold and Foreign Exchange Reserves of Pakistan,TS_GP_EXT_PAKRES_M.Z00020,Total SBP Reserves,31-Mar-72,144,Million USD,Normal,
Gold and Foreign Exchange Reserves of Pakistan,TS_GP_EXT_PAKRES_M.Z00020,Total SBP Reserves,30-Apr-72,174,Million USD,Normal,
Gold and Foreign Exchange Reserves of Pakistan,TS_GP_EXT_PAKRES_M.Z00020,Total SBP Reserves,31-May-72,177,Million USD,Normal,
Gold and Foreign Exchange Reserves of Pakistan,TS_GP_EXT_PAKRES_M.Z00020,Total SBP Reserves,30-Jun-72,235,Million USD,Normal,
Gold and Foreign Exchange Reserves of Pakistan,TS_GP_EXT_PAKRES_M.Z00020,Total SBP Reserves,31-Jul-72,237,Million USD,Normal,
Gold and Foreign Exchange Reserves of Pakistan,TS_GP_EXT_PAKRES_M.Z00020,Total SBP Reserves,31-Aug-72,216,Million USD,Normal,
Gold and Foreign Exchange Reserves of Pakistan,TS_GP_EXT_PAKRES_M.Z00020,Total SBP Reserves,30-Sep-72,213,Million USD,Normal,
Gold and Foreign Exchange Reserves of Pakistan,TS_GP_EXT_PAKRES_M.Z00020,Total SBP Reserves,31-Oct-72,245,Million USD,Normal,
Gold and Foreign Exchange Reserves of Pakistan,TS_GP_EXT_PAKRES_M.Z00020,Total SBP Reserves,30-Nov-72,260,Million USD,Normal,
Gold and Foreign Exchange Reserves of Pakistan,TS_GP_EXT_PAKRES_M.Z00020,Total SBP Reserves,31-Dec-72,225,Million USD,Normal,
Gold and Foreign Exchange Reserves of Pakistan,TS_GP_EXT_PAKRES_M.Z00020,Total SBP Reserves,31-Jan-73,236,Million USD,Normal,
Gold and Foreign Exchange Reserves of Pakistan,TS_GP_EXT_PAKRES_M.Z00020,Total SBP Reserves,28-Feb-73,266,Million USD,Normal,
Gold and Foreign Exchange Reserves of Pakistan,TS_GP_EXT_PAKRES_M.Z00020,Total SBP Reserves,31-Mar-73,268,Million USD,Normal,
Gold and Foreign Exchange Reserves of Pakistan,TS_GP_EXT_PAKRES_M.Z00020,Total SBP Reserves,30-Apr-73,316,Million USD,Normal,
Gold and Foreign Exchange Reserves of Pakistan,TS_GP_EXT_PAKRES_M.Z00020,Total SBP Reserves,31-May-73,371,Million USD,Normal,
Gold and Foreign Exchange Reserves of Pakistan,TS_GP_EXT_PAKRES_M.Z00020,Total SBP Reserves,30-Jun-73,393,Million USD,Normal,
Gold and Foreign Exchange Reserves of Pakistan,TS_GP_EXT_PAKRES_M.Z00020,Total SBP Reserves,31-Jul-73,306,Million USD,Normal,
Gold and Foreign Exchange Reserves of Pakistan,TS_GP_EXT_PAKRES_M.Z00020,Total SBP Reserves,31-Aug-73,380,Million USD,Normal,
Gold and Foreign Exchange Reserves of Pakistan,TS_GP_EXT_PAKRES_M.Z00020,Total SBP Reserves,30-Sep-73,336,Million USD,Normal,
Gold and Foreign Exchange Reserves of Pakistan,TS_GP_EXT_PAKRES_M.Z00020,Total SBP Reserves,31-Oct-73,350,Million USD,Normal,
Gold and Foreign Exchange Reserves of Pakistan,TS_GP_EXT_PAKRES_M.Z00020,Total SBP Reserves,30-Nov-73,364,Million USD,Normal,
Gold and Foreign Exchange Reserves of Pakistan,TS_GP_EXT_PAKRES_M.Z00020,Total SBP Reserves,31-Dec-73,408,Million USD,Normal,
Gold and Foreign Exchange Reserves of Pakistan,TS_GP_EXT_PAKRES_M.Z00020,Total SBP Reserves,31-Jan-74,398,Million USD,Normal,
Gold and Foreign Exchange Reserves of Pakistan,TS_GP_EXT_PAKRES_M.Z00020,Total SBP Reserves,28-Feb-74,422,Million USD,Normal,
Gold and Foreign Exchange Reserves of Pakistan,TS_GP_EXT_PAKRES_M.Z00020,Total SBP Reserves,31-Mar-74,363,Million USD,Normal,
Gold and Foreign Exchange Reserves of Pakistan,TS_GP_EXT_PAKRES_M.Z00020,Total SBP Reserves,30-Apr-74,357,Million USD,Normal,
Gold and Foreign Exchange Reserves of Pakistan,TS_GP_EXT_PAKRES_M.Z00020,Total SBP Reserves,31-May-74,333,Million USD,Normal,
Gold and Foreign Exchange Reserves of Pakistan,TS_GP_EXT_PAKRES_M.Z00020,Total SBP Reserves,30-Jun-74,305,Million USD,Normal,
Gold and Foreign Exchange Reserves of Pakistan,TS_GP_EXT_PAKRES_M.Z00020,Total SBP Reserves,31-Jul-74,239,Million USD,Normal,
Gold and Foreign Exchange Reserves of Pakistan,TS_GP_EXT_PAKRES_M.Z00020,Total SBP Reserves,31-Aug-74,225,Million USD,Normal,
Gold and Foreign Exchange Reserves of Pakistan,TS_GP_EXT_PAKRES_M.Z00020,Total SBP Reserves,30-Sep-74,493,Million USD,Normal,
Gold and Foreign Exchange Reserves of Pakistan,TS_GP_EXT_PAKRES_M.Z00020,Total SBP Reserves,31-Oct-74,417,Million USD,Normal,
Gold and Foreign Exchange Reserves of Pakistan,TS_GP_EXT_PAKRES_M.Z00020,Total SBP Reserves,30-Nov-74,505,Million USD,Normal,
Gold and Foreign Exchange Reserves of Pakistan,TS_GP_EXT_PAKRES_M.Z00020,Total SBP Reserves,31-Dec-74,376,Million USD,Normal,
Gold and Foreign Exchange Reserves of Pakistan,TS_GP_EXT_PAKRES_M.Z00020,Total SBP Reserves,31-Jan-75,313,Million USD,Normal,
Gold and Foreign Exchange Reserves of Pakistan,TS_GP_EXT_PAKRES_M.Z00020,Total SBP Reserves,28-Feb-75,340,Million USD,Normal,
Gold and Foreign Exchange Reserves of Pakistan,TS_GP_EXT_PAKRES_M.Z00020,Total SBP Reserves,31-Mar-75,355,Million USD,Normal,
Gold and Foreign Exchange Reserves of Pakistan,TS_GP_EXT_PAKRES_M.Z00020,Total SBP Reserves,30-Apr-75,401,Million USD,Normal,
Gold and Foreign Exchange Reserves of Pakistan,TS_GP_EXT_PAKRES_M.Z00020,Total SBP Reserves,31-May-75,383,Million USD,Normal,
Gold and Foreign Exchange Reserves of Pakistan,TS_GP_EXT_PAKRES_M.Z00020,Total SBP Reserves,30-Jun-75,389,Million USD,Normal,
Gold and Foreign Exchange Reserves of Pakistan,TS_GP_EXT_PAKRES_M.Z00020,Total SBP Reserves,31-Jul-75,335,Million USD,Normal,
Gold and Foreign Exchange Reserves of Pakistan,TS_GP_EXT_PAKRES_M.Z00020,Total SBP Reserves,31-Aug-75,438,Million USD,Normal,
Gold and Foreign Exchange Reserves of Pakistan,TS_GP_EXT_PAKRES_M.Z00020,Total SBP Reserves,30-Sep-75,472,Million USD,Normal,
Gold and Foreign Exchange Reserves of Pakistan,TS_GP_EXT_PAKRES_M.Z00020,Total SBP Reserves,31-Oct-75,406,Million USD,Normal,
Gold and Foreign Exchange Reserves of Pakistan,TS_GP_EXT_PAKRES_M.Z00020,Total SBP Reserves,30-Nov-75,380,Million USD,Normal,
Gold and Foreign Exchange Reserves of Pakistan,TS_GP_EXT_PAKRES_M.Z00020,Total SBP Reserves,31-Dec-75,317,Million USD,Normal,
Gold and Foreign Exchange Reserves of Pakistan,TS_GP_EXT_PAKRES_M.Z00020,Total SBP Reserves,31-Jan-76,295,Million USD,Normal,
Gold and Foreign Exchange Reserves of Pakistan,TS_GP_EXT_PAKRES_M.Z00020,Total SBP Reserves,29-Feb-76,533,Million USD,Normal,
Gold and Foreign Exchange Reserves of Pakistan,TS_GP_EXT_PAKRES_M.Z00020,Total SBP Reserves,31-Mar-76,566,Million USD,Normal,
Gold and Foreign Exchange Reserves of Pakistan,TS_GP_EXT_PAKRES_M.Z00020,Total SBP Reserves,30-Apr-76,563,Million USD,Normal,
Gold and Foreign Exchange Reserves of Pakistan,TS_GP_EXT_PAKRES_M.Z00020,Total SBP Reserves,31-May-76,555,Million USD,Normal,
Gold and Foreign Exchange Reserves of Pakistan,TS_GP_EXT_PAKRES_M.Z00020,Total SBP Reserves,30-Jun-76,534,Million USD,Normal,
Gold and Foreign Exchange Reserves of Pakistan,TS_GP_EXT_PAKRES_M.Z00020,Total SBP Reserves,31-Jul-76,524,Million USD,Normal,
Gold and Foreign Exchange Reserves of Pakistan,TS_GP_EXT_PAKRES_M.Z00020,Total SBP Reserves,31-Aug-76,466,Million USD,Normal,
Gold and Foreign Exchange Reserves of Pakistan,TS_GP_EXT_PAKRES_M.Z00020,Total SBP Reserves,30-Sep-76,594,Million USD,Normal,
Gold and Foreign Exchange Reserves of Pakistan,TS_GP_EXT_PAKRES_M.Z00020,Total SBP Reserves,31-Oct-76,562,Million USD,Normal,
Gold and Foreign Exchange Reserves of Pakistan,TS_GP_EXT_PAKRES_M.Z00020,Total SBP Reserves,30-Nov-76,507,Million USD,Normal,
Gold and Foreign Exchange Reserves of Pakistan,TS_GP_EXT_PAKRES_M.Z00020,Total SBP Reserves,31-Dec-76,475,Million USD,Normal,
Gold and Foreign Exchange Reserves of Pakistan,TS_GP_EXT_PAKRES_M.Z00020,Total SBP Reserves,31-Jan-77,383,Million USD,Normal,
Gold and Foreign Exchange Reserves of Pakistan,TS_GP_EXT_PAKRES_M.Z00020,Total SBP Reserves,28-Feb-77,349,Million USD,Normal,
Gold and Foreign Exchange Reserves of Pakistan,TS_GP_EXT_PAKRES_M.Z00020,Total SBP Reserves,31-Mar-77,343,Million USD,Normal,
Gold and Foreign Exchange Reserves of Pakistan,TS_GP_EXT_PAKRES_M.Z00020,Total SBP Reserves,30-Apr-77,414,Million USD,Normal,
Gold and Foreign Exchange Reserves of Pakistan,TS_GP_EXT_PAKRES_M.Z00020,Total SBP Reserves,31-May-77,414,Million USD,Normal,
Gold and Foreign Exchange Reserves of Pakistan,TS_GP_EXT_PAKRES_M.Z00020,Total SBP Reserves,30-Jun-77,357,Million USD,Normal,
Gold and Foreign Exchange Reserves of Pakistan,TS_GP_EXT_PAKRES_M.Z00020,Total SBP Reserves,31-Jul-77,348,Million USD,Normal,
Gold and Foreign Exchange Reserves of Pakistan,TS_GP_EXT_PAKRES_M.Z00020,Total SBP Reserves,31-Aug-77,398,Million USD,Normal,
Gold and Foreign Exchange Reserves of Pakistan,TS_GP_EXT_PAKRES_M.Z00020,Total SBP Reserves,30-Sep-77,443,Million USD,Normal,
Gold and Foreign Exchange Reserves of Pakistan,TS_GP_EXT_PAKRES_M.Z00020,Total SBP Reserves,31-Oct-77,380,Million USD,Normal,
Gold and Foreign Exchange Reserves of Pakistan,TS_GP_EXT_PAKRES_M.Z00020,Total SBP Reserves,30-Nov-77,452,Million USD,Normal,
Gold and Foreign Exchange Reserves of Pakistan,TS_GP_EXT_PAKRES_M.Z00020,Total SBP Reserves,31-Dec-77,451,Million USD,Normal,
Gold and Foreign Exchange Reserves of Pakistan,TS_GP_EXT_PAKRES_M.Z00020,Total SBP Reserves,31-Jan-78,477,Million USD,Normal,
Gold and Foreign Exchange Reserves of Pakistan,TS_GP_EXT_PAKRES_M.Z00020,Total SBP Reserves,28-Feb-78,450,Million USD,Normal,
Gold and Foreign Exchange Reserves of Pakistan,TS_GP_EXT_PAKRES_M.Z00020,Total SBP Reserves,31-Mar-78,539,Million USD,Normal,
Gold and Foreign Exchange Reserves of Pakistan,TS_GP_EXT_PAKRES_M.Z00020,Total SBP Reserves,30-Apr-78,576,Million USD,Normal,
Gold and Foreign Exchange Reserves of Pakistan,TS_GP_EXT_PAKRES_M.Z00020,Total SBP Reserves,31-May-78,643,Million USD,Normal,
Gold and Foreign Exchange Reserves of Pakistan,TS_GP_EXT_PAKRES_M.Z00020,Total SBP Reserves,30-Jun-78,684,Million USD,Normal,
Gold and Foreign Exchange Reserves of Pakistan,TS_GP_EXT_PAKRES_M.Z00020,Total SBP Reserves,31-Jul-78,718,Million USD,Normal,
Gold and Foreign Exchange Reserves of Pakistan,TS_GP_EXT_PAKRES_M.Z00020,Total SBP Reserves,31-Aug-78,709,Million USD,Normal,
Gold and Foreign Exchange Reserves of Pakistan,TS_GP_EXT_PAKRES_M.Z00020,Total SBP Reserves,30-Sep-78,637,Million USD,Normal,
Gold and Foreign Exchange Reserves of Pakistan,TS_GP_EXT_PAKRES_M.Z00020,Total SBP Reserves,31-Oct-78,566,Million USD,Normal,
Gold and Foreign Exchange Reserves of Pakistan,TS_GP_EXT_PAKRES_M.Z00020,Total SBP Reserves,30-Nov-78,492,Million USD,Normal,
Gold and Foreign Exchange Reserves of Pakistan,TS_GP_EXT_PAKRES_M.Z00020,Total SBP Reserves,31-Dec-78,410,Million USD,Normal,
Gold and Foreign Exchange Reserves of Pakistan,TS_GP_EXT_PAKRES_M.Z00020,Total SBP Reserves,31-Jan-79,414,Million USD,Normal,
Gold and Foreign Exchange Reserves of Pakistan,TS_GP_EXT_PAKRES_M.Z00020,Total SBP Reserves,28-Feb-79,453,Million USD,Normal,
Gold and Foreign Exchange Reserves of Pakistan,TS_GP_EXT_PAKRES_M.Z00020,Total SBP Reserves,31-Mar-79,497,Million USD,Normal,
Gold and Foreign Exchange Reserves of Pakistan,TS_GP_EXT_PAKRES_M.Z00020,Total SBP Reserves,30-Apr-79,445,Million USD,Normal,
Gold and Foreign Exchange Reserves of Pakistan,TS_GP_EXT_PAKRES_M.Z00020,Total SBP Reserves,31-May-79,406,Million USD,Normal,
Gold and Foreign Exchange Reserves of Pakistan,TS_GP_EXT_PAKRES_M.Z00020,Total SBP Reserves,30-Jun-79,372,Million USD,Normal,
Gold and Foreign Exchange Reserves of Pakistan,TS_GP_EXT_PAKRES_M.Z00020,Total SBP Reserves,31-Jul-79,248,Million USD,Normal,
Gold and Foreign Exchange Reserves of Pakistan,TS_GP_EXT_PAKRES_M.Z00020,Total SBP Reserves,31-Aug-79,148,Million USD,Normal,
Gold and Foreign Exchange Reserves of Pakistan,TS_GP_EXT_PAKRES_M.Z00020,Total SBP Reserves,30-Sep-79,156,Million USD,Normal,
Gold and Foreign Exchange Reserves of Pakistan,TS_GP_EXT_PAKRES_M.Z00020,Total SBP Reserves,31-Oct-79,176,Million USD,Normal,
Gold and Foreign Exchange Reserves of Pakistan,TS_GP_EXT_PAKRES_M.Z00020,Total SBP Reserves,30-Nov-79,164,Million USD,Normal,
Gold and Foreign Exchange Reserves of Pakistan,TS_GP_EXT_PAKRES_M.Z00020,Total SBP Reserves,31-Dec-79,225,Million USD,Normal,
Gold and Foreign Exchange Reserves of Pakistan,TS_GP_EXT_PAKRES_M.Z00020,Total SBP Reserves,31-Jan-80,211,Million USD,Normal,
Gold and Foreign Exchange Reserves of Pakistan,TS_GP_EXT_PAKRES_M.Z00020,Total SBP Reserves,29-Feb-80,743,Million USD,Normal,
Gold and Foreign Exchange Reserves of Pakistan,TS_GP_EXT_PAKRES_M.Z00020,Total SBP Reserves,31-Mar-80,787,Million USD,Normal,
Gold and Foreign Exchange Reserves of Pakistan,TS_GP_EXT_PAKRES_M.Z00020,Total SBP Reserves,30-Apr-80,915,Million USD,Normal,
Gold and Foreign Exchange Reserves of Pakistan,TS_GP_EXT_PAKRES_M.Z00020,Total SBP Reserves,31-May-80,871,Million USD,Normal,
Gold and Foreign Exchange Reserves of Pakistan,TS_GP_EXT_PAKRES_M.Z00020,Total SBP Reserves,30-Jun-80,714,Million USD,Normal,
Gold and Foreign Exchange Reserves of Pakistan,TS_GP_EXT_PAKRES_M.Z00020,Total SBP Reserves,31-Jul-80,568,Million USD,Normal,
Gold and Foreign Exchange Reserves of Pakistan,TS_GP_EXT_PAKRES_M.Z00020,Total SBP Reserves,31-Aug-80,483,Million USD,Normal,
Gold and Foreign Exchange Reserves of Pakistan,TS_GP_EXT_PAKRES_M.Z00020,Total SBP Reserves,30-Sep-80,412,Million USD,Normal,
Gold and Foreign Exchange Reserves of Pakistan,TS_GP_EXT_PAKRES_M.Z00020,Total SBP Reserves,31-Oct-80,406,Million USD,Normal,
Gold and Foreign Exchange Reserves of Pakistan,TS_GP_EXT_PAKRES_M.Z00020,Total SBP Reserves,30-Nov-80,380,Million USD,Normal,
Gold and Foreign Exchange Reserves of Pakistan,TS_GP_EXT_PAKRES_M.Z00020,Total SBP Reserves,31-Dec-80,487,Million USD,Normal,
Gold and Foreign Exchange Reserves of Pakistan,TS_GP_EXT_PAKRES_M.Z00020,Total SBP Reserves,31-Jan-81,569,Million USD,Normal,
Gold and Foreign Exchange Reserves of Pakistan,TS_GP_EXT_PAKRES_M.Z00020,Total SBP Reserves,28-Feb-81,643,Million USD,Normal,
Gold and Foreign Exchange Reserves of Pakistan,TS_GP_EXT_PAKRES_M.Z00020,Total SBP Reserves,31-Mar-81,877,Million USD,Normal,
Gold and Foreign Exchange Reserves of Pakistan,TS_GP_EXT_PAKRES_M.Z00020,Total SBP Reserves,30-Apr-81,1104,Million USD,Normal,
Gold and Foreign Exchange Reserves of Pakistan,TS_GP_EXT_PAKRES_M.Z00020,Total SBP Reserves,31-May-81,1004,Million USD,Normal,
Gold and Foreign Exchange Reserves of Pakistan,TS_GP_EXT_PAKRES_M.Z00020,Total SBP Reserves,30-Jun-81,1038,Million USD,Normal,
Gold and Foreign Exchange Reserves of Pakistan,TS_GP_EXT_PAKRES_M.Z00020,Total SBP Reserves,31-Jul-81,899,Million USD,Normal,
Gold and Foreign Exchange Reserves of Pakistan,TS_GP_EXT_PAKRES_M.Z00020,Total SBP Reserves,31-Aug-81,829,Million USD,Normal,
Gold and Foreign Exchange Reserves of Pakistan,TS_GP_EXT_PAKRES_M.Z00020,Total SBP Reserves,30-Sep-81,795,Million USD,Normal,
Gold and Foreign Exchange Reserves of Pakistan,TS_GP_EXT_PAKRES_M.Z00020,Total SBP Reserves,31-Oct-81,708,Million USD,Normal,
Gold and Foreign Exchange Reserves of Pakistan,TS_GP_EXT_PAKRES_M.Z00020,Total SBP Reserves,30-Nov-81,678,Million USD,Normal,
Gold and Foreign Exchange Reserves of Pakistan,TS_GP_EXT_PAKRES_M.Z00020,Total SBP Reserves,31-Dec-81,720,Million USD,Normal,
Gold and Foreign Exchange Reserves of Pakistan,TS_GP_EXT_PAKRES_M.Z00020,Total SBP Reserves,31-Jan-82,650,Million USD,Normal,
Gold and Foreign Exchange Reserves of Pakistan,TS_GP_EXT_PAKRES_M.Z00020,Total SBP Reserves,28-Feb-82,707,Million USD,Normal,
Gold and Foreign Exchange Reserves of Pakistan,TS_GP_EXT_PAKRES_M.Z00020,Total SBP Reserves,31-Mar-82,739,Million USD,Normal,
Gold and Foreign Exchange Reserves of Pakistan,TS_GP_EXT_PAKRES_M.Z00020,Total SBP Reserves,30-Apr-82,731,Million USD,Normal,
Gold and Foreign Exchange Reserves of Pakistan,TS_GP_EXT_PAKRES_M.Z00020,Total SBP Reserves,31-May-82,792,Million USD,Normal,
Gold and Foreign Exchange Reserves of Pakistan,TS_GP_EXT_PAKRES_M.Z00020,Total SBP Reserves,30-Jun-82,807,Million USD,Normal,
Gold and Foreign Exchange Reserves of Pakistan,TS_GP_EXT_PAKRES_M.Z00020,Total SBP Reserves,31-Jul-82,999,Million USD,Normal,
Gold and Foreign Exchange Reserves of Pakistan,TS_GP_EXT_PAKRES_M.Z00020,Total SBP Reserves,31-Aug-82,1029,Million USD,Normal,
Gold and Foreign Exchange Reserves of Pakistan,TS_GP_EXT_PAKRES_M.Z00020,Total SBP Reserves,30-Sep-82,994,Million USD,Normal,
Gold and Foreign Exchange Reserves of Pakistan,TS_GP_EXT_PAKRES_M.Z00020,Total SBP Reserves,31-Oct-82,965,Million USD,Normal,
Gold and Foreign Exchange Reserves of Pakistan,TS_GP_EXT_PAKRES_M.Z00020,Total SBP Reserves,30-Nov-82,944,Million USD,Normal,
Gold and Foreign Exchange Reserves of Pakistan,TS_GP_EXT_PAKRES_M.Z00020,Total SBP Reserves,31-Dec-82,898,Million USD,Normal,
Gold and Foreign Exchange Reserves of Pakistan,TS_GP_EXT_PAKRES_M.Z00020,Total SBP Reserves,31-Jan-83,964,Million USD,Normal,
Gold and Foreign Exchange Reserves of Pakistan,TS_GP_EXT_PAKRES_M.Z00020,Total SBP Reserves,28-Feb-83,1281,Million USD,Normal,
Gold and Foreign Exchange Reserves of Pakistan,TS_GP_EXT_PAKRES_M.Z00020,Total SBP Reserves,31-Mar-83,1406,Million USD,Normal,
Gold and Foreign Exchange Reserves of Pakistan,TS_GP_EXT_PAKRES_M.Z00020,Total SBP Reserves,30-Apr-83,1545,Million USD,Normal,
Gold and Foreign Exchange Reserves of Pakistan,TS_GP_EXT_PAKRES_M.Z00020,Total SBP Reserves,31-May-83,1787,Million USD,Normal,
Gold and Foreign Exchange Reserves of Pakistan,TS_GP_EXT_PAKRES_M.Z00020,Total SBP Reserves,30-Jun-83,1849,Million USD,Normal,
Gold and Foreign Exchange Reserves of Pakistan,TS_GP_EXT_PAKRES_M.Z00020,Total SBP Reserves,31-Jul-83,1642,Million USD,Normal,
Gold and Foreign Exchange Reserves of Pakistan,TS_GP_EXT_PAKRES_M.Z00020,Total SBP Reserves,31-Aug-83,1830,Million USD,Normal,
Gold and Foreign Exchange Reserves of Pakistan,TS_GP_EXT_PAKRES_M.Z00020,Total SBP Reserves,30-Sep-83,1794,Million USD,Normal,
Gold and Foreign Exchange Reserves of Pakistan,TS_GP_EXT_PAKRES_M.Z00020,Total SBP Reserves,31-Oct-83,1821,Million USD,Normal,
Gold and Foreign Exchange Reserves of Pakistan,TS_GP_EXT_PAKRES_M.Z00020,Total SBP Reserves,30-Nov-83,1797,Million USD,Normal,
Gold and Foreign Exchange Reserves of Pakistan,TS_GP_EXT_PAKRES_M.Z00020,Total SBP Reserves,31-Dec-83,1878,Million USD,Normal,
Gold and Foreign Exchange Reserves of Pakistan,TS_GP_EXT_PAKRES_M.Z00020,Total SBP Reserves,31-Jan-84,1790,Million USD,Normal,
Gold and Foreign Exchange Reserves of Pakistan,TS_GP_EXT_PAKRES_M.Z00020,Total SBP Reserves,29-Feb-84,1726,Million USD,Normal,
Gold and Foreign Exchange Reserves of Pakistan,TS_GP_EXT_PAKRES_M.Z00020,Total SBP Reserves,31-Mar-84,1785,Million USD,Normal,
Gold and Foreign Exchange Reserves of Pakistan,TS_GP_EXT_PAKRES_M.Z00020,Total SBP Reserves,30-Apr-84,1837,Million USD,Normal,
Gold and Foreign Exchange Reserves of Pakistan,TS_GP_EXT_PAKRES_M.Z00020,Total SBP Reserves,31-May-84,1711,Million USD,Normal,
Gold and Foreign Exchange Reserves of Pakistan,TS_GP_EXT_PAKRES_M.Z00020,Total SBP Reserves,30-Jun-84,1617,Million USD,Normal,
Gold and Foreign Exchange Reserves of Pakistan,TS_GP_EXT_PAKRES_M.Z00020,Total SBP Reserves,31-Jul-84,1317,Million USD,Normal,
Gold and Foreign Exchange Reserves of Pakistan,TS_GP_EXT_PAKRES_M.Z00020,Total SBP Reserves,31-Aug-84,1097,Million USD,Normal,
Gold and Foreign Exchange Reserves of Pakistan,TS_GP_EXT_PAKRES_M.Z00020,Total SBP Reserves,30-Sep-84,964,Million USD,Normal,
Gold and Foreign Exchange Reserves of Pakistan,TS_GP_EXT_PAKRES_M.Z00020,Total SBP Reserves,31-Oct-84,892,Million USD,Normal,
Gold and Foreign Exchange Reserves of Pakistan,TS_GP_EXT_PAKRES_M.Z00020,Total SBP Reserves,30-Nov-84,1021,Million USD,Normal,
Gold and Foreign Exchange Reserves of Pakistan,TS_GP_EXT_PAKRES_M.Z00020,Total SBP Reserves,31-Dec-84,913,Million USD,Normal,
Gold and Foreign Exchange Reserves of Pakistan,TS_GP_EXT_PAKRES_M.Z00020,Total SBP Reserves,31-Jan-85,863,Million USD,Normal,
Gold and Foreign Exchange Reserves of Pakistan,TS_GP_EXT_PAKRES_M.Z00020,Total SBP Reserves,28-Feb-85,862,Million USD,Normal,
Gold and Foreign Exchange Reserves of Pakistan,TS_GP_EXT_PAKRES_M.Z00020,Total SBP Reserves,31-Mar-85,826,Million USD,Normal,
Gold and Foreign Exchange Reserves of Pakistan,TS_GP_EXT_PAKRES_M.Z00020,Total SBP Reserves,30-Apr-85,793,Million USD,Normal,
Gold and Foreign Exchange Reserves of Pakistan,TS_GP_EXT_PAKRES_M.Z00020,Total SBP Reserves,31-May-85,620,Million USD,Normal,
Gold and Foreign Exchange Reserves of Pakistan,TS_GP_EXT_PAKRES_M.Z00020,Total SBP Reserves,30-Jun-85,544,Million USD,Normal,
Gold and Foreign Exchange Reserves of Pakistan,TS_GP_EXT_PAKRES_M.Z00020,Total SBP Reserves,31-Jul-85,529,Million USD,Normal,
Gold and Foreign Exchange Reserves of Pakistan,TS_GP_EXT_PAKRES_M.Z00020,Total SBP Reserves,31-Aug-85,602,Million USD,Normal,
Gold and Foreign Exchange Reserves of Pakistan,TS_GP_EXT_PAKRES_M.Z00020,Total SBP Reserves,30-Sep-85,759,Million USD,Normal,
Gold and Foreign Exchange Reserves of Pakistan,TS_GP_EXT_PAKRES_M.Z00020,Total SBP Reserves,31-Oct-85,809,Million USD,Normal,
Gold and Foreign Exchange Reserves of Pakistan,TS_GP_EXT_PAKRES_M.Z00020,Total SBP Reserves,30-Nov-85,808,Million USD,Normal,
Gold and Foreign Exchange Reserves of Pakistan,TS_GP_EXT_PAKRES_M.Z00020,Total SBP Reserves,31-Dec-85,790,Million USD,Normal,
Gold and Foreign Exchange Reserves of Pakistan,TS_GP_EXT_PAKRES_M.Z00020,Total SBP Reserves,31-Jan-86,828,Million USD,Normal,
Gold and Foreign Exchange Reserves of Pakistan,TS_GP_EXT_PAKRES_M.Z00020,Total SBP Reserves,28-Feb-86,907,Million USD,Normal,
Gold and Foreign Exchange Reserves of Pakistan,TS_GP_EXT_PAKRES_M.Z00020,Total SBP Reserves,31-Mar-86,918,Million USD,Normal,
Gold and Foreign Exchange Reserves of Pakistan,TS_GP_EXT_PAKRES_M.Z00020,Total SBP Reserves,30-Apr-86,970,Million USD,Normal,
Gold and Foreign Exchange Reserves of Pakistan,TS_GP_EXT_PAKRES_M.Z00020,Total SBP Reserves,31-May-86,931,Million USD,Normal,
Gold and Foreign Exchange Reserves of Pakistan,TS_GP_EXT_PAKRES_M.Z00020,Total SBP Reserves,30-Jun-86,878,Million USD,Normal,
Gold and Foreign Exchange Reserves of Pakistan,TS_GP_EXT_PAKRES_M.Z00020,Total SBP Reserves,31-Jul-86,859,Million USD,Normal,
Gold and Foreign Exchange Reserves of Pakistan,TS_GP_EXT_PAKRES_M.Z00020,Total SBP Reserves,31-Aug-86,759,Million USD,Normal,
Gold and Foreign Exchange Reserves of Pakistan,TS_GP_EXT_PAKRES_M.Z00020,Total SBP Reserves,30-Sep-86,730,Million USD,Normal,
Gold and Foreign Exchange Reserves of Pakistan,TS_GP_EXT_PAKRES_M.Z00020,Total SBP Reserves,31-Oct-86,739,Million USD,Normal,
Gold and Foreign Exchange Reserves of Pakistan,TS_GP_EXT_PAKRES_M.Z00020,Total SBP Reserves,30-Nov-86,714,Million USD,Normal,
Gold and Foreign Exchange Reserves of Pakistan,TS_GP_EXT_PAKRES_M.Z00020,Total SBP Reserves,31-Dec-86,714,Million USD,Normal,
Gold and Foreign Exchange Reserves of Pakistan,TS_GP_EXT_PAKRES_M.Z00020,Total SBP Reserves,31-Jan-87,702,Million USD,Normal,
Gold and Foreign Exchange Reserves of Pakistan,TS_GP_EXT_PAKRES_M.Z00020,Total SBP Reserves,28-Feb-87,665,Million USD,Normal,
Gold and Foreign Exchange Reserves of Pakistan,TS_GP_EXT_PAKRES_M.Z00020,Total SBP Reserves,31-Mar-87,755,Million USD,Normal,
Gold and Foreign Exchange Reserves of Pakistan,TS_GP_EXT_PAKRES_M.Z00020,Total SBP Reserves,30-Apr-87,925,Million USD,Normal,
Gold and Foreign Exchange Reserves of Pakistan,TS_GP_EXT_PAKRES_M.Z00020,Total SBP Reserves,31-May-87,899,Million USD,Normal,
Gold and Foreign Exchange Reserves of Pakistan,TS_GP_EXT_PAKRES_M.Z00020,Total SBP Reserves,30-Jun-87,870,Million USD,Normal,
Gold and Foreign Exchange Reserves of Pakistan,TS_GP_EXT_PAKRES_M.Z00020,Total SBP Reserves,31-Jul-87,721,Million USD,Normal,
Gold and Foreign Exchange Reserves of Pakistan,TS_GP_EXT_PAKRES_M.Z00020,Total SBP Reserves,31-Aug-87,507,Million USD,Normal,
Gold and Foreign Exchange Reserves of Pakistan,TS_GP_EXT_PAKRES_M.Z00020,Total SBP Reserves,30-Sep-87,384,Million USD,Normal,
Gold and Foreign Exchange Reserves of Pakistan,TS_GP_EXT_PAKRES_M.Z00020,Total SBP Reserves,31-Oct-87,647,Million USD,Normal,
Gold and Foreign Exchange Reserves of Pakistan,TS_GP_EXT_PAKRES_M.Z00020,Total SBP Reserves,30-Nov-87,588,Million USD,Normal,
Gold and Foreign Exchange Reserves of Pakistan,TS_GP_EXT_PAKRES_M.Z00020,Total SBP Reserves,31-Dec-87,501,Million USD,Normal,
Gold and Foreign Exchange Reserves of Pakistan,TS_GP_EXT_PAKRES_M.Z00020,Total SBP Reserves,31-Jan-88,507,Million USD,Normal,
Gold and Foreign Exchange Reserves of Pakistan,TS_GP_EXT_PAKRES_M.Z00020,Total SBP Reserves,29-Feb-88,514,Million USD,Normal,
Gold and Foreign Exchange Reserves of Pakistan,TS_GP_EXT_PAKRES_M.Z00020,Total SBP Reserves,31-Mar-88,556,Million USD,Normal,
Gold and Foreign Exchange Reserves of Pakistan,TS_GP_EXT_PAKRES_M.Z00020,Total SBP Reserves,30-Apr-88,653,Million USD,Normal,
Gold and Foreign Exchange Reserves of Pakistan,TS_GP_EXT_PAKRES_M.Z00020,Total SBP Reserves,31-May-88,588,Million USD,Normal,
Gold and Foreign Exchange Reserves of Pakistan,TS_GP_EXT_PAKRES_M.Z00020,Total SBP Reserves,30-Jun-88,438,Million USD,Normal,
Gold and Foreign Exchange Reserves of Pakistan,TS_GP_EXT_PAKRES_M.Z00020,Total SBP Reserves,31-Jul-88,349,Million USD,Normal,
Gold and Foreign Exchange Reserves of Pakistan,TS_GP_EXT_PAKRES_M.Z00020,Total SBP Reserves,31-Aug-88,408,Million USD,Normal,
Gold and Foreign Exchange Reserves of Pakistan,TS_GP_EXT_PAKRES_M.Z00020,Total SBP Reserves,30-Sep-88,361,Million USD,Normal,
Gold and Foreign Exchange Reserves of Pakistan,TS_GP_EXT_PAKRES_M.Z00020,Total SBP Reserves,31-Oct-88,486,Million USD,Normal,
Gold and Foreign Exchange Reserves of Pakistan,TS_GP_EXT_PAKRES_M.Z00020,Total SBP Reserves,30-Nov-88,290,Million USD,Normal,
Gold and Foreign Exchange Reserves of Pakistan,TS_GP_EXT_PAKRES_M.Z00020,Total SBP Reserves,31-Dec-88,425,Million USD,Normal,
Gold and Foreign Exchange Reserves of Pakistan,TS_GP_EXT_PAKRES_M.Z00020,Total SBP Reserves,31-Jan-89,638,Million USD,Normal,
Gold and Foreign Exchange Reserves of Pakistan,TS_GP_EXT_PAKRES_M.Z00020,Total SBP Reserves,28-Feb-89,446,Million USD,Normal,
Gold and Foreign Exchange Reserves of Pakistan,TS_GP_EXT_PAKRES_M.Z00020,Total SBP Reserves,31-Mar-89,598,Million USD,Normal,
Gold and Foreign Exchange Reserves of Pakistan,TS_GP_EXT_PAKRES_M.Z00020,Total SBP Reserves,30-Apr-89,681,Million USD,Normal,
Gold and Foreign Exchange Reserves of Pakistan,TS_GP_EXT_PAKRES_M.Z00020,Total SBP Reserves,31-May-89,553,Million USD,Normal,
Gold and Foreign Exchange Reserves of Pakistan,TS_GP_EXT_PAKRES_M.Z00020,Total SBP Reserves,30-Jun-89,459,Million USD,Normal,
Gold and Foreign Exchange Reserves of Pakistan,TS_GP_EXT_PAKRES_M.Z00020,Total SBP Reserves,31-Jul-89,536,Million USD,Normal,
Gold and Foreign Exchange Reserves of Pakistan,TS_GP_EXT_PAKRES_M.Z00020,Total SBP Reserves,31-Aug-89,486,Million USD,Normal,
Gold and Foreign Exchange Reserves of Pakistan,TS_GP_EXT_PAKRES_M.Z00020,Total SBP Reserves,30-Sep-89,396,Million USD,Normal,
Gold and Foreign Exchange Reserves of Pakistan,TS_GP_EXT_PAKRES_M.Z00020,Total SBP Reserves,31-Oct-89,348,Million USD,Normal,
Gold and Foreign Exchange Reserves of Pakistan,TS_GP_EXT_PAKRES_M.Z00020,Total SBP Reserves,30-Nov-89,291,Million USD,Normal,
Gold and Foreign Exchange Reserves of Pakistan,TS_GP_EXT_PAKRES_M.Z00020,Total SBP Reserves,31-Dec-89,641,Million USD,Normal,
Gold and Foreign Exchange Reserves of Pakistan,TS_GP_EXT_PAKRES_M.Z00020,Total SBP Reserves,31-Jan-90,545,Million USD,Normal,
Gold and Foreign Exchange Reserves of Pakistan,TS_GP_EXT_PAKRES_M.Z00020,Total SBP Reserves,28-Feb-90,492,Million USD,Normal,
Gold and Foreign Exchange Reserves of Pakistan,TS_GP_EXT_PAKRES_M.Z00020,Total SBP Reserves,31-Mar-90,579,Million USD,Normal,
Gold and Foreign Exchange Reserves of Pakistan,TS_GP_EXT_PAKRES_M.Z00020,Total SBP Reserves,30-Apr-90,500,Million USD,Normal,
Gold and Foreign Exchange Reserves of Pakistan,TS_GP_EXT_PAKRES_M.Z00020,Total SBP Reserves,31-May-90,444,Million USD,Normal,
Gold and Foreign Exchange Reserves of Pakistan,TS_GP_EXT_PAKRES_M.Z00020,Total SBP Reserves,30-Jun-90,622,Million USD,Normal,
Gold and Foreign Exchange Reserves of Pakistan,TS_GP_EXT_PAKRES_M.Z00020,Total SBP Reserves,31-Jul-90,478,Million USD,Normal,
Gold and Foreign Exchange Reserves of Pakistan,TS_GP_EXT_PAKRES_M.Z00020,Total SBP Reserves,31-Aug-90,492,Million USD,Normal,
Gold and Foreign Exchange Reserves of Pakistan,TS_GP_EXT_PAKRES_M.Z00020,Total SBP Reserves,30-Sep-90,410,Million USD,Normal,
Gold and Foreign Exchange Reserves of Pakistan,TS_GP_EXT_PAKRES_M.Z00020,Total SBP Reserves,31-Oct-90,217,Million USD,Normal,
Gold and Foreign Exchange Reserves of Pakistan,TS_GP_EXT_PAKRES_M.Z00020,Total SBP Reserves,30-Nov-90,117,Million USD,Normal,
Gold and Foreign Exchange Reserves of Pakistan,TS_GP_EXT_PAKRES_M.Z00020,Total SBP Reserves,31-Dec-90,193,Million USD,Normal,
Gold and Foreign Exchange Reserves of Pakistan,TS_GP_EXT_PAKRES_M.Z00020,Total SBP Reserves,31-Jan-91,223,Million USD,Normal,
Gold and Foreign Exchange Reserves of Pakistan,TS_GP_EXT_PAKRES_M.Z00020,Total SBP Reserves,28-Feb-91,279,Million USD,Normal,
Gold and Foreign Exchange Reserves of Pakistan,TS_GP_EXT_PAKRES_M.Z00020,Total SBP Reserves,31-Mar-91,177,Million USD,Normal,
Gold and Foreign Exchange Reserves of Pakistan,TS_GP_EXT_PAKRES_M.Z00020,Total SBP Reserves,30-Apr-91,245,Million USD,Normal,
Gold and Foreign Exchange Reserves of Pakistan,TS_GP_EXT_PAKRES_M.Z00020,Total SBP Reserves,31-May-91,429,Million USD,Normal,
Gold and Foreign Exchange Reserves of Pakistan,TS_GP_EXT_PAKRES_M.Z00020,Total SBP Reserves,30-Jun-91,572,Million USD,Normal,
Gold and Foreign Exchange Reserves of Pakistan,TS_GP_EXT_PAKRES_M.Z00020,Total SBP Reserves,31-Jul-91,513,Million USD,Normal,
Gold and Foreign Exchange Reserves of Pakistan,TS_GP_EXT_PAKRES_M.Z00020,Total SBP Reserves,31-Aug-91,526,Million USD,Normal,
Gold and Foreign Exchange Reserves of Pakistan,TS_GP_EXT_PAKRES_M.Z00020,Total SBP Reserves,30-Sep-91,406,Million USD,Normal,
Gold and Foreign Exchange Reserves of Pakistan,TS_GP_EXT_PAKRES_M.Z00020,Total SBP Reserves,31-Oct-91,348,Million USD,Normal,
Gold and Foreign Exchange Reserves of Pakistan,TS_GP_EXT_PAKRES_M.Z00020,Total SBP Reserves,30-Nov-91,287,Million USD,Normal,
Gold and Foreign Exchange Reserves of Pakistan,TS_GP_EXT_PAKRES_M.Z00020,Total SBP Reserves,31-Dec-91,416,Million USD,Normal,
Gold and Foreign Exchange Reserves of Pakistan,TS_GP_EXT_PAKRES_M.Z00020,Total SBP Reserves,31-Jan-92,385,Million USD,Normal,
Gold and Foreign Exchange Reserves of Pakistan,TS_GP_EXT_PAKRES_M.Z00020,Total SBP Reserves,29-Feb-92,392,Million USD,Normal,
Gold and Foreign Exchange Reserves of Pakistan,TS_GP_EXT_PAKRES_M.Z00020,Total SBP Reserves,31-Mar-92,541,Million USD,Normal,
Gold and Foreign Exchange Reserves of Pakistan,TS_GP_EXT_PAKRES_M.Z00020,Total SBP Reserves,30-Apr-92,611,Million USD,Normal,
Gold and Foreign Exchange Reserves of Pakistan,TS_GP_EXT_PAKRES_M.Z00020,Total SBP Reserves,31-May-92,707,Million USD,Normal,
Gold and Foreign Exchange Reserves of Pakistan,TS_GP_EXT_PAKRES_M.Z00020,Total SBP Reserves,30-Jun-92,1038,Million USD,Normal,
Gold and Foreign Exchange Reserves of Pakistan,TS_GP_EXT_PAKRES_M.Z00020,Total SBP Reserves,31-Jul-92,1015,Million USD,Normal,
Gold and Foreign Exchange Reserves of Pakistan,TS_GP_EXT_PAKRES_M.Z00020,Total SBP Reserves,31-Aug-92,1010,Million USD,Normal,
Gold and Foreign Exchange Reserves of Pakistan,TS_GP_EXT_PAKRES_M.Z00020,Total SBP Reserves,30-Sep-92,969,Million USD,Normal,
Gold and Foreign Exchange Reserves of Pakistan,TS_GP_EXT_PAKRES_M.Z00020,Total SBP Reserves,31-Oct-92,814,Million USD,Normal,
Gold and Foreign Exchange Reserves of Pakistan,TS_GP_EXT_PAKRES_M.Z00020,Total SBP Reserves,30-Nov-92,694,Million USD,Normal,
Gold and Foreign Exchange Reserves of Pakistan,TS_GP_EXT_PAKRES_M.Z00020,Total SBP Reserves,31-Dec-92,844,Million USD,Normal,
Gold and Foreign Exchange Reserves of Pakistan,TS_GP_EXT_PAKRES_M.Z00020,Total SBP Reserves,31-Jan-93,981,Million USD,Normal,
Gold and Foreign Exchange Reserves of Pakistan,TS_GP_EXT_PAKRES_M.Z00020,Total SBP Reserves,28-Feb-93,1059,Million USD,Normal,
Gold and Foreign Exchange Reserves of Pakistan,TS_GP_EXT_PAKRES_M.Z00020,Total SBP Reserves,31-Mar-93,885,Million USD,Normal,
Gold and Foreign Exchange Reserves of Pakistan,TS_GP_EXT_PAKRES_M.Z00020,Total SBP Reserves,30-Apr-93,597,Million USD,Normal,
Gold and Foreign Exchange Reserves of Pakistan,TS_GP_EXT_PAKRES_M.Z00020,Total SBP Reserves,31-May-93,395,Million USD,Normal,
Gold and Foreign Exchange Reserves of Pakistan,TS_GP_EXT_PAKRES_M.Z00020,Total SBP Reserves,30-Jun-93,469,Million USD,Normal,
Gold and Foreign Exchange Reserves of Pakistan,TS_GP_EXT_PAKRES_M.Z00020,Total SBP Reserves,31-Jul-93,247,Million USD,Normal,
Gold and Foreign Exchange Reserves of Pakistan,TS_GP_EXT_PAKRES_M.Z00020,Total SBP Reserves,31-Aug-93,498,Million USD,Normal,
Gold and Foreign Exchange Reserves of Pakistan,TS_GP_EXT_PAKRES_M.Z00020,Total SBP Reserves,30-Sep-93,221,Million USD,Normal,
Gold and Foreign Exchange Reserves of Pakistan,TS_GP_EXT_PAKRES_M.Z00020,Total SBP Reserves,31-Oct-93,402,Million USD,Normal,
Gold and Foreign Exchange Reserves of Pakistan,TS_GP_EXT_PAKRES_M.Z00020,Total SBP Reserves,30-Nov-93,788,Million USD,Normal,
Gold and Foreign Exchange Reserves of Pakistan,TS_GP_EXT_PAKRES_M.Z00020,Total SBP Reserves,31-Dec-93,1192,Million USD,Normal,
Gold and Foreign Exchange Reserves of Pakistan,TS_GP_EXT_PAKRES_M.Z00020,Total SBP Reserves,31-Jan-94,1220,Million USD,Normal,
Gold and Foreign Exchange Reserves of Pakistan,TS_GP_EXT_PAKRES_M.Z00020,Total SBP Reserves,28-Feb-94,1365,Million USD,Normal,
Gold and Foreign Exchange Reserves of Pakistan,TS_GP_EXT_PAKRES_M.Z00020,Total SBP Reserves,31-Mar-94,1935,Million USD,Normal,
Gold and Foreign Exchange Reserves of Pakistan,TS_GP_EXT_PAKRES_M.Z00020,Total SBP Reserves,30-Apr-94,1997,Million USD,Normal,
Gold and Foreign Exchange Reserves of Pakistan,TS_GP_EXT_PAKRES_M.Z00020,Total SBP Reserves,31-May-94,2125,Million USD,Normal,
Gold and Foreign Exchange Reserves of Pakistan,TS_GP_EXT_PAKRES_M.Z00020,Total SBP Reserves,30-Jun-94,2306,Million USD,Normal,
Gold and Foreign Exchange Reserves of Pakistan,TS_GP_EXT_PAKRES_M.Z00020,Total SBP Reserves,31-Jul-94,2487,Million USD,Normal,
Gold and Foreign Exchange Reserves of Pakistan,TS_GP_EXT_PAKRES_M.Z00020,Total SBP Reserves,31-Aug-94,2409,Million USD,Normal,
Gold and Foreign Exchange Reserves of Pakistan,TS_GP_EXT_PAKRES_M.Z00020,Total SBP Reserves,30-Sep-94,3562,Million USD,Normal,
Gold and Foreign Exchange Reserves of Pakistan,TS_GP_EXT_PAKRES_M.Z00020,Total SBP Reserves,31-Oct-94,3292,Million USD,Normal,
Gold and Foreign Exchange Reserves of Pakistan,TS_GP_EXT_PAKRES_M.Z00020,Total SBP Reserves,30-Nov-94,2932,Million USD,Normal,
Gold and Foreign Exchange Reserves of Pakistan,TS_GP_EXT_PAKRES_M.Z00020,Total SBP Reserves,31-Dec-94,3392,Million USD,Normal,
Gold and Foreign Exchange Reserves of Pakistan,TS_GP_EXT_PAKRES_M.Z00020,Total SBP Reserves,31-Jan-95,3163,Million USD,Normal,
Gold and Foreign Exchange Reserves of Pakistan,TS_GP_EXT_PAKRES_M.Z00020,Total SBP Reserves,28-Feb-95,3199,Million USD,Normal,
Gold and Foreign Exchange Reserves of Pakistan,TS_GP_EXT_PAKRES_M.Z00020,Total SBP Reserves,31-Mar-95,3054,Million USD,Normal,
Gold and Foreign Exchange Reserves of Pakistan,TS_GP_EXT_PAKRES_M.Z00020,Total SBP Reserves,30-Apr-95,2962,Million USD,Normal,
Gold and Foreign Exchange Reserves of Pakistan,TS_GP_EXT_PAKRES_M.Z00020,Total SBP Reserves,31-May-95,2960,Million USD,Normal,
Gold and Foreign Exchange Reserves of Pakistan,TS_GP_EXT_PAKRES_M.Z00020,Total SBP Reserves,30-Jun-95,2745,Million USD,Normal,
Gold and Foreign Exchange Reserves of Pakistan,TS_GP_EXT_PAKRES_M.Z00020,Total SBP Reserves,31-Jul-95,2090,Million USD,Normal,
Gold and Foreign Exchange Reserves of Pakistan,TS_GP_EXT_PAKRES_M.Z00020,Total SBP Reserves,31-Aug-95,2051,Million USD,Normal,
Gold and Foreign Exchange Reserves of Pakistan,TS_GP_EXT_PAKRES_M.Z00020,Total SBP Reserves,30-Sep-95,1600,Million USD,Normal,
Gold and Foreign Exchange Reserves of Pakistan,TS_GP_EXT_PAKRES_M.Z00020,Total SBP Reserves,31-Oct-95,1303,Million USD,Normal,
Gold and Foreign Exchange Reserves of Pakistan,TS_GP_EXT_PAKRES_M.Z00020,Total SBP Reserves,30-Nov-95,1142,Million USD,Normal,
Gold and Foreign Exchange Reserves of Pakistan,TS_GP_EXT_PAKRES_M.Z00020,Total SBP Reserves,31-Dec-95,1795,Million USD,Normal,
Gold and Foreign Exchange Reserves of Pakistan,TS_GP_EXT_PAKRES_M.Z00020,Total SBP Reserves,31-Jan-96,1577,Million USD,Normal,
Gold and Foreign Exchange Reserves of Pakistan,TS_GP_EXT_PAKRES_M.Z00020,Total SBP Reserves,29-Feb-96,1370,Million USD,Normal,
Gold and Foreign Exchange Reserves of Pakistan,TS_GP_EXT_PAKRES_M.Z00020,Total SBP Reserves,31-Mar-96,1804,Million USD,Normal,
Gold and Foreign Exchange Reserves of Pakistan,TS_GP_EXT_PAKRES_M.Z00020,Total SBP Reserves,30-Apr-96,1569,Million USD,Normal,
Gold and Foreign Exchange Reserves of Pakistan,TS_GP_EXT_PAKRES_M.Z00020,Total SBP Reserves,31-May-96,1446,Million USD,Normal,
Gold and Foreign Exchange Reserves of Pakistan,TS_GP_EXT_PAKRES_M.Z00020,Total SBP Reserves,30-Jun-96,2055,Million USD,Normal,
Gold and Foreign Exchange Reserves of Pakistan,TS_GP_EXT_PAKRES_M.Z00020,Total SBP Reserves,31-Jul-96,1684,Million USD,Normal,
Gold and Foreign Exchange Reserves of Pakistan,TS_GP_EXT_PAKRES_M.Z00020,Total SBP Reserves,31-Aug-96,1590,Million USD,Normal,
Gold and Foreign Exchange Reserves of Pakistan,TS_GP_EXT_PAKRES_M.Z00020,Total SBP Reserves,30-Sep-96,974,Million USD,Normal,
Gold and Foreign Exchange Reserves of Pakistan,TS_GP_EXT_PAKRES_M.Z00020,Total SBP Reserves,31-Oct-96,597,Million USD,Normal,
Gold and Foreign Exchange Reserves of Pakistan,TS_GP_EXT_PAKRES_M.Z00020,Total SBP Reserves,30-Nov-96,741,Million USD,Normal,
Gold and Foreign Exchange Reserves of Pakistan,TS_GP_EXT_PAKRES_M.Z00020,Total SBP Reserves,31-Dec-96,838,Million USD,Normal,
Gold and Foreign Exchange Reserves of Pakistan,TS_GP_EXT_PAKRES_M.Z00020,Total SBP Reserves,31-Jan-97,684,Million USD,Normal,
Gold and Foreign Exchange Reserves of Pakistan,TS_GP_EXT_PAKRES_M.Z00020,Total SBP Reserves,28-Feb-97,1009,Million USD,Normal,
Gold and Foreign Exchange Reserves of Pakistan,TS_GP_EXT_PAKRES_M.Z00020,Total SBP Reserves,31-Mar-97,912,Million USD,Normal,
Gold and Foreign Exchange Reserves of Pakistan,TS_GP_EXT_PAKRES_M.Z00020,Total SBP Reserves,30-Apr-97,835,Million USD,Normal,
Gold and Foreign Exchange Reserves of Pakistan,TS_GP_EXT_PAKRES_M.Z00020,Total SBP Reserves,31-May-97,1080,Million USD,Normal,
Gold and Foreign Exchange Reserves of Pakistan,TS_GP_EXT_PAKRES_M.Z00020,Total SBP Reserves,30-Jun-97,1143,Million USD,Normal,
Gold and Foreign Exchange Reserves of Pakistan,TS_GP_EXT_PAKRES_M.Z00020,Total SBP Reserves,31-Jul-97,1308,Million USD,Normal,
Gold and Foreign Exchange Reserves of Pakistan,TS_GP_EXT_PAKRES_M.Z00020,Total SBP Reserves,31-Aug-97,1486,Million USD,Normal,
Gold and Foreign Exchange Reserves of Pakistan,TS_GP_EXT_PAKRES_M.Z00020,Total SBP Reserves,30-Sep-97,1280,Million USD,Normal,
Gold and Foreign Exchange Reserves of Pakistan,TS_GP_EXT_PAKRES_M.Z00020,Total SBP Reserves,31-Oct-97,1524,Million USD,Normal,
Gold and Foreign Exchange Reserves of Pakistan,TS_GP_EXT_PAKRES_M.Z00020,Total SBP Reserves,30-Nov-97,1328,Million USD,Normal,
Gold and Foreign Exchange Reserves of Pakistan,TS_GP_EXT_PAKRES_M.Z00020,Total SBP Reserves,31-Dec-97,1470,Million USD,Normal,
Gold and Foreign Exchange Reserves of Pakistan,TS_GP_EXT_PAKRES_M.Z00020,Total SBP Reserves,31-Jan-98,1152,Million USD,Normal,
Gold and Foreign Exchange Reserves of Pakistan,TS_GP_EXT_PAKRES_M.Z00020,Total SBP Reserves,28-Feb-98,1144,Million USD,Normal,
Gold and Foreign Exchange Reserves of Pakistan,TS_GP_EXT_PAKRES_M.Z00020,Total SBP Reserves,31-Mar-98,1330,Million USD,Normal,
Gold and Foreign Exchange Reserves of Pakistan,TS_GP_EXT_PAKRES_M.Z00020,Total SBP Reserves,30-Apr-98,1367,Million USD,Normal,
Gold and Foreign Exchange Reserves of Pakistan,TS_GP_EXT_PAKRES_M.Z00020,Total SBP Reserves,31-May-98,1280,Million USD,Normal,
Gold and Foreign Exchange Reserves of Pakistan,TS_GP_EXT_PAKRES_M.Z00020,Total SBP Reserves,30-Jun-98,935,Million USD,Normal,
Gold and Foreign Exchange Reserves of Pakistan,TS_GP_EXT_PAKRES_M.Z00020,Total SBP Reserves,31-Jul-98,545,Million USD,Normal,
Gold and Foreign Exchange Reserves of Pakistan,TS_GP_EXT_PAKRES_M.Z00020,Total SBP Reserves,31-Aug-98,796,Million USD,Normal,
Gold and Foreign Exchange Reserves of Pakistan,TS_GP_EXT_PAKRES_M.Z00020,Total SBP Reserves,30-Sep-98,665,Million USD,Normal,
Gold and Foreign Exchange Reserves of Pakistan,TS_GP_EXT_PAKRES_M.Z00020,Total SBP Reserves,31-Oct-98,475,Million USD,Normal,
Gold and Foreign Exchange Reserves of Pakistan,TS_GP_EXT_PAKRES_M.Z00020,Total SBP Reserves,30-Nov-98,487,Million USD,Normal,
Gold and Foreign Exchange Reserves of Pakistan,TS_GP_EXT_PAKRES_M.Z00020,Total SBP Reserves,31-Dec-98,1061,Million USD,Normal,
Gold and Foreign Exchange Reserves of Pakistan,TS_GP_EXT_PAKRES_M.Z00020,Total SBP Reserves,31-Jan-99,1620,Million USD,Normal,
Gold and Foreign Exchange Reserves of Pakistan,TS_GP_EXT_PAKRES_M.Z00020,Total SBP Reserves,28-Feb-99,1728,Million USD,Normal,
Gold and Foreign Exchange Reserves of Pakistan,TS_GP_EXT_PAKRES_M.Z00020,Total SBP Reserves,31-Mar-99,1887,Million USD,Normal,
Gold and Foreign Exchange Reserves of Pakistan,TS_GP_EXT_PAKRES_M.Z00020,Total SBP Reserves,30-Apr-99,1839,Million USD,Normal,
Gold and Foreign Exchange Reserves of Pakistan,TS_GP_EXT_PAKRES_M.Z00020,Total SBP Reserves,31-May-99,1708,Million USD,Normal,
Gold and Foreign Exchange Reserves of Pakistan,TS_GP_EXT_PAKRES_M.Z00020,Total SBP Reserves,30-Jun-99,1673,Million USD,Normal,
Gold and Foreign Exchange Reserves of Pakistan,TS_GP_EXT_PAKRES_M.Z00020,Total SBP Reserves,31-Jul-99,1445,Million USD,Normal,
Gold and Foreign Exchange Reserves of Pakistan,TS_GP_EXT_PAKRES_M.Z00020,Total SBP Reserves,31-Aug-99,1429,Million USD,Normal,
Gold and Foreign Exchange Reserves of Pakistan,TS_GP_EXT_PAKRES_M.Z00020,Total SBP Reserves,30-Sep-99,1355,Million USD,Normal,
Gold and Foreign Exchange Reserves of Pakistan,TS_GP_EXT_PAKRES_M.Z00020,Total SBP Reserves,31-Oct-99,1351,Million USD,Normal,
Gold and Foreign Exchange Reserves of Pakistan,TS_GP_EXT_PAKRES_M.Z00020,Total SBP Reserves,30-Nov-99,1352,Million USD,Normal,
Gold and Foreign Exchange Reserves of Pakistan,TS_GP_EXT_PAKRES_M.Z00020,Total SBP Reserves,31-Dec-99,1307,Million USD,Normal,
Gold and Foreign Exchange Reserves of Pakistan,TS_GP_EXT_PAKRES_M.Z00020,Total SBP Reserves,31-Jan-00,1252,Million USD,Normal,
Gold and Foreign Exchange Reserves of Pakistan,TS_GP_EXT_PAKRES_M.Z00020,Total SBP Reserves,29-Feb-00,1215,Million USD,Normal,
Gold and Foreign Exchange Reserves of Pakistan,TS_GP_EXT_PAKRES_M.Z00020,Total SBP Reserves,31-Mar-00,1186,Million USD,Normal,
Gold and Foreign Exchange Reserves of Pakistan,TS_GP_EXT_PAKRES_M.Z00020,Total SBP Reserves,30-Apr-00,1094,Million USD,Normal,
Gold and Foreign Exchange Reserves of Pakistan,TS_GP_EXT_PAKRES_M.Z00020,Total SBP Reserves,31-May-00,955,Million USD,Normal,
Gold and Foreign Exchange Reserves of Pakistan,TS_GP_EXT_PAKRES_M.Z00020,Total SBP Reserves,30-Jun-00,997,Million USD,Normal,
Gold and Foreign Exchange Reserves of Pakistan,TS_GP_EXT_PAKRES_M.Z00020,Total SBP Reserves,31-Jul-00,663,Million USD,Normal,
Gold and Foreign Exchange Reserves of Pakistan,TS_GP_EXT_PAKRES_M.Z00020,Total SBP Reserves,31-Aug-00,744,Million USD,Normal,
Gold and Foreign Exchange Reserves of Pakistan,TS_GP_EXT_PAKRES_M.Z00020,Total SBP Reserves,30-Sep-00,595,Million USD,Normal,
Gold and Foreign Exchange Reserves of Pakistan,TS_GP_EXT_PAKRES_M.Z00020,Total SBP Reserves,31-Oct-00,655,Million USD,Normal,
Gold and Foreign Exchange Reserves of Pakistan,TS_GP_EXT_PAKRES_M.Z00020,Total SBP Reserves,30-Nov-00,861,Million USD,Normal,
Gold and Foreign Exchange Reserves of Pakistan,TS_GP_EXT_PAKRES_M.Z00020,Total SBP Reserves,31-Dec-00,1020,Million USD,Normal,
Gold and Foreign Exchange Reserves of Pakistan,TS_GP_EXT_PAKRES_M.Z00020,Total SBP Reserves,31-Jan-01,554,Million USD,Normal,
Gold and Foreign Exchange Reserves of Pakistan,TS_GP_EXT_PAKRES_M.Z00020,Total SBP Reserves,28-Feb-01,576,Million USD,Normal,
Gold and Foreign Exchange Reserves of Pakistan,TS_GP_EXT_PAKRES_M.Z00020,Total SBP Reserves,31-Mar-01,891,Million USD,Normal,
Gold and Foreign Exchange Reserves of Pakistan,TS_GP_EXT_PAKRES_M.Z00020,Total SBP Reserves,30-Apr-01,669,Million USD,Normal,
Gold and Foreign Exchange Reserves of Pakistan,TS_GP_EXT_PAKRES_M.Z00020,Total SBP Reserves,31-May-01,955,Million USD,Normal,
Gold and Foreign Exchange Reserves of Pakistan,TS_GP_EXT_PAKRES_M.Z00020,Total SBP Reserves,30-Jun-01,1689,Million USD,Normal,
Gold and Foreign Exchange Reserves of Pakistan,TS_GP_EXT_PAKRES_M.Z00020,Total SBP Reserves,31-Jul-01,1712,Million USD,Normal,
Gold and Foreign Exchange Reserves of Pakistan,TS_GP_EXT_PAKRES_M.Z00020,Total SBP Reserves,31-Aug-01,1755,Million USD,Normal,
Gold and Foreign Exchange Reserves of Pakistan,TS_GP_EXT_PAKRES_M.Z00020,Total SBP Reserves,30-Sep-01,1724,Million USD,Normal,
Gold and Foreign Exchange Reserves of Pakistan,TS_GP_EXT_PAKRES_M.Z00020,Total SBP Reserves,31-Oct-01,1995,Million USD,Normal,
Gold and Foreign Exchange Reserves of Pakistan,TS_GP_EXT_PAKRES_M.Z00020,Total SBP Reserves,30-Nov-01,2824,Million USD,Normal,
Gold and Foreign Exchange Reserves of Pakistan,TS_GP_EXT_PAKRES_M.Z00020,Total SBP Reserves,31-Dec-01,3113,Million USD,Normal,
Gold and Foreign Exchange Reserves of Pakistan,TS_GP_EXT_PAKRES_M.Z00020,Total SBP Reserves,31-Jan-02,3159,Million USD,Normal,
Gold and Foreign Exchange Reserves of Pakistan,TS_GP_EXT_PAKRES_M.Z00020,Total SBP Reserves,28-Feb-02,3379,Million USD,Normal,
Gold and Foreign Exchange Reserves of Pakistan,TS_GP_EXT_PAKRES_M.Z00020,Total SBP Reserves,31-Mar-02,3494,Million USD,Normal,
Gold and Foreign Exchange Reserves of Pakistan,TS_GP_EXT_PAKRES_M.Z00020,Total SBP Reserves,30-Apr-02,3517,Million USD,Normal,
Gold and Foreign Exchange Reserves of Pakistan,TS_GP_EXT_PAKRES_M.Z00020,Total SBP Reserves,31-May-02,3677,Million USD,Normal,
Gold and Foreign Exchange Reserves of Pakistan,TS_GP_EXT_PAKRES_M.Z00020,Total SBP Reserves,30-Jun-02,4337,Million USD,Normal,
Gold and Foreign Exchange Reserves of Pakistan,TS_GP_EXT_PAKRES_M.Z00020,Total SBP Reserves,31-Jul-02,4877,Million USD,Normal,
Gold and Foreign Exchange Reserves of Pakistan,TS_GP_EXT_PAKRES_M.Z00020,Total SBP Reserves,31-Aug-02,5323,Million USD,Normal,
Gold and Foreign Exchange Reserves of Pakistan,TS_GP_EXT_PAKRES_M.Z00020,Total SBP Reserves,30-Sep-02,5941,Million USD,Normal,
Gold and Foreign Exchange Reserves of Pakistan,TS_GP_EXT_PAKRES_M.Z00020,Total SBP Reserves,31-Oct-02,6376,Million USD,Normal,
Gold and Foreign Exchange Reserves of Pakistan,TS_GP_EXT_PAKRES_M.Z00020,Total SBP Reserves,30-Nov-02,6866,Million USD,Normal,
Gold and Foreign Exchange Reserves of Pakistan,TS_GP_EXT_PAKRES_M.Z00020,Total SBP Reserves,31-Dec-02,7654,Million USD,Normal,
Gold and Foreign Exchange Reserves of Pakistan,TS_GP_EXT_PAKRES_M.Z00020,Total SBP Reserves,31-Jan-03,8183,Million USD,Normal,
Gold and Foreign Exchange Reserves of Pakistan,TS_GP_EXT_PAKRES_M.Z00020,Total SBP Reserves,28-Feb-03,8449,Million USD,Normal,
Gold and Foreign Exchange Reserves of Pakistan,TS_GP_EXT_PAKRES_M.Z00020,Total SBP Reserves,31-Mar-03,9093,Million USD,Normal,
Gold and Foreign Exchange Reserves of Pakistan,TS_GP_EXT_PAKRES_M.Z00020,Total SBP Reserves,30-Apr-03,9161,Million USD,Normal,
Gold and Foreign Exchange Reserves of Pakistan,TS_GP_EXT_PAKRES_M.Z00020,Total SBP Reserves,31-May-03,9319,Million USD,Normal,
Gold and Foreign Exchange Reserves of Pakistan,TS_GP_EXT_PAKRES_M.Z00020,Total SBP Reserves,30-Jun-03,9529,Million USD,Normal,
Gold and Foreign Exchange Reserves of Pakistan,TS_GP_EXT_PAKRES_M.Z00020,Total SBP Reserves,31-Jul-03,9839,Million USD,Normal,
Gold and Foreign Exchange Reserves of Pakistan,TS_GP_EXT_PAKRES_M.Z00020,Total SBP Reserves,31-Aug-03,9833,Million USD,Normal,
Gold and Foreign Exchange Reserves of Pakistan,TS_GP_EXT_PAKRES_M.Z00020,Total SBP Reserves,30-Sep-03,10019,Million USD,Normal,
Gold and Foreign Exchange Reserves of Pakistan,TS_GP_EXT_PAKRES_M.Z00020,Total SBP Reserves,31-Oct-03,10044,Million USD,Normal,
Gold and Foreign Exchange Reserves of Pakistan,TS_GP_EXT_PAKRES_M.Z00020,Total SBP Reserves,30-Nov-03,10369,Million USD,Normal,
Gold and Foreign Exchange Reserves of Pakistan,TS_GP_EXT_PAKRES_M.Z00020,Total SBP Reserves,31-Dec-03,10525,Million USD,Normal,
Gold and Foreign Exchange Reserves of Pakistan,TS_GP_EXT_PAKRES_M.Z00020,Total SBP Reserves,31-Jan-04,10332,Million USD,Normal,
Gold and Foreign Exchange Reserves of Pakistan,TS_GP_EXT_PAKRES_M.Z00020,Total SBP Reserves,29-Feb-04,10820,Million USD,Normal,
Gold and Foreign Exchange Reserves of Pakistan,TS_GP_EXT_PAKRES_M.Z00020,Total SBP Reserves,31-Mar-04,10901,Million USD,Normal,
Gold and Foreign Exchange Reserves of Pakistan,TS_GP_EXT_PAKRES_M.Z00020,Total SBP Reserves,30-Apr-04,10897,Million USD,Normal,
Gold and Foreign Exchange Reserves of Pakistan,TS_GP_EXT_PAKRES_M.Z00020,Total SBP Reserves,31-May-04,10784,Million USD,Normal,
Gold and Foreign Exchange Reserves of Pakistan,TS_GP_EXT_PAKRES_M.Z00020,Total SBP Reserves,30-Jun-04,10564,Million USD,Normal,
Gold and Foreign Exchange Reserves of Pakistan,TS_GP_EXT_PAKRES_M.Z00020,Total SBP Reserves,31-Jul-04,10107,Million USD,Normal,
Gold and Foreign Exchange Reserves of Pakistan,TS_GP_EXT_PAKRES_M.Z00020,Total SBP Reserves,31-Aug-04,10003,Million USD,Normal,
Gold and Foreign Exchange Reserves of Pakistan,TS_GP_EXT_PAKRES_M.Z00020,Total SBP Reserves,30-Sep-04,10079,Million USD,Normal,
Gold and Foreign Exchange Reserves of Pakistan,TS_GP_EXT_PAKRES_M.Z00020,Total SBP Reserves,31-Oct-04,9775,Million USD,Normal,
Gold and Foreign Exchange Reserves of Pakistan,TS_GP_EXT_PAKRES_M.Z00020,Total SBP Reserves,30-Nov-04,9133,Million USD,Normal,
Gold and Foreign Exchange Reserves of Pakistan,TS_GP_EXT_PAKRES_M.Z00020,Total SBP Reserves,31-Dec-04,9182,Million USD,Normal,
Gold and Foreign Exchange Reserves of Pakistan,TS_GP_EXT_PAKRES_M.Z00020,Total SBP Reserves,31-Jan-05,9937,Million USD,Normal,
Gold and Foreign Exchange Reserves of Pakistan,TS_GP_EXT_PAKRES_M.Z00020,Total SBP Reserves,28-Feb-05,9849,Million USD,Normal,
Gold and Foreign Exchange Reserves of Pakistan,TS_GP_EXT_PAKRES_M.Z00020,Total SBP Reserves,31-Mar-05,10062,Million USD,Normal,
Gold and Foreign Exchange Reserves of Pakistan,TS_GP_EXT_PAKRES_M.Z00020,Total SBP Reserves,30-Apr-05,10235,Million USD,Normal,
Gold and Foreign Exchange Reserves of Pakistan,TS_GP_EXT_PAKRES_M.Z00020,Total SBP Reserves,31-May-05,9699,Million USD,Normal,
Gold and Foreign Exchange Reserves of Pakistan,TS_GP_EXT_PAKRES_M.Z00020,Total SBP Reserves,30-Jun-05,9805,Million USD,Normal,
Gold and Foreign Exchange Reserves of Pakistan,TS_GP_EXT_PAKRES_M.Z00020,Total SBP Reserves,31-Jul-05,9977,Million USD,Normal,
Gold and Foreign Exchange Reserves of Pakistan,TS_GP_EXT_PAKRES_M.Z00020,Total SBP Reserves,31-Aug-05,9489,Million USD,Normal,
Gold and Foreign Exchange Reserves of Pakistan,TS_GP_EXT_PAKRES_M.Z00020,Total SBP Reserves,30-Sep-05,9598,Million USD,Normal,
Gold and Foreign Exchange Reserves of Pakistan,TS_GP_EXT_PAKRES_M.Z00020,Total SBP Reserves,31-Oct-05,9293,Million USD,Normal,
Gold and Foreign Exchange Reserves of Pakistan,TS_GP_EXT_PAKRES_M.Z00020,Total SBP Reserves,30-Nov-05,8990,Million USD,Normal,
Gold and Foreign Exchange Reserves of Pakistan,TS_GP_EXT_PAKRES_M.Z00020,Total SBP Reserves,31-Dec-05,9287,Million USD,Normal,
Gold and Foreign Exchange Reserves of Pakistan,TS_GP_EXT_PAKRES_M.Z00020,Total SBP Reserves,31-Jan-06,9145,Million USD,Normal,
Gold and Foreign Exchange Reserves of Pakistan,TS_GP_EXT_PAKRES_M.Z00020,Total SBP Reserves,28-Feb-06,9275,Million USD,Normal,
Gold and Foreign Exchange Reserves of Pakistan,TS_GP_EXT_PAKRES_M.Z00020,Total SBP Reserves,31-Mar-06,10359,Million USD,Normal,
Gold and Foreign Exchange Reserves of Pakistan,TS_GP_EXT_PAKRES_M.Z00020,Total SBP Reserves,30-Apr-06,11222,Million USD,Normal,
Gold and Foreign Exchange Reserves of Pakistan,TS_GP_EXT_PAKRES_M.Z00020,Total SBP Reserves,31-May-06,10710,Million USD,Normal,
Gold and Foreign Exchange Reserves of Pakistan,TS_GP_EXT_PAKRES_M.Z00020,Total SBP Reserves,30-Jun-06,10836,Million USD,Normal,
Gold and Foreign Exchange Reserves of Pakistan,TS_GP_EXT_PAKRES_M.Z00020,Total SBP Reserves,31-Jul-06,10511,Million USD,Normal,
Gold and Foreign Exchange Reserves of Pakistan,TS_GP_EXT_PAKRES_M.Z00020,Total SBP Reserves,31-Aug-06,10349,Million USD,Normal,
Gold and Foreign Exchange Reserves of Pakistan,TS_GP_EXT_PAKRES_M.Z00020,Total SBP Reserves,30-Sep-06,10221,Million USD,Normal,
Gold and Foreign Exchange Reserves of Pakistan,TS_GP_EXT_PAKRES_M.Z00020,Total SBP Reserves,31-Oct-06,10339,Million USD,Normal,
Gold and Foreign Exchange Reserves of Pakistan,TS_GP_EXT_PAKRES_M.Z00020,Total SBP Reserves,30-Nov-06,10140,Million USD,Normal,
Gold and Foreign Exchange Reserves of Pakistan,TS_GP_EXT_PAKRES_M.Z00020,Total SBP Reserves,31-Dec-06,10712,Million USD,Normal,
Gold and Foreign Exchange Reserves of Pakistan,TS_GP_EXT_PAKRES_M.Z00020,Total SBP Reserves,31-Jan-07,10926,Million USD,Normal,
Gold and Foreign Exchange Reserves of Pakistan,TS_GP_EXT_PAKRES_M.Z00020,Total SBP Reserves,28-Feb-07,11110,Million USD,Normal,
Gold and Foreign Exchange Reserves of Pakistan,TS_GP_EXT_PAKRES_M.Z00020,Total SBP Reserves,31-Mar-07,11383,Million USD,Normal,
Gold and Foreign Exchange Reserves of Pakistan,TS_GP_EXT_PAKRES_M.Z00020,Total SBP Reserves,30-Apr-07,11643,Million USD,Normal,
Gold and Foreign Exchange Reserves of Pakistan,TS_GP_EXT_PAKRES_M.Z00020,Total SBP Reserves,31-May-07,11909,Million USD,Normal,
Gold and Foreign Exchange Reserves of Pakistan,TS_GP_EXT_PAKRES_M.Z00020,Total SBP Reserves,30-Jun-07,14333,Million USD,Normal,
Gold and Foreign Exchange Reserves of Pakistan,TS_GP_EXT_PAKRES_M.Z00020,Total SBP Reserves,31-Jul-07,13390,Million USD,Normal,
Gold and Foreign Exchange Reserves of Pakistan,TS_GP_EXT_PAKRES_M.Z00020,Total SBP Reserves,31-Aug-07,14165,Million USD,Normal,
Gold and Foreign Exchange Reserves of Pakistan,TS_GP_EXT_PAKRES_M.Z00020,Total SBP Reserves,30-Sep-07,14277,Million USD,Normal,
Gold and Foreign Exchange Reserves of Pakistan,TS_GP_EXT_PAKRES_M.Z00020,Total SBP Reserves,31-Oct-07,14607,Million USD,Normal,
Gold and Foreign Exchange Reserves of Pakistan,TS_GP_EXT_PAKRES_M.Z00020,Total SBP Reserves,30-Nov-07,13599,Million USD,Normal,
Gold and Foreign Exchange Reserves of Pakistan,TS_GP_EXT_PAKRES_M.Z00020,Total SBP Reserves,31-Dec-07,13430,Million USD,Normal,
Gold and Foreign Exchange Reserves of Pakistan,TS_GP_EXT_PAKRES_M.Z00020,Total SBP Reserves,31-Jan-08,12582,Million USD,Normal,
Gold and Foreign Exchange Reserves of Pakistan,TS_GP_EXT_PAKRES_M.Z00020,Total SBP Reserves,29-Feb-08,11951,Million USD,Normal,
Gold and Foreign Exchange Reserves of Pakistan,TS_GP_EXT_PAKRES_M.Z00020,Total SBP Reserves,31-Mar-08,11156,Million USD,Normal,
Gold and Foreign Exchange Reserves of Pakistan,TS_GP_EXT_PAKRES_M.Z00020,Total SBP Reserves,30-Apr-08,10099,Million USD,Normal,
Gold and Foreign Exchange Reserves of Pakistan,TS_GP_EXT_PAKRES_M.Z00020,Total SBP Reserves,31-May-08,8771,Million USD,Normal,
Gold and Foreign Exchange Reserves of Pakistan,TS_GP_EXT_PAKRES_M.Z00020,Total SBP Reserves,30-Jun-08,8745,Million USD,Normal,
Gold and Foreign Exchange Reserves of Pakistan,TS_GP_EXT_PAKRES_M.Z00020,Total SBP Reserves,31-Jul-08,7421,Million USD,Normal,
Gold and Foreign Exchange Reserves of Pakistan,TS_GP_EXT_PAKRES_M.Z00020,Total SBP Reserves,31-Aug-08,6357,Million USD,Normal,
Gold and Foreign Exchange Reserves of Pakistan,TS_GP_EXT_PAKRES_M.Z00020,Total SBP Reserves,30-Sep-08,5454,Million USD,Normal,
Gold and Foreign Exchange Reserves of Pakistan,TS_GP_EXT_PAKRES_M.Z00020,Total SBP Reserves,31-Oct-08,3615,Million USD,Normal,
Gold and Foreign Exchange Reserves of Pakistan,TS_GP_EXT_PAKRES_M.Z00020,Total SBP Reserves,30-Nov-08,6151,Million USD,Normal,
Gold and Foreign Exchange Reserves of Pakistan,TS_GP_EXT_PAKRES_M.Z00020,Total SBP Reserves,31-Dec-08,7107,Million USD,Normal,
Gold and Foreign Exchange Reserves of Pakistan,TS_GP_EXT_PAKRES_M.Z00020,Total SBP Reserves,31-Jan-09,7423,Million USD,Normal,
Gold and Foreign Exchange Reserves of Pakistan,TS_GP_EXT_PAKRES_M.Z00020,Total SBP Reserves,28-Feb-09,7167,Million USD,Normal,
Gold and Foreign Exchange Reserves of Pakistan,TS_GP_EXT_PAKRES_M.Z00020,Total SBP Reserves,31-Mar-09,7706,Million USD,Normal,
Gold and Foreign Exchange Reserves of Pakistan,TS_GP_EXT_PAKRES_M.Z00020,Total SBP Reserves,30-Apr-09,8311,Million USD,Normal,
Gold and Foreign Exchange Reserves of Pakistan,TS_GP_EXT_PAKRES_M.Z00020,Total SBP Reserves,31-May-09,8735,Million USD,Normal,
Gold and Foreign Exchange Reserves of Pakistan,TS_GP_EXT_PAKRES_M.Z00020,Total SBP Reserves,30-Jun-09,9527,Million USD,Normal,
Gold and Foreign Exchange Reserves of Pakistan,TS_GP_EXT_PAKRES_M.Z00020,Total SBP Reserves,31-Jul-09,8696,Million USD,Normal,
Gold and Foreign Exchange Reserves of Pakistan,TS_GP_EXT_PAKRES_M.Z00020,Total SBP Reserves,31-Aug-09,11151,Million USD,Normal,
Gold and Foreign Exchange Reserves of Pakistan,TS_GP_EXT_PAKRES_M.Z00020,Total SBP Reserves,30-Sep-09,11761,Million USD,Normal,
Gold and Foreign Exchange Reserves of Pakistan,TS_GP_EXT_PAKRES_M.Z00020,Total SBP Reserves,31-Oct-09,11323,Million USD,Normal,
Gold and Foreign Exchange Reserves of Pakistan,TS_GP_EXT_PAKRES_M.Z00020,Total SBP Reserves,30-Nov-09,10924,Million USD,Normal,
Gold and Foreign Exchange Reserves of Pakistan,TS_GP_EXT_PAKRES_M.Z00020,Total SBP Reserves,31-Dec-09,12055,Million USD,Normal,
Gold and Foreign Exchange Reserves of Pakistan,TS_GP_EXT_PAKRES_M.Z00020,Total SBP Reserves,31-Jan-10,11251,Million USD,Normal,
Gold and Foreign Exchange Reserves of Pakistan,TS_GP_EXT_PAKRES_M.Z00020,Total SBP Reserves,28-Feb-10,11225,Million USD,Normal,
Gold and Foreign Exchange Reserves of Pakistan,TS_GP_EXT_PAKRES_M.Z00020,Total SBP Reserves,31-Mar-10,11188,Million USD,Normal,
Gold and Foreign Exchange Reserves of Pakistan,TS_GP_EXT_PAKRES_M.Z00020,Total SBP Reserves,30-Apr-10,11364,Million USD,Normal,
Gold and Foreign Exchange Reserves of Pakistan,TS_GP_EXT_PAKRES_M.Z00020,Total SBP Reserves,31-May-10,12374,Million USD,Normal,
Gold and Foreign Exchange Reserves of Pakistan,TS_GP_EXT_PAKRES_M.Z00020,Total SBP Reserves,30-Jun-10,13112,Million USD,Normal,
Gold and Foreign Exchange Reserves of Pakistan,TS_GP_EXT_PAKRES_M.Z00020,Total SBP Reserves,31-Jul-10,12892,Million USD,Normal,
Gold and Foreign Exchange Reserves of Pakistan,TS_GP_EXT_PAKRES_M.Z00020,Total SBP Reserves,31-Aug-10,12391,Million USD,Normal,
Gold and Foreign Exchange Reserves of Pakistan,TS_GP_EXT_PAKRES_M.Z00020,Total SBP Reserves,30-Sep-10,13386,Million USD,Normal,
Gold and Foreign Exchange Reserves of Pakistan,TS_GP_EXT_PAKRES_M.Z00020,Total SBP Reserves,31-Oct-10,13467,Million USD,Normal,
Gold and Foreign Exchange Reserves of Pakistan,TS_GP_EXT_PAKRES_M.Z00020,Total SBP Reserves,30-Nov-10,13225,Million USD,Normal,
Gold and Foreign Exchange Reserves of Pakistan,TS_GP_EXT_PAKRES_M.Z00020,Total SBP Reserves,31-Dec-10,14126,Million USD,Normal,
Gold and Foreign Exchange Reserves of Pakistan,TS_GP_EXT_PAKRES_M.Z00020,Total SBP Reserves,31-Jan-11,14495,Million USD,Normal,
Gold and Foreign Exchange Reserves of Pakistan,TS_GP_EXT_PAKRES_M.Z00020,Total SBP Reserves,28-Feb-11,14731,Million USD,Normal,
Gold and Foreign Exchange Reserves of Pakistan,TS_GP_EXT_PAKRES_M.Z00020,Total SBP Reserves,31-Mar-11,15035,Million USD,Normal,
Gold and Foreign Exchange Reserves of Pakistan,TS_GP_EXT_PAKRES_M.Z00020,Total SBP Reserves,30-Apr-11,14539,Million USD,Normal,
Gold and Foreign Exchange Reserves of Pakistan,TS_GP_EXT_PAKRES_M.Z00020,Total SBP Reserves,31-May-11,14558,Million USD,Normal,
Gold and Foreign Exchange Reserves of Pakistan,TS_GP_EXT_PAKRES_M.Z00020,Total SBP Reserves,30-Jun-11,15662,Million USD,Normal,
Gold and Foreign Exchange Reserves of Pakistan,TS_GP_EXT_PAKRES_M.Z00020,Total SBP Reserves,31-Jul-11,15701,Million USD,Normal,
Gold and Foreign Exchange Reserves of Pakistan,TS_GP_EXT_PAKRES_M.Z00020,Total SBP Reserves,31-Aug-11,15624.1,Million USD,Normal,
Gold and Foreign Exchange Reserves of Pakistan,TS_GP_EXT_PAKRES_M.Z00020,Total SBP Reserves,30-Sep-11,14668,Million USD,Normal,
Gold and Foreign Exchange Reserves of Pakistan,TS_GP_EXT_PAKRES_M.Z00020,Total SBP Reserves,31-Oct-11,14141.3,Million USD,Normal,
Gold and Foreign Exchange Reserves of Pakistan,TS_GP_EXT_PAKRES_M.Z00020,Total SBP Reserves,30-Nov-11,13617.8,Million USD,Normal,
Gold and Foreign Exchange Reserves of Pakistan,TS_GP_EXT_PAKRES_M.Z00020,Total SBP Reserves,31-Dec-11,13478.1,Million USD,Normal,
Gold and Foreign Exchange Reserves of Pakistan,TS_GP_EXT_PAKRES_M.Z00020,Total SBP Reserves,31-Jan-12,12896.6,Million USD,Normal,
Gold and Foreign Exchange Reserves of Pakistan,TS_GP_EXT_PAKRES_M.Z00020,Total SBP Reserves,29-Feb-12,12208.4,Million USD,Normal,
Gold and Foreign Exchange Reserves of Pakistan,TS_GP_EXT_PAKRES_M.Z00020,Total SBP Reserves,31-Mar-12,12075.3,Million USD,Normal,
Gold and Foreign Exchange Reserves of Pakistan,TS_GP_EXT_PAKRES_M.Z00020,Total SBP Reserves,30-Apr-12,12206.4,Million USD,Normal,
Gold and Foreign Exchange Reserves of Pakistan,TS_GP_EXT_PAKRES_M.Z00020,Total SBP Reserves,31-May-12,11345.4,Million USD,Normal,
Gold and Foreign Exchange Reserves of Pakistan,TS_GP_EXT_PAKRES_M.Z00020,Total SBP Reserves,30-Jun-12,10856,Million USD,Normal,
Gold and Foreign Exchange Reserves of Pakistan,TS_GP_EXT_PAKRES_M.Z00020,Total SBP Reserves,31-Jul-12,10196.2,Million USD,Normal,
Gold and Foreign Exchange Reserves of Pakistan,TS_GP_EXT_PAKRES_M.Z00020,Total SBP Reserves,31-Aug-12,10442.5,Million USD,Normal,
Gold and Foreign Exchange Reserves of Pakistan,TS_GP_EXT_PAKRES_M.Z00020,Total SBP Reserves,30-Sep-12,10410.2,Million USD,Normal,
Gold and Foreign Exchange Reserves of Pakistan,TS_GP_EXT_PAKRES_M.Z00020,Total SBP Reserves,31-Oct-12,9830.2,Million USD,Normal,
Gold and Foreign Exchange Reserves of Pakistan,TS_GP_EXT_PAKRES_M.Z00020,Total SBP Reserves,30-Nov-12,8794.8,Million USD,Normal,
Gold and Foreign Exchange Reserves of Pakistan,TS_GP_EXT_PAKRES_M.Z00020,Total SBP Reserves,31-Dec-12,9027.8,Million USD,Normal,
Gold and Foreign Exchange Reserves of Pakistan,TS_GP_EXT_PAKRES_M.Z00020,Total SBP Reserves,31-Jan-13,8762.4,Million USD,Normal,
Gold and Foreign Exchange Reserves of Pakistan,TS_GP_EXT_PAKRES_M.Z00020,Total SBP Reserves,28-Feb-13,7980.9,Million USD,Normal,
Gold and Foreign Exchange Reserves of Pakistan,TS_GP_EXT_PAKRES_M.Z00020,Total SBP Reserves,31-Mar-13,7147.2,Million USD,Normal,
Gold and Foreign Exchange Reserves of Pakistan,TS_GP_EXT_PAKRES_M.Z00020,Total SBP Reserves,30-Apr-13,6715.1,Million USD,Normal,
Gold and Foreign Exchange Reserves of Pakistan,TS_GP_EXT_PAKRES_M.Z00020,Total SBP Reserves,31-May-13,6418.6,Million USD,Normal,
Gold and Foreign Exchange Reserves of Pakistan,TS_GP_EXT_PAKRES_M.Z00020,Total SBP Reserves,30-Jun-13,6047,Million USD,Normal,
Gold and Foreign Exchange Reserves of Pakistan,TS_GP_EXT_PAKRES_M.Z00020,Total SBP Reserves,31-Jul-13,5226.6,Million USD,Normal,
Gold and Foreign Exchange Reserves of Pakistan,TS_GP_EXT_PAKRES_M.Z00020,Total SBP Reserves,31-Aug-13,4863.9,Million USD,Normal,
Gold and Foreign Exchange Reserves of Pakistan,TS_GP_EXT_PAKRES_M.Z00020,Total SBP Reserves,30-Sep-13,4741.1,Million USD,Normal,
Gold and Foreign Exchange Reserves of Pakistan,TS_GP_EXT_PAKRES_M.Z00020,Total SBP Reserves,31-Oct-13,4275,Million USD,Normal,
Gold and Foreign Exchange Reserves of Pakistan,TS_GP_EXT_PAKRES_M.Z00020,Total SBP Reserves,30-Nov-13,3118.4,Million USD,Normal,
Gold and Foreign Exchange Reserves of Pakistan,TS_GP_EXT_PAKRES_M.Z00020,Total SBP Reserves,31-Dec-13,3630.2,Million USD,Normal,
Gold and Foreign Exchange Reserves of Pakistan,TS_GP_EXT_PAKRES_M.Z00020,Total SBP Reserves,31-Jan-14,3332.6,Million USD,Normal,
Gold and Foreign Exchange Reserves of Pakistan,TS_GP_EXT_PAKRES_M.Z00020,Total SBP Reserves,28-Feb-14,4078.3,Million USD,Normal,
Gold and Foreign Exchange Reserves of Pakistan,TS_GP_EXT_PAKRES_M.Z00020,Total SBP Reserves,31-Mar-14,5474.4,Million USD,Normal,
Gold and Foreign Exchange Reserves of Pakistan,TS_GP_EXT_PAKRES_M.Z00020,Total SBP Reserves,30-Apr-14,7535.5,Million USD,Normal,
Gold and Foreign Exchange Reserves of Pakistan,TS_GP_EXT_PAKRES_M.Z00020,Total SBP Reserves,31-May-14,8772.3,Million USD,Normal,
Gold and Foreign Exchange Reserves of Pakistan,TS_GP_EXT_PAKRES_M.Z00020,Total SBP Reserves,30-Jun-14,9172.9,Million USD,Normal,
Gold and Foreign Exchange Reserves of Pakistan,TS_GP_EXT_PAKRES_M.Z00020,Total SBP Reserves,31-Jul-14,9342,Million USD,Normal,
Gold and Foreign Exchange Reserves of Pakistan,TS_GP_EXT_PAKRES_M.Z00020,Total SBP Reserves,31-Aug-14,8787.6,Million USD,Normal,
Gold and Foreign Exchange Reserves of Pakistan,TS_GP_EXT_PAKRES_M.Z00020,Total SBP Reserves,30-Sep-14,9017.8,Million USD,Normal,
Gold and Foreign Exchange Reserves of Pakistan,TS_GP_EXT_PAKRES_M.Z00020,Total SBP Reserves,31-Oct-14,8721.6,Million USD,Normal,
Gold and Foreign Exchange Reserves of Pakistan,TS_GP_EXT_PAKRES_M.Z00020,Total SBP Reserves,30-Nov-14,8278,Million USD,Normal,
Gold and Foreign Exchange Reserves of Pakistan,TS_GP_EXT_PAKRES_M.Z00020,Total SBP Reserves,31-Dec-14,10591.3,Million USD,Normal,
Gold and Foreign Exchange Reserves of Pakistan,TS_GP_EXT_PAKRES_M.Z00020,Total SBP Reserves,31-Jan-15,10426.8,Million USD,Normal,
Gold and Foreign Exchange Reserves of Pakistan,TS_GP_EXT_PAKRES_M.Z00020,Total SBP Reserves,28-Feb-15,11275.9,Million USD,Normal,
Gold and Foreign Exchange Reserves of Pakistan,TS_GP_EXT_PAKRES_M.Z00020,Total SBP Reserves,31-Mar-15,11682.3,Million USD,Normal,
Gold and Foreign Exchange Reserves of Pakistan,TS_GP_EXT_PAKRES_M.Z00020,Total SBP Reserves,30-Apr-15,12578.4,Million USD,Normal,
Gold and Foreign Exchange Reserves of Pakistan,TS_GP_EXT_PAKRES_M.Z00020,Total SBP Reserves,31-May-15,11964.2,Million USD,Normal,
Gold and Foreign Exchange Reserves of Pakistan,TS_GP_EXT_PAKRES_M.Z00020,Total SBP Reserves,30-Jun-15,13538.2,Million USD,Normal,
Gold and Foreign Exchange Reserves of Pakistan,TS_GP_EXT_PAKRES_M.Z00020,Total SBP Reserves,31-Jul-15,13785.8,Million USD,Normal,
Gold and Foreign Exchange Reserves of Pakistan,TS_GP_EXT_PAKRES_M.Z00020,Total SBP Reserves,31-Aug-15,13508.8,Million USD,Normal,
Gold and Foreign Exchange Reserves of Pakistan,TS_GP_EXT_PAKRES_M.Z00020,Total SBP Reserves,30-Sep-15,15286.1,Million USD,Normal,
Gold and Foreign Exchange Reserves of Pakistan,TS_GP_EXT_PAKRES_M.Z00020,Total SBP Reserves,31-Oct-15,14884.2,Million USD,Normal,
Gold and Foreign Exchange Reserves of Pakistan,TS_GP_EXT_PAKRES_M.Z00020,Total SBP Reserves,30-Nov-15,14839.6,Million USD,Normal,
Gold and Foreign Exchange Reserves of Pakistan,TS_GP_EXT_PAKRES_M.Z00020,Total SBP Reserves,31-Dec-15,15944.5,Million USD,Normal,
Gold and Foreign Exchange Reserves of Pakistan,TS_GP_EXT_PAKRES_M.Z00020,Total SBP Reserves,31-Jan-16,15496.7,Million USD,Normal,
Gold and Foreign Exchange Reserves of Pakistan,TS_GP_EXT_PAKRES_M.Z00020,Total SBP Reserves,29-Feb-16,15550.2,Million USD,Normal,
Gold and Foreign Exchange Reserves of Pakistan,TS_GP_EXT_PAKRES_M.Z00020,Total SBP Reserves,31-Mar-16,16166.8,Million USD,Normal,
Gold and Foreign Exchange Reserves of Pakistan,TS_GP_EXT_PAKRES_M.Z00020,Total SBP Reserves,30-Apr-16,15955.6,Million USD,Normal,
Gold and Foreign Exchange Reserves of Pakistan,TS_GP_EXT_PAKRES_M.Z00020,Total SBP Reserves,31-May-16,16634.5,Million USD,Normal,
Gold and Foreign Exchange Reserves of Pakistan,TS_GP_EXT_PAKRES_M.Z00020,Total SBP Reserves,30-Jun-16,18191.7,Million USD,Normal,
Gold and Foreign Exchange Reserves of Pakistan,TS_GP_EXT_PAKRES_M.Z00020,Total SBP Reserves,31-Jul-16,18108.9,Million USD,Normal,
Gold and Foreign Exchange Reserves of Pakistan,TS_GP_EXT_PAKRES_M.Z00020,Total SBP Reserves,31-Aug-16,18169.8,Million USD,Normal,
Gold and Foreign Exchange Reserves of Pakistan,TS_GP_EXT_PAKRES_M.Z00020,Total SBP Reserves,30-Sep-16,18552.8,Million USD,Normal,
Gold and Foreign Exchange Reserves of Pakistan,TS_GP_EXT_PAKRES_M.Z00020,Total SBP Reserves,31-Oct-16,19028,Million USD,Normal,
Gold and Foreign Exchange Reserves of Pakistan,TS_GP_EXT_PAKRES_M.Z00020,Total SBP Reserves,30-Nov-16,18476.5,Million USD,Normal,
Gold and Foreign Exchange Reserves of Pakistan,TS_GP_EXT_PAKRES_M.Z00020,Total SBP Reserves,31-Dec-16,18379.6,Million USD,Normal,
Gold and Foreign Exchange Reserves of Pakistan,TS_GP_EXT_PAKRES_M.Z00020,Total SBP Reserves,31-Jan-17,17502.6,Million USD,Normal,
Gold and Foreign Exchange Reserves of Pakistan,TS_GP_EXT_PAKRES_M.Z00020,Total SBP Reserves,28-Feb-17,17187.9,Million USD,Normal,
Gold and Foreign Exchange Reserves of Pakistan,TS_GP_EXT_PAKRES_M.Z00020,Total SBP Reserves,31-Mar-17,16574.6,Million USD,Normal,
Gold and Foreign Exchange Reserves of Pakistan,TS_GP_EXT_PAKRES_M.Z00020,Total SBP Reserves,30-Apr-17,16178.6,Million USD,Normal,
Gold and Foreign Exchange Reserves of Pakistan,TS_GP_EXT_PAKRES_M.Z00020,Total SBP Reserves,31-May-17,16529.8,Million USD,Normal,
Gold and Foreign Exchange Reserves of Pakistan,TS_GP_EXT_PAKRES_M.Z00020,Total SBP Reserves,30-Jun-17,16243.2,Million USD,Normal,
Gold and Foreign Exchange Reserves of Pakistan,TS_GP_EXT_PAKRES_M.Z00020,Total SBP Reserves,31-Jul-17,14688.3,Million USD,Normal,
Gold and Foreign Exchange Reserves of Pakistan,TS_GP_EXT_PAKRES_M.Z00020,Total SBP Reserves,31-Aug-17,14827.7,Million USD,Normal,
Gold and Foreign Exchange Reserves of Pakistan,TS_GP_EXT_PAKRES_M.Z00020,Total SBP Reserves,30-Sep-17,14038.2,Million USD,Normal,
Gold and Foreign Exchange Reserves of Pakistan,TS_GP_EXT_PAKRES_M.Z00020,Total SBP Reserves,31-Oct-17,13674.1,Million USD,Normal,
Gold and Foreign Exchange Reserves of Pakistan,TS_GP_EXT_PAKRES_M.Z00020,Total SBP Reserves,30-Nov-17,12845.4,Million USD,Normal,
Gold and Foreign Exchange Reserves of Pakistan,TS_GP_EXT_PAKRES_M.Z00020,Total SBP Reserves,31-Dec-17,14328.9,Million USD,Normal,
Gold and Foreign Exchange Reserves of Pakistan,TS_GP_EXT_PAKRES_M.Z00020,Total SBP Reserves,31-Jan-18,13022.8,Million USD,Normal,
Gold and Foreign Exchange Reserves of Pakistan,TS_GP_EXT_PAKRES_M.Z00020,Total SBP Reserves,28-Feb-18,12465,Million USD,Normal,
Gold and Foreign Exchange Reserves of Pakistan,TS_GP_EXT_PAKRES_M.Z00020,Total SBP Reserves,31-Mar-18,11823,Million USD,Normal,
Gold and Foreign Exchange Reserves of Pakistan,TS_GP_EXT_PAKRES_M.Z00020,Total SBP Reserves,30-Apr-18,11576.4,Million USD,Normal,
Gold and Foreign Exchange Reserves of Pakistan,TS_GP_EXT_PAKRES_M.Z00020,Total SBP Reserves,31-May-18,9651.2,Million USD,Normal,
Gold and Foreign Exchange Reserves of Pakistan,TS_GP_EXT_PAKRES_M.Z00020,Total SBP Reserves,30-Jun-18,9866.3,Million USD,Normal,
Gold and Foreign Exchange Reserves of Pakistan,TS_GP_EXT_PAKRES_M.Z00020,Total SBP Reserves,31-Jul-18,10363.1,Million USD,Normal,
Gold and Foreign Exchange Reserves of Pakistan,TS_GP_EXT_PAKRES_M.Z00020,Total SBP Reserves,31-Aug-18,10241.5,Million USD,Normal,
Gold and Foreign Exchange Reserves of Pakistan,TS_GP_EXT_PAKRES_M.Z00020,Total SBP Reserves,30-Sep-18,8876.6,Million USD,Normal,
Gold and Foreign Exchange Reserves of Pakistan,TS_GP_EXT_PAKRES_M.Z00020,Total SBP Reserves,31-Oct-18,8064.2,Million USD,Normal,
Gold and Foreign Exchange Reserves of Pakistan,TS_GP_EXT_PAKRES_M.Z00020,Total SBP Reserves,30-Nov-18,7987.5,Million USD,Normal,
Gold and Foreign Exchange Reserves of Pakistan,TS_GP_EXT_PAKRES_M.Z00020,Total SBP Reserves,31-Dec-18,7635.8,Million USD,Normal,
Gold and Foreign Exchange Reserves of Pakistan,TS_GP_EXT_PAKRES_M.Z00020,Total SBP Reserves,31-Jan-19,8599.6,Million USD,Normal,
Gold and Foreign Exchange Reserves of Pakistan,TS_GP_EXT_PAKRES_M.Z00020,Total SBP Reserves,28-Feb-19,8502.1,Million USD,Normal,
Gold and Foreign Exchange Reserves of Pakistan,TS_GP_EXT_PAKRES_M.Z00020,Total SBP Reserves,31-Mar-19,10878.9,Million USD,Normal,
Gold and Foreign Exchange Reserves of Pakistan,TS_GP_EXT_PAKRES_M.Z00020,Total SBP Reserves,30-Apr-19,9146.9,Million USD,Normal,
Gold and Foreign Exchange Reserves of Pakistan,TS_GP_EXT_PAKRES_M.Z00020,Total SBP Reserves,31-May-19,8221.8,Million USD,Normal,
Gold and Foreign Exchange Reserves of Pakistan,TS_GP_EXT_PAKRES_M.Z00020,Total SBP Reserves,30-Jun-19,7774.3,Million USD,Normal,
Gold and Foreign Exchange Reserves of Pakistan,TS_GP_EXT_PAKRES_M.Z00020,Total SBP Reserves,31-Jul-19,8413.9,Million USD,Normal,
Gold and Foreign Exchange Reserves of Pakistan,TS_GP_EXT_PAKRES_M.Z00020,Total SBP Reserves,31-Aug-19,8881.4,Million USD,Normal,
Gold and Foreign Exchange Reserves of Pakistan,TS_GP_EXT_PAKRES_M.Z00020,Total SBP Reserves,30-Sep-19,8526.1,Million USD,Normal,
Gold and Foreign Exchange Reserves of Pakistan,TS_GP_EXT_PAKRES_M.Z00020,Total SBP Reserves,31-Oct-19,8723.7,Million USD,Normal,
Gold and Foreign Exchange Reserves of Pakistan,TS_GP_EXT_PAKRES_M.Z00020,Total SBP Reserves,30-Nov-19,9555.8,Million USD,Normal,
Gold and Foreign Exchange Reserves of Pakistan,TS_GP_EXT_PAKRES_M.Z00020,Total SBP Reserves,31-Dec-19,11760.2,Million USD,Normal,
Gold and Foreign Exchange Reserves of Pakistan,TS_GP_EXT_PAKRES_M.Z00020,Total SBP Reserves,31-Jan-20,12656.6,Million USD,Normal,
Gold and Foreign Exchange Reserves of Pakistan,TS_GP_EXT_PAKRES_M.Z00020,Total SBP Reserves,29-Feb-20,13221.2,Million USD,Normal,
Gold and Foreign Exchange Reserves of Pakistan,TS_GP_EXT_PAKRES_M.Z00020,Total SBP Reserves,31-Mar-20,11397.3,Million USD,Normal,
Gold and Foreign Exchange Reserves of Pakistan,TS_GP_EXT_PAKRES_M.Z00020,Total SBP Reserves,30-Apr-20,12880.8,Million USD,Normal,
Gold and Foreign Exchange Reserves of Pakistan,TS_GP_EXT_PAKRES_M.Z00020,Total SBP Reserves,31-May-20,10870,Million USD,Normal,
Gold and Foreign Exchange Reserves of Pakistan,TS_GP_EXT_PAKRES_M.Z00020,Total SBP Reserves,30-Jun-20,12549.6,Million USD,Normal,
Gold and Foreign Exchange Reserves of Pakistan,TS_GP_EXT_PAKRES_M.Z00020,Total SBP Reserves,31-Jul-20,12797.8,Million USD,Normal,
Gold and Foreign Exchange Reserves of Pakistan,TS_GP_EXT_PAKRES_M.Z00020,Total SBP Reserves,31-Aug-20,12913,Million USD,Normal,
Gold and Foreign Exchange Reserves of Pakistan,TS_GP_EXT_PAKRES_M.Z00020,Total SBP Reserves,30-Sep-20,12305.7,Million USD,Normal,
Gold and Foreign Exchange Reserves of Pakistan,TS_GP_EXT_PAKRES_M.Z00020,Total SBP Reserves,31-Oct-20,12344.5,Million USD,Normal,
Gold and Foreign Exchange Reserves of Pakistan,TS_GP_EXT_PAKRES_M.Z00020,Total SBP Reserves,30-Nov-20,13272.5,Million USD,Normal,
Gold and Foreign Exchange Reserves of Pakistan,TS_GP_EXT_PAKRES_M.Z00020,Total SBP Reserves,31-Dec-20,13581.3,Million USD,Normal,
Gold and Foreign Exchange Reserves of Pakistan,TS_GP_EXT_PAKRES_M.Z00020,Total SBP Reserves,31-Jan-21,13196.2,Million USD,Normal,
Gold and Foreign Exchange Reserves of Pakistan,TS_GP_EXT_PAKRES_M.Z00020,Total SBP Reserves,28-Feb-21,13167.5,Million USD,Normal,
Gold and Foreign Exchange Reserves of Pakistan,TS_GP_EXT_PAKRES_M.Z00020,Total SBP Reserves,31-Mar-21,13668.9,Million USD,Normal,
Gold and Foreign Exchange Reserves of Pakistan,TS_GP_EXT_PAKRES_M.Z00020,Total SBP Reserves,30-Apr-21,15791.3,Million USD,Normal,
Gold and Foreign Exchange Reserves of Pakistan,TS_GP_EXT_PAKRES_M.Z00020,Total SBP Reserves,31-May-21,16299.5,Million USD,Normal,
Gold and Foreign Exchange Reserves of Pakistan,TS_GP_EXT_PAKRES_M.Z00020,Total SBP Reserves,30-Jun-21,17485.6,Million USD,Normal,
Gold and Foreign Exchange Reserves of Pakistan,TS_GP_EXT_PAKRES_M.Z00020,Total SBP Reserves,31-Jul-21,18027,Million USD,Normal,
Gold and Foreign Exchange Reserves of Pakistan,TS_GP_EXT_PAKRES_M.Z00020,Total SBP Reserves,31-Aug-21,20308.3,Million USD,Normal,
Gold and Foreign Exchange Reserves of Pakistan,TS_GP_EXT_PAKRES_M.Z00020,Total SBP Reserves,30-Sep-21,19400.1,Million USD,Normal,
Gold and Foreign Exchange Reserves of Pakistan,TS_GP_EXT_PAKRES_M.Z00020,Total SBP Reserves,31-Oct-21,17388,Million USD,Normal,
Gold and Foreign Exchange Reserves of Pakistan,TS_GP_EXT_PAKRES_M.Z00020,Total SBP Reserves,30-Nov-21,16141.5,Million USD,Normal,
Gold and Foreign Exchange Reserves of Pakistan,TS_GP_EXT_PAKRES_M.Z00020,Total SBP Reserves,31-Dec-21,17837.2,Million USD,Normal,
Gold and Foreign Exchange Reserves of Pakistan,TS_GP_EXT_PAKRES_M.Z00020,Total SBP Reserves,31-Jan-22,16714.18,Million USD,Normal,
Gold and Foreign Exchange Reserves of Pakistan,TS_GP_EXT_PAKRES_M.Z00020,Total SBP Reserves,28-Feb-22,16579.68,Million USD,Normal,
Gold and Foreign Exchange Reserves of Pakistan,TS_GP_EXT_PAKRES_M.Z00020,Total SBP Reserves,31-Mar-22,11643.94,Million USD,Normal,
Gold and Foreign Exchange Reserves of Pakistan,TS_GP_EXT_PAKRES_M.Z00020,Total SBP Reserves,30-Apr-22,10751.68,Million USD,Normal,
Gold and Foreign Exchange Reserves of Pakistan,TS_GP_EXT_PAKRES_M.Z00020,Total SBP Reserves,31-May-22,9619.09,Million USD,Normal,
Gold and Foreign Exchange Reserves of Pakistan,TS_GP_EXT_PAKRES_M.Z00020,Total SBP Reserves,30-Jun-22,10064.27,Million USD,Normal,
Gold and Foreign Exchange Reserves of Pakistan,TS_GP_EXT_PAKRES_M.Z00020,Total SBP Reserves,31-Jul-22,8605.7,Million USD,Normal,
Gold and Foreign Exchange Reserves of Pakistan,TS_GP_EXT_PAKRES_M.Z00020,Total SBP Reserves,31-Aug-22,9020.8,Million USD,Normal,
Gold and Foreign Exchange Reserves of Pakistan,TS_GP_EXT_PAKRES_M.Z00020,Total SBP Reserves,30-Sep-22,8045.29,Million USD,Normal,
Gold and Foreign Exchange Reserves of Pakistan,TS_GP_EXT_PAKRES_M.Z00020,Total SBP Reserves,31-Oct-22,8971.52,Million USD,Normal,
Gold and Foreign Exchange Reserves of Pakistan,TS_GP_EXT_PAKRES_M.Z00020,Total SBP Reserves,30-Nov-22,7853.27,Million USD,Normal,
Gold and Foreign Exchange Reserves of Pakistan,TS_GP_EXT_PAKRES_M.Z00020,Total SBP Reserves,31-Dec-22,5701.8,Million USD,Normal,
Gold and Foreign Exchange Reserves of Pakistan,TS_GP_EXT_PAKRES_M.Z00020,Total SBP Reserves,31-Jan-23,3203.81,Million USD,Normal,
Gold and Foreign Exchange Reserves of Pakistan,TS_GP_EXT_PAKRES_M.Z00020,Total SBP Reserves,28-Feb-23,3973.8,Million USD,Normal,
Gold and Foreign Exchange Reserves of Pakistan,TS_GP_EXT_PAKRES_M.Z00020,Total SBP Reserves,31-Mar-23,4298.76,Million USD,Normal,
Gold and Foreign Exchange Reserves of Pakistan,TS_GP_EXT_PAKRES_M.Z00020,Total SBP Reserves,30-Apr-23,4559.48,Million USD,Normal,
Gold and Foreign Exchange Reserves of Pakistan,TS_GP_EXT_PAKRES_M.Z00020,Total SBP Reserves,31-May-23,3765.37,Million USD,Normal,
Gold and Foreign Exchange Reserves of Pakistan,TS_GP_EXT_PAKRES_M.Z00020,Total SBP Reserves,30-Jun-23,4535.72,Million USD,Normal,
Gold and Foreign Exchange Reserves of Pakistan,TS_GP_EXT_PAKRES_M.Z00020,Total SBP Reserves,31-Jul-23,8225.194725,Million USD,Normal,.
Gold and Foreign Exchange Reserves of Pakistan,TS_GP_EXT_PAKRES_M.Z00020,Total SBP Reserves,31-Aug-23,7888.693321,Million USD,Normal,.
Gold and Foreign Exchange Reserves of Pakistan,TS_GP_EXT_PAKRES_M.Z00020,Total SBP Reserves,30-Sep-23,7692.974431,Million USD,Normal,.
Gold and Foreign Exchange Reserves of Pakistan,TS_GP_EXT_PAKRES_M.Z00020,Total SBP Reserves,31-Oct-23,7561.9341,Million USD,Normal,.
Gold and Foreign Exchange Reserves of Pakistan,TS_GP_EXT_PAKRES_M.Z00020,Total SBP Reserves,30-Nov-23,7089.961698,Million USD,Normal,.
Gold and Foreign Exchange Reserves of Pakistan,TS_GP_EXT_PAKRES_M.Z00020,Total SBP Reserves,31-Dec-23,8330.988672,Million USD,Normal,.
Gold and Foreign Exchange Reserves of Pakistan,TS_GP_EXT_PAKRES_M.Z00020,Total SBP Reserves,31-Jan-24,8256.213635,Million USD,Normal,.
Gold and Foreign Exchange Reserves of Pakistan,TS_GP_EXT_PAKRES_M.Z00020,Total SBP Reserves,29-Feb-24,8065.763402,Million USD,Normal,.
Gold and Foreign Exchange Reserves of Pakistan,TS_GP_EXT_PAKRES_M.Z00020,Total SBP Reserves,31-Mar-24,8137.953506,Million USD,Normal,.
Gold and Foreign Exchange Reserves of Pakistan,TS_GP_EXT_PAKRES_M.Z00020,Total SBP Reserves,30-Apr-24,9244.222526,Million USD,Normal,.
Gold and Foreign Exchange Reserves of Pakistan,TS_GP_EXT_PAKRES_M.Z00020,Total SBP Reserves,31-May-24,9202.720602,Million USD,Normal,.
Gold and Foreign Exchange Reserves of Pakistan,TS_GP_EXT_PAKRES_M.Z00020,Total SBP Reserves,30-Jun-24,9501.30871,Million USD,Normal,.
Gold and Foreign Exchange Reserves of Pakistan,TS_GP_EXT_PAKRES_M.Z00020,Total SBP Reserves,31-Jul-24,9316.356033,Million USD,Normal,
Gold and Foreign Exchange Reserves of Pakistan,TS_GP_EXT_PAKRES_M.Z00020,Total SBP Reserves,31-Aug-24,9563.849402,Million USD,Normal,
Gold and Foreign Exchange Reserves of Pakistan,TS_GP_EXT_PAKRES_M.Z00020,Total SBP Reserves,30-Sep-24,10836.62379,Million USD,Normal,
Gold and Foreign Exchange Reserves of Pakistan,TS_GP_EXT_PAKRES_M.Z00020,Total SBP Reserves,31-Oct-24,11328.27176,Million USD,Normal,.
Gold and Foreign Exchange Reserves of Pakistan,TS_GP_EXT_PAKRES_M.Z00020,Total SBP Reserves,30-Nov-24,12138.33348,Million USD,Normal,.
Gold and Foreign Exchange Reserves of Pakistan,TS_GP_EXT_PAKRES_M.Z00020,Total SBP Reserves,31-Dec-24,11859.86004,Million USD,Normal,.
Gold and Foreign Exchange Reserves of Pakistan,TS_GP_EXT_PAKRES_M.Z00020,Total SBP Reserves,31-Jan-25,11514.82211,Million USD,Normal,.
Gold and Foreign Exchange Reserves of Pakistan,TS_GP_EXT_PAKRES_M.Z00020,Total SBP Reserves,28-Feb-25,11364.75936,Million USD,Normal,.
Gold and Foreign Exchange Reserves of Pakistan,TS_GP_EXT_PAKRES_M.Z00020,Total SBP Reserves,31-Mar-25,10733.529,Million USD,Normal,.
Gold and Foreign Exchange Reserves of Pakistan,TS_GP_EXT_PAKRES_M.Z00020,Total SBP Reserves,30-Apr-25,10387.60447,Million USD,Normal,.
Gold and Foreign Exchange Reserves of Pakistan,TS_GP_EXT_PAKRES_M.Z00020,Total SBP Reserves,31-May-25,11615.37935,Million USD,Normal,.
