Dataset,Series Key,Series,Observation Date,Observation Value,Unit,Observation Status,Observation Status Comment
Inflation Snapshot (New Base: 2015-16),TS_GP_PT_CPI_M.P00111516,SPI Combined -YoY,31-Jul-16,-1.19,Percent,Normal,
Inflation Snapshot (New Base: 2015-16),TS_GP_PT_CPI_M.P00111516,SPI Combined -YoY,31-Aug-16,-1.58,Percent,Normal,
Inflation Snapshot (New Base: 2015-16),TS_GP_PT_CPI_M.P00111516,SPI Combined -YoY,30-Sep-16,-1.3,Percent,Normal,
Inflation Snapshot (New Base: 2015-16),TS_GP_PT_CPI_M.P00111516,SPI Combined -YoY,31-Oct-16,-0.57,Percent,Normal,
Inflation Snapshot (New Base: 2015-16),TS_GP_PT_CPI_M.P00111516,SPI Combined -YoY,30-Nov-16,-0.05,Percent,Normal,
Inflation Snapshot (New Base: 2015-16),TS_GP_PT_CPI_M.P00111516,SPI Combined -YoY,31-Dec-16,-0.72,Percent,Normal,
Inflation Snapshot (New Base: 2015-16),TS_GP_PT_CPI_M.P00111516,SPI Combined -YoY,31-Jan-17,-1.35,Percent,Normal,
Inflation Snapshot (New Base: 2015-16),TS_GP_PT_CPI_M.P00111516,SPI Combined -YoY,28-Feb-17,-0.44,Percent,Normal,
Inflation Snapshot (New Base: 2015-16),TS_GP_PT_CPI_M.P00111516,SPI Combined -YoY,31-Mar-17,1.94,Percent,Normal,
Inflation Snapshot (New Base: 2015-16),TS_GP_PT_CPI_M.P00111516,SPI Combined -YoY,30-Apr-17,1.58,Percent,Normal,
Inflation Snapshot (New Base: 2015-16),TS_GP_PT_CPI_M.P00111516,SPI Combined -YoY,31-May-17,1.08,Percent,Normal,
Inflation Snapshot (New Base: 2015-16),TS_GP_PT_CPI_M.P00111516,SPI Combined -YoY,30-Jun-17,1.04,Percent,Normal,
Inflation Snapshot (New Base: 2015-16),TS_GP_PT_CPI_M.P00111516,SPI Combined -YoY,31-Jul-17,2.15,Percent,Normal,
Inflation Snapshot (New Base: 2015-16),TS_GP_PT_CPI_M.P00111516,SPI Combined -YoY,31-Aug-17,3.14,Percent,Normal,
Inflation Snapshot (New Base: 2015-16),TS_GP_PT_CPI_M.P00111516,SPI Combined -YoY,30-Sep-17,4.22,Percent,Normal,
Inflation Snapshot (New Base: 2015-16),TS_GP_PT_CPI_M.P00111516,SPI Combined -YoY,31-Oct-17,4.42,Percent,Normal,
Inflation Snapshot (New Base: 2015-16),TS_GP_PT_CPI_M.P00111516,SPI Combined -YoY,30-Nov-17,4.54,Percent,Normal,
Inflation Snapshot (New Base: 2015-16),TS_GP_PT_CPI_M.P00111516,SPI Combined -YoY,31-Dec-17,5.44,Percent,Normal,
Inflation Snapshot (New Base: 2015-16),TS_GP_PT_CPI_M.P00111516,SPI Combined -YoY,31-Jan-18,5.24,Percent,Normal,
Inflation Snapshot (New Base: 2015-16),TS_GP_PT_CPI_M.P00111516,SPI Combined -YoY,28-Feb-18,3.62,Percent,Normal,
Inflation Snapshot (New Base: 2015-16),TS_GP_PT_CPI_M.P00111516,SPI Combined -YoY,31-Mar-18,0.8,Percent,Normal,
Inflation Snapshot (New Base: 2015-16),TS_GP_PT_CPI_M.P00111516,SPI Combined -YoY,30-Apr-18,2.4,Percent,Normal,
Inflation Snapshot (New Base: 2015-16),TS_GP_PT_CPI_M.P00111516,SPI Combined -YoY,31-May-18,3.93,Percent,Normal,
Inflation Snapshot (New Base: 2015-16),TS_GP_PT_CPI_M.P00111516,SPI Combined -YoY,30-Jun-18,5.75,Percent,Normal,
Inflation Snapshot (New Base: 2015-16),TS_GP_PT_CPI_M.P00111516,SPI Combined -YoY,31-Jul-18,7.2,Percent,Normal,
Inflation Snapshot (New Base: 2015-16),TS_GP_PT_CPI_M.P00111516,SPI Combined -YoY,31-Aug-18,5.82,Percent,Normal,
Inflation Snapshot (New Base: 2015-16),TS_GP_PT_CPI_M.P00111516,SPI Combined -YoY,30-Sep-18,3.98,Percent,Normal,
Inflation Snapshot (New Base: 2015-16),TS_GP_PT_CPI_M.P00111516,SPI Combined -YoY,31-Oct-18,6.46,Percent,Normal,
Inflation Snapshot (New Base: 2015-16),TS_GP_PT_CPI_M.P00111516,SPI Combined -YoY,30-Nov-18,5.77,Percent,Normal,
Inflation Snapshot (New Base: 2015-16),TS_GP_PT_CPI_M.P00111516,SPI Combined -YoY,31-Dec-18,5.36,Percent,Normal,
Inflation Snapshot (New Base: 2015-16),TS_GP_PT_CPI_M.P00111516,SPI Combined -YoY,31-Jan-19,6.06,Percent,Normal,
Inflation Snapshot (New Base: 2015-16),TS_GP_PT_CPI_M.P00111516,SPI Combined -YoY,28-Feb-19,8.92,Percent,Normal,
Inflation Snapshot (New Base: 2015-16),TS_GP_PT_CPI_M.P00111516,SPI Combined -YoY,31-Mar-19,11.89,Percent,Normal,
Inflation Snapshot (New Base: 2015-16),TS_GP_PT_CPI_M.P00111516,SPI Combined -YoY,30-Apr-19,11.31,Percent,Normal,
Inflation Snapshot (New Base: 2015-16),TS_GP_PT_CPI_M.P00111516,SPI Combined -YoY,31-May-19,10.99,Percent,Normal,
Inflation Snapshot (New Base: 2015-16),TS_GP_PT_CPI_M.P00111516,SPI Combined -YoY,30-Jun-19,9.97,Percent,Normal,
Inflation Snapshot (New Base: 2015-16),TS_GP_PT_CPI_M.P00111516,SPI Combined -YoY,31-Jul-19,11.64,Percent,Normal,
Inflation Snapshot (New Base: 2015-16),TS_GP_PT_CPI_M.P00111516,SPI Combined -YoY,31-Aug-19,15.3,Percent,Normal,
Inflation Snapshot (New Base: 2015-16),TS_GP_PT_CPI_M.P00111516,SPI Combined -YoY,30-Sep-19,17.54,Percent,Normal,
Inflation Snapshot (New Base: 2015-16),TS_GP_PT_CPI_M.P00111516,SPI Combined -YoY,31-Oct-19,16.26,Percent,Normal,
Inflation Snapshot (New Base: 2015-16),TS_GP_PT_CPI_M.P00111516,SPI Combined -YoY,30-Nov-19,19.45,Percent,Normal,
Inflation Snapshot (New Base: 2015-16),TS_GP_PT_CPI_M.P00111516,SPI Combined -YoY,31-Dec-19,18.2,Percent,Normal,
Inflation Snapshot (New Base: 2015-16),TS_GP_PT_CPI_M.P00111516,SPI Combined -YoY,31-Jan-20,19.53,Percent,Normal,
Inflation Snapshot (New Base: 2015-16),TS_GP_PT_CPI_M.P00111516,SPI Combined -YoY,29-Feb-20,16.1,Percent,Normal,
Inflation Snapshot (New Base: 2015-16),TS_GP_PT_CPI_M.P00111516,SPI Combined -YoY,31-Mar-20,12.18,Percent,Normal,
Inflation Snapshot (New Base: 2015-16),TS_GP_PT_CPI_M.P00111516,SPI Combined -YoY,30-Apr-20,8.51,Percent,Normal,
Inflation Snapshot (New Base: 2015-16),TS_GP_PT_CPI_M.P00111516,SPI Combined -YoY,31-May-20,9.58,Percent,Normal,
Inflation Snapshot (New Base: 2015-16),TS_GP_PT_CPI_M.P00111516,SPI Combined -YoY,30-Jun-20,9.33,Percent,Normal,
Inflation Snapshot (New Base: 2015-16),TS_GP_PT_CPI_M.P00111516,SPI Combined -YoY,31-Jul-20,10.52,Percent,Normal,
Inflation Snapshot (New Base: 2015-16),TS_GP_PT_CPI_M.P00111516,SPI Combined -YoY,31-Aug-20,8.66,Percent,Normal,
Inflation Snapshot (New Base: 2015-16),TS_GP_PT_CPI_M.P00111516,SPI Combined -YoY,30-Sep-20,9,Percent,Normal,
Inflation Snapshot (New Base: 2015-16),TS_GP_PT_CPI_M.P00111516,SPI Combined -YoY,31-Oct-20,9.68,Percent,Normal,
Inflation Snapshot (New Base: 2015-16),TS_GP_PT_CPI_M.P00111516,SPI Combined -YoY,30-Nov-20,7.98,Percent,Normal,
Inflation Snapshot (New Base: 2015-16),TS_GP_PT_CPI_M.P00111516,SPI Combined -YoY,31-Dec-20,7.92,Percent,Normal,
Inflation Snapshot (New Base: 2015-16),TS_GP_PT_CPI_M.P00111516,SPI Combined -YoY,31-Jan-21,6.4,Percent,Normal,
Inflation Snapshot (New Base: 2015-16),TS_GP_PT_CPI_M.P00111516,SPI Combined -YoY,28-Feb-21,10.1,Percent,Normal,
Inflation Snapshot (New Base: 2015-16),TS_GP_PT_CPI_M.P00111516,SPI Combined -YoY,31-Mar-21,14.3,Percent,Normal,
Inflation Snapshot (New Base: 2015-16),TS_GP_PT_CPI_M.P00111516,SPI Combined -YoY,30-Apr-21,17.8,Percent,Normal,
Inflation Snapshot (New Base: 2015-16),TS_GP_PT_CPI_M.P00111516,SPI Combined -YoY,31-May-21,16.90670006,Percent,Normal,
Inflation Snapshot (New Base: 2015-16),TS_GP_PT_CPI_M.P00111516,SPI Combined -YoY,30-Jun-21,15.37443562,Percent,Normal,
Inflation Snapshot (New Base: 2015-16),TS_GP_PT_CPI_M.P00111516,SPI Combined -YoY,31-Jul-21,12.60674157,Percent,Normal,
Inflation Snapshot (New Base: 2015-16),TS_GP_PT_CPI_M.P00111516,SPI Combined -YoY,31-Aug-21,12.66998588,Percent,Normal,
Inflation Snapshot (New Base: 2015-16),TS_GP_PT_CPI_M.P00111516,SPI Combined -YoY,30-Sep-21,13.7915937,Percent,Normal,
Inflation Snapshot (New Base: 2015-16),TS_GP_PT_CPI_M.P00111516,SPI Combined -YoY,31-Oct-21,14,Percent,Normal,
Inflation Snapshot (New Base: 2015-16),TS_GP_PT_CPI_M.P00111516,SPI Combined -YoY,30-Nov-21,17.4,Percent,Normal,
Inflation Snapshot (New Base: 2015-16),TS_GP_PT_CPI_M.P00111516,SPI Combined -YoY,31-Dec-21,19.27068524,Percent,Normal,
Inflation Snapshot (New Base: 2015-16),TS_GP_PT_CPI_M.P00111516,SPI Combined -YoY,31-Jan-22,19.51027984,Percent,Normal,
Inflation Snapshot (New Base: 2015-16),TS_GP_PT_CPI_M.P00111516,SPI Combined -YoY,28-Feb-22,18.13052866,Percent,Normal,
Inflation Snapshot (New Base: 2015-16),TS_GP_PT_CPI_M.P00111516,SPI Combined -YoY,31-Mar-22,15.8,Percent,Normal,
Inflation Snapshot (New Base: 2015-16),TS_GP_PT_CPI_M.P00111516,SPI Combined -YoY,30-Apr-22,16.49777057,Percent,Normal,
Inflation Snapshot (New Base: 2015-16),TS_GP_PT_CPI_M.P00111516,SPI Combined -YoY,31-May-22,16.1,Percent,Normal,
Inflation Snapshot (New Base: 2015-16),TS_GP_PT_CPI_M.P00111516,SPI Combined -YoY,30-Jun-22,26.5,Percent,Normal,
Inflation Snapshot (New Base: 2015-16),TS_GP_PT_CPI_M.P00111516,SPI Combined -YoY,31-Jul-22,34.3,Percent,Normal,
Inflation Snapshot (New Base: 2015-16),TS_GP_PT_CPI_M.P00111516,SPI Combined -YoY,31-Aug-22,40.6,Percent,Normal,
Inflation Snapshot (New Base: 2015-16),TS_GP_PT_CPI_M.P00111516,SPI Combined -YoY,30-Sep-22,35.9,Percent,Normal,
Inflation Snapshot (New Base: 2015-16),TS_GP_PT_CPI_M.P00111516,SPI Combined -YoY,31-Oct-22,28.6,Percent,Normal,
Inflation Snapshot (New Base: 2015-16),TS_GP_PT_CPI_M.P00111516,SPI Combined -YoY,30-Nov-22,29.7,Percent,Normal,
Inflation Snapshot (New Base: 2015-16),TS_GP_PT_CPI_M.P00111516,SPI Combined -YoY,31-Dec-22,29.7,Percent,Normal,
Inflation Snapshot (New Base: 2015-16),TS_GP_PT_CPI_M.P00111516,SPI Combined -YoY,31-Jan-23,31.7,Percent,Normal,
Inflation Snapshot (New Base: 2015-16),TS_GP_PT_CPI_M.P00111516,SPI Combined -YoY,28-Feb-23,37.1,Percent,Normal,
Inflation Snapshot (New Base: 2015-16),TS_GP_PT_CPI_M.P00111516,SPI Combined -YoY,31-Mar-23,44,Percent,Normal,
Inflation Snapshot (New Base: 2015-16),TS_GP_PT_CPI_M.P00111516,SPI Combined -YoY,30-Apr-23,45.9,Percent,Normal,
Inflation Snapshot (New Base: 2015-16),TS_GP_PT_CPI_M.P00111516,SPI Combined -YoY,31-May-23,47,Percent,Normal,
Inflation Snapshot (New Base: 2015-16),TS_GP_PT_CPI_M.P00111516,SPI Combined -YoY,30-Jun-23,36,Percent,Normal,
Inflation Snapshot (New Base: 2015-16),TS_GP_PT_CPI_M.P00111516,SPI Combined -YoY,31-Jul-23,29,Percent,Normal,
Inflation Snapshot (New Base: 2015-16),TS_GP_PT_CPI_M.P00111516,SPI Combined -YoY,31-Aug-23,28.7,Percent,Normal,
Inflation Snapshot (New Base: 2015-16),TS_GP_PT_CPI_M.P00111516,SPI Combined -YoY,30-Sep-23,32.4,Percent,Normal,
Inflation Snapshot (New Base: 2015-16),TS_GP_PT_CPI_M.P00111516,SPI Combined -YoY,31-Oct-23,35.4,Percent,Normal,
Inflation Snapshot (New Base: 2015-16),TS_GP_PT_CPI_M.P00111516,SPI Combined -YoY,30-Nov-23,34.7,Percent,Normal,
Inflation Snapshot (New Base: 2015-16),TS_GP_PT_CPI_M.P00111516,SPI Combined -YoY,31-Dec-23,43,Percent,Normal,
Inflation Snapshot (New Base: 2015-16),TS_GP_PT_CPI_M.P00111516,SPI Combined -YoY,31-Jan-24,43.9,Percent,Normal,
Inflation Snapshot (New Base: 2015-16),TS_GP_PT_CPI_M.P00111516,SPI Combined -YoY,29-Feb-24,36.3,Percent,Normal,
Inflation Snapshot (New Base: 2015-16),TS_GP_PT_CPI_M.P00111516,SPI Combined -YoY,31-Mar-24,31.9,Percent,Normal,
Inflation Snapshot (New Base: 2015-16),TS_GP_PT_CPI_M.P00111516,SPI Combined -YoY,30-Apr-24,28.8,Percent,Normal,
Inflation Snapshot (New Base: 2015-16),TS_GP_PT_CPI_M.P00111516,SPI Combined -YoY,31-May-24,22,Percent,Normal,
Inflation Snapshot (New Base: 2015-16),TS_GP_PT_CPI_M.P00111516,SPI Combined -YoY,30-Jun-24,23,Percent,Normal,
Inflation Snapshot (New Base: 2015-16),TS_GP_PT_CPI_M.P00111516,SPI Combined -YoY,31-Jul-24,23,Percent,Normal,
Inflation Snapshot (New Base: 2015-16),TS_GP_PT_CPI_M.P00111516,SPI Combined -YoY,31-Aug-24,17.1,Percent,Normal,
Inflation Snapshot (New Base: 2015-16),TS_GP_PT_CPI_M.P00111516,SPI Combined -YoY,30-Sep-24,13.5,Percent,Normal,
Inflation Snapshot (New Base: 2015-16),TS_GP_PT_CPI_M.P00111516,SPI Combined -YoY,31-Oct-24,14.1,Percent,Normal,
Inflation Snapshot (New Base: 2015-16),TS_GP_PT_CPI_M.P00111516,SPI Combined -YoY,30-Nov-24,10.3,Percent,Normal,
Inflation Snapshot (New Base: 2015-16),TS_GP_PT_CPI_M.P00111516,SPI Combined -YoY,31-Dec-24,4.2,Percent,Normal,
Inflation Snapshot (New Base: 2015-16),TS_GP_PT_CPI_M.P00111516,SPI Combined -YoY,31-Jan-25,1.5,Percent,Normal,
Inflation Snapshot (New Base: 2015-16),TS_GP_PT_CPI_M.P00111516,SPI Combined -YoY,28-Feb-25,0.7,Percent,Normal,
Inflation Snapshot (New Base: 2015-16),TS_GP_PT_CPI_M.P00111516,SPI Combined -YoY,31-Mar-25,-1.3,Percent,Normal,
Inflation Snapshot (New Base: 2015-16),TS_GP_PT_CPI_M.P00111516,SPI Combined -YoY,30-Apr-25,-3.2,Percent,Normal,
Inflation Snapshot (New Base: 2015-16),TS_GP_PT_CPI_M.P00111516,SPI Combined -YoY,31-May-25,0.1,Percent,Normal,
Inflation Snapshot (New Base: 2015-16),TS_GP_PT_CPI_M.P00111516,SPI Combined -YoY,30-Jun-25,-1.2,Percent,Normal,
