Dataset,Series Key,Series,Observation Date,Observation Value,Unit,Observation Status,Observation Status Comment
Production and Sales of Auto Vehicles,TS_GP_RLS_PSAUTO_M.TAP_001000,Total Production of Vehicles,31-Jul-04,14267,Number,Normal,
Production and Sales of Auto Vehicles,TS_GP_RLS_PSAUTO_M.TAP_001000,Total Production of Vehicles,31-Aug-04,14059,Number,Normal,
Production and Sales of Auto Vehicles,TS_GP_RLS_PSAUTO_M.TAP_001000,Total Production of Vehicles,30-Sep-04,14352,Number,Normal,
Production and Sales of Auto Vehicles,TS_GP_RLS_PSAUTO_M.TAP_001000,Total Production of Vehicles,31-Oct-04,15146,Number,Normal,
Production and Sales of Auto Vehicles,TS_GP_RLS_PSAUTO_M.TAP_001000,Total Production of Vehicles,30-Nov-04,13301,Number,Normal,
Production and Sales of Auto Vehicles,TS_GP_RLS_PSAUTO_M.TAP_001000,Total Production of Vehicles,31-Dec-04,19780,Number,Normal,
Production and Sales of Auto Vehicles,TS_GP_RLS_PSAUTO_M.TAP_001000,Total Production of Vehicles,31-Jan-05,12493,Number,Normal,
Production and Sales of Auto Vehicles,TS_GP_RLS_PSAUTO_M.TAP_001000,Total Production of Vehicles,28-Feb-05,15179,Number,Normal,
Production and Sales of Auto Vehicles,TS_GP_RLS_PSAUTO_M.TAP_001000,Total Production of Vehicles,31-Mar-05,20210,Number,Normal,
Production and Sales of Auto Vehicles,TS_GP_RLS_PSAUTO_M.TAP_001000,Total Production of Vehicles,30-Apr-05,19756,Number,Normal,
Production and Sales of Auto Vehicles,TS_GP_RLS_PSAUTO_M.TAP_001000,Total Production of Vehicles,31-May-05,20411,Number,Normal,
Production and Sales of Auto Vehicles,TS_GP_RLS_PSAUTO_M.TAP_001000,Total Production of Vehicles,30-Jun-05,21206,Number,Normal,
Production and Sales of Auto Vehicles,TS_GP_RLS_PSAUTO_M.TAP_001000,Total Production of Vehicles,31-Jul-05,16592,Number,Normal,
Production and Sales of Auto Vehicles,TS_GP_RLS_PSAUTO_M.TAP_001000,Total Production of Vehicles,31-Aug-05,18925,Number,Normal,
Production and Sales of Auto Vehicles,TS_GP_RLS_PSAUTO_M.TAP_001000,Total Production of Vehicles,30-Sep-05,20199,Number,Normal,
Production and Sales of Auto Vehicles,TS_GP_RLS_PSAUTO_M.TAP_001000,Total Production of Vehicles,31-Oct-05,17880,Number,Normal,
Production and Sales of Auto Vehicles,TS_GP_RLS_PSAUTO_M.TAP_001000,Total Production of Vehicles,30-Nov-05,18505,Number,Normal,
Production and Sales of Auto Vehicles,TS_GP_RLS_PSAUTO_M.TAP_001000,Total Production of Vehicles,31-Dec-05,22388,Number,Normal,
Production and Sales of Auto Vehicles,TS_GP_RLS_PSAUTO_M.TAP_001000,Total Production of Vehicles,31-Jan-06,16582,Number,Normal,
Production and Sales of Auto Vehicles,TS_GP_RLS_PSAUTO_M.TAP_001000,Total Production of Vehicles,28-Feb-06,20995,Number,Normal,
Production and Sales of Auto Vehicles,TS_GP_RLS_PSAUTO_M.TAP_001000,Total Production of Vehicles,31-Mar-06,23155,Number,Normal,
Production and Sales of Auto Vehicles,TS_GP_RLS_PSAUTO_M.TAP_001000,Total Production of Vehicles,30-Apr-06,21647,Number,Normal,
Production and Sales of Auto Vehicles,TS_GP_RLS_PSAUTO_M.TAP_001000,Total Production of Vehicles,31-May-06,24306,Number,Normal,
Production and Sales of Auto Vehicles,TS_GP_RLS_PSAUTO_M.TAP_001000,Total Production of Vehicles,30-Jun-06,25167,Number,Normal,
Production and Sales of Auto Vehicles,TS_GP_RLS_PSAUTO_M.TAP_001000,Total Production of Vehicles,31-Jul-06,19926,Number,Normal,
Production and Sales of Auto Vehicles,TS_GP_RLS_PSAUTO_M.TAP_001000,Total Production of Vehicles,31-Aug-06,20895,Number,Normal,
Production and Sales of Auto Vehicles,TS_GP_RLS_PSAUTO_M.TAP_001000,Total Production of Vehicles,30-Sep-06,21128,Number,Normal,
Production and Sales of Auto Vehicles,TS_GP_RLS_PSAUTO_M.TAP_001000,Total Production of Vehicles,31-Oct-06,16709,Number,Normal,
Production and Sales of Auto Vehicles,TS_GP_RLS_PSAUTO_M.TAP_001000,Total Production of Vehicles,30-Nov-06,23074,Number,Normal,
Production and Sales of Auto Vehicles,TS_GP_RLS_PSAUTO_M.TAP_001000,Total Production of Vehicles,31-Dec-06,20929,Number,Normal,
Production and Sales of Auto Vehicles,TS_GP_RLS_PSAUTO_M.TAP_001000,Total Production of Vehicles,31-Jan-07,15849,Number,Normal,
Production and Sales of Auto Vehicles,TS_GP_RLS_PSAUTO_M.TAP_001000,Total Production of Vehicles,28-Feb-07,22671,Number,Normal,
Production and Sales of Auto Vehicles,TS_GP_RLS_PSAUTO_M.TAP_001000,Total Production of Vehicles,31-Mar-07,24695,Number,Normal,
Production and Sales of Auto Vehicles,TS_GP_RLS_PSAUTO_M.TAP_001000,Total Production of Vehicles,30-Apr-07,23571,Number,Normal,
Production and Sales of Auto Vehicles,TS_GP_RLS_PSAUTO_M.TAP_001000,Total Production of Vehicles,31-May-07,23997,Number,Normal,
Production and Sales of Auto Vehicles,TS_GP_RLS_PSAUTO_M.TAP_001000,Total Production of Vehicles,30-Jun-07,25043,Number,Normal,
Production and Sales of Auto Vehicles,TS_GP_RLS_PSAUTO_M.TAP_001000,Total Production of Vehicles,31-Jul-07,19096,Number,Normal,
Production and Sales of Auto Vehicles,TS_GP_RLS_PSAUTO_M.TAP_001000,Total Production of Vehicles,31-Aug-07,22901,Number,Normal,
Production and Sales of Auto Vehicles,TS_GP_RLS_PSAUTO_M.TAP_001000,Total Production of Vehicles,30-Sep-07,21692,Number,Normal,
Production and Sales of Auto Vehicles,TS_GP_RLS_PSAUTO_M.TAP_001000,Total Production of Vehicles,31-Oct-07,20815,Number,Normal,
Production and Sales of Auto Vehicles,TS_GP_RLS_PSAUTO_M.TAP_001000,Total Production of Vehicles,30-Nov-07,21503,Number,Normal,
Production and Sales of Auto Vehicles,TS_GP_RLS_PSAUTO_M.TAP_001000,Total Production of Vehicles,31-Dec-07,16195,Number,Normal,
Production and Sales of Auto Vehicles,TS_GP_RLS_PSAUTO_M.TAP_001000,Total Production of Vehicles,31-Jan-08,17584,Number,Normal,
Production and Sales of Auto Vehicles,TS_GP_RLS_PSAUTO_M.TAP_001000,Total Production of Vehicles,29-Feb-08,19870,Number,Normal,
Production and Sales of Auto Vehicles,TS_GP_RLS_PSAUTO_M.TAP_001000,Total Production of Vehicles,31-Mar-08,20484,Number,Normal,
Production and Sales of Auto Vehicles,TS_GP_RLS_PSAUTO_M.TAP_001000,Total Production of Vehicles,30-Apr-08,23571,Number,Normal,
Production and Sales of Auto Vehicles,TS_GP_RLS_PSAUTO_M.TAP_001000,Total Production of Vehicles,31-May-08,23152,Number,Normal,
Production and Sales of Auto Vehicles,TS_GP_RLS_PSAUTO_M.TAP_001000,Total Production of Vehicles,30-Jun-08,20186,Number,Normal,
Production and Sales of Auto Vehicles,TS_GP_RLS_PSAUTO_M.TAP_001000,Total Production of Vehicles,31-Jul-08,15279,Number,Normal,
Production and Sales of Auto Vehicles,TS_GP_RLS_PSAUTO_M.TAP_001000,Total Production of Vehicles,31-Aug-08,14799,Number,Normal,
Production and Sales of Auto Vehicles,TS_GP_RLS_PSAUTO_M.TAP_001000,Total Production of Vehicles,30-Sep-08,13722,Number,Normal,
Production and Sales of Auto Vehicles,TS_GP_RLS_PSAUTO_M.TAP_001000,Total Production of Vehicles,31-Oct-08,16505,Number,Normal,
Production and Sales of Auto Vehicles,TS_GP_RLS_PSAUTO_M.TAP_001000,Total Production of Vehicles,30-Nov-08,14256,Number,Normal,
Production and Sales of Auto Vehicles,TS_GP_RLS_PSAUTO_M.TAP_001000,Total Production of Vehicles,31-Dec-08,11678,Number,Normal,
Production and Sales of Auto Vehicles,TS_GP_RLS_PSAUTO_M.TAP_001000,Total Production of Vehicles,31-Jan-09,10892,Number,Normal,
Production and Sales of Auto Vehicles,TS_GP_RLS_PSAUTO_M.TAP_001000,Total Production of Vehicles,28-Feb-09,11288,Number,Normal,
Production and Sales of Auto Vehicles,TS_GP_RLS_PSAUTO_M.TAP_001000,Total Production of Vehicles,31-Mar-09,13458,Number,Normal,
Production and Sales of Auto Vehicles,TS_GP_RLS_PSAUTO_M.TAP_001000,Total Production of Vehicles,30-Apr-09,14802,Number,Normal,
Production and Sales of Auto Vehicles,TS_GP_RLS_PSAUTO_M.TAP_001000,Total Production of Vehicles,31-May-09,13433,Number,Normal,
Production and Sales of Auto Vehicles,TS_GP_RLS_PSAUTO_M.TAP_001000,Total Production of Vehicles,30-Jun-09,15046,Number,Normal,
Production and Sales of Auto Vehicles,TS_GP_RLS_PSAUTO_M.TAP_001000,Total Production of Vehicles,31-Jul-09,15317,Number,Normal,
Production and Sales of Auto Vehicles,TS_GP_RLS_PSAUTO_M.TAP_001000,Total Production of Vehicles,31-Aug-09,15620,Number,Normal,
Production and Sales of Auto Vehicles,TS_GP_RLS_PSAUTO_M.TAP_001000,Total Production of Vehicles,30-Sep-09,14530,Number,Normal,
Production and Sales of Auto Vehicles,TS_GP_RLS_PSAUTO_M.TAP_001000,Total Production of Vehicles,31-Oct-09,19497,Number,Normal,
Production and Sales of Auto Vehicles,TS_GP_RLS_PSAUTO_M.TAP_001000,Total Production of Vehicles,30-Nov-09,17609,Number,Normal,
Production and Sales of Auto Vehicles,TS_GP_RLS_PSAUTO_M.TAP_001000,Total Production of Vehicles,31-Dec-09,15215,Number,Normal,
Production and Sales of Auto Vehicles,TS_GP_RLS_PSAUTO_M.TAP_001000,Total Production of Vehicles,31-Jan-10,18761,Number,Normal,
Production and Sales of Auto Vehicles,TS_GP_RLS_PSAUTO_M.TAP_001000,Total Production of Vehicles,28-Feb-10,17369,Number,Normal,
Production and Sales of Auto Vehicles,TS_GP_RLS_PSAUTO_M.TAP_001000,Total Production of Vehicles,31-Mar-10,20862,Number,Normal,
Production and Sales of Auto Vehicles,TS_GP_RLS_PSAUTO_M.TAP_001000,Total Production of Vehicles,30-Apr-10,18763,Number,Normal,
Production and Sales of Auto Vehicles,TS_GP_RLS_PSAUTO_M.TAP_001000,Total Production of Vehicles,31-May-10,19839,Number,Normal,
Production and Sales of Auto Vehicles,TS_GP_RLS_PSAUTO_M.TAP_001000,Total Production of Vehicles,30-Jun-10,20865,Number,Normal,
Production and Sales of Auto Vehicles,TS_GP_RLS_PSAUTO_M.TAP_001000,Total Production of Vehicles,31-Jul-10,20451,Number,Normal,
Production and Sales of Auto Vehicles,TS_GP_RLS_PSAUTO_M.TAP_001000,Total Production of Vehicles,31-Aug-10,14688,Number,Normal,
Production and Sales of Auto Vehicles,TS_GP_RLS_PSAUTO_M.TAP_001000,Total Production of Vehicles,30-Sep-10,16398,Number,Normal,
Production and Sales of Auto Vehicles,TS_GP_RLS_PSAUTO_M.TAP_001000,Total Production of Vehicles,31-Oct-10,20097,Number,Normal,
Production and Sales of Auto Vehicles,TS_GP_RLS_PSAUTO_M.TAP_001000,Total Production of Vehicles,30-Nov-10,16886,Number,Normal,
Production and Sales of Auto Vehicles,TS_GP_RLS_PSAUTO_M.TAP_001000,Total Production of Vehicles,31-Dec-10,18290,Number,Normal,
Production and Sales of Auto Vehicles,TS_GP_RLS_PSAUTO_M.TAP_001000,Total Production of Vehicles,31-Jan-11,19902,Number,Normal,
Production and Sales of Auto Vehicles,TS_GP_RLS_PSAUTO_M.TAP_001000,Total Production of Vehicles,28-Feb-11,19559,Number,Normal,
Production and Sales of Auto Vehicles,TS_GP_RLS_PSAUTO_M.TAP_001000,Total Production of Vehicles,31-Mar-11,23472,Number,Normal,
Production and Sales of Auto Vehicles,TS_GP_RLS_PSAUTO_M.TAP_001000,Total Production of Vehicles,30-Apr-11,19099,Number,Normal,
Production and Sales of Auto Vehicles,TS_GP_RLS_PSAUTO_M.TAP_001000,Total Production of Vehicles,31-May-11,20080,Number,Normal,
Production and Sales of Auto Vehicles,TS_GP_RLS_PSAUTO_M.TAP_001000,Total Production of Vehicles,30-Jun-11,19236,Number,Normal,
Production and Sales of Auto Vehicles,TS_GP_RLS_PSAUTO_M.TAP_001000,Total Production of Vehicles,31-Jul-11,14257,Number,Normal,
Production and Sales of Auto Vehicles,TS_GP_RLS_PSAUTO_M.TAP_001000,Total Production of Vehicles,31-Aug-11,12693,Number,Normal,
Production and Sales of Auto Vehicles,TS_GP_RLS_PSAUTO_M.TAP_001000,Total Production of Vehicles,30-Sep-11,16080,Number,Normal,
Production and Sales of Auto Vehicles,TS_GP_RLS_PSAUTO_M.TAP_001000,Total Production of Vehicles,31-Oct-11,21485,Number,Normal,
Production and Sales of Auto Vehicles,TS_GP_RLS_PSAUTO_M.TAP_001000,Total Production of Vehicles,30-Nov-11,15486,Number,Normal,
Production and Sales of Auto Vehicles,TS_GP_RLS_PSAUTO_M.TAP_001000,Total Production of Vehicles,31-Dec-11,12604,Number,Normal,
Production and Sales of Auto Vehicles,TS_GP_RLS_PSAUTO_M.TAP_001000,Total Production of Vehicles,31-Jan-12,18066,Number,Normal,
Production and Sales of Auto Vehicles,TS_GP_RLS_PSAUTO_M.TAP_001000,Total Production of Vehicles,29-Feb-12,21138,Number,Normal,
Production and Sales of Auto Vehicles,TS_GP_RLS_PSAUTO_M.TAP_001000,Total Production of Vehicles,31-Mar-12,22764,Number,Normal,
Production and Sales of Auto Vehicles,TS_GP_RLS_PSAUTO_M.TAP_001000,Total Production of Vehicles,30-Apr-12,22929,Number,Normal,
Production and Sales of Auto Vehicles,TS_GP_RLS_PSAUTO_M.TAP_001000,Total Production of Vehicles,31-May-12,23446,Number,Normal,
Production and Sales of Auto Vehicles,TS_GP_RLS_PSAUTO_M.TAP_001000,Total Production of Vehicles,30-Jun-12,25972,Number,Normal,
Production and Sales of Auto Vehicles,TS_GP_RLS_PSAUTO_M.TAP_001000,Total Production of Vehicles,31-Jul-12,17997,Number,Normal,
Production and Sales of Auto Vehicles,TS_GP_RLS_PSAUTO_M.TAP_001000,Total Production of Vehicles,31-Aug-12,13380,Number,Normal,
Production and Sales of Auto Vehicles,TS_GP_RLS_PSAUTO_M.TAP_001000,Total Production of Vehicles,30-Sep-12,14142,Number,Normal,
Production and Sales of Auto Vehicles,TS_GP_RLS_PSAUTO_M.TAP_001000,Total Production of Vehicles,31-Oct-12,14615,Number,Normal,
Production and Sales of Auto Vehicles,TS_GP_RLS_PSAUTO_M.TAP_001000,Total Production of Vehicles,30-Nov-12,13943,Number,Normal,
Production and Sales of Auto Vehicles,TS_GP_RLS_PSAUTO_M.TAP_001000,Total Production of Vehicles,31-Dec-12,13178,Number,Normal,
Production and Sales of Auto Vehicles,TS_GP_RLS_PSAUTO_M.TAP_001000,Total Production of Vehicles,31-Jan-13,16192,Number,Normal,
Production and Sales of Auto Vehicles,TS_GP_RLS_PSAUTO_M.TAP_001000,Total Production of Vehicles,28-Feb-13,14050,Number,Normal,
Production and Sales of Auto Vehicles,TS_GP_RLS_PSAUTO_M.TAP_001000,Total Production of Vehicles,31-Mar-13,15951,Number,Normal,
Production and Sales of Auto Vehicles,TS_GP_RLS_PSAUTO_M.TAP_001000,Total Production of Vehicles,30-Apr-13,16787,Number,Normal,
Production and Sales of Auto Vehicles,TS_GP_RLS_PSAUTO_M.TAP_001000,Total Production of Vehicles,31-May-13,19355,Number,Normal,
Production and Sales of Auto Vehicles,TS_GP_RLS_PSAUTO_M.TAP_001000,Total Production of Vehicles,30-Jun-13,20038,Number,Normal,
Production and Sales of Auto Vehicles,TS_GP_RLS_PSAUTO_M.TAP_001000,Total Production of Vehicles,31-Jul-13,12804,Number,Normal,
Production and Sales of Auto Vehicles,TS_GP_RLS_PSAUTO_M.TAP_001000,Total Production of Vehicles,31-Aug-13,12946,Number,Normal,
Production and Sales of Auto Vehicles,TS_GP_RLS_PSAUTO_M.TAP_001000,Total Production of Vehicles,30-Sep-13,13359,Number,Normal,
Production and Sales of Auto Vehicles,TS_GP_RLS_PSAUTO_M.TAP_001000,Total Production of Vehicles,31-Oct-13,14862,Number,Normal,
Production and Sales of Auto Vehicles,TS_GP_RLS_PSAUTO_M.TAP_001000,Total Production of Vehicles,30-Nov-13,13594,Number,Normal,
Production and Sales of Auto Vehicles,TS_GP_RLS_PSAUTO_M.TAP_001000,Total Production of Vehicles,31-Dec-13,14261,Number,Normal,
Production and Sales of Auto Vehicles,TS_GP_RLS_PSAUTO_M.TAP_001000,Total Production of Vehicles,31-Jan-14,14268,Number,Normal,
Production and Sales of Auto Vehicles,TS_GP_RLS_PSAUTO_M.TAP_001000,Total Production of Vehicles,28-Feb-14,13465,Number,Normal,
Production and Sales of Auto Vehicles,TS_GP_RLS_PSAUTO_M.TAP_001000,Total Production of Vehicles,31-Mar-14,17273,Number,Normal,
Production and Sales of Auto Vehicles,TS_GP_RLS_PSAUTO_M.TAP_001000,Total Production of Vehicles,30-Apr-14,16443,Number,Normal,
Production and Sales of Auto Vehicles,TS_GP_RLS_PSAUTO_M.TAP_001000,Total Production of Vehicles,31-May-14,16358,Number,Normal,
Production and Sales of Auto Vehicles,TS_GP_RLS_PSAUTO_M.TAP_001000,Total Production of Vehicles,30-Jun-14,13419,Number,Normal,
Production and Sales of Auto Vehicles,TS_GP_RLS_PSAUTO_M.TAP_001000,Total Production of Vehicles,31-Jul-14,10706,Number,Normal,
Production and Sales of Auto Vehicles,TS_GP_RLS_PSAUTO_M.TAP_001000,Total Production of Vehicles,31-Aug-14,16361,Number,Normal,
Production and Sales of Auto Vehicles,TS_GP_RLS_PSAUTO_M.TAP_001000,Total Production of Vehicles,30-Sep-14,21387,Number,Normal,
Production and Sales of Auto Vehicles,TS_GP_RLS_PSAUTO_M.TAP_001000,Total Production of Vehicles,31-Oct-14,16741,Number,Normal,
Production and Sales of Auto Vehicles,TS_GP_RLS_PSAUTO_M.TAP_001000,Total Production of Vehicles,30-Nov-14,17077,Number,Normal,
Production and Sales of Auto Vehicles,TS_GP_RLS_PSAUTO_M.TAP_001000,Total Production of Vehicles,31-Dec-14,15837,Number,Normal,
Production and Sales of Auto Vehicles,TS_GP_RLS_PSAUTO_M.TAP_001000,Total Production of Vehicles,31-Jan-15,19639,Number,Normal,
Production and Sales of Auto Vehicles,TS_GP_RLS_PSAUTO_M.TAP_001000,Total Production of Vehicles,28-Feb-15,19461,Number,Normal,
Production and Sales of Auto Vehicles,TS_GP_RLS_PSAUTO_M.TAP_001000,Total Production of Vehicles,31-Mar-15,25391,Number,Normal,
Production and Sales of Auto Vehicles,TS_GP_RLS_PSAUTO_M.TAP_001000,Total Production of Vehicles,30-Apr-15,26014,Number,Normal,
Production and Sales of Auto Vehicles,TS_GP_RLS_PSAUTO_M.TAP_001000,Total Production of Vehicles,31-May-15,24231,Number,Normal,
Production and Sales of Auto Vehicles,TS_GP_RLS_PSAUTO_M.TAP_001000,Total Production of Vehicles,30-Jun-15,22474,Number,Normal,
Production and Sales of Auto Vehicles,TS_GP_RLS_PSAUTO_M.TAP_001000,Total Production of Vehicles,31-Jul-15,19252,Number,Normal,
Production and Sales of Auto Vehicles,TS_GP_RLS_PSAUTO_M.TAP_001000,Total Production of Vehicles,31-Aug-15,23865,Number,Normal,
Production and Sales of Auto Vehicles,TS_GP_RLS_PSAUTO_M.TAP_001000,Total Production of Vehicles,30-Sep-15,21446,Number,Normal,
Production and Sales of Auto Vehicles,TS_GP_RLS_PSAUTO_M.TAP_001000,Total Production of Vehicles,31-Oct-15,22136,Number,Normal,
Production and Sales of Auto Vehicles,TS_GP_RLS_PSAUTO_M.TAP_001000,Total Production of Vehicles,30-Nov-15,22738,Number,Normal,
Production and Sales of Auto Vehicles,TS_GP_RLS_PSAUTO_M.TAP_001000,Total Production of Vehicles,31-Dec-15,20843,Number,Normal,
Production and Sales of Auto Vehicles,TS_GP_RLS_PSAUTO_M.TAP_001000,Total Production of Vehicles,31-Jan-16,23712,Number,Normal,
Production and Sales of Auto Vehicles,TS_GP_RLS_PSAUTO_M.TAP_001000,Total Production of Vehicles,29-Feb-16,17485,Number,Normal,
Production and Sales of Auto Vehicles,TS_GP_RLS_PSAUTO_M.TAP_001000,Total Production of Vehicles,31-Mar-16,22368,Number,Normal,
Production and Sales of Auto Vehicles,TS_GP_RLS_PSAUTO_M.TAP_001000,Total Production of Vehicles,30-Apr-16,22834,Number,Normal,
Production and Sales of Auto Vehicles,TS_GP_RLS_PSAUTO_M.TAP_001000,Total Production of Vehicles,31-May-16,22725,Number,Normal,
Production and Sales of Auto Vehicles,TS_GP_RLS_PSAUTO_M.TAP_001000,Total Production of Vehicles,30-Jun-16,18799,Number,Normal,
Production and Sales of Auto Vehicles,TS_GP_RLS_PSAUTO_M.TAP_001000,Total Production of Vehicles,31-Jul-16,17234,Number,Normal,
Production and Sales of Auto Vehicles,TS_GP_RLS_PSAUTO_M.TAP_001000,Total Production of Vehicles,31-Aug-16,23155,Number,Normal,
Production and Sales of Auto Vehicles,TS_GP_RLS_PSAUTO_M.TAP_001000,Total Production of Vehicles,30-Sep-16,19914,Number,Normal,
Production and Sales of Auto Vehicles,TS_GP_RLS_PSAUTO_M.TAP_001000,Total Production of Vehicles,31-Oct-16,21786,Number,Normal,
Production and Sales of Auto Vehicles,TS_GP_RLS_PSAUTO_M.TAP_001000,Total Production of Vehicles,30-Nov-16,24161,Number,Normal,
Production and Sales of Auto Vehicles,TS_GP_RLS_PSAUTO_M.TAP_001000,Total Production of Vehicles,31-Dec-16,22552,Number,Normal,
Production and Sales of Auto Vehicles,TS_GP_RLS_PSAUTO_M.TAP_001000,Total Production of Vehicles,31-Jan-17,25202,Number,Normal,
Production and Sales of Auto Vehicles,TS_GP_RLS_PSAUTO_M.TAP_001000,Total Production of Vehicles,28-Feb-17,25319,Number,Normal,
Production and Sales of Auto Vehicles,TS_GP_RLS_PSAUTO_M.TAP_001000,Total Production of Vehicles,31-Mar-17,27763,Number,Normal,
Production and Sales of Auto Vehicles,TS_GP_RLS_PSAUTO_M.TAP_001000,Total Production of Vehicles,30-Apr-17,25822,Number,Normal,
Production and Sales of Auto Vehicles,TS_GP_RLS_PSAUTO_M.TAP_001000,Total Production of Vehicles,31-May-17,27159,Number,Normal,
Production and Sales of Auto Vehicles,TS_GP_RLS_PSAUTO_M.TAP_001000,Total Production of Vehicles,30-Jun-17,17469,Number,Normal,
Production and Sales of Auto Vehicles,TS_GP_RLS_PSAUTO_M.TAP_001000,Total Production of Vehicles,31-Jul-17,27659,Number,Normal,
Production and Sales of Auto Vehicles,TS_GP_RLS_PSAUTO_M.TAP_001000,Total Production of Vehicles,31-Aug-17,28382,Number,Normal,
Production and Sales of Auto Vehicles,TS_GP_RLS_PSAUTO_M.TAP_001000,Total Production of Vehicles,30-Sep-17,27143,Number,Normal,
Production and Sales of Auto Vehicles,TS_GP_RLS_PSAUTO_M.TAP_001000,Total Production of Vehicles,31-Oct-17,29929,Number,Normal,
Production and Sales of Auto Vehicles,TS_GP_RLS_PSAUTO_M.TAP_001000,Total Production of Vehicles,30-Nov-17,28232,Number,Normal,
Production and Sales of Auto Vehicles,TS_GP_RLS_PSAUTO_M.TAP_001000,Total Production of Vehicles,31-Dec-17,25914,Number,Normal,
Production and Sales of Auto Vehicles,TS_GP_RLS_PSAUTO_M.TAP_001000,Total Production of Vehicles,31-Jan-18,31332,Number,Normal,
Production and Sales of Auto Vehicles,TS_GP_RLS_PSAUTO_M.TAP_001000,Total Production of Vehicles,28-Feb-18,28192,Number,Normal,
Production and Sales of Auto Vehicles,TS_GP_RLS_PSAUTO_M.TAP_001000,Total Production of Vehicles,31-Mar-18,31950,Number,Normal,
Production and Sales of Auto Vehicles,TS_GP_RLS_PSAUTO_M.TAP_001000,Total Production of Vehicles,30-Apr-18,32229,Number,Normal,
Production and Sales of Auto Vehicles,TS_GP_RLS_PSAUTO_M.TAP_001000,Total Production of Vehicles,31-May-18,28107,Number,Normal,
Production and Sales of Auto Vehicles,TS_GP_RLS_PSAUTO_M.TAP_001000,Total Production of Vehicles,30-Jun-18,23506,Number,Normal,
Production and Sales of Auto Vehicles,TS_GP_RLS_PSAUTO_M.TAP_001000,Total Production of Vehicles,31-Jul-18,30362,Number,Normal,
Production and Sales of Auto Vehicles,TS_GP_RLS_PSAUTO_M.TAP_001000,Total Production of Vehicles,31-Aug-18,25975,Number,Normal,
Production and Sales of Auto Vehicles,TS_GP_RLS_PSAUTO_M.TAP_001000,Total Production of Vehicles,30-Sep-18,27284,Number,Normal,
Production and Sales of Auto Vehicles,TS_GP_RLS_PSAUTO_M.TAP_001000,Total Production of Vehicles,31-Oct-18,32599,Number,Normal,
Production and Sales of Auto Vehicles,TS_GP_RLS_PSAUTO_M.TAP_001000,Total Production of Vehicles,30-Nov-18,26511,Number,Normal,
Production and Sales of Auto Vehicles,TS_GP_RLS_PSAUTO_M.TAP_001000,Total Production of Vehicles,31-Dec-18,17511,Number,Normal,
Production and Sales of Auto Vehicles,TS_GP_RLS_PSAUTO_M.TAP_001000,Total Production of Vehicles,31-Jan-19,26308,Number,Normal,
Production and Sales of Auto Vehicles,TS_GP_RLS_PSAUTO_M.TAP_001000,Total Production of Vehicles,28-Feb-19,25098,Number,Normal,
Production and Sales of Auto Vehicles,TS_GP_RLS_PSAUTO_M.TAP_001000,Total Production of Vehicles,31-Mar-19,26884,Number,Normal,
Production and Sales of Auto Vehicles,TS_GP_RLS_PSAUTO_M.TAP_001000,Total Production of Vehicles,30-Apr-19,23118,Number,Normal,
Production and Sales of Auto Vehicles,TS_GP_RLS_PSAUTO_M.TAP_001000,Total Production of Vehicles,31-May-19,17547,Number,Normal,
Production and Sales of Auto Vehicles,TS_GP_RLS_PSAUTO_M.TAP_001000,Total Production of Vehicles,30-Jun-19,18886,Number,Normal,
Production and Sales of Auto Vehicles,TS_GP_RLS_PSAUTO_M.TAP_001000,Total Production of Vehicles,31-Jul-19,22164,Number,Normal,
Production and Sales of Auto Vehicles,TS_GP_RLS_PSAUTO_M.TAP_001000,Total Production of Vehicles,31-Aug-19,16016,Number,Normal,
Production and Sales of Auto Vehicles,TS_GP_RLS_PSAUTO_M.TAP_001000,Total Production of Vehicles,30-Sep-19,14942,Number,Normal,
Production and Sales of Auto Vehicles,TS_GP_RLS_PSAUTO_M.TAP_001000,Total Production of Vehicles,31-Oct-19,15637,Number,Normal,
Production and Sales of Auto Vehicles,TS_GP_RLS_PSAUTO_M.TAP_001000,Total Production of Vehicles,30-Nov-19,10532,Number,Normal,
Production and Sales of Auto Vehicles,TS_GP_RLS_PSAUTO_M.TAP_001000,Total Production of Vehicles,31-Dec-19,10223,Number,Normal,
Production and Sales of Auto Vehicles,TS_GP_RLS_PSAUTO_M.TAP_001000,Total Production of Vehicles,31-Jan-20,13785,Number,Normal,
Production and Sales of Auto Vehicles,TS_GP_RLS_PSAUTO_M.TAP_001000,Total Production of Vehicles,29-Feb-20,15046,Number,Normal,
Production and Sales of Auto Vehicles,TS_GP_RLS_PSAUTO_M.TAP_001000,Total Production of Vehicles,31-Mar-20,11042,Number,Normal,
Production and Sales of Auto Vehicles,TS_GP_RLS_PSAUTO_M.TAP_001000,Total Production of Vehicles,30-Apr-20,1742,Number,Normal,
Production and Sales of Auto Vehicles,TS_GP_RLS_PSAUTO_M.TAP_001000,Total Production of Vehicles,31-May-20,4285,Number,Normal,
Production and Sales of Auto Vehicles,TS_GP_RLS_PSAUTO_M.TAP_001000,Total Production of Vehicles,30-Jun-20,10629,Number,Normal,
Production and Sales of Auto Vehicles,TS_GP_RLS_PSAUTO_M.TAP_001000,Total Production of Vehicles,31-Jul-20,13596,Number,Normal,
Production and Sales of Auto Vehicles,TS_GP_RLS_PSAUTO_M.TAP_001000,Total Production of Vehicles,31-Aug-20,12495,Number,Normal,
Production and Sales of Auto Vehicles,TS_GP_RLS_PSAUTO_M.TAP_001000,Total Production of Vehicles,30-Sep-20,18998,Number,Normal,
Production and Sales of Auto Vehicles,TS_GP_RLS_PSAUTO_M.TAP_001000,Total Production of Vehicles,31-Oct-20,17881,Number,Normal,
Production and Sales of Auto Vehicles,TS_GP_RLS_PSAUTO_M.TAP_001000,Total Production of Vehicles,30-Nov-20,18471,Number,Normal,
Production and Sales of Auto Vehicles,TS_GP_RLS_PSAUTO_M.TAP_001000,Total Production of Vehicles,31-Dec-20,18729,Number,Normal,
Production and Sales of Auto Vehicles,TS_GP_RLS_PSAUTO_M.TAP_001000,Total Production of Vehicles,31-Jan-21,20605,Number,Normal,
Production and Sales of Auto Vehicles,TS_GP_RLS_PSAUTO_M.TAP_001000,Total Production of Vehicles,28-Feb-21,20625,Number,Normal,
Production and Sales of Auto Vehicles,TS_GP_RLS_PSAUTO_M.TAP_001000,Total Production of Vehicles,31-Mar-21,27404,Number,Normal,
Production and Sales of Auto Vehicles,TS_GP_RLS_PSAUTO_M.TAP_001000,Total Production of Vehicles,30-Apr-21,22296,Number,Normal,
Production and Sales of Auto Vehicles,TS_GP_RLS_PSAUTO_M.TAP_001000,Total Production of Vehicles,31-May-21,20161,Number,Normal,
Production and Sales of Auto Vehicles,TS_GP_RLS_PSAUTO_M.TAP_001000,Total Production of Vehicles,30-Jun-21,26734,Number,Normal,
Production and Sales of Auto Vehicles,TS_GP_RLS_PSAUTO_M.TAP_001000,Total Production of Vehicles,31-Jul-21,23901,Number,Normal,
Production and Sales of Auto Vehicles,TS_GP_RLS_PSAUTO_M.TAP_001000,Total Production of Vehicles,31-Aug-21,25993,Number,Normal,
Production and Sales of Auto Vehicles,TS_GP_RLS_PSAUTO_M.TAP_001000,Total Production of Vehicles,30-Sep-21,26466,Number,Normal,
Production and Sales of Auto Vehicles,TS_GP_RLS_PSAUTO_M.TAP_001000,Total Production of Vehicles,31-Oct-21,25713,Number,Normal,
Production and Sales of Auto Vehicles,TS_GP_RLS_PSAUTO_M.TAP_001000,Total Production of Vehicles,30-Nov-21,25191,Number,Normal,
Production and Sales of Auto Vehicles,TS_GP_RLS_PSAUTO_M.TAP_001000,Total Production of Vehicles,31-Dec-21,30984,Number,Normal,
Production and Sales of Auto Vehicles,TS_GP_RLS_PSAUTO_M.TAP_001000,Total Production of Vehicles,31-Jan-22,28258,Number,Normal,
Production and Sales of Auto Vehicles,TS_GP_RLS_PSAUTO_M.TAP_001000,Total Production of Vehicles,28-Feb-22,26708,Number,Normal,
Production and Sales of Auto Vehicles,TS_GP_RLS_PSAUTO_M.TAP_001000,Total Production of Vehicles,31-Mar-22,32671,Number,Normal,
Production and Sales of Auto Vehicles,TS_GP_RLS_PSAUTO_M.TAP_001000,Total Production of Vehicles,30-Apr-22,27837,Number,Normal,
Production and Sales of Auto Vehicles,TS_GP_RLS_PSAUTO_M.TAP_001000,Total Production of Vehicles,31-May-22,27480,Number,Normal,
Production and Sales of Auto Vehicles,TS_GP_RLS_PSAUTO_M.TAP_001000,Total Production of Vehicles,30-Jun-22,34852,Number,Normal,
Production and Sales of Auto Vehicles,TS_GP_RLS_PSAUTO_M.TAP_001000,Total Production of Vehicles,31-Jul-22,20427,Number,Normal,
Production and Sales of Auto Vehicles,TS_GP_RLS_PSAUTO_M.TAP_001000,Total Production of Vehicles,31-Aug-22,16924,Number,Normal,
Production and Sales of Auto Vehicles,TS_GP_RLS_PSAUTO_M.TAP_001000,Total Production of Vehicles,30-Sep-22,12328,Number,Normal,
Production and Sales of Auto Vehicles,TS_GP_RLS_PSAUTO_M.TAP_001000,Total Production of Vehicles,31-Oct-22,16777,Number,Normal,
Production and Sales of Auto Vehicles,TS_GP_RLS_PSAUTO_M.TAP_001000,Total Production of Vehicles,30-Nov-22,20575,Number,Normal,
Production and Sales of Auto Vehicles,TS_GP_RLS_PSAUTO_M.TAP_001000,Total Production of Vehicles,31-Dec-22,17851,Number,Normal,
Production and Sales of Auto Vehicles,TS_GP_RLS_PSAUTO_M.TAP_001000,Total Production of Vehicles,31-Jan-23,12006,Number,Normal,
Production and Sales of Auto Vehicles,TS_GP_RLS_PSAUTO_M.TAP_001000,Total Production of Vehicles,28-Feb-23,11118,Number,Normal,
Production and Sales of Auto Vehicles,TS_GP_RLS_PSAUTO_M.TAP_001000,Total Production of Vehicles,31-Mar-23,12162,Number,Normal,
Production and Sales of Auto Vehicles,TS_GP_RLS_PSAUTO_M.TAP_001000,Total Production of Vehicles,30-Apr-23,8298,Number,Normal,
Production and Sales of Auto Vehicles,TS_GP_RLS_PSAUTO_M.TAP_001000,Total Production of Vehicles,31-May-23,10694,Number,Normal,
Production and Sales of Auto Vehicles,TS_GP_RLS_PSAUTO_M.TAP_001000,Total Production of Vehicles,30-Jun-23,9658,Number,Normal,
Production and Sales of Auto Vehicles,TS_GP_RLS_PSAUTO_M.TAP_001000,Total Production of Vehicles,31-Jul-23,8163,Number,Normal,
Production and Sales of Auto Vehicles,TS_GP_RLS_PSAUTO_M.TAP_001000,Total Production of Vehicles,31-Aug-23,12146,Number,Normal,
Production and Sales of Auto Vehicles,TS_GP_RLS_PSAUTO_M.TAP_001000,Total Production of Vehicles,30-Sep-23,13683,Number,Normal,
Production and Sales of Auto Vehicles,TS_GP_RLS_PSAUTO_M.TAP_001000,Total Production of Vehicles,31-Oct-23,10804,Number,Normal,
Production and Sales of Auto Vehicles,TS_GP_RLS_PSAUTO_M.TAP_001000,Total Production of Vehicles,30-Nov-23,9554,Number,Normal,
Production and Sales of Auto Vehicles,TS_GP_RLS_PSAUTO_M.TAP_001000,Total Production of Vehicles,31-Dec-23,10470,Number,Normal,
Production and Sales of Auto Vehicles,TS_GP_RLS_PSAUTO_M.TAP_001000,Total Production of Vehicles,31-Jan-24,16042,Number,Normal,
Production and Sales of Auto Vehicles,TS_GP_RLS_PSAUTO_M.TAP_001000,Total Production of Vehicles,29-Feb-24,14323,Number,Normal,
Production and Sales of Auto Vehicles,TS_GP_RLS_PSAUTO_M.TAP_001000,Total Production of Vehicles,31-Mar-24,13258,Number,Normal,
Production and Sales of Auto Vehicles,TS_GP_RLS_PSAUTO_M.TAP_001000,Total Production of Vehicles,31-May-24,14201,Number,Normal,
Production and Sales of Auto Vehicles,TS_GP_RLS_PSAUTO_M.TAP_001000,Total Production of Vehicles,30-Jun-24,14275,Number,Normal,
Production and Sales of Auto Vehicles,TS_GP_RLS_PSAUTO_M.TAP_001000,Total Production of Vehicles,31-Jul-24,12290,Number,Normal,
Production and Sales of Auto Vehicles,TS_GP_RLS_PSAUTO_M.TAP_001000,Total Production of Vehicles,31-Aug-24,9655,Number,Normal,
Production and Sales of Auto Vehicles,TS_GP_RLS_PSAUTO_M.TAP_001000,Total Production of Vehicles,30-Sep-24,13216,Number,Normal,
Production and Sales of Auto Vehicles,TS_GP_RLS_PSAUTO_M.TAP_001000,Total Production of Vehicles,31-Oct-24,14972,Number,Normal,
Production and Sales of Auto Vehicles,TS_GP_RLS_PSAUTO_M.TAP_001000,Total Production of Vehicles,30-Nov-24,15656,Number,Normal,
Production and Sales of Auto Vehicles,TS_GP_RLS_PSAUTO_M.TAP_001000,Total Production of Vehicles,31-Dec-24,16481,Number,Normal,
Production and Sales of Auto Vehicles,TS_GP_RLS_PSAUTO_M.TAP_001000,Total Production of Vehicles,31-Jan-25,18883,Number,Normal,
Production and Sales of Auto Vehicles,TS_GP_RLS_PSAUTO_M.TAP_001000,Total Production of Vehicles,28-Feb-25,16474,Number,Normal,
Production and Sales of Auto Vehicles,TS_GP_RLS_PSAUTO_M.TAP_001000,Total Production of Vehicles,31-Mar-25,11808,Number,Normal,
Production and Sales of Auto Vehicles,TS_GP_RLS_PSAUTO_M.TAP_001000,Total Production of Vehicles,30-Apr-25,15433,Number,Normal,
Production and Sales of Auto Vehicles,TS_GP_RLS_PSAUTO_M.TAP_001000,Total Production of Vehicles,31-May-25,18175,Number,Normal,
Production and Sales of Auto Vehicles,TS_GP_RLS_PSAUTO_M.TAP_001000,Total Production of Vehicles,30-Jun-25,18935,Number,Normal,
