Dataset,Series Key,Series,Observation Date,Observation Value,Unit,Observation Status,Observation Status Comment
Economic Policy Uncertainty (EPU) Index,TS_GP_MFS_EPUI_M.EPUI4,EPUI-4 Newspapers,31-Jan-15,31.14727245,Index,Normal,
Economic Policy Uncertainty (EPU) Index,TS_GP_MFS_EPUI_M.EPUI4,EPUI-4 Newspapers,28-Feb-15,52.43499437,Index,Normal,
Economic Policy Uncertainty (EPU) Index,TS_GP_MFS_EPUI_M.EPUI4,EPUI-4 Newspapers,31-Mar-15,49.3811231,Index,Normal,
Economic Policy Uncertainty (EPU) Index,TS_GP_MFS_EPUI_M.EPUI4,EPUI-4 Newspapers,30-Apr-15,38.51464361,Index,Normal,
Economic Policy Uncertainty (EPU) Index,TS_GP_MFS_EPUI_M.EPUI4,EPUI-4 Newspapers,31-May-15,47.72215942,Index,Normal,
Economic Policy Uncertainty (EPU) Index,TS_GP_MFS_EPUI_M.EPUI4,EPUI-4 Newspapers,30-Jun-15,51.67881813,Index,Normal,
Economic Policy Uncertainty (EPU) Index,TS_GP_MFS_EPUI_M.EPUI4,EPUI-4 Newspapers,31-Jul-15,47.65689334,Index,Normal,
Economic Policy Uncertainty (EPU) Index,TS_GP_MFS_EPUI_M.EPUI4,EPUI-4 Newspapers,31-Aug-15,45.11653508,Index,Normal,
Economic Policy Uncertainty (EPU) Index,TS_GP_MFS_EPUI_M.EPUI4,EPUI-4 Newspapers,30-Sep-15,42.91560277,Index,Normal,
Economic Policy Uncertainty (EPU) Index,TS_GP_MFS_EPUI_M.EPUI4,EPUI-4 Newspapers,31-Oct-15,43.38481494,Index,Normal,
Economic Policy Uncertainty (EPU) Index,TS_GP_MFS_EPUI_M.EPUI4,EPUI-4 Newspapers,30-Nov-15,46.6347116,Index,Normal,
Economic Policy Uncertainty (EPU) Index,TS_GP_MFS_EPUI_M.EPUI4,EPUI-4 Newspapers,31-Dec-15,50.02482464,Index,Normal,
Economic Policy Uncertainty (EPU) Index,TS_GP_MFS_EPUI_M.EPUI4,EPUI-4 Newspapers,31-Jan-16,36.79126771,Index,Normal,
Economic Policy Uncertainty (EPU) Index,TS_GP_MFS_EPUI_M.EPUI4,EPUI-4 Newspapers,29-Feb-16,45.408838,Index,Normal,
Economic Policy Uncertainty (EPU) Index,TS_GP_MFS_EPUI_M.EPUI4,EPUI-4 Newspapers,31-Mar-16,41.02379564,Index,Normal,
Economic Policy Uncertainty (EPU) Index,TS_GP_MFS_EPUI_M.EPUI4,EPUI-4 Newspapers,30-Apr-16,34.05993058,Index,Normal,
Economic Policy Uncertainty (EPU) Index,TS_GP_MFS_EPUI_M.EPUI4,EPUI-4 Newspapers,31-May-16,49.35955035,Index,Normal,
Economic Policy Uncertainty (EPU) Index,TS_GP_MFS_EPUI_M.EPUI4,EPUI-4 Newspapers,30-Jun-16,62.37291816,Index,Normal,
Economic Policy Uncertainty (EPU) Index,TS_GP_MFS_EPUI_M.EPUI4,EPUI-4 Newspapers,31-Jul-16,74.60145599,Index,Normal,
Economic Policy Uncertainty (EPU) Index,TS_GP_MFS_EPUI_M.EPUI4,EPUI-4 Newspapers,31-Aug-16,30.99850139,Index,Normal,
Economic Policy Uncertainty (EPU) Index,TS_GP_MFS_EPUI_M.EPUI4,EPUI-4 Newspapers,30-Sep-16,47.47321622,Index,Normal,
Economic Policy Uncertainty (EPU) Index,TS_GP_MFS_EPUI_M.EPUI4,EPUI-4 Newspapers,31-Oct-16,65.64550645,Index,Normal,
Economic Policy Uncertainty (EPU) Index,TS_GP_MFS_EPUI_M.EPUI4,EPUI-4 Newspapers,30-Nov-16,64.17354146,Index,Normal,
Economic Policy Uncertainty (EPU) Index,TS_GP_MFS_EPUI_M.EPUI4,EPUI-4 Newspapers,31-Dec-16,44.02568358,Index,Normal,
Economic Policy Uncertainty (EPU) Index,TS_GP_MFS_EPUI_M.EPUI4,EPUI-4 Newspapers,31-Jan-17,53.73668277,Index,Normal,
Economic Policy Uncertainty (EPU) Index,TS_GP_MFS_EPUI_M.EPUI4,EPUI-4 Newspapers,28-Feb-17,38.59964592,Index,Normal,
Economic Policy Uncertainty (EPU) Index,TS_GP_MFS_EPUI_M.EPUI4,EPUI-4 Newspapers,31-Mar-17,43.22004377,Index,Normal,
Economic Policy Uncertainty (EPU) Index,TS_GP_MFS_EPUI_M.EPUI4,EPUI-4 Newspapers,30-Apr-17,53.67369503,Index,Normal,
Economic Policy Uncertainty (EPU) Index,TS_GP_MFS_EPUI_M.EPUI4,EPUI-4 Newspapers,31-May-17,73.09643284,Index,Normal,
Economic Policy Uncertainty (EPU) Index,TS_GP_MFS_EPUI_M.EPUI4,EPUI-4 Newspapers,30-Jun-17,46.89041568,Index,Normal,
Economic Policy Uncertainty (EPU) Index,TS_GP_MFS_EPUI_M.EPUI4,EPUI-4 Newspapers,31-Jul-17,102.1548825,Index,Normal,
Economic Policy Uncertainty (EPU) Index,TS_GP_MFS_EPUI_M.EPUI4,EPUI-4 Newspapers,31-Aug-17,83.28493102,Index,Normal,
Economic Policy Uncertainty (EPU) Index,TS_GP_MFS_EPUI_M.EPUI4,EPUI-4 Newspapers,30-Sep-17,68.51838568,Index,Normal,
Economic Policy Uncertainty (EPU) Index,TS_GP_MFS_EPUI_M.EPUI4,EPUI-4 Newspapers,31-Oct-17,123.429947,Index,Normal,
Economic Policy Uncertainty (EPU) Index,TS_GP_MFS_EPUI_M.EPUI4,EPUI-4 Newspapers,30-Nov-17,76.9153872,Index,Normal,
Economic Policy Uncertainty (EPU) Index,TS_GP_MFS_EPUI_M.EPUI4,EPUI-4 Newspapers,31-Dec-17,80.59750554,Index,Normal,
Economic Policy Uncertainty (EPU) Index,TS_GP_MFS_EPUI_M.EPUI4,EPUI-4 Newspapers,31-Jan-18,76.77121646,Index,Normal,
Economic Policy Uncertainty (EPU) Index,TS_GP_MFS_EPUI_M.EPUI4,EPUI-4 Newspapers,28-Feb-18,43.45798919,Index,Normal,
Economic Policy Uncertainty (EPU) Index,TS_GP_MFS_EPUI_M.EPUI4,EPUI-4 Newspapers,31-Mar-18,82.53477755,Index,Normal,
Economic Policy Uncertainty (EPU) Index,TS_GP_MFS_EPUI_M.EPUI4,EPUI-4 Newspapers,30-Apr-18,81.57256782,Index,Normal,
Economic Policy Uncertainty (EPU) Index,TS_GP_MFS_EPUI_M.EPUI4,EPUI-4 Newspapers,31-May-18,77.69675677,Index,Normal,
Economic Policy Uncertainty (EPU) Index,TS_GP_MFS_EPUI_M.EPUI4,EPUI-4 Newspapers,30-Jun-18,76.81892355,Index,Normal,
Economic Policy Uncertainty (EPU) Index,TS_GP_MFS_EPUI_M.EPUI4,EPUI-4 Newspapers,31-Jul-18,76.63425838,Index,Normal,
Economic Policy Uncertainty (EPU) Index,TS_GP_MFS_EPUI_M.EPUI4,EPUI-4 Newspapers,31-Aug-18,55.61739175,Index,Normal,
Economic Policy Uncertainty (EPU) Index,TS_GP_MFS_EPUI_M.EPUI4,EPUI-4 Newspapers,30-Sep-18,75.88082996,Index,Normal,
Economic Policy Uncertainty (EPU) Index,TS_GP_MFS_EPUI_M.EPUI4,EPUI-4 Newspapers,31-Oct-18,90.80708087,Index,Normal,
Economic Policy Uncertainty (EPU) Index,TS_GP_MFS_EPUI_M.EPUI4,EPUI-4 Newspapers,30-Nov-18,95.27579812,Index,Normal,
Economic Policy Uncertainty (EPU) Index,TS_GP_MFS_EPUI_M.EPUI4,EPUI-4 Newspapers,31-Dec-18,90.95925961,Index,Normal,
Economic Policy Uncertainty (EPU) Index,TS_GP_MFS_EPUI_M.EPUI4,EPUI-4 Newspapers,31-Jan-19,114.0128957,Index,Normal,
Economic Policy Uncertainty (EPU) Index,TS_GP_MFS_EPUI_M.EPUI4,EPUI-4 Newspapers,28-Feb-19,88.95605225,Index,Normal,
Economic Policy Uncertainty (EPU) Index,TS_GP_MFS_EPUI_M.EPUI4,EPUI-4 Newspapers,31-Mar-19,63.06588888,Index,Normal,
Economic Policy Uncertainty (EPU) Index,TS_GP_MFS_EPUI_M.EPUI4,EPUI-4 Newspapers,30-Apr-19,104.3178933,Index,Normal,
Economic Policy Uncertainty (EPU) Index,TS_GP_MFS_EPUI_M.EPUI4,EPUI-4 Newspapers,31-May-19,106.5499474,Index,Normal,
Economic Policy Uncertainty (EPU) Index,TS_GP_MFS_EPUI_M.EPUI4,EPUI-4 Newspapers,30-Jun-19,112.5024385,Index,Normal,
Economic Policy Uncertainty (EPU) Index,TS_GP_MFS_EPUI_M.EPUI4,EPUI-4 Newspapers,31-Jul-19,128.8175239,Index,Normal,
Economic Policy Uncertainty (EPU) Index,TS_GP_MFS_EPUI_M.EPUI4,EPUI-4 Newspapers,31-Aug-19,82.72130632,Index,Normal,
Economic Policy Uncertainty (EPU) Index,TS_GP_MFS_EPUI_M.EPUI4,EPUI-4 Newspapers,30-Sep-19,83.52942894,Index,Normal,
Economic Policy Uncertainty (EPU) Index,TS_GP_MFS_EPUI_M.EPUI4,EPUI-4 Newspapers,31-Oct-19,90.17780509,Index,Normal,
Economic Policy Uncertainty (EPU) Index,TS_GP_MFS_EPUI_M.EPUI4,EPUI-4 Newspapers,30-Nov-19,70.73007134,Index,Normal,
Economic Policy Uncertainty (EPU) Index,TS_GP_MFS_EPUI_M.EPUI4,EPUI-4 Newspapers,31-Dec-19,70.98313745,Index,Normal,
Economic Policy Uncertainty (EPU) Index,TS_GP_MFS_EPUI_M.EPUI4,EPUI-4 Newspapers,31-Jan-20,74.98253752,Index,Normal,
Economic Policy Uncertainty (EPU) Index,TS_GP_MFS_EPUI_M.EPUI4,EPUI-4 Newspapers,29-Feb-20,69.70221966,Index,Normal,
Economic Policy Uncertainty (EPU) Index,TS_GP_MFS_EPUI_M.EPUI4,EPUI-4 Newspapers,31-Mar-20,120.7859754,Index,Normal,
Economic Policy Uncertainty (EPU) Index,TS_GP_MFS_EPUI_M.EPUI4,EPUI-4 Newspapers,30-Apr-20,161.9498844,Index,Normal,
Economic Policy Uncertainty (EPU) Index,TS_GP_MFS_EPUI_M.EPUI4,EPUI-4 Newspapers,31-May-20,125.5901436,Index,Normal,
Economic Policy Uncertainty (EPU) Index,TS_GP_MFS_EPUI_M.EPUI4,EPUI-4 Newspapers,30-Jun-20,141.1801357,Index,Normal,
Economic Policy Uncertainty (EPU) Index,TS_GP_MFS_EPUI_M.EPUI4,EPUI-4 Newspapers,31-Jul-20,94.46227175,Index,Normal,
Economic Policy Uncertainty (EPU) Index,TS_GP_MFS_EPUI_M.EPUI4,EPUI-4 Newspapers,31-Aug-20,106.5801181,Index,Normal,
Economic Policy Uncertainty (EPU) Index,TS_GP_MFS_EPUI_M.EPUI4,EPUI-4 Newspapers,30-Sep-20,92.48674255,Index,Normal,
Economic Policy Uncertainty (EPU) Index,TS_GP_MFS_EPUI_M.EPUI4,EPUI-4 Newspapers,31-Oct-20,115.1109881,Index,Normal,
Economic Policy Uncertainty (EPU) Index,TS_GP_MFS_EPUI_M.EPUI4,EPUI-4 Newspapers,30-Nov-20,92.99077099,Index,Normal,
Economic Policy Uncertainty (EPU) Index,TS_GP_MFS_EPUI_M.EPUI4,EPUI-4 Newspapers,31-Dec-20,98.33525534,Index,Normal,
Economic Policy Uncertainty (EPU) Index,TS_GP_MFS_EPUI_M.EPUI4,EPUI-4 Newspapers,31-Jan-21,85.74918957,Index,Normal,
Economic Policy Uncertainty (EPU) Index,TS_GP_MFS_EPUI_M.EPUI4,EPUI-4 Newspapers,28-Feb-21,51.17876488,Index,Normal,
Economic Policy Uncertainty (EPU) Index,TS_GP_MFS_EPUI_M.EPUI4,EPUI-4 Newspapers,31-Mar-21,94.28876887,Index,Normal,
Economic Policy Uncertainty (EPU) Index,TS_GP_MFS_EPUI_M.EPUI4,EPUI-4 Newspapers,30-Apr-21,96.60468476,Index,Normal,
Economic Policy Uncertainty (EPU) Index,TS_GP_MFS_EPUI_M.EPUI4,EPUI-4 Newspapers,31-May-21,76.6395274,Index,Normal,
Economic Policy Uncertainty (EPU) Index,TS_GP_MFS_EPUI_M.EPUI4,EPUI-4 Newspapers,30-Jun-21,82.16954358,Index,Normal,
Economic Policy Uncertainty (EPU) Index,TS_GP_MFS_EPUI_M.EPUI4,EPUI-4 Newspapers,31-Jul-21,58.49169678,Index,Normal,
Economic Policy Uncertainty (EPU) Index,TS_GP_MFS_EPUI_M.EPUI4,EPUI-4 Newspapers,31-Aug-21,108.3767074,Index,Normal,
Economic Policy Uncertainty (EPU) Index,TS_GP_MFS_EPUI_M.EPUI4,EPUI-4 Newspapers,30-Sep-21,120.6565659,Index,Normal,
Economic Policy Uncertainty (EPU) Index,TS_GP_MFS_EPUI_M.EPUI4,EPUI-4 Newspapers,31-Oct-21,118.0797425,Index,Normal,
Economic Policy Uncertainty (EPU) Index,TS_GP_MFS_EPUI_M.EPUI4,EPUI-4 Newspapers,30-Nov-21,100.1230481,Index,Normal,
Economic Policy Uncertainty (EPU) Index,TS_GP_MFS_EPUI_M.EPUI4,EPUI-4 Newspapers,31-Dec-21,103.9619995,Index,Normal,
Economic Policy Uncertainty (EPU) Index,TS_GP_MFS_EPUI_M.EPUI4,EPUI-4 Newspapers,31-Jan-22,90.26713595,Index,Normal,
Economic Policy Uncertainty (EPU) Index,TS_GP_MFS_EPUI_M.EPUI4,EPUI-4 Newspapers,28-Feb-22,78.66378242,Index,Normal,
Economic Policy Uncertainty (EPU) Index,TS_GP_MFS_EPUI_M.EPUI4,EPUI-4 Newspapers,31-Mar-22,159.9753458,Index,Normal,
Economic Policy Uncertainty (EPU) Index,TS_GP_MFS_EPUI_M.EPUI4,EPUI-4 Newspapers,30-Apr-22,250.2374025,Index,Normal,
Economic Policy Uncertainty (EPU) Index,TS_GP_MFS_EPUI_M.EPUI4,EPUI-4 Newspapers,31-May-22,296.5623543,Index,Normal,
Economic Policy Uncertainty (EPU) Index,TS_GP_MFS_EPUI_M.EPUI4,EPUI-4 Newspapers,30-Jun-22,178.1392571,Index,Normal,
Economic Policy Uncertainty (EPU) Index,TS_GP_MFS_EPUI_M.EPUI4,EPUI-4 Newspapers,31-Jul-22,255.7139633,Index,Normal,
Economic Policy Uncertainty (EPU) Index,TS_GP_MFS_EPUI_M.EPUI4,EPUI-4 Newspapers,31-Aug-22,168.883137,Index,Normal,
Economic Policy Uncertainty (EPU) Index,TS_GP_MFS_EPUI_M.EPUI4,EPUI-4 Newspapers,30-Sep-22,128.3393774,Index,Normal,
Economic Policy Uncertainty (EPU) Index,TS_GP_MFS_EPUI_M.EPUI4,EPUI-4 Newspapers,31-Oct-22,127.8940806,Index,Normal,
Economic Policy Uncertainty (EPU) Index,TS_GP_MFS_EPUI_M.EPUI4,EPUI-4 Newspapers,30-Nov-22,152.833113,Index,Normal,
Economic Policy Uncertainty (EPU) Index,TS_GP_MFS_EPUI_M.EPUI4,EPUI-4 Newspapers,31-Dec-22,208.7451786,Index,Normal,
Economic Policy Uncertainty (EPU) Index,TS_GP_MFS_EPUI_M.EPUI4,EPUI-4 Newspapers,31-Jan-23,209.4521551,Index,Normal,
Economic Policy Uncertainty (EPU) Index,TS_GP_MFS_EPUI_M.EPUI4,EPUI-4 Newspapers,28-Feb-23,159.2776108,Index,Normal,
Economic Policy Uncertainty (EPU) Index,TS_GP_MFS_EPUI_M.EPUI4,EPUI-4 Newspapers,31-Mar-23,145.9684276,Index,Normal,
Economic Policy Uncertainty (EPU) Index,TS_GP_MFS_EPUI_M.EPUI4,EPUI-4 Newspapers,30-Apr-23,188.6317354,Index,Normal,
Economic Policy Uncertainty (EPU) Index,TS_GP_MFS_EPUI_M.EPUI4,EPUI-4 Newspapers,31-May-23,199.9253038,Index,Normal,
Economic Policy Uncertainty (EPU) Index,TS_GP_MFS_EPUI_M.EPUI4,EPUI-4 Newspapers,30-Jun-23,190.375247,Index,Normal,
Economic Policy Uncertainty (EPU) Index,TS_GP_MFS_EPUI_M.EPUI4,EPUI-4 Newspapers,31-Jul-23,175.6117104,Index,Normal,
Economic Policy Uncertainty (EPU) Index,TS_GP_MFS_EPUI_M.EPUI4,EPUI-4 Newspapers,31-Aug-23,172.5102269,Index,Normal,
Economic Policy Uncertainty (EPU) Index,TS_GP_MFS_EPUI_M.EPUI4,EPUI-4 Newspapers,30-Sep-23,162.7211136,Index,Normal,
Economic Policy Uncertainty (EPU) Index,TS_GP_MFS_EPUI_M.EPUI4,EPUI-4 Newspapers,31-Oct-23,135.9677505,Index,Normal,
Economic Policy Uncertainty (EPU) Index,TS_GP_MFS_EPUI_M.EPUI4,EPUI-4 Newspapers,30-Nov-23,107.3301528,Index,Normal,
Economic Policy Uncertainty (EPU) Index,TS_GP_MFS_EPUI_M.EPUI4,EPUI-4 Newspapers,31-Dec-23,131.3412743,Index,Normal,
Economic Policy Uncertainty (EPU) Index,TS_GP_MFS_EPUI_M.EPUI4,EPUI-4 Newspapers,31-Jan-24,136.842493,Index,Normal,
Economic Policy Uncertainty (EPU) Index,TS_GP_MFS_EPUI_M.EPUI4,EPUI-4 Newspapers,29-Feb-24,291.7718904,Index,Normal,
Economic Policy Uncertainty (EPU) Index,TS_GP_MFS_EPUI_M.EPUI4,EPUI-4 Newspapers,31-Mar-24,154.7232723,Index,Normal,
Economic Policy Uncertainty (EPU) Index,TS_GP_MFS_EPUI_M.EPUI4,EPUI-4 Newspapers,30-Apr-24,123.7624331,Index,Normal,
