"Dataset","Series Key","Series","Observation Date","Observation Value","Unit","Observation Status","Observation Status Comment"
"Gold and Foreign Exchange Reserves of Pakistan","TS_GP_EXT_PAKRES_M.Z00040","FX Reserves with Banks","30-Nov-2023","2582","Million USD","Normal",""
"Gold and Foreign Exchange Reserves of Pakistan","TS_GP_EXT_PAKRES_M.Z00040","FX Reserves with Banks","31-Oct-2023","2336","Million USD","Normal",""
"Gold and Foreign Exchange Reserves of Pakistan","TS_GP_EXT_PAKRES_M.Z00040","FX Reserves with Banks","30-Sep-2023","2425","Million USD","Normal",""
"Gold and Foreign Exchange Reserves of Pakistan","TS_GP_EXT_PAKRES_M.Z00040","FX Reserves with Banks","31-Aug-2023","2738","Million USD","Normal",""
"Gold and Foreign Exchange Reserves of Pakistan","TS_GP_EXT_PAKRES_M.Z00040","FX Reserves with Banks","31-Jul-2023","2712","Million USD","Normal",""
"Gold and Foreign Exchange Reserves of Pakistan","TS_GP_EXT_PAKRES_M.Z00040","FX Reserves with Banks","30-Jun-2023","2754","Million USD","Normal",""
"Gold and Foreign Exchange Reserves of Pakistan","TS_GP_EXT_PAKRES_M.Z00040","FX Reserves with Banks","31-May-2023","2818","Million USD","Normal",""
"Gold and Foreign Exchange Reserves of Pakistan","TS_GP_EXT_PAKRES_M.Z00040","FX Reserves with Banks","30-Apr-2023","2882","Million USD","Normal",""
"Gold and Foreign Exchange Reserves of Pakistan","TS_GP_EXT_PAKRES_M.Z00040","FX Reserves with Banks","31-Mar-2023","2855","Million USD","Normal",""
"Gold and Foreign Exchange Reserves of Pakistan","TS_GP_EXT_PAKRES_M.Z00040","FX Reserves with Banks","28-Feb-2023","2108","Million USD","Normal",""
"Gold and Foreign Exchange Reserves of Pakistan","TS_GP_EXT_PAKRES_M.Z00040","FX Reserves with Banks","31-Jan-2023","2119","Million USD","Normal",""
"Gold and Foreign Exchange Reserves of Pakistan","TS_GP_EXT_PAKRES_M.Z00040","FX Reserves with Banks","31-Dec-2022","1752","Million USD","Normal",""
"Gold and Foreign Exchange Reserves of Pakistan","TS_GP_EXT_PAKRES_M.Z00040","FX Reserves with Banks","30-Nov-2022","2039","Million USD","Normal",""
"Gold and Foreign Exchange Reserves of Pakistan","TS_GP_EXT_PAKRES_M.Z00040","FX Reserves with Banks","31-Oct-2022","1856","Million USD","Normal",""
"Gold and Foreign Exchange Reserves of Pakistan","TS_GP_EXT_PAKRES_M.Z00040","FX Reserves with Banks","30-Sep-2022","2201","Million USD","Normal",""
"Gold and Foreign Exchange Reserves of Pakistan","TS_GP_EXT_PAKRES_M.Z00040","FX Reserves with Banks","31-Aug-2022","1852","Million USD","Normal",""
"Gold and Foreign Exchange Reserves of Pakistan","TS_GP_EXT_PAKRES_M.Z00040","FX Reserves with Banks","31-Jul-2022","2021","Million USD","Normal",""
"Gold and Foreign Exchange Reserves of Pakistan","TS_GP_EXT_PAKRES_M.Z00040","FX Reserves with Banks","30-Jun-2022","2580","Million USD","Normal",""
"Gold and Foreign Exchange Reserves of Pakistan","TS_GP_EXT_PAKRES_M.Z00040","FX Reserves with Banks","31-May-2022","2089","Million USD","Normal",""
"Gold and Foreign Exchange Reserves of Pakistan","TS_GP_EXT_PAKRES_M.Z00040","FX Reserves with Banks","30-Apr-2022","2772","Million USD","Normal",""
"Gold and Foreign Exchange Reserves of Pakistan","TS_GP_EXT_PAKRES_M.Z00040","FX Reserves with Banks","31-Mar-2022","2940","Million USD","Normal",""
"Gold and Foreign Exchange Reserves of Pakistan","TS_GP_EXT_PAKRES_M.Z00040","FX Reserves with Banks","28-Feb-2022","3084","Million USD","Normal",""
"Gold and Foreign Exchange Reserves of Pakistan","TS_GP_EXT_PAKRES_M.Z00040","FX Reserves with Banks","31-Jan-2022","2806","Million USD","Normal",""
"Gold and Foreign Exchange Reserves of Pakistan","TS_GP_EXT_PAKRES_M.Z00040","FX Reserves with Banks","31-Dec-2021","2298","Million USD","Normal",""
"Gold and Foreign Exchange Reserves of Pakistan","TS_GP_EXT_PAKRES_M.Z00040","FX Reserves with Banks","30-Nov-2021","2275","Million USD","Normal",""
"Gold and Foreign Exchange Reserves of Pakistan","TS_GP_EXT_PAKRES_M.Z00040","FX Reserves with Banks","31-Oct-2021","2285","Million USD","Normal",""
"Gold and Foreign Exchange Reserves of Pakistan","TS_GP_EXT_PAKRES_M.Z00040","FX Reserves with Banks","30-Sep-2021","2484","Million USD","Normal",""
"Gold and Foreign Exchange Reserves of Pakistan","TS_GP_EXT_PAKRES_M.Z00040","FX Reserves with Banks","31-Aug-2021","2731","Million USD","Normal",""
"Gold and Foreign Exchange Reserves of Pakistan","TS_GP_EXT_PAKRES_M.Z00040","FX Reserves with Banks","31-Jul-2021","2580","Million USD","Normal",""
"Gold and Foreign Exchange Reserves of Pakistan","TS_GP_EXT_PAKRES_M.Z00040","FX Reserves with Banks","30-Jun-2021","2568","Million USD","Normal",""
"Gold and Foreign Exchange Reserves of Pakistan","TS_GP_EXT_PAKRES_M.Z00040","FX Reserves with Banks","31-May-2021","2779","Million USD","Normal",""
"Gold and Foreign Exchange Reserves of Pakistan","TS_GP_EXT_PAKRES_M.Z00040","FX Reserves with Banks","30-Apr-2021","2890","Million USD","Normal",""
"Gold and Foreign Exchange Reserves of Pakistan","TS_GP_EXT_PAKRES_M.Z00040","FX Reserves with Banks","31-Mar-2021","3255","Million USD","Normal",""
"Gold and Foreign Exchange Reserves of Pakistan","TS_GP_EXT_PAKRES_M.Z00040","FX Reserves with Banks","28-Feb-2021","3715","Million USD","Normal",""
"Gold and Foreign Exchange Reserves of Pakistan","TS_GP_EXT_PAKRES_M.Z00040","FX Reserves with Banks","31-Jan-2021","3730","Million USD","Normal",""
"Gold and Foreign Exchange Reserves of Pakistan","TS_GP_EXT_PAKRES_M.Z00040","FX Reserves with Banks","31-Dec-2020","3746","Million USD","Normal",""
"Gold and Foreign Exchange Reserves of Pakistan","TS_GP_EXT_PAKRES_M.Z00040","FX Reserves with Banks","30-Nov-2020","3686","Million USD","Normal",""
"Gold and Foreign Exchange Reserves of Pakistan","TS_GP_EXT_PAKRES_M.Z00040","FX Reserves with Banks","31-Oct-2020","3544","Million USD","Normal",""
"Gold and Foreign Exchange Reserves of Pakistan","TS_GP_EXT_PAKRES_M.Z00040","FX Reserves with Banks","30-Sep-2020","3443","Million USD","Normal",""
"Gold and Foreign Exchange Reserves of Pakistan","TS_GP_EXT_PAKRES_M.Z00040","FX Reserves with Banks","31-Aug-2020","3467","Million USD","Normal",""
"Gold and Foreign Exchange Reserves of Pakistan","TS_GP_EXT_PAKRES_M.Z00040","FX Reserves with Banks","31-Jul-2020","3368","Million USD","Normal",""
"Gold and Foreign Exchange Reserves of Pakistan","TS_GP_EXT_PAKRES_M.Z00040","FX Reserves with Banks","30-Jun-2020","2672","Million USD","Normal",""
"Gold and Foreign Exchange Reserves of Pakistan","TS_GP_EXT_PAKRES_M.Z00040","FX Reserves with Banks","31-May-2020","2445","Million USD","Normal",""
"Gold and Foreign Exchange Reserves of Pakistan","TS_GP_EXT_PAKRES_M.Z00040","FX Reserves with Banks","30-Apr-2020","2224","Million USD","Normal",""
"Gold and Foreign Exchange Reserves of Pakistan","TS_GP_EXT_PAKRES_M.Z00040","FX Reserves with Banks","31-Mar-2020","2624","Million USD","Normal",""
"Gold and Foreign Exchange Reserves of Pakistan","TS_GP_EXT_PAKRES_M.Z00040","FX Reserves with Banks","29-Feb-2020","3057","Million USD","Normal",""
"Gold and Foreign Exchange Reserves of Pakistan","TS_GP_EXT_PAKRES_M.Z00040","FX Reserves with Banks","31-Jan-2020","3175","Million USD","Normal",""
"Gold and Foreign Exchange Reserves of Pakistan","TS_GP_EXT_PAKRES_M.Z00040","FX Reserves with Banks","31-Dec-2019","2678","Million USD","Normal",""
"Gold and Foreign Exchange Reserves of Pakistan","TS_GP_EXT_PAKRES_M.Z00040","FX Reserves with Banks","30-Nov-2019","2840","Million USD","Normal",""
"Gold and Foreign Exchange Reserves of Pakistan","TS_GP_EXT_PAKRES_M.Z00040","FX Reserves with Banks","31-Oct-2019","2915","Million USD","Normal",""
"Gold and Foreign Exchange Reserves of Pakistan","TS_GP_EXT_PAKRES_M.Z00040","FX Reserves with Banks","30-Sep-2019","2819","Million USD","Normal",""
"Gold and Foreign Exchange Reserves of Pakistan","TS_GP_EXT_PAKRES_M.Z00040","FX Reserves with Banks","31-Aug-2019","3105","Million USD","Normal",""
"Gold and Foreign Exchange Reserves of Pakistan","TS_GP_EXT_PAKRES_M.Z00040","FX Reserves with Banks","31-Jul-2019","3015","Million USD","Normal",""
"Gold and Foreign Exchange Reserves of Pakistan","TS_GP_EXT_PAKRES_M.Z00040","FX Reserves with Banks","30-Jun-2019","2878","Million USD","Normal",""
"Gold and Foreign Exchange Reserves of Pakistan","TS_GP_EXT_PAKRES_M.Z00040","FX Reserves with Banks","31-May-2019","2881","Million USD","Normal",""
"Gold and Foreign Exchange Reserves of Pakistan","TS_GP_EXT_PAKRES_M.Z00040","FX Reserves with Banks","30-Apr-2019","2784","Million USD","Normal",""
"Gold and Foreign Exchange Reserves of Pakistan","TS_GP_EXT_PAKRES_M.Z00040","FX Reserves with Banks","31-Mar-2019","2960","Million USD","Normal",""
"Gold and Foreign Exchange Reserves of Pakistan","TS_GP_EXT_PAKRES_M.Z00040","FX Reserves with Banks","28-Feb-2019","2888","Million USD","Normal",""
"Gold and Foreign Exchange Reserves of Pakistan","TS_GP_EXT_PAKRES_M.Z00040","FX Reserves with Banks","31-Jan-2019","2759","Million USD","Normal",""
"Gold and Foreign Exchange Reserves of Pakistan","TS_GP_EXT_PAKRES_M.Z00040","FX Reserves with Banks","31-Dec-2018","2504","Million USD","Normal",""
"Gold and Foreign Exchange Reserves of Pakistan","TS_GP_EXT_PAKRES_M.Z00040","FX Reserves with Banks","30-Nov-2018","2526","Million USD","Normal",""
"Gold and Foreign Exchange Reserves of Pakistan","TS_GP_EXT_PAKRES_M.Z00040","FX Reserves with Banks","31-Oct-2018","2600","Million USD","Normal",""
"Gold and Foreign Exchange Reserves of Pakistan","TS_GP_EXT_PAKRES_M.Z00040","FX Reserves with Banks","30-Sep-2018","2633","Million USD","Normal",""
"Gold and Foreign Exchange Reserves of Pakistan","TS_GP_EXT_PAKRES_M.Z00040","FX Reserves with Banks","31-Aug-2018","2648","Million USD","Normal",""
"Gold and Foreign Exchange Reserves of Pakistan","TS_GP_EXT_PAKRES_M.Z00040","FX Reserves with Banks","31-Jul-2018","2927","Million USD","Normal",""
"Gold and Foreign Exchange Reserves of Pakistan","TS_GP_EXT_PAKRES_M.Z00040","FX Reserves with Banks","30-Jun-2018","2938","Million USD","Normal",""
"Gold and Foreign Exchange Reserves of Pakistan","TS_GP_EXT_PAKRES_M.Z00040","FX Reserves with Banks","31-May-2018","2716","Million USD","Normal",""
"Gold and Foreign Exchange Reserves of Pakistan","TS_GP_EXT_PAKRES_M.Z00040","FX Reserves with Banks","30-Apr-2018","2732","Million USD","Normal",""
"Gold and Foreign Exchange Reserves of Pakistan","TS_GP_EXT_PAKRES_M.Z00040","FX Reserves with Banks","31-Mar-2018","2755","Million USD","Normal",""
"Gold and Foreign Exchange Reserves of Pakistan","TS_GP_EXT_PAKRES_M.Z00040","FX Reserves with Banks","28-Feb-2018","2769","Million USD","Normal",""
"Gold and Foreign Exchange Reserves of Pakistan","TS_GP_EXT_PAKRES_M.Z00040","FX Reserves with Banks","31-Jan-2018","2721","Million USD","Normal",""
"Gold and Foreign Exchange Reserves of Pakistan","TS_GP_EXT_PAKRES_M.Z00040","FX Reserves with Banks","31-Dec-2017","2840","Million USD","Normal",""
"Gold and Foreign Exchange Reserves of Pakistan","TS_GP_EXT_PAKRES_M.Z00040","FX Reserves with Banks","30-Nov-2017","2592","Million USD","Normal",""
"Gold and Foreign Exchange Reserves of Pakistan","TS_GP_EXT_PAKRES_M.Z00040","FX Reserves with Banks","31-Oct-2017","2827","Million USD","Normal",""
"Gold and Foreign Exchange Reserves of Pakistan","TS_GP_EXT_PAKRES_M.Z00040","FX Reserves with Banks","30-Sep-2017","2608","Million USD","Normal",""
"Gold and Foreign Exchange Reserves of Pakistan","TS_GP_EXT_PAKRES_M.Z00040","FX Reserves with Banks","31-Aug-2017","2630","Million USD","Normal",""
"Gold and Foreign Exchange Reserves of Pakistan","TS_GP_EXT_PAKRES_M.Z00040","FX Reserves with Banks","31-Jul-2017","2758","Million USD","Normal",""
"Gold and Foreign Exchange Reserves of Pakistan","TS_GP_EXT_PAKRES_M.Z00040","FX Reserves with Banks","30-Jun-2017","3039","Million USD","Normal",""
"Gold and Foreign Exchange Reserves of Pakistan","TS_GP_EXT_PAKRES_M.Z00040","FX Reserves with Banks","31-May-2017","2165","Million USD","Normal",""
"Gold and Foreign Exchange Reserves of Pakistan","TS_GP_EXT_PAKRES_M.Z00040","FX Reserves with Banks","30-Apr-2017","2219","Million USD","Normal",""
"Gold and Foreign Exchange Reserves of Pakistan","TS_GP_EXT_PAKRES_M.Z00040","FX Reserves with Banks","31-Mar-2017","2199","Million USD","Normal",""
"Gold and Foreign Exchange Reserves of Pakistan","TS_GP_EXT_PAKRES_M.Z00040","FX Reserves with Banks","28-Feb-2017","2248","Million USD","Normal",""
"Gold and Foreign Exchange Reserves of Pakistan","TS_GP_EXT_PAKRES_M.Z00040","FX Reserves with Banks","31-Jan-2017","2302","Million USD","Normal",""
"Gold and Foreign Exchange Reserves of Pakistan","TS_GP_EXT_PAKRES_M.Z00040","FX Reserves with Banks","31-Dec-2016","2469","Million USD","Normal",""
"Gold and Foreign Exchange Reserves of Pakistan","TS_GP_EXT_PAKRES_M.Z00040","FX Reserves with Banks","30-Nov-2016","2386","Million USD","Normal",""
"Gold and Foreign Exchange Reserves of Pakistan","TS_GP_EXT_PAKRES_M.Z00040","FX Reserves with Banks","31-Oct-2016","2396","Million USD","Normal",""
"Gold and Foreign Exchange Reserves of Pakistan","TS_GP_EXT_PAKRES_M.Z00040","FX Reserves with Banks","30-Sep-2016","2490","Million USD","Normal",""
"Gold and Foreign Exchange Reserves of Pakistan","TS_GP_EXT_PAKRES_M.Z00040","FX Reserves with Banks","31-Aug-2016","2464","Million USD","Normal",""
"Gold and Foreign Exchange Reserves of Pakistan","TS_GP_EXT_PAKRES_M.Z00040","FX Reserves with Banks","31-Jul-2016","2529","Million USD","Normal",""
"Gold and Foreign Exchange Reserves of Pakistan","TS_GP_EXT_PAKRES_M.Z00040","FX Reserves with Banks","30-Jun-2016","2608","Million USD","Normal",""
"Gold and Foreign Exchange Reserves of Pakistan","TS_GP_EXT_PAKRES_M.Z00040","FX Reserves with Banks","31-May-2016","2448","Million USD","Normal",""
"Gold and Foreign Exchange Reserves of Pakistan","TS_GP_EXT_PAKRES_M.Z00040","FX Reserves with Banks","30-Apr-2016","2592","Million USD","Normal",""
"Gold and Foreign Exchange Reserves of Pakistan","TS_GP_EXT_PAKRES_M.Z00040","FX Reserves with Banks","31-Mar-2016","2385","Million USD","Normal",""
"Gold and Foreign Exchange Reserves of Pakistan","TS_GP_EXT_PAKRES_M.Z00040","FX Reserves with Banks","29-Feb-2016","2597","Million USD","Normal",""
"Gold and Foreign Exchange Reserves of Pakistan","TS_GP_EXT_PAKRES_M.Z00040","FX Reserves with Banks","31-Jan-2016","2630","Million USD","Normal",""
"Gold and Foreign Exchange Reserves of Pakistan","TS_GP_EXT_PAKRES_M.Z00040","FX Reserves with Banks","31-Dec-2015","2895","Million USD","Normal",""
"Gold and Foreign Exchange Reserves of Pakistan","TS_GP_EXT_PAKRES_M.Z00040","FX Reserves with Banks","30-Nov-2015","2790","Million USD","Normal",""
"Gold and Foreign Exchange Reserves of Pakistan","TS_GP_EXT_PAKRES_M.Z00040","FX Reserves with Banks","31-Oct-2015","3024","Million USD","Normal",""
"Gold and Foreign Exchange Reserves of Pakistan","TS_GP_EXT_PAKRES_M.Z00040","FX Reserves with Banks","30-Sep-2015","2571","Million USD","Normal",""
"Gold and Foreign Exchange Reserves of Pakistan","TS_GP_EXT_PAKRES_M.Z00040","FX Reserves with Banks","31-Aug-2015","2527","Million USD","Normal",""
"Gold and Foreign Exchange Reserves of Pakistan","TS_GP_EXT_PAKRES_M.Z00040","FX Reserves with Banks","31-Jul-2015","2567","Million USD","Normal",""
"Gold and Foreign Exchange Reserves of Pakistan","TS_GP_EXT_PAKRES_M.Z00040","FX Reserves with Banks","30-Jun-2015","2717","Million USD","Normal",""
"Gold and Foreign Exchange Reserves of Pakistan","TS_GP_EXT_PAKRES_M.Z00040","FX Reserves with Banks","31-May-2015","2498","Million USD","Normal",""
"Gold and Foreign Exchange Reserves of Pakistan","TS_GP_EXT_PAKRES_M.Z00040","FX Reserves with Banks","30-Apr-2015","2727","Million USD","Normal",""
"Gold and Foreign Exchange Reserves of Pakistan","TS_GP_EXT_PAKRES_M.Z00040","FX Reserves with Banks","31-Mar-2015","2653","Million USD","Normal",""
"Gold and Foreign Exchange Reserves of Pakistan","TS_GP_EXT_PAKRES_M.Z00040","FX Reserves with Banks","28-Feb-2015","2783","Million USD","Normal",""
"Gold and Foreign Exchange Reserves of Pakistan","TS_GP_EXT_PAKRES_M.Z00040","FX Reserves with Banks","31-Jan-2015","2643","Million USD","Normal",""
"Gold and Foreign Exchange Reserves of Pakistan","TS_GP_EXT_PAKRES_M.Z00040","FX Reserves with Banks","31-Dec-2014","2443","Million USD","Normal",""
"Gold and Foreign Exchange Reserves of Pakistan","TS_GP_EXT_PAKRES_M.Z00040","FX Reserves with Banks","30-Nov-2014","2396","Million USD","Normal",""
"Gold and Foreign Exchange Reserves of Pakistan","TS_GP_EXT_PAKRES_M.Z00040","FX Reserves with Banks","31-Oct-2014","2697","Million USD","Normal",""
"Gold and Foreign Exchange Reserves of Pakistan","TS_GP_EXT_PAKRES_M.Z00040","FX Reserves with Banks","30-Sep-2014","2460","Million USD","Normal",""
"Gold and Foreign Exchange Reserves of Pakistan","TS_GP_EXT_PAKRES_M.Z00040","FX Reserves with Banks","31-Aug-2014","2690","Million USD","Normal",""
"Gold and Foreign Exchange Reserves of Pakistan","TS_GP_EXT_PAKRES_M.Z00040","FX Reserves with Banks","31-Jul-2014","2388","Million USD","Normal",""
"Gold and Foreign Exchange Reserves of Pakistan","TS_GP_EXT_PAKRES_M.Z00040","FX Reserves with Banks","30-Jun-2014","2509","Million USD","Normal",""
"Gold and Foreign Exchange Reserves of Pakistan","TS_GP_EXT_PAKRES_M.Z00040","FX Reserves with Banks","31-May-2014","2594","Million USD","Normal",""
"Gold and Foreign Exchange Reserves of Pakistan","TS_GP_EXT_PAKRES_M.Z00040","FX Reserves with Banks","30-Apr-2014","2555","Million USD","Normal",""
"Gold and Foreign Exchange Reserves of Pakistan","TS_GP_EXT_PAKRES_M.Z00040","FX Reserves with Banks","31-Mar-2014","2272","Million USD","Normal",""
"Gold and Foreign Exchange Reserves of Pakistan","TS_GP_EXT_PAKRES_M.Z00040","FX Reserves with Banks","28-Feb-2014","2614","Million USD","Normal",""
"Gold and Foreign Exchange Reserves of Pakistan","TS_GP_EXT_PAKRES_M.Z00040","FX Reserves with Banks","31-Jan-2014","2485","Million USD","Normal",""
"Gold and Foreign Exchange Reserves of Pakistan","TS_GP_EXT_PAKRES_M.Z00040","FX Reserves with Banks","31-Dec-2013","2523","Million USD","Normal",""
"Gold and Foreign Exchange Reserves of Pakistan","TS_GP_EXT_PAKRES_M.Z00040","FX Reserves with Banks","30-Nov-2013","2408","Million USD","Normal",""
"Gold and Foreign Exchange Reserves of Pakistan","TS_GP_EXT_PAKRES_M.Z00040","FX Reserves with Banks","31-Oct-2013","2623","Million USD","Normal",""
"Gold and Foreign Exchange Reserves of Pakistan","TS_GP_EXT_PAKRES_M.Z00040","FX Reserves with Banks","30-Sep-2013","2232","Million USD","Normal",""
"Gold and Foreign Exchange Reserves of Pakistan","TS_GP_EXT_PAKRES_M.Z00040","FX Reserves with Banks","31-Aug-2013","2568","Million USD","Normal",""
"Gold and Foreign Exchange Reserves of Pakistan","TS_GP_EXT_PAKRES_M.Z00040","FX Reserves with Banks","31-Jul-2013","2540","Million USD","Normal",""
"Gold and Foreign Exchange Reserves of Pakistan","TS_GP_EXT_PAKRES_M.Z00040","FX Reserves with Banks","30-Jun-2013","2315","Million USD","Normal",""
"Gold and Foreign Exchange Reserves of Pakistan","TS_GP_EXT_PAKRES_M.Z00040","FX Reserves with Banks","31-May-2013","2431","Million USD","Normal",""
"Gold and Foreign Exchange Reserves of Pakistan","TS_GP_EXT_PAKRES_M.Z00040","FX Reserves with Banks","30-Apr-2013","2737","Million USD","Normal",""
"Gold and Foreign Exchange Reserves of Pakistan","TS_GP_EXT_PAKRES_M.Z00040","FX Reserves with Banks","31-Mar-2013","2499","Million USD","Normal",""
"Gold and Foreign Exchange Reserves of Pakistan","TS_GP_EXT_PAKRES_M.Z00040","FX Reserves with Banks","28-Feb-2013","2402","Million USD","Normal",""
"Gold and Foreign Exchange Reserves of Pakistan","TS_GP_EXT_PAKRES_M.Z00040","FX Reserves with Banks","31-Jan-2013","2771","Million USD","Normal",""
"Gold and Foreign Exchange Reserves of Pakistan","TS_GP_EXT_PAKRES_M.Z00040","FX Reserves with Banks","31-Dec-2012","2947","Million USD","Normal",""
"Gold and Foreign Exchange Reserves of Pakistan","TS_GP_EXT_PAKRES_M.Z00040","FX Reserves with Banks","30-Nov-2012","2733","Million USD","Normal",""
"Gold and Foreign Exchange Reserves of Pakistan","TS_GP_EXT_PAKRES_M.Z00040","FX Reserves with Banks","31-Oct-2012","2503","Million USD","Normal",""
"Gold and Foreign Exchange Reserves of Pakistan","TS_GP_EXT_PAKRES_M.Z00040","FX Reserves with Banks","30-Sep-2012","2559","Million USD","Normal",""
"Gold and Foreign Exchange Reserves of Pakistan","TS_GP_EXT_PAKRES_M.Z00040","FX Reserves with Banks","31-Aug-2012","2608","Million USD","Normal",""
"Gold and Foreign Exchange Reserves of Pakistan","TS_GP_EXT_PAKRES_M.Z00040","FX Reserves with Banks","31-Jul-2012","2394","Million USD","Normal",""
"Gold and Foreign Exchange Reserves of Pakistan","TS_GP_EXT_PAKRES_M.Z00040","FX Reserves with Banks","30-Jun-2012","2326","Million USD","Normal",""
"Gold and Foreign Exchange Reserves of Pakistan","TS_GP_EXT_PAKRES_M.Z00040","FX Reserves with Banks","31-May-2012","2069","Million USD","Normal",""
"Gold and Foreign Exchange Reserves of Pakistan","TS_GP_EXT_PAKRES_M.Z00040","FX Reserves with Banks","30-Apr-2012","2177","Million USD","Normal",""
"Gold and Foreign Exchange Reserves of Pakistan","TS_GP_EXT_PAKRES_M.Z00040","FX Reserves with Banks","31-Mar-2012","2428","Million USD","Normal",""
"Gold and Foreign Exchange Reserves of Pakistan","TS_GP_EXT_PAKRES_M.Z00040","FX Reserves with Banks","29-Feb-2012","2490","Million USD","Normal",""
"Gold and Foreign Exchange Reserves of Pakistan","TS_GP_EXT_PAKRES_M.Z00040","FX Reserves with Banks","31-Jan-2012","2575","Million USD","Normal",""
"Gold and Foreign Exchange Reserves of Pakistan","TS_GP_EXT_PAKRES_M.Z00040","FX Reserves with Banks","31-Dec-2011","2380","Million USD","Normal",""
"Gold and Foreign Exchange Reserves of Pakistan","TS_GP_EXT_PAKRES_M.Z00040","FX Reserves with Banks","30-Nov-2011","2311","Million USD","Normal",""
"Gold and Foreign Exchange Reserves of Pakistan","TS_GP_EXT_PAKRES_M.Z00040","FX Reserves with Banks","31-Oct-2011","2676","Million USD","Normal",""
"Gold and Foreign Exchange Reserves of Pakistan","TS_GP_EXT_PAKRES_M.Z00040","FX Reserves with Banks","30-Sep-2011","2114","Million USD","Normal",""
"Gold and Foreign Exchange Reserves of Pakistan","TS_GP_EXT_PAKRES_M.Z00040","FX Reserves with Banks","31-Aug-2011","1935","Million USD","Normal",""
"Gold and Foreign Exchange Reserves of Pakistan","TS_GP_EXT_PAKRES_M.Z00040","FX Reserves with Banks","31-Jul-2011","2140","Million USD","Normal",""
"Gold and Foreign Exchange Reserves of Pakistan","TS_GP_EXT_PAKRES_M.Z00040","FX Reserves with Banks","30-Jun-2011","2163","Million USD","Normal",""
"Gold and Foreign Exchange Reserves of Pakistan","TS_GP_EXT_PAKRES_M.Z00040","FX Reserves with Banks","31-May-2011","2200","Million USD","Normal",""
"Gold and Foreign Exchange Reserves of Pakistan","TS_GP_EXT_PAKRES_M.Z00040","FX Reserves with Banks","30-Apr-2011","2844","Million USD","Normal",""
"Gold and Foreign Exchange Reserves of Pakistan","TS_GP_EXT_PAKRES_M.Z00040","FX Reserves with Banks","31-Mar-2011","1987","Million USD","Normal",""
"Gold and Foreign Exchange Reserves of Pakistan","TS_GP_EXT_PAKRES_M.Z00040","FX Reserves with Banks","28-Feb-2011","2021","Million USD","Normal",""
"Gold and Foreign Exchange Reserves of Pakistan","TS_GP_EXT_PAKRES_M.Z00040","FX Reserves with Banks","31-Jan-2011","2095","Million USD","Normal",""
"Gold and Foreign Exchange Reserves of Pakistan","TS_GP_EXT_PAKRES_M.Z00040","FX Reserves with Banks","31-Dec-2010","2296","Million USD","Normal",""
"Gold and Foreign Exchange Reserves of Pakistan","TS_GP_EXT_PAKRES_M.Z00040","FX Reserves with Banks","30-Nov-2010","2511","Million USD","Normal",""
"Gold and Foreign Exchange Reserves of Pakistan","TS_GP_EXT_PAKRES_M.Z00040","FX Reserves with Banks","31-Oct-2010","2463","Million USD","Normal",""
"Gold and Foreign Exchange Reserves of Pakistan","TS_GP_EXT_PAKRES_M.Z00040","FX Reserves with Banks","30-Sep-2010","2374","Million USD","Normal",""
"Gold and Foreign Exchange Reserves of Pakistan","TS_GP_EXT_PAKRES_M.Z00040","FX Reserves with Banks","31-Aug-2010","2488","Million USD","Normal",""
"Gold and Foreign Exchange Reserves of Pakistan","TS_GP_EXT_PAKRES_M.Z00040","FX Reserves with Banks","31-Jul-2010","2200","Million USD","Normal",""
"Gold and Foreign Exchange Reserves of Pakistan","TS_GP_EXT_PAKRES_M.Z00040","FX Reserves with Banks","30-Jun-2010","2239","Million USD","Normal",""
"Gold and Foreign Exchange Reserves of Pakistan","TS_GP_EXT_PAKRES_M.Z00040","FX Reserves with Banks","31-May-2010","2263","Million USD","Normal",""
"Gold and Foreign Exchange Reserves of Pakistan","TS_GP_EXT_PAKRES_M.Z00040","FX Reserves with Banks","30-Apr-2010","2409","Million USD","Normal",""
"Gold and Foreign Exchange Reserves of Pakistan","TS_GP_EXT_PAKRES_M.Z00040","FX Reserves with Banks","31-Mar-2010","2548","Million USD","Normal",""
"Gold and Foreign Exchange Reserves of Pakistan","TS_GP_EXT_PAKRES_M.Z00040","FX Reserves with Banks","28-Feb-2010","2450","Million USD","Normal",""
"Gold and Foreign Exchange Reserves of Pakistan","TS_GP_EXT_PAKRES_M.Z00040","FX Reserves with Banks","31-Jan-2010","2568","Million USD","Normal",""
"Gold and Foreign Exchange Reserves of Pakistan","TS_GP_EXT_PAKRES_M.Z00040","FX Reserves with Banks","31-Dec-2009","2488","Million USD","Normal",""
"Gold and Foreign Exchange Reserves of Pakistan","TS_GP_EXT_PAKRES_M.Z00040","FX Reserves with Banks","30-Nov-2009","2621","Million USD","Normal",""
"Gold and Foreign Exchange Reserves of Pakistan","TS_GP_EXT_PAKRES_M.Z00040","FX Reserves with Banks","31-Oct-2009","2619","Million USD","Normal",""
"Gold and Foreign Exchange Reserves of Pakistan","TS_GP_EXT_PAKRES_M.Z00040","FX Reserves with Banks","30-Sep-2009","2540","Million USD","Normal",""
"Gold and Foreign Exchange Reserves of Pakistan","TS_GP_EXT_PAKRES_M.Z00040","FX Reserves with Banks","31-Aug-2009","2630","Million USD","Normal",""
"Gold and Foreign Exchange Reserves of Pakistan","TS_GP_EXT_PAKRES_M.Z00040","FX Reserves with Banks","31-Jul-2009","2772","Million USD","Normal",""
"Gold and Foreign Exchange Reserves of Pakistan","TS_GP_EXT_PAKRES_M.Z00040","FX Reserves with Banks","30-Jun-2009","2509","Million USD","Normal",""
"Gold and Foreign Exchange Reserves of Pakistan","TS_GP_EXT_PAKRES_M.Z00040","FX Reserves with Banks","31-May-2009","2587","Million USD","Normal",""
"Gold and Foreign Exchange Reserves of Pakistan","TS_GP_EXT_PAKRES_M.Z00040","FX Reserves with Banks","30-Apr-2009","2754","Million USD","Normal",""
"Gold and Foreign Exchange Reserves of Pakistan","TS_GP_EXT_PAKRES_M.Z00040","FX Reserves with Banks","31-Mar-2009","2673","Million USD","Normal",""
"Gold and Foreign Exchange Reserves of Pakistan","TS_GP_EXT_PAKRES_M.Z00040","FX Reserves with Banks","28-Feb-2009","2683","Million USD","Normal",""
"Gold and Foreign Exchange Reserves of Pakistan","TS_GP_EXT_PAKRES_M.Z00040","FX Reserves with Banks","31-Jan-2009","2808","Million USD","Normal",""
"Gold and Foreign Exchange Reserves of Pakistan","TS_GP_EXT_PAKRES_M.Z00040","FX Reserves with Banks","31-Dec-2008","2612","Million USD","Normal",""
"Gold and Foreign Exchange Reserves of Pakistan","TS_GP_EXT_PAKRES_M.Z00040","FX Reserves with Banks","30-Nov-2008","2612","Million USD","Normal",""
"Gold and Foreign Exchange Reserves of Pakistan","TS_GP_EXT_PAKRES_M.Z00040","FX Reserves with Banks","31-Oct-2008","2433","Million USD","Normal",""
"Gold and Foreign Exchange Reserves of Pakistan","TS_GP_EXT_PAKRES_M.Z00040","FX Reserves with Banks","30-Sep-2008","2521","Million USD","Normal",""
"Gold and Foreign Exchange Reserves of Pakistan","TS_GP_EXT_PAKRES_M.Z00040","FX Reserves with Banks","31-Aug-2008","2714","Million USD","Normal",""
"Gold and Foreign Exchange Reserves of Pakistan","TS_GP_EXT_PAKRES_M.Z00040","FX Reserves with Banks","31-Jul-2008","2806","Million USD","Normal",""
"Gold and Foreign Exchange Reserves of Pakistan","TS_GP_EXT_PAKRES_M.Z00040","FX Reserves with Banks","30-Jun-2008","2765","Million USD","Normal",""
"Gold and Foreign Exchange Reserves of Pakistan","TS_GP_EXT_PAKRES_M.Z00040","FX Reserves with Banks","31-May-2008","1745","Million USD","Normal",""
"Gold and Foreign Exchange Reserves of Pakistan","TS_GP_EXT_PAKRES_M.Z00040","FX Reserves with Banks","30-Apr-2008","1585","Million USD","Normal",""
"Gold and Foreign Exchange Reserves of Pakistan","TS_GP_EXT_PAKRES_M.Z00040","FX Reserves with Banks","31-Mar-2008","1727","Million USD","Normal",""
"Gold and Foreign Exchange Reserves of Pakistan","TS_GP_EXT_PAKRES_M.Z00040","FX Reserves with Banks","29-Feb-2008","1623","Million USD","Normal",""
"Gold and Foreign Exchange Reserves of Pakistan","TS_GP_EXT_PAKRES_M.Z00040","FX Reserves with Banks","31-Jan-2008","1686","Million USD","Normal",""
"Gold and Foreign Exchange Reserves of Pakistan","TS_GP_EXT_PAKRES_M.Z00040","FX Reserves with Banks","31-Dec-2007","1892","Million USD","Normal",""
"Gold and Foreign Exchange Reserves of Pakistan","TS_GP_EXT_PAKRES_M.Z00040","FX Reserves with Banks","30-Nov-2007","2242","Million USD","Normal",""
"Gold and Foreign Exchange Reserves of Pakistan","TS_GP_EXT_PAKRES_M.Z00040","FX Reserves with Banks","31-Oct-2007","2460","Million USD","Normal",""
"Gold and Foreign Exchange Reserves of Pakistan","TS_GP_EXT_PAKRES_M.Z00040","FX Reserves with Banks","30-Sep-2007","2854","Million USD","Normal",""
"Gold and Foreign Exchange Reserves of Pakistan","TS_GP_EXT_PAKRES_M.Z00040","FX Reserves with Banks","31-Aug-2007","2693","Million USD","Normal",""
"Gold and Foreign Exchange Reserves of Pakistan","TS_GP_EXT_PAKRES_M.Z00040","FX Reserves with Banks","31-Jul-2007","3033","Million USD","Normal",""
"Gold and Foreign Exchange Reserves of Pakistan","TS_GP_EXT_PAKRES_M.Z00040","FX Reserves with Banks","30-Jun-2007","3213","Million USD","Normal",""
"Gold and Foreign Exchange Reserves of Pakistan","TS_GP_EXT_PAKRES_M.Z00040","FX Reserves with Banks","31-May-2007","2450","Million USD","Normal",""
"Gold and Foreign Exchange Reserves of Pakistan","TS_GP_EXT_PAKRES_M.Z00040","FX Reserves with Banks","30-Apr-2007","2483","Million USD","Normal",""
"Gold and Foreign Exchange Reserves of Pakistan","TS_GP_EXT_PAKRES_M.Z00040","FX Reserves with Banks","31-Mar-2007","2731","Million USD","Normal",""
"Gold and Foreign Exchange Reserves of Pakistan","TS_GP_EXT_PAKRES_M.Z00040","FX Reserves with Banks","28-Feb-2007","2010","Million USD","Normal",""
"Gold and Foreign Exchange Reserves of Pakistan","TS_GP_EXT_PAKRES_M.Z00040","FX Reserves with Banks","31-Jan-2007","2152","Million USD","Normal",""
"Gold and Foreign Exchange Reserves of Pakistan","TS_GP_EXT_PAKRES_M.Z00040","FX Reserves with Banks","31-Dec-2006","2164","Million USD","Normal",""
"Gold and Foreign Exchange Reserves of Pakistan","TS_GP_EXT_PAKRES_M.Z00040","FX Reserves with Banks","30-Nov-2006","1842","Million USD","Normal",""
"Gold and Foreign Exchange Reserves of Pakistan","TS_GP_EXT_PAKRES_M.Z00040","FX Reserves with Banks","31-Oct-2006","1882","Million USD","Normal",""
"Gold and Foreign Exchange Reserves of Pakistan","TS_GP_EXT_PAKRES_M.Z00040","FX Reserves with Banks","30-Sep-2006","1877","Million USD","Normal",""
"Gold and Foreign Exchange Reserves of Pakistan","TS_GP_EXT_PAKRES_M.Z00040","FX Reserves with Banks","31-Aug-2006","1841","Million USD","Normal",""
"Gold and Foreign Exchange Reserves of Pakistan","TS_GP_EXT_PAKRES_M.Z00040","FX Reserves with Banks","31-Jul-2006","1984","Million USD","Normal",""
"Gold and Foreign Exchange Reserves of Pakistan","TS_GP_EXT_PAKRES_M.Z00040","FX Reserves with Banks","30-Jun-2006","2250","Million USD","Normal",""
"Gold and Foreign Exchange Reserves of Pakistan","TS_GP_EXT_PAKRES_M.Z00040","FX Reserves with Banks","31-May-2006","1958","Million USD","Normal",""
"Gold and Foreign Exchange Reserves of Pakistan","TS_GP_EXT_PAKRES_M.Z00040","FX Reserves with Banks","30-Apr-2006","2326","Million USD","Normal",""
"Gold and Foreign Exchange Reserves of Pakistan","TS_GP_EXT_PAKRES_M.Z00040","FX Reserves with Banks","31-Mar-2006","1921","Million USD","Normal",""
"Gold and Foreign Exchange Reserves of Pakistan","TS_GP_EXT_PAKRES_M.Z00040","FX Reserves with Banks","28-Feb-2006","1845","Million USD","Normal",""
"Gold and Foreign Exchange Reserves of Pakistan","TS_GP_EXT_PAKRES_M.Z00040","FX Reserves with Banks","31-Jan-2006","2115","Million USD","Normal",""
"Gold and Foreign Exchange Reserves of Pakistan","TS_GP_EXT_PAKRES_M.Z00040","FX Reserves with Banks","31-Dec-2005","2121","Million USD","Normal",""
"Gold and Foreign Exchange Reserves of Pakistan","TS_GP_EXT_PAKRES_M.Z00040","FX Reserves with Banks","30-Nov-2005","2037","Million USD","Normal",""
"Gold and Foreign Exchange Reserves of Pakistan","TS_GP_EXT_PAKRES_M.Z00040","FX Reserves with Banks","31-Oct-2005","2129","Million USD","Normal",""
"Gold and Foreign Exchange Reserves of Pakistan","TS_GP_EXT_PAKRES_M.Z00040","FX Reserves with Banks","30-Sep-2005","2164","Million USD","Normal",""
"Gold and Foreign Exchange Reserves of Pakistan","TS_GP_EXT_PAKRES_M.Z00040","FX Reserves with Banks","31-Aug-2005","2355","Million USD","Normal",""
"Gold and Foreign Exchange Reserves of Pakistan","TS_GP_EXT_PAKRES_M.Z00040","FX Reserves with Banks","31-Jul-2005","2590","Million USD","Normal",""
"Gold and Foreign Exchange Reserves of Pakistan","TS_GP_EXT_PAKRES_M.Z00040","FX Reserves with Banks","30-Jun-2005","2616","Million USD","Normal",""
"Gold and Foreign Exchange Reserves of Pakistan","TS_GP_EXT_PAKRES_M.Z00040","FX Reserves with Banks","31-May-2005","2424","Million USD","Normal",""
"Gold and Foreign Exchange Reserves of Pakistan","TS_GP_EXT_PAKRES_M.Z00040","FX Reserves with Banks","30-Apr-2005","2807","Million USD","Normal",""
"Gold and Foreign Exchange Reserves of Pakistan","TS_GP_EXT_PAKRES_M.Z00040","FX Reserves with Banks","31-Mar-2005","2792","Million USD","Normal",""
"Gold and Foreign Exchange Reserves of Pakistan","TS_GP_EXT_PAKRES_M.Z00040","FX Reserves with Banks","28-Feb-2005","3066","Million USD","Normal",""
"Gold and Foreign Exchange Reserves of Pakistan","TS_GP_EXT_PAKRES_M.Z00040","FX Reserves with Banks","31-Jan-2005","2690","Million USD","Normal",""
"Gold and Foreign Exchange Reserves of Pakistan","TS_GP_EXT_PAKRES_M.Z00040","FX Reserves with Banks","31-Dec-2004","2959","Million USD","Normal",""
"Gold and Foreign Exchange Reserves of Pakistan","TS_GP_EXT_PAKRES_M.Z00040","FX Reserves with Banks","30-Nov-2004","2739","Million USD","Normal",""
"Gold and Foreign Exchange Reserves of Pakistan","TS_GP_EXT_PAKRES_M.Z00040","FX Reserves with Banks","31-Oct-2004","2444","Million USD","Normal",""
"Gold and Foreign Exchange Reserves of Pakistan","TS_GP_EXT_PAKRES_M.Z00040","FX Reserves with Banks","30-Sep-2004","2144","Million USD","Normal",""
"Gold and Foreign Exchange Reserves of Pakistan","TS_GP_EXT_PAKRES_M.Z00040","FX Reserves with Banks","31-Aug-2004","2090","Million USD","Normal",""
"Gold and Foreign Exchange Reserves of Pakistan","TS_GP_EXT_PAKRES_M.Z00040","FX Reserves with Banks","31-Jul-2004","2016","Million USD","Normal",""
"Gold and Foreign Exchange Reserves of Pakistan","TS_GP_EXT_PAKRES_M.Z00040","FX Reserves with Banks","30-Jun-2004","1760","Million USD","Normal",""
"Gold and Foreign Exchange Reserves of Pakistan","TS_GP_EXT_PAKRES_M.Z00040","FX Reserves with Banks","31-May-2004","1873","Million USD","Normal",""
"Gold and Foreign Exchange Reserves of Pakistan","TS_GP_EXT_PAKRES_M.Z00040","FX Reserves with Banks","30-Apr-2004","1513","Million USD","Normal",""
"Gold and Foreign Exchange Reserves of Pakistan","TS_GP_EXT_PAKRES_M.Z00040","FX Reserves with Banks","31-Mar-2004","1499","Million USD","Normal",""
"Gold and Foreign Exchange Reserves of Pakistan","TS_GP_EXT_PAKRES_M.Z00040","FX Reserves with Banks","29-Feb-2004","1547","Million USD","Normal",""
"Gold and Foreign Exchange Reserves of Pakistan","TS_GP_EXT_PAKRES_M.Z00040","FX Reserves with Banks","31-Jan-2004","1413","Million USD","Normal",""
"Gold and Foreign Exchange Reserves of Pakistan","TS_GP_EXT_PAKRES_M.Z00040","FX Reserves with Banks","31-Dec-2003","1314","Million USD","Normal",""
"Gold and Foreign Exchange Reserves of Pakistan","TS_GP_EXT_PAKRES_M.Z00040","FX Reserves with Banks","30-Nov-2003","1367","Million USD","Normal",""
"Gold and Foreign Exchange Reserves of Pakistan","TS_GP_EXT_PAKRES_M.Z00040","FX Reserves with Banks","31-Oct-2003","1459","Million USD","Normal",""
"Gold and Foreign Exchange Reserves of Pakistan","TS_GP_EXT_PAKRES_M.Z00040","FX Reserves with Banks","30-Sep-2003","1363","Million USD","Normal",""
"Gold and Foreign Exchange Reserves of Pakistan","TS_GP_EXT_PAKRES_M.Z00040","FX Reserves with Banks","31-Aug-2003","1426","Million USD","Normal",""
"Gold and Foreign Exchange Reserves of Pakistan","TS_GP_EXT_PAKRES_M.Z00040","FX Reserves with Banks","31-Jul-2003","1308","Million USD","Normal",""
"Gold and Foreign Exchange Reserves of Pakistan","TS_GP_EXT_PAKRES_M.Z00040","FX Reserves with Banks","30-Jun-2003","1218","Million USD","Normal",""
"Gold and Foreign Exchange Reserves of Pakistan","TS_GP_EXT_PAKRES_M.Z00040","FX Reserves with Banks","31-May-2003","1174","Million USD","Normal",""
"Gold and Foreign Exchange Reserves of Pakistan","TS_GP_EXT_PAKRES_M.Z00040","FX Reserves with Banks","30-Apr-2003","1094","Million USD","Normal",""
"Gold and Foreign Exchange Reserves of Pakistan","TS_GP_EXT_PAKRES_M.Z00040","FX Reserves with Banks","31-Mar-2003","1029","Million USD","Normal",""
"Gold and Foreign Exchange Reserves of Pakistan","TS_GP_EXT_PAKRES_M.Z00040","FX Reserves with Banks","28-Feb-2003","1013","Million USD","Normal",""
"Gold and Foreign Exchange Reserves of Pakistan","TS_GP_EXT_PAKRES_M.Z00040","FX Reserves with Banks","31-Jan-2003","1228","Million USD","Normal",""
"Gold and Foreign Exchange Reserves of Pakistan","TS_GP_EXT_PAKRES_M.Z00040","FX Reserves with Banks","31-Dec-2002","1516","Million USD","Normal",""
"Gold and Foreign Exchange Reserves of Pakistan","TS_GP_EXT_PAKRES_M.Z00040","FX Reserves with Banks","30-Nov-2002","2102","Million USD","Normal",""
"Gold and Foreign Exchange Reserves of Pakistan","TS_GP_EXT_PAKRES_M.Z00040","FX Reserves with Banks","31-Oct-2002","1982","Million USD","Normal",""
"Gold and Foreign Exchange Reserves of Pakistan","TS_GP_EXT_PAKRES_M.Z00040","FX Reserves with Banks","30-Sep-2002","2241","Million USD","Normal",""
"Gold and Foreign Exchange Reserves of Pakistan","TS_GP_EXT_PAKRES_M.Z00040","FX Reserves with Banks","31-Aug-2002","2083","Million USD","Normal",""
"Gold and Foreign Exchange Reserves of Pakistan","TS_GP_EXT_PAKRES_M.Z00040","FX Reserves with Banks","31-Jul-2002","2043","Million USD","Normal",""
"Gold and Foreign Exchange Reserves of Pakistan","TS_GP_EXT_PAKRES_M.Z00040","FX Reserves with Banks","30-Jun-2002","2061","Million USD","Normal",""
"Gold and Foreign Exchange Reserves of Pakistan","TS_GP_EXT_PAKRES_M.Z00040","FX Reserves with Banks","31-May-2002","1922","Million USD","Normal",""
"Gold and Foreign Exchange Reserves of Pakistan","TS_GP_EXT_PAKRES_M.Z00040","FX Reserves with Banks","30-Apr-2002","1927","Million USD","Normal",""
"Gold and Foreign Exchange Reserves of Pakistan","TS_GP_EXT_PAKRES_M.Z00040","FX Reserves with Banks","31-Mar-2002","1749","Million USD","Normal",""
"Gold and Foreign Exchange Reserves of Pakistan","TS_GP_EXT_PAKRES_M.Z00040","FX Reserves with Banks","28-Feb-2002","1896","Million USD","Normal",""
"Gold and Foreign Exchange Reserves of Pakistan","TS_GP_EXT_PAKRES_M.Z00040","FX Reserves with Banks","31-Jan-2002","1827","Million USD","Normal",""
"Gold and Foreign Exchange Reserves of Pakistan","TS_GP_EXT_PAKRES_M.Z00040","FX Reserves with Banks","31-Dec-2001","1754","Million USD","Normal",""
"Gold and Foreign Exchange Reserves of Pakistan","TS_GP_EXT_PAKRES_M.Z00040","FX Reserves with Banks","30-Nov-2001","1692","Million USD","Normal",""
"Gold and Foreign Exchange Reserves of Pakistan","TS_GP_EXT_PAKRES_M.Z00040","FX Reserves with Banks","31-Oct-2001","1673","Million USD","Normal",""
"Gold and Foreign Exchange Reserves of Pakistan","TS_GP_EXT_PAKRES_M.Z00040","FX Reserves with Banks","30-Sep-2001","1666","Million USD","Normal",""
"Gold and Foreign Exchange Reserves of Pakistan","TS_GP_EXT_PAKRES_M.Z00040","FX Reserves with Banks","31-Aug-2001","1655","Million USD","Normal",""
"Gold and Foreign Exchange Reserves of Pakistan","TS_GP_EXT_PAKRES_M.Z00040","FX Reserves with Banks","31-Jul-2001","1553","Million USD","Normal",""
"Gold and Foreign Exchange Reserves of Pakistan","TS_GP_EXT_PAKRES_M.Z00040","FX Reserves with Banks","30-Jun-2001","1555","Million USD","Normal",""
"Gold and Foreign Exchange Reserves of Pakistan","TS_GP_EXT_PAKRES_M.Z00040","FX Reserves with Banks","31-May-2001","1500","Million USD","Normal",""
"Gold and Foreign Exchange Reserves of Pakistan","TS_GP_EXT_PAKRES_M.Z00040","FX Reserves with Banks","30-Apr-2001","1536","Million USD","Normal",""
"Gold and Foreign Exchange Reserves of Pakistan","TS_GP_EXT_PAKRES_M.Z00040","FX Reserves with Banks","31-Mar-2001","1468","Million USD","Normal",""
"Gold and Foreign Exchange Reserves of Pakistan","TS_GP_EXT_PAKRES_M.Z00040","FX Reserves with Banks","28-Feb-2001","1263","Million USD","Normal",""
"Gold and Foreign Exchange Reserves of Pakistan","TS_GP_EXT_PAKRES_M.Z00040","FX Reserves with Banks","31-Jan-2001","1215","Million USD","Normal",""
"Gold and Foreign Exchange Reserves of Pakistan","TS_GP_EXT_PAKRES_M.Z00040","FX Reserves with Banks","31-Dec-2000","1135","Million USD","Normal",""
"Gold and Foreign Exchange Reserves of Pakistan","TS_GP_EXT_PAKRES_M.Z00040","FX Reserves with Banks","30-Nov-2000","1158","Million USD","Normal",""
"Gold and Foreign Exchange Reserves of Pakistan","TS_GP_EXT_PAKRES_M.Z00040","FX Reserves with Banks","31-Oct-2000","1243","Million USD","Normal",""
"Gold and Foreign Exchange Reserves of Pakistan","TS_GP_EXT_PAKRES_M.Z00040","FX Reserves with Banks","30-Sep-2000","1192","Million USD","Normal",""
"Gold and Foreign Exchange Reserves of Pakistan","TS_GP_EXT_PAKRES_M.Z00040","FX Reserves with Banks","31-Aug-2000","1269","Million USD","Normal",""
"Gold and Foreign Exchange Reserves of Pakistan","TS_GP_EXT_PAKRES_M.Z00040","FX Reserves with Banks","31-Jul-2000","1238","Million USD","Normal",""
"Gold and Foreign Exchange Reserves of Pakistan","TS_GP_EXT_PAKRES_M.Z00040","FX Reserves with Banks","30-Jun-2000","1166","Million USD","Normal",""
"Gold and Foreign Exchange Reserves of Pakistan","TS_GP_EXT_PAKRES_M.Z00040","FX Reserves with Banks","31-May-2000","984","Million USD","Normal",""
"Gold and Foreign Exchange Reserves of Pakistan","TS_GP_EXT_PAKRES_M.Z00040","FX Reserves with Banks","30-Apr-2000","961","Million USD","Normal",""
"Gold and Foreign Exchange Reserves of Pakistan","TS_GP_EXT_PAKRES_M.Z00040","FX Reserves with Banks","31-Mar-2000","964","Million USD","Normal",""
"Gold and Foreign Exchange Reserves of Pakistan","TS_GP_EXT_PAKRES_M.Z00040","FX Reserves with Banks","29-Feb-2000","926","Million USD","Normal",""
"Gold and Foreign Exchange Reserves of Pakistan","TS_GP_EXT_PAKRES_M.Z00040","FX Reserves with Banks","31-Jan-2000","861","Million USD","Normal",""
"Gold and Foreign Exchange Reserves of Pakistan","TS_GP_EXT_PAKRES_M.Z00040","FX Reserves with Banks","31-Dec-1999","866","Million USD","Normal",""
"Gold and Foreign Exchange Reserves of Pakistan","TS_GP_EXT_PAKRES_M.Z00040","FX Reserves with Banks","30-Nov-1999","810","Million USD","Normal",""
"Gold and Foreign Exchange Reserves of Pakistan","TS_GP_EXT_PAKRES_M.Z00040","FX Reserves with Banks","31-Oct-1999","859","Million USD","Normal",""
"Gold and Foreign Exchange Reserves of Pakistan","TS_GP_EXT_PAKRES_M.Z00040","FX Reserves with Banks","30-Sep-1999","854","Million USD","Normal",""
"Gold and Foreign Exchange Reserves of Pakistan","TS_GP_EXT_PAKRES_M.Z00040","FX Reserves with Banks","31-Aug-1999","771","Million USD","Normal",""
"Gold and Foreign Exchange Reserves of Pakistan","TS_GP_EXT_PAKRES_M.Z00040","FX Reserves with Banks","31-Jul-1999","779","Million USD","Normal",""
"Gold and Foreign Exchange Reserves of Pakistan","TS_GP_EXT_PAKRES_M.Z00040","FX Reserves with Banks","30-Jun-1999","705","Million USD","Normal",""
"Gold and Foreign Exchange Reserves of Pakistan","TS_GP_EXT_PAKRES_M.Z00040","FX Reserves with Banks","31-May-1999","688","Million USD","Normal",""
"Gold and Foreign Exchange Reserves of Pakistan","TS_GP_EXT_PAKRES_M.Z00040","FX Reserves with Banks","30-Apr-1999","557","Million USD","Normal",""
"Gold and Foreign Exchange Reserves of Pakistan","TS_GP_EXT_PAKRES_M.Z00040","FX Reserves with Banks","31-Mar-1999","510","Million USD","Normal",""
"Gold and Foreign Exchange Reserves of Pakistan","TS_GP_EXT_PAKRES_M.Z00040","FX Reserves with Banks","28-Feb-1999","414","Million USD","Normal",""
"Gold and Foreign Exchange Reserves of Pakistan","TS_GP_EXT_PAKRES_M.Z00040","FX Reserves with Banks","31-Jan-1999","335","Million USD","Normal",""
"Gold and Foreign Exchange Reserves of Pakistan","TS_GP_EXT_PAKRES_M.Z00040","FX Reserves with Banks","31-Dec-1998","273","Million USD","Normal",""
"Gold and Foreign Exchange Reserves of Pakistan","TS_GP_EXT_PAKRES_M.Z00040","FX Reserves with Banks","30-Nov-1998","285","Million USD","Normal",""
"Gold and Foreign Exchange Reserves of Pakistan","TS_GP_EXT_PAKRES_M.Z00040","FX Reserves with Banks","31-Oct-1998","330","Million USD","Normal",""
"Gold and Foreign Exchange Reserves of Pakistan","TS_GP_EXT_PAKRES_M.Z00040","FX Reserves with Banks","30-Sep-1998","277","Million USD","Normal",""
"Gold and Foreign Exchange Reserves of Pakistan","TS_GP_EXT_PAKRES_M.Z00040","FX Reserves with Banks","31-Aug-1998","337","Million USD","Normal",""
"Gold and Foreign Exchange Reserves of Pakistan","TS_GP_EXT_PAKRES_M.Z00040","FX Reserves with Banks","31-Jul-1998","328","Million USD","Normal",""
"Gold and Foreign Exchange Reserves of Pakistan","TS_GP_EXT_PAKRES_M.Z00040","FX Reserves with Banks","30-Jun-1998","190","Million USD","Normal",""
"Gold and Foreign Exchange Reserves of Pakistan","TS_GP_EXT_PAKRES_M.Z00040","FX Reserves with Banks","31-May-1998","92","Million USD","Normal",""
"Gold and Foreign Exchange Reserves of Pakistan","TS_GP_EXT_PAKRES_M.Z00040","FX Reserves with Banks","30-Apr-1998","178","Million USD","Normal",""
"Gold and Foreign Exchange Reserves of Pakistan","TS_GP_EXT_PAKRES_M.Z00040","FX Reserves with Banks","31-Mar-1998","202","Million USD","Normal",""
"Gold and Foreign Exchange Reserves of Pakistan","TS_GP_EXT_PAKRES_M.Z00040","FX Reserves with Banks","28-Feb-1998","272","Million USD","Normal",""
"Gold and Foreign Exchange Reserves of Pakistan","TS_GP_EXT_PAKRES_M.Z00040","FX Reserves with Banks","31-Jan-1998","236","Million USD","Normal",""
"Gold and Foreign Exchange Reserves of Pakistan","TS_GP_EXT_PAKRES_M.Z00040","FX Reserves with Banks","31-Dec-1997","97","Million USD","Normal",""
"Gold and Foreign Exchange Reserves of Pakistan","TS_GP_EXT_PAKRES_M.Z00040","FX Reserves with Banks","30-Nov-1997","250","Million USD","Normal",""
"Gold and Foreign Exchange Reserves of Pakistan","TS_GP_EXT_PAKRES_M.Z00040","FX Reserves with Banks","31-Oct-1997","218","Million USD","Normal",""
"Gold and Foreign Exchange Reserves of Pakistan","TS_GP_EXT_PAKRES_M.Z00040","FX Reserves with Banks","30-Sep-1997","202","Million USD","Normal",""
"Gold and Foreign Exchange Reserves of Pakistan","TS_GP_EXT_PAKRES_M.Z00040","FX Reserves with Banks","31-Aug-1997","127","Million USD","Normal",""
"Gold and Foreign Exchange Reserves of Pakistan","TS_GP_EXT_PAKRES_M.Z00040","FX Reserves with Banks","31-Jul-1997","138","Million USD","Normal",""
"Gold and Foreign Exchange Reserves of Pakistan","TS_GP_EXT_PAKRES_M.Z00040","FX Reserves with Banks","30-Jun-1997","144","Million USD","Normal",""
"Gold and Foreign Exchange Reserves of Pakistan","TS_GP_EXT_PAKRES_M.Z00040","FX Reserves with Banks","31-May-1997","147","Million USD","Normal",""
"Gold and Foreign Exchange Reserves of Pakistan","TS_GP_EXT_PAKRES_M.Z00040","FX Reserves with Banks","30-Apr-1997","71","Million USD","Normal",""
"Gold and Foreign Exchange Reserves of Pakistan","TS_GP_EXT_PAKRES_M.Z00040","FX Reserves with Banks","31-Mar-1997","71","Million USD","Normal",""
"Gold and Foreign Exchange Reserves of Pakistan","TS_GP_EXT_PAKRES_M.Z00040","FX Reserves with Banks","28-Feb-1997","208","Million USD","Normal",""
"Gold and Foreign Exchange Reserves of Pakistan","TS_GP_EXT_PAKRES_M.Z00040","FX Reserves with Banks","31-Jan-1997","165","Million USD","Normal",""
"Gold and Foreign Exchange Reserves of Pakistan","TS_GP_EXT_PAKRES_M.Z00040","FX Reserves with Banks","31-Dec-1996","254","Million USD","Normal",""
"Gold and Foreign Exchange Reserves of Pakistan","TS_GP_EXT_PAKRES_M.Z00040","FX Reserves with Banks","30-Nov-1996","331","Million USD","Normal",""
"Gold and Foreign Exchange Reserves of Pakistan","TS_GP_EXT_PAKRES_M.Z00040","FX Reserves with Banks","31-Oct-1996","429","Million USD","Normal",""
"Gold and Foreign Exchange Reserves of Pakistan","TS_GP_EXT_PAKRES_M.Z00040","FX Reserves with Banks","30-Sep-1996","318","Million USD","Normal",""
"Gold and Foreign Exchange Reserves of Pakistan","TS_GP_EXT_PAKRES_M.Z00040","FX Reserves with Banks","31-Aug-1996","386","Million USD","Normal",""
"Gold and Foreign Exchange Reserves of Pakistan","TS_GP_EXT_PAKRES_M.Z00040","FX Reserves with Banks","31-Jul-1996","352","Million USD","Normal",""
"Gold and Foreign Exchange Reserves of Pakistan","TS_GP_EXT_PAKRES_M.Z00040","FX Reserves with Banks","30-Jun-1996","410","Million USD","Normal",""
"Gold and Foreign Exchange Reserves of Pakistan","TS_GP_EXT_PAKRES_M.Z00040","FX Reserves with Banks","31-May-1996","327","Million USD","Normal",""
"Gold and Foreign Exchange Reserves of Pakistan","TS_GP_EXT_PAKRES_M.Z00040","FX Reserves with Banks","30-Apr-1996","327","Million USD","Normal",""
"Gold and Foreign Exchange Reserves of Pakistan","TS_GP_EXT_PAKRES_M.Z00040","FX Reserves with Banks","31-Mar-1996","297","Million USD","Normal",""
"Gold and Foreign Exchange Reserves of Pakistan","TS_GP_EXT_PAKRES_M.Z00040","FX Reserves with Banks","29-Feb-1996","318","Million USD","Normal",""
"Gold and Foreign Exchange Reserves of Pakistan","TS_GP_EXT_PAKRES_M.Z00040","FX Reserves with Banks","31-Jan-1996","169","Million USD","Normal",""
"Gold and Foreign Exchange Reserves of Pakistan","TS_GP_EXT_PAKRES_M.Z00040","FX Reserves with Banks","31-Dec-1995","244","Million USD","Normal",""
"Gold and Foreign Exchange Reserves of Pakistan","TS_GP_EXT_PAKRES_M.Z00040","FX Reserves with Banks","30-Nov-1995","229","Million USD","Normal",""
"Gold and Foreign Exchange Reserves of Pakistan","TS_GP_EXT_PAKRES_M.Z00040","FX Reserves with Banks","31-Oct-1995","378","Million USD","Normal",""
"Gold and Foreign Exchange Reserves of Pakistan","TS_GP_EXT_PAKRES_M.Z00040","FX Reserves with Banks","30-Sep-1995","225","Million USD","Normal",""
"Gold and Foreign Exchange Reserves of Pakistan","TS_GP_EXT_PAKRES_M.Z00040","FX Reserves with Banks","31-Aug-1995","220","Million USD","Normal",""
"Gold and Foreign Exchange Reserves of Pakistan","TS_GP_EXT_PAKRES_M.Z00040","FX Reserves with Banks","31-Jul-1995","221","Million USD","Normal",""
"Gold and Foreign Exchange Reserves of Pakistan","TS_GP_EXT_PAKRES_M.Z00040","FX Reserves with Banks","30-Jun-1995","192","Million USD","Normal",""
"Gold and Foreign Exchange Reserves of Pakistan","TS_GP_EXT_PAKRES_M.Z00040","FX Reserves with Banks","31-May-1995","356","Million USD","Normal",""
"Gold and Foreign Exchange Reserves of Pakistan","TS_GP_EXT_PAKRES_M.Z00040","FX Reserves with Banks","30-Apr-1995","401","Million USD","Normal",""
"Gold and Foreign Exchange Reserves of Pakistan","TS_GP_EXT_PAKRES_M.Z00040","FX Reserves with Banks","31-Mar-1995","414","Million USD","Normal",""
"Gold and Foreign Exchange Reserves of Pakistan","TS_GP_EXT_PAKRES_M.Z00040","FX Reserves with Banks","28-Feb-1995","370","Million USD","Normal",""
"Gold and Foreign Exchange Reserves of Pakistan","TS_GP_EXT_PAKRES_M.Z00040","FX Reserves with Banks","31-Jan-1995","372","Million USD","Normal",""
"Gold and Foreign Exchange Reserves of Pakistan","TS_GP_EXT_PAKRES_M.Z00040","FX Reserves with Banks","31-Dec-1994","439","Million USD","Normal",""
"Gold and Foreign Exchange Reserves of Pakistan","TS_GP_EXT_PAKRES_M.Z00040","FX Reserves with Banks","30-Nov-1994","363","Million USD","Normal",""
"Gold and Foreign Exchange Reserves of Pakistan","TS_GP_EXT_PAKRES_M.Z00040","FX Reserves with Banks","31-Oct-1994","448","Million USD","Normal",""
"Gold and Foreign Exchange Reserves of Pakistan","TS_GP_EXT_PAKRES_M.Z00040","FX Reserves with Banks","30-Sep-1994","442","Million USD","Normal",""
"Gold and Foreign Exchange Reserves of Pakistan","TS_GP_EXT_PAKRES_M.Z00040","FX Reserves with Banks","31-Aug-1994","398","Million USD","Normal",""
"Gold and Foreign Exchange Reserves of Pakistan","TS_GP_EXT_PAKRES_M.Z00040","FX Reserves with Banks","31-Jul-1994","356","Million USD","Normal",""
"Gold and Foreign Exchange Reserves of Pakistan","TS_GP_EXT_PAKRES_M.Z00040","FX Reserves with Banks","30-Jun-1994","239","Million USD","Normal",""
"Gold and Foreign Exchange Reserves of Pakistan","TS_GP_EXT_PAKRES_M.Z00040","FX Reserves with Banks","31-May-1994","153","Million USD","Normal",""
"Gold and Foreign Exchange Reserves of Pakistan","TS_GP_EXT_PAKRES_M.Z00040","FX Reserves with Banks","30-Apr-1994","146","Million USD","Normal",""
"Gold and Foreign Exchange Reserves of Pakistan","TS_GP_EXT_PAKRES_M.Z00040","FX Reserves with Banks","31-Mar-1994","166","Million USD","Normal",""
"Gold and Foreign Exchange Reserves of Pakistan","TS_GP_EXT_PAKRES_M.Z00040","FX Reserves with Banks","28-Feb-1994","242","Million USD","Normal",""
"Gold and Foreign Exchange Reserves of Pakistan","TS_GP_EXT_PAKRES_M.Z00040","FX Reserves with Banks","31-Jan-1994","183","Million USD","Normal",""
"Gold and Foreign Exchange Reserves of Pakistan","TS_GP_EXT_PAKRES_M.Z00040","FX Reserves with Banks","31-Dec-1993","179","Million USD","Normal",""
"Gold and Foreign Exchange Reserves of Pakistan","TS_GP_EXT_PAKRES_M.Z00040","FX Reserves with Banks","30-Nov-1993","169","Million USD","Normal",""
"Gold and Foreign Exchange Reserves of Pakistan","TS_GP_EXT_PAKRES_M.Z00040","FX Reserves with Banks","31-Oct-1993","207","Million USD","Normal",""
"Gold and Foreign Exchange Reserves of Pakistan","TS_GP_EXT_PAKRES_M.Z00040","FX Reserves with Banks","30-Sep-1993","196","Million USD","Normal",""
"Gold and Foreign Exchange Reserves of Pakistan","TS_GP_EXT_PAKRES_M.Z00040","FX Reserves with Banks","31-Aug-1993","26","Million USD","Normal",""
"Gold and Foreign Exchange Reserves of Pakistan","TS_GP_EXT_PAKRES_M.Z00040","FX Reserves with Banks","31-Jul-1993","95","Million USD","Normal",""
"Gold and Foreign Exchange Reserves of Pakistan","TS_GP_EXT_PAKRES_M.Z00040","FX Reserves with Banks","30-Jun-1993","135","Million USD","Normal",""
"Gold and Foreign Exchange Reserves of Pakistan","TS_GP_EXT_PAKRES_M.Z00040","FX Reserves with Banks","31-May-1993","95","Million USD","Normal",""
"Gold and Foreign Exchange Reserves of Pakistan","TS_GP_EXT_PAKRES_M.Z00040","FX Reserves with Banks","30-Apr-1993","58","Million USD","Normal",""
"Gold and Foreign Exchange Reserves of Pakistan","TS_GP_EXT_PAKRES_M.Z00040","FX Reserves with Banks","31-Mar-1993","105","Million USD","Normal",""
"Gold and Foreign Exchange Reserves of Pakistan","TS_GP_EXT_PAKRES_M.Z00040","FX Reserves with Banks","28-Feb-1993","40","Million USD","Normal",""
"Gold and Foreign Exchange Reserves of Pakistan","TS_GP_EXT_PAKRES_M.Z00040","FX Reserves with Banks","31-Jan-1993","71","Million USD","Normal",""
"Gold and Foreign Exchange Reserves of Pakistan","TS_GP_EXT_PAKRES_M.Z00040","FX Reserves with Banks","31-Dec-1992","106","Million USD","Normal",""
"Gold and Foreign Exchange Reserves of Pakistan","TS_GP_EXT_PAKRES_M.Z00040","FX Reserves with Banks","30-Nov-1992","82","Million USD","Normal",""
"Gold and Foreign Exchange Reserves of Pakistan","TS_GP_EXT_PAKRES_M.Z00040","FX Reserves with Banks","31-Oct-1992","123","Million USD","Normal",""
"Gold and Foreign Exchange Reserves of Pakistan","TS_GP_EXT_PAKRES_M.Z00040","FX Reserves with Banks","30-Sep-1992","23","Million USD","Normal",""
"Gold and Foreign Exchange Reserves of Pakistan","TS_GP_EXT_PAKRES_M.Z00040","FX Reserves with Banks","31-Aug-1992","63","Million USD","Normal",""
"Gold and Foreign Exchange Reserves of Pakistan","TS_GP_EXT_PAKRES_M.Z00040","FX Reserves with Banks","31-Jul-1992","123","Million USD","Normal",""
"Gold and Foreign Exchange Reserves of Pakistan","TS_GP_EXT_PAKRES_M.Z00040","FX Reserves with Banks","30-Jun-1992","31","Million USD","Normal",""
"Gold and Foreign Exchange Reserves of Pakistan","TS_GP_EXT_PAKRES_M.Z00040","FX Reserves with Banks","31-May-1992","78","Million USD","Normal",""
"Gold and Foreign Exchange Reserves of Pakistan","TS_GP_EXT_PAKRES_M.Z00040","FX Reserves with Banks","30-Apr-1992","-22","Million USD","Normal",""
"Gold and Foreign Exchange Reserves of Pakistan","TS_GP_EXT_PAKRES_M.Z00040","FX Reserves with Banks","31-Mar-1992","-41","Million USD","Normal",""
"Gold and Foreign Exchange Reserves of Pakistan","TS_GP_EXT_PAKRES_M.Z00040","FX Reserves with Banks","29-Feb-1992","22","Million USD","Normal",""
"Gold and Foreign Exchange Reserves of Pakistan","TS_GP_EXT_PAKRES_M.Z00040","FX Reserves with Banks","31-Jan-1992","63","Million USD","Normal",""
"Gold and Foreign Exchange Reserves of Pakistan","TS_GP_EXT_PAKRES_M.Z00040","FX Reserves with Banks","31-Dec-1991","84","Million USD","Normal",""
"Gold and Foreign Exchange Reserves of Pakistan","TS_GP_EXT_PAKRES_M.Z00040","FX Reserves with Banks","30-Nov-1991","73","Million USD","Normal",""
"Gold and Foreign Exchange Reserves of Pakistan","TS_GP_EXT_PAKRES_M.Z00040","FX Reserves with Banks","31-Oct-1991","63","Million USD","Normal",""
"Gold and Foreign Exchange Reserves of Pakistan","TS_GP_EXT_PAKRES_M.Z00040","FX Reserves with Banks","30-Sep-1991","70","Million USD","Normal",""
"Gold and Foreign Exchange Reserves of Pakistan","TS_GP_EXT_PAKRES_M.Z00040","FX Reserves with Banks","31-Aug-1991","100","Million USD","Normal",""
"Gold and Foreign Exchange Reserves of Pakistan","TS_GP_EXT_PAKRES_M.Z00040","FX Reserves with Banks","31-Jul-1991","119","Million USD","Normal",""
"Gold and Foreign Exchange Reserves of Pakistan","TS_GP_EXT_PAKRES_M.Z00040","FX Reserves with Banks","30-Jun-1991","102","Million USD","Normal",""
"Gold and Foreign Exchange Reserves of Pakistan","TS_GP_EXT_PAKRES_M.Z00040","FX Reserves with Banks","31-May-1991","126","Million USD","Normal",""
"Gold and Foreign Exchange Reserves of Pakistan","TS_GP_EXT_PAKRES_M.Z00040","FX Reserves with Banks","30-Apr-1991","94","Million USD","Normal",""
"Gold and Foreign Exchange Reserves of Pakistan","TS_GP_EXT_PAKRES_M.Z00040","FX Reserves with Banks","31-Mar-1991","86","Million USD","Normal",""
"Gold and Foreign Exchange Reserves of Pakistan","TS_GP_EXT_PAKRES_M.Z00040","FX Reserves with Banks","28-Feb-1991","66","Million USD","Normal",""
"Gold and Foreign Exchange Reserves of Pakistan","TS_GP_EXT_PAKRES_M.Z00040","FX Reserves with Banks","31-Jan-1991","110","Million USD","Normal",""
"Gold and Foreign Exchange Reserves of Pakistan","TS_GP_EXT_PAKRES_M.Z00040","FX Reserves with Banks","31-Dec-1990","84","Million USD","Normal",""
"Gold and Foreign Exchange Reserves of Pakistan","TS_GP_EXT_PAKRES_M.Z00040","FX Reserves with Banks","30-Nov-1990","110","Million USD","Normal",""
"Gold and Foreign Exchange Reserves of Pakistan","TS_GP_EXT_PAKRES_M.Z00040","FX Reserves with Banks","31-Oct-1990","108","Million USD","Normal",""
"Gold and Foreign Exchange Reserves of Pakistan","TS_GP_EXT_PAKRES_M.Z00040","FX Reserves with Banks","30-Sep-1990","71","Million USD","Normal",""
"Gold and Foreign Exchange Reserves of Pakistan","TS_GP_EXT_PAKRES_M.Z00040","FX Reserves with Banks","31-Aug-1990","96","Million USD","Normal",""
"Gold and Foreign Exchange Reserves of Pakistan","TS_GP_EXT_PAKRES_M.Z00040","FX Reserves with Banks","31-Jul-1990","99","Million USD","Normal",""
"Gold and Foreign Exchange Reserves of Pakistan","TS_GP_EXT_PAKRES_M.Z00040","FX Reserves with Banks","30-Jun-1990","144","Million USD","Normal",""
"Gold and Foreign Exchange Reserves of Pakistan","TS_GP_EXT_PAKRES_M.Z00040","FX Reserves with Banks","31-May-1990","60","Million USD","Normal",""
"Gold and Foreign Exchange Reserves of Pakistan","TS_GP_EXT_PAKRES_M.Z00040","FX Reserves with Banks","30-Apr-1990","66","Million USD","Normal",""
"Gold and Foreign Exchange Reserves of Pakistan","TS_GP_EXT_PAKRES_M.Z00040","FX Reserves with Banks","31-Mar-1990","64","Million USD","Normal",""
"Gold and Foreign Exchange Reserves of Pakistan","TS_GP_EXT_PAKRES_M.Z00040","FX Reserves with Banks","28-Feb-1990","111","Million USD","Normal",""
"Gold and Foreign Exchange Reserves of Pakistan","TS_GP_EXT_PAKRES_M.Z00040","FX Reserves with Banks","31-Jan-1990","80","Million USD","Normal",""
"Gold and Foreign Exchange Reserves of Pakistan","TS_GP_EXT_PAKRES_M.Z00040","FX Reserves with Banks","31-Dec-1989","64","Million USD","Normal",""
"Gold and Foreign Exchange Reserves of Pakistan","TS_GP_EXT_PAKRES_M.Z00040","FX Reserves with Banks","30-Nov-1989","96","Million USD","Normal",""
"Gold and Foreign Exchange Reserves of Pakistan","TS_GP_EXT_PAKRES_M.Z00040","FX Reserves with Banks","31-Oct-1989","90","Million USD","Normal",""
"Gold and Foreign Exchange Reserves of Pakistan","TS_GP_EXT_PAKRES_M.Z00040","FX Reserves with Banks","30-Sep-1989","65","Million USD","Normal",""
"Gold and Foreign Exchange Reserves of Pakistan","TS_GP_EXT_PAKRES_M.Z00040","FX Reserves with Banks","31-Aug-1989","65","Million USD","Normal",""
"Gold and Foreign Exchange Reserves of Pakistan","TS_GP_EXT_PAKRES_M.Z00040","FX Reserves with Banks","31-Jul-1989","90","Million USD","Normal",""
"Gold and Foreign Exchange Reserves of Pakistan","TS_GP_EXT_PAKRES_M.Z00040","FX Reserves with Banks","30-Jun-1989","43","Million USD","Normal",""
"Gold and Foreign Exchange Reserves of Pakistan","TS_GP_EXT_PAKRES_M.Z00040","FX Reserves with Banks","31-May-1989","67","Million USD","Normal",""
"Gold and Foreign Exchange Reserves of Pakistan","TS_GP_EXT_PAKRES_M.Z00040","FX Reserves with Banks","30-Apr-1989","71","Million USD","Normal",""
"Gold and Foreign Exchange Reserves of Pakistan","TS_GP_EXT_PAKRES_M.Z00040","FX Reserves with Banks","31-Mar-1989","74","Million USD","Normal",""
"Gold and Foreign Exchange Reserves of Pakistan","TS_GP_EXT_PAKRES_M.Z00040","FX Reserves with Banks","28-Feb-1989","45","Million USD","Normal",""
"Gold and Foreign Exchange Reserves of Pakistan","TS_GP_EXT_PAKRES_M.Z00040","FX Reserves with Banks","31-Jan-1989","65","Million USD","Normal",""
"Gold and Foreign Exchange Reserves of Pakistan","TS_GP_EXT_PAKRES_M.Z00040","FX Reserves with Banks","31-Dec-1988","111","Million USD","Normal",""
"Gold and Foreign Exchange Reserves of Pakistan","TS_GP_EXT_PAKRES_M.Z00040","FX Reserves with Banks","30-Nov-1988","76","Million USD","Normal",""
"Gold and Foreign Exchange Reserves of Pakistan","TS_GP_EXT_PAKRES_M.Z00040","FX Reserves with Banks","31-Oct-1988","65","Million USD","Normal",""
"Gold and Foreign Exchange Reserves of Pakistan","TS_GP_EXT_PAKRES_M.Z00040","FX Reserves with Banks","30-Sep-1988","45","Million USD","Normal",""
"Gold and Foreign Exchange Reserves of Pakistan","TS_GP_EXT_PAKRES_M.Z00040","FX Reserves with Banks","31-Aug-1988","64","Million USD","Normal",""
"Gold and Foreign Exchange Reserves of Pakistan","TS_GP_EXT_PAKRES_M.Z00040","FX Reserves with Banks","31-Jul-1988","59","Million USD","Normal",""
"Gold and Foreign Exchange Reserves of Pakistan","TS_GP_EXT_PAKRES_M.Z00040","FX Reserves with Banks","30-Jun-1988","41","Million USD","Normal",""
"Gold and Foreign Exchange Reserves of Pakistan","TS_GP_EXT_PAKRES_M.Z00040","FX Reserves with Banks","31-May-1988","46","Million USD","Normal",""
"Gold and Foreign Exchange Reserves of Pakistan","TS_GP_EXT_PAKRES_M.Z00040","FX Reserves with Banks","30-Apr-1988","24","Million USD","Normal",""
"Gold and Foreign Exchange Reserves of Pakistan","TS_GP_EXT_PAKRES_M.Z00040","FX Reserves with Banks","31-Mar-1988","24","Million USD","Normal",""
"Gold and Foreign Exchange Reserves of Pakistan","TS_GP_EXT_PAKRES_M.Z00040","FX Reserves with Banks","29-Feb-1988","19","Million USD","Normal",""
"Gold and Foreign Exchange Reserves of Pakistan","TS_GP_EXT_PAKRES_M.Z00040","FX Reserves with Banks","31-Jan-1988","30","Million USD","Normal",""
"Gold and Foreign Exchange Reserves of Pakistan","TS_GP_EXT_PAKRES_M.Z00040","FX Reserves with Banks","31-Dec-1987","44","Million USD","Normal",""
"Gold and Foreign Exchange Reserves of Pakistan","TS_GP_EXT_PAKRES_M.Z00040","FX Reserves with Banks","30-Nov-1987","35","Million USD","Normal",""
"Gold and Foreign Exchange Reserves of Pakistan","TS_GP_EXT_PAKRES_M.Z00040","FX Reserves with Banks","31-Oct-1987","39","Million USD","Normal",""
"Gold and Foreign Exchange Reserves of Pakistan","TS_GP_EXT_PAKRES_M.Z00040","FX Reserves with Banks","30-Sep-1987","35","Million USD","Normal",""
"Gold and Foreign Exchange Reserves of Pakistan","TS_GP_EXT_PAKRES_M.Z00040","FX Reserves with Banks","31-Aug-1987","44","Million USD","Normal",""
"Gold and Foreign Exchange Reserves of Pakistan","TS_GP_EXT_PAKRES_M.Z00040","FX Reserves with Banks","31-Jul-1987","68","Million USD","Normal",""
"Gold and Foreign Exchange Reserves of Pakistan","TS_GP_EXT_PAKRES_M.Z00040","FX Reserves with Banks","30-Jun-1987","49","Million USD","Normal",""
"Gold and Foreign Exchange Reserves of Pakistan","TS_GP_EXT_PAKRES_M.Z00040","FX Reserves with Banks","31-May-1987","52","Million USD","Normal",""
"Gold and Foreign Exchange Reserves of Pakistan","TS_GP_EXT_PAKRES_M.Z00040","FX Reserves with Banks","30-Apr-1987","46","Million USD","Normal",""
"Gold and Foreign Exchange Reserves of Pakistan","TS_GP_EXT_PAKRES_M.Z00040","FX Reserves with Banks","31-Mar-1987","67","Million USD","Normal",""
"Gold and Foreign Exchange Reserves of Pakistan","TS_GP_EXT_PAKRES_M.Z00040","FX Reserves with Banks","28-Feb-1987","63","Million USD","Normal",""
"Gold and Foreign Exchange Reserves of Pakistan","TS_GP_EXT_PAKRES_M.Z00040","FX Reserves with Banks","31-Jan-1987","31","Million USD","Normal",""
"Gold and Foreign Exchange Reserves of Pakistan","TS_GP_EXT_PAKRES_M.Z00040","FX Reserves with Banks","31-Dec-1986","79","Million USD","Normal",""
"Gold and Foreign Exchange Reserves of Pakistan","TS_GP_EXT_PAKRES_M.Z00040","FX Reserves with Banks","30-Nov-1986","78","Million USD","Normal",""
"Gold and Foreign Exchange Reserves of Pakistan","TS_GP_EXT_PAKRES_M.Z00040","FX Reserves with Banks","31-Oct-1986","75","Million USD","Normal",""
"Gold and Foreign Exchange Reserves of Pakistan","TS_GP_EXT_PAKRES_M.Z00040","FX Reserves with Banks","30-Sep-1986","71","Million USD","Normal",""
"Gold and Foreign Exchange Reserves of Pakistan","TS_GP_EXT_PAKRES_M.Z00040","FX Reserves with Banks","31-Aug-1986","89","Million USD","Normal",""
"Gold and Foreign Exchange Reserves of Pakistan","TS_GP_EXT_PAKRES_M.Z00040","FX Reserves with Banks","31-Jul-1986","51","Million USD","Normal",""
"Gold and Foreign Exchange Reserves of Pakistan","TS_GP_EXT_PAKRES_M.Z00040","FX Reserves with Banks","30-Jun-1986","90","Million USD","Normal",""
"Gold and Foreign Exchange Reserves of Pakistan","TS_GP_EXT_PAKRES_M.Z00040","FX Reserves with Banks","31-May-1986","101","Million USD","Normal",""
"Gold and Foreign Exchange Reserves of Pakistan","TS_GP_EXT_PAKRES_M.Z00040","FX Reserves with Banks","30-Apr-1986","64","Million USD","Normal",""
"Gold and Foreign Exchange Reserves of Pakistan","TS_GP_EXT_PAKRES_M.Z00040","FX Reserves with Banks","31-Mar-1986","97","Million USD","Normal",""
"Gold and Foreign Exchange Reserves of Pakistan","TS_GP_EXT_PAKRES_M.Z00040","FX Reserves with Banks","28-Feb-1986","77","Million USD","Normal",""
"Gold and Foreign Exchange Reserves of Pakistan","TS_GP_EXT_PAKRES_M.Z00040","FX Reserves with Banks","31-Jan-1986","71","Million USD","Normal",""
"Gold and Foreign Exchange Reserves of Pakistan","TS_GP_EXT_PAKRES_M.Z00040","FX Reserves with Banks","31-Dec-1985","57","Million USD","Normal",""
"Gold and Foreign Exchange Reserves of Pakistan","TS_GP_EXT_PAKRES_M.Z00040","FX Reserves with Banks","30-Nov-1985","113","Million USD","Normal",""
"Gold and Foreign Exchange Reserves of Pakistan","TS_GP_EXT_PAKRES_M.Z00040","FX Reserves with Banks","31-Oct-1985","107","Million USD","Normal",""
"Gold and Foreign Exchange Reserves of Pakistan","TS_GP_EXT_PAKRES_M.Z00040","FX Reserves with Banks","30-Sep-1985","57","Million USD","Normal",""
"Gold and Foreign Exchange Reserves of Pakistan","TS_GP_EXT_PAKRES_M.Z00040","FX Reserves with Banks","31-Aug-1985","64","Million USD","Normal",""
"Gold and Foreign Exchange Reserves of Pakistan","TS_GP_EXT_PAKRES_M.Z00040","FX Reserves with Banks","31-Jul-1985","70","Million USD","Normal",""
"Gold and Foreign Exchange Reserves of Pakistan","TS_GP_EXT_PAKRES_M.Z00040","FX Reserves with Banks","30-Jun-1985","41","Million USD","Normal",""
"Gold and Foreign Exchange Reserves of Pakistan","TS_GP_EXT_PAKRES_M.Z00040","FX Reserves with Banks","31-May-1985","67","Million USD","Normal",""
"Gold and Foreign Exchange Reserves of Pakistan","TS_GP_EXT_PAKRES_M.Z00040","FX Reserves with Banks","30-Apr-1985","58","Million USD","Normal",""
"Gold and Foreign Exchange Reserves of Pakistan","TS_GP_EXT_PAKRES_M.Z00040","FX Reserves with Banks","31-Mar-1985","45","Million USD","Normal",""
"Gold and Foreign Exchange Reserves of Pakistan","TS_GP_EXT_PAKRES_M.Z00040","FX Reserves with Banks","28-Feb-1985","55","Million USD","Normal",""
"Gold and Foreign Exchange Reserves of Pakistan","TS_GP_EXT_PAKRES_M.Z00040","FX Reserves with Banks","31-Jan-1985","135","Million USD","Normal",""
"Gold and Foreign Exchange Reserves of Pakistan","TS_GP_EXT_PAKRES_M.Z00040","FX Reserves with Banks","31-Dec-1984","161","Million USD","Normal",""
"Gold and Foreign Exchange Reserves of Pakistan","TS_GP_EXT_PAKRES_M.Z00040","FX Reserves with Banks","30-Nov-1984","134","Million USD","Normal",""
"Gold and Foreign Exchange Reserves of Pakistan","TS_GP_EXT_PAKRES_M.Z00040","FX Reserves with Banks","31-Oct-1984","153","Million USD","Normal",""
"Gold and Foreign Exchange Reserves of Pakistan","TS_GP_EXT_PAKRES_M.Z00040","FX Reserves with Banks","30-Sep-1984","149","Million USD","Normal",""
"Gold and Foreign Exchange Reserves of Pakistan","TS_GP_EXT_PAKRES_M.Z00040","FX Reserves with Banks","31-Aug-1984","167","Million USD","Normal",""
"Gold and Foreign Exchange Reserves of Pakistan","TS_GP_EXT_PAKRES_M.Z00040","FX Reserves with Banks","31-Jul-1984","162","Million USD","Normal",""
"Gold and Foreign Exchange Reserves of Pakistan","TS_GP_EXT_PAKRES_M.Z00040","FX Reserves with Banks","30-Jun-1984","171","Million USD","Normal",""
"Gold and Foreign Exchange Reserves of Pakistan","TS_GP_EXT_PAKRES_M.Z00040","FX Reserves with Banks","31-May-1984","173","Million USD","Normal",""
"Gold and Foreign Exchange Reserves of Pakistan","TS_GP_EXT_PAKRES_M.Z00040","FX Reserves with Banks","30-Apr-1984","153","Million USD","Normal",""
"Gold and Foreign Exchange Reserves of Pakistan","TS_GP_EXT_PAKRES_M.Z00040","FX Reserves with Banks","31-Mar-1984","165","Million USD","Normal",""
"Gold and Foreign Exchange Reserves of Pakistan","TS_GP_EXT_PAKRES_M.Z00040","FX Reserves with Banks","29-Feb-1984","151","Million USD","Normal",""
"Gold and Foreign Exchange Reserves of Pakistan","TS_GP_EXT_PAKRES_M.Z00040","FX Reserves with Banks","31-Jan-1984","133","Million USD","Normal",""
"Gold and Foreign Exchange Reserves of Pakistan","TS_GP_EXT_PAKRES_M.Z00040","FX Reserves with Banks","31-Dec-1983","132","Million USD","Normal",""
"Gold and Foreign Exchange Reserves of Pakistan","TS_GP_EXT_PAKRES_M.Z00040","FX Reserves with Banks","30-Nov-1983","148","Million USD","Normal",""
"Gold and Foreign Exchange Reserves of Pakistan","TS_GP_EXT_PAKRES_M.Z00040","FX Reserves with Banks","31-Oct-1983","130","Million USD","Normal",""
"Gold and Foreign Exchange Reserves of Pakistan","TS_GP_EXT_PAKRES_M.Z00040","FX Reserves with Banks","30-Sep-1983","162","Million USD","Normal",""
"Gold and Foreign Exchange Reserves of Pakistan","TS_GP_EXT_PAKRES_M.Z00040","FX Reserves with Banks","31-Aug-1983","142","Million USD","Normal",""
"Gold and Foreign Exchange Reserves of Pakistan","TS_GP_EXT_PAKRES_M.Z00040","FX Reserves with Banks","31-Jul-1983","139","Million USD","Normal",""
"Gold and Foreign Exchange Reserves of Pakistan","TS_GP_EXT_PAKRES_M.Z00040","FX Reserves with Banks","30-Jun-1983","126","Million USD","Normal",""
"Gold and Foreign Exchange Reserves of Pakistan","TS_GP_EXT_PAKRES_M.Z00040","FX Reserves with Banks","31-May-1983","119","Million USD","Normal",""
"Gold and Foreign Exchange Reserves of Pakistan","TS_GP_EXT_PAKRES_M.Z00040","FX Reserves with Banks","30-Apr-1983","120","Million USD","Normal",""
"Gold and Foreign Exchange Reserves of Pakistan","TS_GP_EXT_PAKRES_M.Z00040","FX Reserves with Banks","31-Mar-1983","106","Million USD","Normal",""
"Gold and Foreign Exchange Reserves of Pakistan","TS_GP_EXT_PAKRES_M.Z00040","FX Reserves with Banks","28-Feb-1983","78","Million USD","Normal",""
"Gold and Foreign Exchange Reserves of Pakistan","TS_GP_EXT_PAKRES_M.Z00040","FX Reserves with Banks","31-Jan-1983","75","Million USD","Normal",""
"Gold and Foreign Exchange Reserves of Pakistan","TS_GP_EXT_PAKRES_M.Z00040","FX Reserves with Banks","31-Dec-1982","73","Million USD","Normal",""
"Gold and Foreign Exchange Reserves of Pakistan","TS_GP_EXT_PAKRES_M.Z00040","FX Reserves with Banks","30-Nov-1982","65","Million USD","Normal",""
"Gold and Foreign Exchange Reserves of Pakistan","TS_GP_EXT_PAKRES_M.Z00040","FX Reserves with Banks","31-Oct-1982","100","Million USD","Normal",""
"Gold and Foreign Exchange Reserves of Pakistan","TS_GP_EXT_PAKRES_M.Z00040","FX Reserves with Banks","30-Sep-1982","62","Million USD","Normal",""
"Gold and Foreign Exchange Reserves of Pakistan","TS_GP_EXT_PAKRES_M.Z00040","FX Reserves with Banks","31-Aug-1982","56","Million USD","Normal",""
"Gold and Foreign Exchange Reserves of Pakistan","TS_GP_EXT_PAKRES_M.Z00040","FX Reserves with Banks","31-Jul-1982","79","Million USD","Normal",""
"Gold and Foreign Exchange Reserves of Pakistan","TS_GP_EXT_PAKRES_M.Z00040","FX Reserves with Banks","30-Jun-1982","55","Million USD","Normal",""
"Gold and Foreign Exchange Reserves of Pakistan","TS_GP_EXT_PAKRES_M.Z00040","FX Reserves with Banks","31-May-1982","69","Million USD","Normal",""
"Gold and Foreign Exchange Reserves of Pakistan","TS_GP_EXT_PAKRES_M.Z00040","FX Reserves with Banks","30-Apr-1982","54","Million USD","Normal",""
"Gold and Foreign Exchange Reserves of Pakistan","TS_GP_EXT_PAKRES_M.Z00040","FX Reserves with Banks","31-Mar-1982","69","Million USD","Normal",""
"Gold and Foreign Exchange Reserves of Pakistan","TS_GP_EXT_PAKRES_M.Z00040","FX Reserves with Banks","28-Feb-1982","78","Million USD","Normal",""
"Gold and Foreign Exchange Reserves of Pakistan","TS_GP_EXT_PAKRES_M.Z00040","FX Reserves with Banks","31-Jan-1982","71","Million USD","Normal",""
"Gold and Foreign Exchange Reserves of Pakistan","TS_GP_EXT_PAKRES_M.Z00040","FX Reserves with Banks","31-Dec-1981","83","Million USD","Normal",""
"Gold and Foreign Exchange Reserves of Pakistan","TS_GP_EXT_PAKRES_M.Z00040","FX Reserves with Banks","30-Nov-1981","73","Million USD","Normal",""
"Gold and Foreign Exchange Reserves of Pakistan","TS_GP_EXT_PAKRES_M.Z00040","FX Reserves with Banks","31-Oct-1981","85","Million USD","Normal",""
"Gold and Foreign Exchange Reserves of Pakistan","TS_GP_EXT_PAKRES_M.Z00040","FX Reserves with Banks","30-Sep-1981","96","Million USD","Normal",""
"Gold and Foreign Exchange Reserves of Pakistan","TS_GP_EXT_PAKRES_M.Z00040","FX Reserves with Banks","31-Aug-1981","84","Million USD","Normal",""
"Gold and Foreign Exchange Reserves of Pakistan","TS_GP_EXT_PAKRES_M.Z00040","FX Reserves with Banks","31-Jul-1981","80","Million USD","Normal",""
"Gold and Foreign Exchange Reserves of Pakistan","TS_GP_EXT_PAKRES_M.Z00040","FX Reserves with Banks","30-Jun-1981","42","Million USD","Normal",""
"Gold and Foreign Exchange Reserves of Pakistan","TS_GP_EXT_PAKRES_M.Z00040","FX Reserves with Banks","31-May-1981","77","Million USD","Normal",""
"Gold and Foreign Exchange Reserves of Pakistan","TS_GP_EXT_PAKRES_M.Z00040","FX Reserves with Banks","30-Apr-1981","64","Million USD","Normal",""
"Gold and Foreign Exchange Reserves of Pakistan","TS_GP_EXT_PAKRES_M.Z00040","FX Reserves with Banks","31-Mar-1981","76","Million USD","Normal",""
"Gold and Foreign Exchange Reserves of Pakistan","TS_GP_EXT_PAKRES_M.Z00040","FX Reserves with Banks","28-Feb-1981","84","Million USD","Normal",""
"Gold and Foreign Exchange Reserves of Pakistan","TS_GP_EXT_PAKRES_M.Z00040","FX Reserves with Banks","31-Jan-1981","83","Million USD","Normal",""
"Gold and Foreign Exchange Reserves of Pakistan","TS_GP_EXT_PAKRES_M.Z00040","FX Reserves with Banks","31-Dec-1980","140","Million USD","Normal",""
"Gold and Foreign Exchange Reserves of Pakistan","TS_GP_EXT_PAKRES_M.Z00040","FX Reserves with Banks","30-Nov-1980","113","Million USD","Normal",""
"Gold and Foreign Exchange Reserves of Pakistan","TS_GP_EXT_PAKRES_M.Z00040","FX Reserves with Banks","31-Oct-1980","111","Million USD","Normal",""
"Gold and Foreign Exchange Reserves of Pakistan","TS_GP_EXT_PAKRES_M.Z00040","FX Reserves with Banks","30-Sep-1980","101","Million USD","Normal",""
"Gold and Foreign Exchange Reserves of Pakistan","TS_GP_EXT_PAKRES_M.Z00040","FX Reserves with Banks","31-Aug-1980","87","Million USD","Normal",""
"Gold and Foreign Exchange Reserves of Pakistan","TS_GP_EXT_PAKRES_M.Z00040","FX Reserves with Banks","31-Jul-1980","91","Million USD","Normal",""
"Gold and Foreign Exchange Reserves of Pakistan","TS_GP_EXT_PAKRES_M.Z00040","FX Reserves with Banks","30-Jun-1980","45","Million USD","Normal",""
"Gold and Foreign Exchange Reserves of Pakistan","TS_GP_EXT_PAKRES_M.Z00040","FX Reserves with Banks","31-May-1980","67","Million USD","Normal",""
"Gold and Foreign Exchange Reserves of Pakistan","TS_GP_EXT_PAKRES_M.Z00040","FX Reserves with Banks","30-Apr-1980","50","Million USD","Normal",""
"Gold and Foreign Exchange Reserves of Pakistan","TS_GP_EXT_PAKRES_M.Z00040","FX Reserves with Banks","31-Mar-1980","26","Million USD","Normal",""
"Gold and Foreign Exchange Reserves of Pakistan","TS_GP_EXT_PAKRES_M.Z00040","FX Reserves with Banks","29-Feb-1980","39","Million USD","Normal",""
"Gold and Foreign Exchange Reserves of Pakistan","TS_GP_EXT_PAKRES_M.Z00040","FX Reserves with Banks","31-Jan-1980","59","Million USD","Normal",""
"Gold and Foreign Exchange Reserves of Pakistan","TS_GP_EXT_PAKRES_M.Z00040","FX Reserves with Banks","31-Dec-1979","54","Million USD","Normal",""
"Gold and Foreign Exchange Reserves of Pakistan","TS_GP_EXT_PAKRES_M.Z00040","FX Reserves with Banks","30-Nov-1979","43","Million USD","Normal",""
"Gold and Foreign Exchange Reserves of Pakistan","TS_GP_EXT_PAKRES_M.Z00040","FX Reserves with Banks","31-Oct-1979","36","Million USD","Normal",""
"Gold and Foreign Exchange Reserves of Pakistan","TS_GP_EXT_PAKRES_M.Z00040","FX Reserves with Banks","30-Sep-1979","40","Million USD","Normal",""
"Gold and Foreign Exchange Reserves of Pakistan","TS_GP_EXT_PAKRES_M.Z00040","FX Reserves with Banks","31-Aug-1979","63","Million USD","Normal",""
"Gold and Foreign Exchange Reserves of Pakistan","TS_GP_EXT_PAKRES_M.Z00040","FX Reserves with Banks","31-Jul-1979","73","Million USD","Normal",""
"Gold and Foreign Exchange Reserves of Pakistan","TS_GP_EXT_PAKRES_M.Z00040","FX Reserves with Banks","30-Jun-1979","42","Million USD","Normal",""
"Gold and Foreign Exchange Reserves of Pakistan","TS_GP_EXT_PAKRES_M.Z00040","FX Reserves with Banks","31-May-1979","30","Million USD","Normal",""
"Gold and Foreign Exchange Reserves of Pakistan","TS_GP_EXT_PAKRES_M.Z00040","FX Reserves with Banks","30-Apr-1979","17","Million USD","Normal",""
"Gold and Foreign Exchange Reserves of Pakistan","TS_GP_EXT_PAKRES_M.Z00040","FX Reserves with Banks","31-Mar-1979","29","Million USD","Normal",""
"Gold and Foreign Exchange Reserves of Pakistan","TS_GP_EXT_PAKRES_M.Z00040","FX Reserves with Banks","28-Feb-1979","25","Million USD","Normal",""
"Gold and Foreign Exchange Reserves of Pakistan","TS_GP_EXT_PAKRES_M.Z00040","FX Reserves with Banks","31-Jan-1979","34","Million USD","Normal",""
"Gold and Foreign Exchange Reserves of Pakistan","TS_GP_EXT_PAKRES_M.Z00040","FX Reserves with Banks","31-Dec-1978","34","Million USD","Normal",""
"Gold and Foreign Exchange Reserves of Pakistan","TS_GP_EXT_PAKRES_M.Z00040","FX Reserves with Banks","30-Nov-1978","19","Million USD","Normal",""
"Gold and Foreign Exchange Reserves of Pakistan","TS_GP_EXT_PAKRES_M.Z00040","FX Reserves with Banks","31-Oct-1978","14","Million USD","Normal",""
"Gold and Foreign Exchange Reserves of Pakistan","TS_GP_EXT_PAKRES_M.Z00040","FX Reserves with Banks","30-Sep-1978","14","Million USD","Normal",""
"Gold and Foreign Exchange Reserves of Pakistan","TS_GP_EXT_PAKRES_M.Z00040","FX Reserves with Banks","31-Aug-1978","15","Million USD","Normal",""
"Gold and Foreign Exchange Reserves of Pakistan","TS_GP_EXT_PAKRES_M.Z00040","FX Reserves with Banks","31-Jul-1978","11","Million USD","Normal",""
"Gold and Foreign Exchange Reserves of Pakistan","TS_GP_EXT_PAKRES_M.Z00040","FX Reserves with Banks","30-Jun-1978","12","Million USD","Normal",""
"Gold and Foreign Exchange Reserves of Pakistan","TS_GP_EXT_PAKRES_M.Z00040","FX Reserves with Banks","31-May-1978","19","Million USD","Normal",""
"Gold and Foreign Exchange Reserves of Pakistan","TS_GP_EXT_PAKRES_M.Z00040","FX Reserves with Banks","30-Apr-1978","7","Million USD","Normal",""
"Gold and Foreign Exchange Reserves of Pakistan","TS_GP_EXT_PAKRES_M.Z00040","FX Reserves with Banks","31-Mar-1978","-4","Million USD","Normal",""
"Gold and Foreign Exchange Reserves of Pakistan","TS_GP_EXT_PAKRES_M.Z00040","FX Reserves with Banks","28-Feb-1978","-8","Million USD","Normal",""
"Gold and Foreign Exchange Reserves of Pakistan","TS_GP_EXT_PAKRES_M.Z00040","FX Reserves with Banks","31-Jan-1978","9","Million USD","Normal",""
"Gold and Foreign Exchange Reserves of Pakistan","TS_GP_EXT_PAKRES_M.Z00040","FX Reserves with Banks","31-Dec-1977","29","Million USD","Normal",""
"Gold and Foreign Exchange Reserves of Pakistan","TS_GP_EXT_PAKRES_M.Z00040","FX Reserves with Banks","30-Nov-1977","14","Million USD","Normal",""
"Gold and Foreign Exchange Reserves of Pakistan","TS_GP_EXT_PAKRES_M.Z00040","FX Reserves with Banks","31-Oct-1977","20","Million USD","Normal",""
"Gold and Foreign Exchange Reserves of Pakistan","TS_GP_EXT_PAKRES_M.Z00040","FX Reserves with Banks","30-Sep-1977","12","Million USD","Normal",""
"Gold and Foreign Exchange Reserves of Pakistan","TS_GP_EXT_PAKRES_M.Z00040","FX Reserves with Banks","31-Aug-1977","20","Million USD","Normal",""
"Gold and Foreign Exchange Reserves of Pakistan","TS_GP_EXT_PAKRES_M.Z00040","FX Reserves with Banks","31-Jul-1977","12","Million USD","Normal",""
"Gold and Foreign Exchange Reserves of Pakistan","TS_GP_EXT_PAKRES_M.Z00040","FX Reserves with Banks","30-Jun-1977","6","Million USD","Normal",""
"Gold and Foreign Exchange Reserves of Pakistan","TS_GP_EXT_PAKRES_M.Z00040","FX Reserves with Banks","31-May-1977","5","Million USD","Normal",""
"Gold and Foreign Exchange Reserves of Pakistan","TS_GP_EXT_PAKRES_M.Z00040","FX Reserves with Banks","30-Apr-1977","5","Million USD","Normal",""
"Gold and Foreign Exchange Reserves of Pakistan","TS_GP_EXT_PAKRES_M.Z00040","FX Reserves with Banks","31-Mar-1977","-2","Million USD","Normal",""
"Gold and Foreign Exchange Reserves of Pakistan","TS_GP_EXT_PAKRES_M.Z00040","FX Reserves with Banks","28-Feb-1977","3","Million USD","Normal",""
"Gold and Foreign Exchange Reserves of Pakistan","TS_GP_EXT_PAKRES_M.Z00040","FX Reserves with Banks","31-Jan-1977","-7","Million USD","Normal",""
"Gold and Foreign Exchange Reserves of Pakistan","TS_GP_EXT_PAKRES_M.Z00040","FX Reserves with Banks","31-Dec-1976","-4","Million USD","Normal",""
"Gold and Foreign Exchange Reserves of Pakistan","TS_GP_EXT_PAKRES_M.Z00040","FX Reserves with Banks","30-Nov-1976","-4","Million USD","Normal",""
"Gold and Foreign Exchange Reserves of Pakistan","TS_GP_EXT_PAKRES_M.Z00040","FX Reserves with Banks","31-Oct-1976","1","Million USD","Normal",""
"Gold and Foreign Exchange Reserves of Pakistan","TS_GP_EXT_PAKRES_M.Z00040","FX Reserves with Banks","30-Sep-1976","10","Million USD","Normal",""
"Gold and Foreign Exchange Reserves of Pakistan","TS_GP_EXT_PAKRES_M.Z00040","FX Reserves with Banks","31-Aug-1976","14","Million USD","Normal",""
"Gold and Foreign Exchange Reserves of Pakistan","TS_GP_EXT_PAKRES_M.Z00040","FX Reserves with Banks","31-Jul-1976","-3","Million USD","Normal",""
"Gold and Foreign Exchange Reserves of Pakistan","TS_GP_EXT_PAKRES_M.Z00040","FX Reserves with Banks","30-Jun-1976","12","Million USD","Normal",""
"Gold and Foreign Exchange Reserves of Pakistan","TS_GP_EXT_PAKRES_M.Z00040","FX Reserves with Banks","31-May-1976","18","Million USD","Normal",""
"Gold and Foreign Exchange Reserves of Pakistan","TS_GP_EXT_PAKRES_M.Z00040","FX Reserves with Banks","30-Apr-1976","15","Million USD","Normal",""
"Gold and Foreign Exchange Reserves of Pakistan","TS_GP_EXT_PAKRES_M.Z00040","FX Reserves with Banks","31-Mar-1976","7","Million USD","Normal",""
"Gold and Foreign Exchange Reserves of Pakistan","TS_GP_EXT_PAKRES_M.Z00040","FX Reserves with Banks","29-Feb-1976","5","Million USD","Normal",""
"Gold and Foreign Exchange Reserves of Pakistan","TS_GP_EXT_PAKRES_M.Z00040","FX Reserves with Banks","31-Jan-1976","21","Million USD","Normal",""
"Gold and Foreign Exchange Reserves of Pakistan","TS_GP_EXT_PAKRES_M.Z00040","FX Reserves with Banks","31-Dec-1975","33","Million USD","Normal",""
"Gold and Foreign Exchange Reserves of Pakistan","TS_GP_EXT_PAKRES_M.Z00040","FX Reserves with Banks","30-Nov-1975","27","Million USD","Normal",""
"Gold and Foreign Exchange Reserves of Pakistan","TS_GP_EXT_PAKRES_M.Z00040","FX Reserves with Banks","31-Oct-1975","16","Million USD","Normal",""
"Gold and Foreign Exchange Reserves of Pakistan","TS_GP_EXT_PAKRES_M.Z00040","FX Reserves with Banks","30-Sep-1975","-10","Million USD","Normal",""
"Gold and Foreign Exchange Reserves of Pakistan","TS_GP_EXT_PAKRES_M.Z00040","FX Reserves with Banks","31-Aug-1975","2","Million USD","Normal",""
"Gold and Foreign Exchange Reserves of Pakistan","TS_GP_EXT_PAKRES_M.Z00040","FX Reserves with Banks","31-Jul-1975","11","Million USD","Normal",""
"Gold and Foreign Exchange Reserves of Pakistan","TS_GP_EXT_PAKRES_M.Z00040","FX Reserves with Banks","30-Jun-1975","15","Million USD","Normal",""
"Gold and Foreign Exchange Reserves of Pakistan","TS_GP_EXT_PAKRES_M.Z00040","FX Reserves with Banks","31-May-1975","27","Million USD","Normal",""
"Gold and Foreign Exchange Reserves of Pakistan","TS_GP_EXT_PAKRES_M.Z00040","FX Reserves with Banks","30-Apr-1975","5","Million USD","Normal",""
"Gold and Foreign Exchange Reserves of Pakistan","TS_GP_EXT_PAKRES_M.Z00040","FX Reserves with Banks","31-Mar-1975","17","Million USD","Normal",""
"Gold and Foreign Exchange Reserves of Pakistan","TS_GP_EXT_PAKRES_M.Z00040","FX Reserves with Banks","28-Feb-1975","9","Million USD","Normal",""
"Gold and Foreign Exchange Reserves of Pakistan","TS_GP_EXT_PAKRES_M.Z00040","FX Reserves with Banks","31-Jan-1975","20","Million USD","Normal",""
"Gold and Foreign Exchange Reserves of Pakistan","TS_GP_EXT_PAKRES_M.Z00040","FX Reserves with Banks","31-Dec-1974","29","Million USD","Normal",""
"Gold and Foreign Exchange Reserves of Pakistan","TS_GP_EXT_PAKRES_M.Z00040","FX Reserves with Banks","30-Nov-1974","24","Million USD","Normal",""
"Gold and Foreign Exchange Reserves of Pakistan","TS_GP_EXT_PAKRES_M.Z00040","FX Reserves with Banks","31-Oct-1974","19","Million USD","Normal",""
"Gold and Foreign Exchange Reserves of Pakistan","TS_GP_EXT_PAKRES_M.Z00040","FX Reserves with Banks","30-Sep-1974","20","Million USD","Normal",""
"Gold and Foreign Exchange Reserves of Pakistan","TS_GP_EXT_PAKRES_M.Z00040","FX Reserves with Banks","31-Aug-1974","27","Million USD","Normal",""
"Gold and Foreign Exchange Reserves of Pakistan","TS_GP_EXT_PAKRES_M.Z00040","FX Reserves with Banks","31-Jul-1974","30","Million USD","Normal",""
"Gold and Foreign Exchange Reserves of Pakistan","TS_GP_EXT_PAKRES_M.Z00040","FX Reserves with Banks","30-Jun-1974","31","Million USD","Normal",""
"Gold and Foreign Exchange Reserves of Pakistan","TS_GP_EXT_PAKRES_M.Z00040","FX Reserves with Banks","31-May-1974","25","Million USD","Normal",""
"Gold and Foreign Exchange Reserves of Pakistan","TS_GP_EXT_PAKRES_M.Z00040","FX Reserves with Banks","30-Apr-1974","15","Million USD","Normal",""
"Gold and Foreign Exchange Reserves of Pakistan","TS_GP_EXT_PAKRES_M.Z00040","FX Reserves with Banks","31-Mar-1974","9","Million USD","Normal",""
"Gold and Foreign Exchange Reserves of Pakistan","TS_GP_EXT_PAKRES_M.Z00040","FX Reserves with Banks","28-Feb-1974","7","Million USD","Normal",""
"Gold and Foreign Exchange Reserves of Pakistan","TS_GP_EXT_PAKRES_M.Z00040","FX Reserves with Banks","31-Jan-1974","18","Million USD","Normal",""
"Gold and Foreign Exchange Reserves of Pakistan","TS_GP_EXT_PAKRES_M.Z00040","FX Reserves with Banks","31-Dec-1973","16","Million USD","Normal",""
"Gold and Foreign Exchange Reserves of Pakistan","TS_GP_EXT_PAKRES_M.Z00040","FX Reserves with Banks","30-Nov-1973","13","Million USD","Normal",""
"Gold and Foreign Exchange Reserves of Pakistan","TS_GP_EXT_PAKRES_M.Z00040","FX Reserves with Banks","31-Oct-1973","17","Million USD","Normal",""
"Gold and Foreign Exchange Reserves of Pakistan","TS_GP_EXT_PAKRES_M.Z00040","FX Reserves with Banks","30-Sep-1973","12","Million USD","Normal",""
"Gold and Foreign Exchange Reserves of Pakistan","TS_GP_EXT_PAKRES_M.Z00040","FX Reserves with Banks","31-Aug-1973","5","Million USD","Normal",""
"Gold and Foreign Exchange Reserves of Pakistan","TS_GP_EXT_PAKRES_M.Z00040","FX Reserves with Banks","31-Jul-1973","10","Million USD","Normal",""
"Gold and Foreign Exchange Reserves of Pakistan","TS_GP_EXT_PAKRES_M.Z00040","FX Reserves with Banks","30-Jun-1973","3","Million USD","Normal",""
"Gold and Foreign Exchange Reserves of Pakistan","TS_GP_EXT_PAKRES_M.Z00040","FX Reserves with Banks","31-May-1973","3","Million USD","Normal",""
"Gold and Foreign Exchange Reserves of Pakistan","TS_GP_EXT_PAKRES_M.Z00040","FX Reserves with Banks","30-Apr-1973","5","Million USD","Normal",""
"Gold and Foreign Exchange Reserves of Pakistan","TS_GP_EXT_PAKRES_M.Z00040","FX Reserves with Banks","31-Mar-1973","7","Million USD","Normal",""
"Gold and Foreign Exchange Reserves of Pakistan","TS_GP_EXT_PAKRES_M.Z00040","FX Reserves with Banks","28-Feb-1973","11","Million USD","Normal",""
"Gold and Foreign Exchange Reserves of Pakistan","TS_GP_EXT_PAKRES_M.Z00040","FX Reserves with Banks","31-Jan-1973","3","Million USD","Normal",""
"Gold and Foreign Exchange Reserves of Pakistan","TS_GP_EXT_PAKRES_M.Z00040","FX Reserves with Banks","31-Dec-1972","1","Million USD","Normal",""
"Gold and Foreign Exchange Reserves of Pakistan","TS_GP_EXT_PAKRES_M.Z00040","FX Reserves with Banks","30-Nov-1972","7","Million USD","Normal",""
"Gold and Foreign Exchange Reserves of Pakistan","TS_GP_EXT_PAKRES_M.Z00040","FX Reserves with Banks","31-Oct-1972","5","Million USD","Normal",""
"Gold and Foreign Exchange Reserves of Pakistan","TS_GP_EXT_PAKRES_M.Z00040","FX Reserves with Banks","30-Sep-1972","8","Million USD","Normal",""
"Gold and Foreign Exchange Reserves of Pakistan","TS_GP_EXT_PAKRES_M.Z00040","FX Reserves with Banks","31-Aug-1972","6","Million USD","Normal",""
"Gold and Foreign Exchange Reserves of Pakistan","TS_GP_EXT_PAKRES_M.Z00040","FX Reserves with Banks","31-Jul-1972","11","Million USD","Normal",""
"Gold and Foreign Exchange Reserves of Pakistan","TS_GP_EXT_PAKRES_M.Z00040","FX Reserves with Banks","30-Jun-1972","14","Million USD","Normal",""
"Gold and Foreign Exchange Reserves of Pakistan","TS_GP_EXT_PAKRES_M.Z00040","FX Reserves with Banks","31-May-1972","21","Million USD","Normal",""
"Gold and Foreign Exchange Reserves of Pakistan","TS_GP_EXT_PAKRES_M.Z00040","FX Reserves with Banks","30-Apr-1972","17","Million USD","Normal",""
"Gold and Foreign Exchange Reserves of Pakistan","TS_GP_EXT_PAKRES_M.Z00040","FX Reserves with Banks","31-Mar-1972","14","Million USD","Normal",""
"Gold and Foreign Exchange Reserves of Pakistan","TS_GP_EXT_PAKRES_M.Z00040","FX Reserves with Banks","29-Feb-1972","22","Million USD","Normal",""
"Gold and Foreign Exchange Reserves of Pakistan","TS_GP_EXT_PAKRES_M.Z00040","FX Reserves with Banks","31-Jan-1972","15","Million USD","Normal",""
"Gold and Foreign Exchange Reserves of Pakistan","TS_GP_EXT_PAKRES_M.Z00040","FX Reserves with Banks","31-Dec-1971","18","Million USD","Normal",""
"Gold and Foreign Exchange Reserves of Pakistan","TS_GP_EXT_PAKRES_M.Z00040","FX Reserves with Banks","30-Nov-1971","18","Million USD","Normal",""
"Gold and Foreign Exchange Reserves of Pakistan","TS_GP_EXT_PAKRES_M.Z00040","FX Reserves with Banks","31-Oct-1971","19","Million USD","Normal",""
"Gold and Foreign Exchange Reserves of Pakistan","TS_GP_EXT_PAKRES_M.Z00040","FX Reserves with Banks","30-Sep-1971","20","Million USD","Normal",""
"Gold and Foreign Exchange Reserves of Pakistan","TS_GP_EXT_PAKRES_M.Z00040","FX Reserves with Banks","31-Aug-1971","22","Million USD","Normal",""
"Gold and Foreign Exchange Reserves of Pakistan","TS_GP_EXT_PAKRES_M.Z00040","FX Reserves with Banks","31-Jul-1971","18","Million USD","Normal",""
"Gold and Foreign Exchange Reserves of Pakistan","TS_GP_EXT_PAKRES_M.Z00040","FX Reserves with Banks","30-Jun-1971","19","Million USD","Normal",""
