Dataset,Series Key,Series,Observation Date,Observation Value,Unit,Observation Status,Observation Status Comment
Monthly Summary of Balance of Payments as per BPM6,TS_GP_BOP_BPM6SUM_M.P00040,Imports of goods FOB,31-Jul-13,3458,Million USD,Normal,
Monthly Summary of Balance of Payments as per BPM6,TS_GP_BOP_BPM6SUM_M.P00040,Imports of goods FOB,31-Aug-13,3468,Million USD,Normal,
Monthly Summary of Balance of Payments as per BPM6,TS_GP_BOP_BPM6SUM_M.P00040,Imports of goods FOB,30-Sep-13,3715,Million USD,Normal,
Monthly Summary of Balance of Payments as per BPM6,TS_GP_BOP_BPM6SUM_M.P00040,Imports of goods FOB,31-Oct-13,3617,Million USD,Normal,
Monthly Summary of Balance of Payments as per BPM6,TS_GP_BOP_BPM6SUM_M.P00040,Imports of goods FOB,30-Nov-13,3265,Million USD,Normal,
Monthly Summary of Balance of Payments as per BPM6,TS_GP_BOP_BPM6SUM_M.P00040,Imports of goods FOB,31-Dec-13,3594,Million USD,Normal,
Monthly Summary of Balance of Payments as per BPM6,TS_GP_BOP_BPM6SUM_M.P00040,Imports of goods FOB,31-Jan-14,3596,Million USD,Normal,
Monthly Summary of Balance of Payments as per BPM6,TS_GP_BOP_BPM6SUM_M.P00040,Imports of goods FOB,28-Feb-14,3159,Million USD,Normal,
Monthly Summary of Balance of Payments as per BPM6,TS_GP_BOP_BPM6SUM_M.P00040,Imports of goods FOB,31-Mar-14,3354,Million USD,Normal,
Monthly Summary of Balance of Payments as per BPM6,TS_GP_BOP_BPM6SUM_M.P00040,Imports of goods FOB,30-Apr-14,3329,Million USD,Normal,
Monthly Summary of Balance of Payments as per BPM6,TS_GP_BOP_BPM6SUM_M.P00040,Imports of goods FOB,31-May-14,3531,Million USD,Normal,
Monthly Summary of Balance of Payments as per BPM6,TS_GP_BOP_BPM6SUM_M.P00040,Imports of goods FOB,30-Jun-14,3582,Million USD,Normal,
Monthly Summary of Balance of Payments as per BPM6,TS_GP_BOP_BPM6SUM_M.P00040,Imports of goods FOB,31-Jul-14,4021,Million USD,Normal,
Monthly Summary of Balance of Payments as per BPM6,TS_GP_BOP_BPM6SUM_M.P00040,Imports of goods FOB,31-Aug-14,3932,Million USD,Normal,
Monthly Summary of Balance of Payments as per BPM6,TS_GP_BOP_BPM6SUM_M.P00040,Imports of goods FOB,30-Sep-14,4092,Million USD,Normal,
Monthly Summary of Balance of Payments as per BPM6,TS_GP_BOP_BPM6SUM_M.P00040,Imports of goods FOB,31-Oct-14,3570,Million USD,Normal,
Monthly Summary of Balance of Payments as per BPM6,TS_GP_BOP_BPM6SUM_M.P00040,Imports of goods FOB,30-Nov-14,3100,Million USD,Normal,
Monthly Summary of Balance of Payments as per BPM6,TS_GP_BOP_BPM6SUM_M.P00040,Imports of goods FOB,31-Dec-14,3409,Million USD,Normal,
Monthly Summary of Balance of Payments as per BPM6,TS_GP_BOP_BPM6SUM_M.P00040,Imports of goods FOB,31-Jan-15,3015,Million USD,Normal,
Monthly Summary of Balance of Payments as per BPM6,TS_GP_BOP_BPM6SUM_M.P00040,Imports of goods FOB,28-Feb-15,2799,Million USD,Normal,
Monthly Summary of Balance of Payments as per BPM6,TS_GP_BOP_BPM6SUM_M.P00040,Imports of goods FOB,31-Mar-15,3294,Million USD,Normal,
Monthly Summary of Balance of Payments as per BPM6,TS_GP_BOP_BPM6SUM_M.P00040,Imports of goods FOB,30-Apr-15,3045,Million USD,Normal,
Monthly Summary of Balance of Payments as per BPM6,TS_GP_BOP_BPM6SUM_M.P00040,Imports of goods FOB,31-May-15,3470,Million USD,Normal,
Monthly Summary of Balance of Payments as per BPM6,TS_GP_BOP_BPM6SUM_M.P00040,Imports of goods FOB,30-Jun-15,3610,Million USD,Normal,
Monthly Summary of Balance of Payments as per BPM6,TS_GP_BOP_BPM6SUM_M.P00040,Imports of goods FOB,31-Jul-15,3596,Million USD,Normal,
Monthly Summary of Balance of Payments as per BPM6,TS_GP_BOP_BPM6SUM_M.P00040,Imports of goods FOB,31-Aug-15,3222,Million USD,Normal,
Monthly Summary of Balance of Payments as per BPM6,TS_GP_BOP_BPM6SUM_M.P00040,Imports of goods FOB,30-Sep-15,3257,Million USD,Normal,
Monthly Summary of Balance of Payments as per BPM6,TS_GP_BOP_BPM6SUM_M.P00040,Imports of goods FOB,31-Oct-15,3254,Million USD,Normal,
Monthly Summary of Balance of Payments as per BPM6,TS_GP_BOP_BPM6SUM_M.P00040,Imports of goods FOB,30-Nov-15,3152,Million USD,Normal,
Monthly Summary of Balance of Payments as per BPM6,TS_GP_BOP_BPM6SUM_M.P00040,Imports of goods FOB,31-Dec-15,4101,Million USD,Normal,
Monthly Summary of Balance of Payments as per BPM6,TS_GP_BOP_BPM6SUM_M.P00040,Imports of goods FOB,31-Jan-16,3357,Million USD,Normal,
Monthly Summary of Balance of Payments as per BPM6,TS_GP_BOP_BPM6SUM_M.P00040,Imports of goods FOB,29-Feb-16,3086,Million USD,Normal,
Monthly Summary of Balance of Payments as per BPM6,TS_GP_BOP_BPM6SUM_M.P00040,Imports of goods FOB,31-Mar-16,3321,Million USD,Normal,
Monthly Summary of Balance of Payments as per BPM6,TS_GP_BOP_BPM6SUM_M.P00040,Imports of goods FOB,30-Apr-16,3168,Million USD,Normal,
Monthly Summary of Balance of Payments as per BPM6,TS_GP_BOP_BPM6SUM_M.P00040,Imports of goods FOB,31-May-16,3577,Million USD,Normal,
Monthly Summary of Balance of Payments as per BPM6,TS_GP_BOP_BPM6SUM_M.P00040,Imports of goods FOB,30-Jun-16,4027,Million USD,Normal,
Monthly Summary of Balance of Payments as per BPM6,TS_GP_BOP_BPM6SUM_M.P00040,Imports of goods FOB,31-Jul-16,3119,Million USD,Normal,
Monthly Summary of Balance of Payments as per BPM6,TS_GP_BOP_BPM6SUM_M.P00040,Imports of goods FOB,31-Aug-16,3916,Million USD,Normal,
Monthly Summary of Balance of Payments as per BPM6,TS_GP_BOP_BPM6SUM_M.P00040,Imports of goods FOB,30-Sep-16,3125,Million USD,Normal,
Monthly Summary of Balance of Payments as per BPM6,TS_GP_BOP_BPM6SUM_M.P00040,Imports of goods FOB,31-Oct-16,3482,Million USD,Normal,
Monthly Summary of Balance of Payments as per BPM6,TS_GP_BOP_BPM6SUM_M.P00040,Imports of goods FOB,30-Nov-16,3940,Million USD,Normal,
Monthly Summary of Balance of Payments as per BPM6,TS_GP_BOP_BPM6SUM_M.P00040,Imports of goods FOB,31-Dec-16,4082,Million USD,Normal,
Monthly Summary of Balance of Payments as per BPM6,TS_GP_BOP_BPM6SUM_M.P00040,Imports of goods FOB,31-Jan-17,4327,Million USD,Normal,
Monthly Summary of Balance of Payments as per BPM6,TS_GP_BOP_BPM6SUM_M.P00040,Imports of goods FOB,28-Feb-17,4021,Million USD,Normal,
Monthly Summary of Balance of Payments as per BPM6,TS_GP_BOP_BPM6SUM_M.P00040,Imports of goods FOB,31-Mar-17,4348,Million USD,Normal,
Monthly Summary of Balance of Payments as per BPM6,TS_GP_BOP_BPM6SUM_M.P00040,Imports of goods FOB,30-Apr-17,4072,Million USD,Normal,
Monthly Summary of Balance of Payments as per BPM6,TS_GP_BOP_BPM6SUM_M.P00040,Imports of goods FOB,31-May-17,4583,Million USD,Normal,
Monthly Summary of Balance of Payments as per BPM6,TS_GP_BOP_BPM6SUM_M.P00040,Imports of goods FOB,30-Jun-17,4986,Million USD,Normal,
Monthly Summary of Balance of Payments as per BPM6,TS_GP_BOP_BPM6SUM_M.P00040,Imports of goods FOB,31-Jul-17,4799,Million USD,Normal,
Monthly Summary of Balance of Payments as per BPM6,TS_GP_BOP_BPM6SUM_M.P00040,Imports of goods FOB,31-Aug-17,4530,Million USD,Normal,
Monthly Summary of Balance of Payments as per BPM6,TS_GP_BOP_BPM6SUM_M.P00040,Imports of goods FOB,30-Sep-17,3884,Million USD,Normal,
Monthly Summary of Balance of Payments as per BPM6,TS_GP_BOP_BPM6SUM_M.P00040,Imports of goods FOB,31-Oct-17,4395,Million USD,Normal,
Monthly Summary of Balance of Payments as per BPM6,TS_GP_BOP_BPM6SUM_M.P00040,Imports of goods FOB,30-Nov-17,4515,Million USD,Normal,
Monthly Summary of Balance of Payments as per BPM6,TS_GP_BOP_BPM6SUM_M.P00040,Imports of goods FOB,31-Dec-17,4297,Million USD,Normal,
Monthly Summary of Balance of Payments as per BPM6,TS_GP_BOP_BPM6SUM_M.P00040,Imports of goods FOB,31-Jan-18,4930,Million USD,Normal,
Monthly Summary of Balance of Payments as per BPM6,TS_GP_BOP_BPM6SUM_M.P00040,Imports of goods FOB,28-Feb-18,4260,Million USD,Normal,
Monthly Summary of Balance of Payments as per BPM6,TS_GP_BOP_BPM6SUM_M.P00040,Imports of goods FOB,31-Mar-18,5066,Million USD,Normal,
Monthly Summary of Balance of Payments as per BPM6,TS_GP_BOP_BPM6SUM_M.P00040,Imports of goods FOB,30-Apr-18,4846,Million USD,Normal,
Monthly Summary of Balance of Payments as per BPM6,TS_GP_BOP_BPM6SUM_M.P00040,Imports of goods FOB,31-May-18,5075,Million USD,Normal,
Monthly Summary of Balance of Payments as per BPM6,TS_GP_BOP_BPM6SUM_M.P00040,Imports of goods FOB,30-Jun-18,5074,Million USD,Normal,
Monthly Summary of Balance of Payments as per BPM6,TS_GP_BOP_BPM6SUM_M.P00040,Imports of goods FOB,31-Jul-18,5290,Million USD,Normal,
Monthly Summary of Balance of Payments as per BPM6,TS_GP_BOP_BPM6SUM_M.P00040,Imports of goods FOB,31-Aug-18,4606,Million USD,Normal,
Monthly Summary of Balance of Payments as per BPM6,TS_GP_BOP_BPM6SUM_M.P00040,Imports of goods FOB,30-Sep-18,4008,Million USD,Normal,
Monthly Summary of Balance of Payments as per BPM6,TS_GP_BOP_BPM6SUM_M.P00040,Imports of goods FOB,31-Oct-18,4680,Million USD,Normal,
Monthly Summary of Balance of Payments as per BPM6,TS_GP_BOP_BPM6SUM_M.P00040,Imports of goods FOB,30-Nov-18,4142,Million USD,Normal,
Monthly Summary of Balance of Payments as per BPM6,TS_GP_BOP_BPM6SUM_M.P00040,Imports of goods FOB,31-Dec-18,4776,Million USD,Normal,
Monthly Summary of Balance of Payments as per BPM6,TS_GP_BOP_BPM6SUM_M.P00040,Imports of goods FOB,31-Jan-19,4285,Million USD,Normal,
Monthly Summary of Balance of Payments as per BPM6,TS_GP_BOP_BPM6SUM_M.P00040,Imports of goods FOB,28-Feb-19,3407,Million USD,Normal,
Monthly Summary of Balance of Payments as per BPM6,TS_GP_BOP_BPM6SUM_M.P00040,Imports of goods FOB,31-Mar-19,4118,Million USD,Normal,
Monthly Summary of Balance of Payments as per BPM6,TS_GP_BOP_BPM6SUM_M.P00040,Imports of goods FOB,30-Apr-19,4135,Million USD,Normal,
Monthly Summary of Balance of Payments as per BPM6,TS_GP_BOP_BPM6SUM_M.P00040,Imports of goods FOB,31-May-19,4384,Million USD,Normal,
Monthly Summary of Balance of Payments as per BPM6,TS_GP_BOP_BPM6SUM_M.P00040,Imports of goods FOB,30-Jun-19,4038,Million USD,Normal,
Monthly Summary of Balance of Payments as per BPM6,TS_GP_BOP_BPM6SUM_M.P00040,Imports of goods FOB,31-Jul-19,4222,Million USD,Normal,
Monthly Summary of Balance of Payments as per BPM6,TS_GP_BOP_BPM6SUM_M.P00040,Imports of goods FOB,31-Aug-19,3556,Million USD,Normal,
Monthly Summary of Balance of Payments as per BPM6,TS_GP_BOP_BPM6SUM_M.P00040,Imports of goods FOB,30-Sep-19,3497,Million USD,Normal,
Monthly Summary of Balance of Payments as per BPM6,TS_GP_BOP_BPM6SUM_M.P00040,Imports of goods FOB,31-Oct-19,3648,Million USD,Normal,
Monthly Summary of Balance of Payments as per BPM6,TS_GP_BOP_BPM6SUM_M.P00040,Imports of goods FOB,30-Nov-19,3762,Million USD,Normal,
Monthly Summary of Balance of Payments as per BPM6,TS_GP_BOP_BPM6SUM_M.P00040,Imports of goods FOB,31-Dec-19,4629,Million USD,Normal,
Monthly Summary of Balance of Payments as per BPM6,TS_GP_BOP_BPM6SUM_M.P00040,Imports of goods FOB,31-Jan-20,3931,Million USD,Normal,
Monthly Summary of Balance of Payments as per BPM6,TS_GP_BOP_BPM6SUM_M.P00040,Imports of goods FOB,29-Feb-20,3581,Million USD,Normal,
Monthly Summary of Balance of Payments as per BPM6,TS_GP_BOP_BPM6SUM_M.P00040,Imports of goods FOB,31-Mar-20,3310,Million USD,Normal,
Monthly Summary of Balance of Payments as per BPM6,TS_GP_BOP_BPM6SUM_M.P00040,Imports of goods FOB,30-Apr-20,3144,Million USD,Normal,
Monthly Summary of Balance of Payments as per BPM6,TS_GP_BOP_BPM6SUM_M.P00040,Imports of goods FOB,31-May-20,2805,Million USD,Normal,
Monthly Summary of Balance of Payments as per BPM6,TS_GP_BOP_BPM6SUM_M.P00040,Imports of goods FOB,30-Jun-20,3560,Million USD,Normal,
Monthly Summary of Balance of Payments as per BPM6,TS_GP_BOP_BPM6SUM_M.P00040,Imports of goods FOB,31-Jul-20,3534,Million USD,Normal,
Monthly Summary of Balance of Payments as per BPM6,TS_GP_BOP_BPM6SUM_M.P00040,Imports of goods FOB,31-Aug-20,3343,Million USD,Normal,
Monthly Summary of Balance of Payments as per BPM6,TS_GP_BOP_BPM6SUM_M.P00040,Imports of goods FOB,30-Sep-20,3821,Million USD,Normal,
Monthly Summary of Balance of Payments as per BPM6,TS_GP_BOP_BPM6SUM_M.P00040,Imports of goods FOB,31-Oct-20,3557,Million USD,Normal,
Monthly Summary of Balance of Payments as per BPM6,TS_GP_BOP_BPM6SUM_M.P00040,Imports of goods FOB,30-Nov-20,4225,Million USD,Normal,
Monthly Summary of Balance of Payments as per BPM6,TS_GP_BOP_BPM6SUM_M.P00040,Imports of goods FOB,31-Dec-20,5302,Million USD,Normal,
Monthly Summary of Balance of Payments as per BPM6,TS_GP_BOP_BPM6SUM_M.P00040,Imports of goods FOB,31-Jan-21,4412,Million USD,Normal,
Monthly Summary of Balance of Payments as per BPM6,TS_GP_BOP_BPM6SUM_M.P00040,Imports of goods FOB,28-Feb-21,4476,Million USD,Normal,
Monthly Summary of Balance of Payments as per BPM6,TS_GP_BOP_BPM6SUM_M.P00040,Imports of goods FOB,31-Mar-21,5392,Million USD,Normal,
Monthly Summary of Balance of Payments as per BPM6,TS_GP_BOP_BPM6SUM_M.P00040,Imports of goods FOB,30-Apr-21,4975,Million USD,Normal,
Monthly Summary of Balance of Payments as per BPM6,TS_GP_BOP_BPM6SUM_M.P00040,Imports of goods FOB,31-May-21,4934,Million USD,Normal,
Monthly Summary of Balance of Payments as per BPM6,TS_GP_BOP_BPM6SUM_M.P00040,Imports of goods FOB,30-Jun-21,6302,Million USD,Normal,
Monthly Summary of Balance of Payments as per BPM6,TS_GP_BOP_BPM6SUM_M.P00040,Imports of goods FOB,31-Jul-21,5278,Million USD,Normal,
Monthly Summary of Balance of Payments as per BPM6,TS_GP_BOP_BPM6SUM_M.P00040,Imports of goods FOB,31-Aug-21,5869,Million USD,Normal,
Monthly Summary of Balance of Payments as per BPM6,TS_GP_BOP_BPM6SUM_M.P00040,Imports of goods FOB,30-Sep-21,5951,Million USD,Normal,
Monthly Summary of Balance of Payments as per BPM6,TS_GP_BOP_BPM6SUM_M.P00040,Imports of goods FOB,31-Oct-21,5776,Million USD,Normal,
Monthly Summary of Balance of Payments as per BPM6,TS_GP_BOP_BPM6SUM_M.P00040,Imports of goods FOB,30-Nov-21,6252,Million USD,Normal,
Monthly Summary of Balance of Payments as per BPM6,TS_GP_BOP_BPM6SUM_M.P00040,Imports of goods FOB,31-Dec-21,6310,Million USD,Normal,
Monthly Summary of Balance of Payments as per BPM6,TS_GP_BOP_BPM6SUM_M.P00040,Imports of goods FOB,31-Jan-22,6130,Million USD,Normal,
Monthly Summary of Balance of Payments as per BPM6,TS_GP_BOP_BPM6SUM_M.P00040,Imports of goods FOB,28-Feb-22,5066,Million USD,Normal,
Monthly Summary of Balance of Payments as per BPM6,TS_GP_BOP_BPM6SUM_M.P00040,Imports of goods FOB,31-Mar-22,6114,Million USD,Normal,
Monthly Summary of Balance of Payments as per BPM6,TS_GP_BOP_BPM6SUM_M.P00040,Imports of goods FOB,30-Apr-22,5959,Million USD,Normal,
Monthly Summary of Balance of Payments as per BPM6,TS_GP_BOP_BPM6SUM_M.P00040,Imports of goods FOB,31-May-22,5634,Million USD,Normal,
Monthly Summary of Balance of Payments as per BPM6,TS_GP_BOP_BPM6SUM_M.P00040,Imports of goods FOB,30-Jun-22,7204,Million USD,Normal,
Monthly Summary of Balance of Payments as per BPM6,TS_GP_BOP_BPM6SUM_M.P00040,Imports of goods FOB,31-Jul-22,5562,Million USD,Normal,
Monthly Summary of Balance of Payments as per BPM6,TS_GP_BOP_BPM6SUM_M.P00040,Imports of goods FOB,31-Aug-22,6007,Million USD,Normal,
Monthly Summary of Balance of Payments as per BPM6,TS_GP_BOP_BPM6SUM_M.P00040,Imports of goods FOB,30-Sep-22,4951,Million USD,Normal,
Monthly Summary of Balance of Payments as per BPM6,TS_GP_BOP_BPM6SUM_M.P00040,Imports of goods FOB,31-Oct-22,4657,Million USD,Normal,
Monthly Summary of Balance of Payments as per BPM6,TS_GP_BOP_BPM6SUM_M.P00040,Imports of goods FOB,30-Nov-22,4340,Million USD,Normal,
Monthly Summary of Balance of Payments as per BPM6,TS_GP_BOP_BPM6SUM_M.P00040,Imports of goods FOB,31-Dec-22,4256,Million USD,Normal,
Monthly Summary of Balance of Payments as per BPM6,TS_GP_BOP_BPM6SUM_M.P00040,Imports of goods FOB,31-Jan-23,4109,Million USD,Normal,
Monthly Summary of Balance of Payments as per BPM6,TS_GP_BOP_BPM6SUM_M.P00040,Imports of goods FOB,28-Feb-23,4104,Million USD,Normal,
Monthly Summary of Balance of Payments as per BPM6,TS_GP_BOP_BPM6SUM_M.P00040,Imports of goods FOB,31-Mar-23,4158,Million USD,Normal,
Monthly Summary of Balance of Payments as per BPM6,TS_GP_BOP_BPM6SUM_M.P00040,Imports of goods FOB,30-Apr-23,3622,Million USD,Normal,
Monthly Summary of Balance of Payments as per BPM6,TS_GP_BOP_BPM6SUM_M.P00040,Imports of goods FOB,31-May-23,3752,Million USD,Normal,
Monthly Summary of Balance of Payments as per BPM6,TS_GP_BOP_BPM6SUM_M.P00040,Imports of goods FOB,30-Jun-23,3177,Million USD,Normal,
Monthly Summary of Balance of Payments as per BPM6,TS_GP_BOP_BPM6SUM_M.P00040,Imports of goods FOB,31-Jul-23,4142,Million USD,Normal,
Monthly Summary of Balance of Payments as per BPM6,TS_GP_BOP_BPM6SUM_M.P00040,Imports of goods FOB,31-Aug-23,4234,Million USD,Normal,
Monthly Summary of Balance of Payments as per BPM6,TS_GP_BOP_BPM6SUM_M.P00040,Imports of goods FOB,30-Sep-23,3953,Million USD,Normal,
Monthly Summary of Balance of Payments as per BPM6,TS_GP_BOP_BPM6SUM_M.P00040,Imports of goods FOB,31-Oct-23,4391,Million USD,Normal,
Monthly Summary of Balance of Payments as per BPM6,TS_GP_BOP_BPM6SUM_M.P00040,Imports of goods FOB,30-Nov-23,4535,Million USD,Normal,
Monthly Summary of Balance of Payments as per BPM6,TS_GP_BOP_BPM6SUM_M.P00040,Imports of goods FOB,31-Dec-23,4173,Million USD,Normal,
Monthly Summary of Balance of Payments as per BPM6,TS_GP_BOP_BPM6SUM_M.P00040,Imports of goods FOB,31-Jan-24,4673,Million USD,Normal,
Monthly Summary of Balance of Payments as per BPM6,TS_GP_BOP_BPM6SUM_M.P00040,Imports of goods FOB,29-Feb-24,4374,Million USD,Normal,
Monthly Summary of Balance of Payments as per BPM6,TS_GP_BOP_BPM6SUM_M.P00040,Imports of goods FOB,31-Mar-24,4575,Million USD,Normal,
Monthly Summary of Balance of Payments as per BPM6,TS_GP_BOP_BPM6SUM_M.P00040,Imports of goods FOB,30-Apr-24,4449,Million USD,Normal,
Monthly Summary of Balance of Payments as per BPM6,TS_GP_BOP_BPM6SUM_M.P00040,Imports of goods FOB,31-May-24,5037,Million USD,Normal,
Monthly Summary of Balance of Payments as per BPM6,TS_GP_BOP_BPM6SUM_M.P00040,Imports of goods FOB,30-Jun-24,4631,Million USD,Normal,
