Dataset,Series Key,Series,Observation Date,Observation Value,Unit,Observation Status,Observation Status Comment
Domestic Sale and Export of Cement,TS_GP_RLS_CEMSEC_M.C_003000,Export Cement Sales,31-Jul-01,1.3,Thousand Metric Ton,Normal,
Domestic Sale and Export of Cement,TS_GP_RLS_CEMSEC_M.C_003000,Export Cement Sales,31-Aug-01,4.7,Thousand Metric Ton,Normal,
Domestic Sale and Export of Cement,TS_GP_RLS_CEMSEC_M.C_003000,Export Cement Sales,30-Sep-01,5.2,Thousand Metric Ton,Normal,
Domestic Sale and Export of Cement,TS_GP_RLS_CEMSEC_M.C_003000,Export Cement Sales,31-Oct-01,0,Thousand Metric Ton,Normal,
Domestic Sale and Export of Cement,TS_GP_RLS_CEMSEC_M.C_003000,Export Cement Sales,30-Nov-01,0,Thousand Metric Ton,Normal,
Domestic Sale and Export of Cement,TS_GP_RLS_CEMSEC_M.C_003000,Export Cement Sales,31-Dec-01,0,Thousand Metric Ton,Normal,
Domestic Sale and Export of Cement,TS_GP_RLS_CEMSEC_M.C_003000,Export Cement Sales,31-Jan-02,4.8,Thousand Metric Ton,Normal,
Domestic Sale and Export of Cement,TS_GP_RLS_CEMSEC_M.C_003000,Export Cement Sales,28-Feb-02,10.5,Thousand Metric Ton,Normal,
Domestic Sale and Export of Cement,TS_GP_RLS_CEMSEC_M.C_003000,Export Cement Sales,31-Mar-02,15,Thousand Metric Ton,Normal,
Domestic Sale and Export of Cement,TS_GP_RLS_CEMSEC_M.C_003000,Export Cement Sales,30-Apr-02,22.7,Thousand Metric Ton,Normal,
Domestic Sale and Export of Cement,TS_GP_RLS_CEMSEC_M.C_003000,Export Cement Sales,31-May-02,27.1,Thousand Metric Ton,Normal,
Domestic Sale and Export of Cement,TS_GP_RLS_CEMSEC_M.C_003000,Export Cement Sales,30-Jun-02,15.4,Thousand Metric Ton,Normal,
Domestic Sale and Export of Cement,TS_GP_RLS_CEMSEC_M.C_003000,Export Cement Sales,31-Jul-02,21.4,Thousand Metric Ton,Normal,
Domestic Sale and Export of Cement,TS_GP_RLS_CEMSEC_M.C_003000,Export Cement Sales,31-Aug-02,25.1,Thousand Metric Ton,Normal,
Domestic Sale and Export of Cement,TS_GP_RLS_CEMSEC_M.C_003000,Export Cement Sales,30-Sep-02,33.1,Thousand Metric Ton,Normal,
Domestic Sale and Export of Cement,TS_GP_RLS_CEMSEC_M.C_003000,Export Cement Sales,31-Oct-02,36.5,Thousand Metric Ton,Normal,
Domestic Sale and Export of Cement,TS_GP_RLS_CEMSEC_M.C_003000,Export Cement Sales,30-Nov-02,24.7,Thousand Metric Ton,Normal,
Domestic Sale and Export of Cement,TS_GP_RLS_CEMSEC_M.C_003000,Export Cement Sales,31-Dec-02,18.1,Thousand Metric Ton,Normal,
Domestic Sale and Export of Cement,TS_GP_RLS_CEMSEC_M.C_003000,Export Cement Sales,31-Jan-03,26,Thousand Metric Ton,Normal,
Domestic Sale and Export of Cement,TS_GP_RLS_CEMSEC_M.C_003000,Export Cement Sales,28-Feb-03,23.9,Thousand Metric Ton,Normal,
Domestic Sale and Export of Cement,TS_GP_RLS_CEMSEC_M.C_003000,Export Cement Sales,31-Mar-03,48.6,Thousand Metric Ton,Normal,
Domestic Sale and Export of Cement,TS_GP_RLS_CEMSEC_M.C_003000,Export Cement Sales,30-Apr-03,53.1,Thousand Metric Ton,Normal,
Domestic Sale and Export of Cement,TS_GP_RLS_CEMSEC_M.C_003000,Export Cement Sales,31-May-03,65.1,Thousand Metric Ton,Normal,
Domestic Sale and Export of Cement,TS_GP_RLS_CEMSEC_M.C_003000,Export Cement Sales,30-Jun-03,54.2,Thousand Metric Ton,Normal,
Domestic Sale and Export of Cement,TS_GP_RLS_CEMSEC_M.C_003000,Export Cement Sales,31-Jul-03,80.9,Thousand Metric Ton,Normal,
Domestic Sale and Export of Cement,TS_GP_RLS_CEMSEC_M.C_003000,Export Cement Sales,31-Aug-03,93.4,Thousand Metric Ton,Normal,
Domestic Sale and Export of Cement,TS_GP_RLS_CEMSEC_M.C_003000,Export Cement Sales,30-Sep-03,89,Thousand Metric Ton,Normal,
Domestic Sale and Export of Cement,TS_GP_RLS_CEMSEC_M.C_003000,Export Cement Sales,31-Oct-03,91.9,Thousand Metric Ton,Normal,
Domestic Sale and Export of Cement,TS_GP_RLS_CEMSEC_M.C_003000,Export Cement Sales,30-Nov-03,58.2,Thousand Metric Ton,Normal,
Domestic Sale and Export of Cement,TS_GP_RLS_CEMSEC_M.C_003000,Export Cement Sales,31-Dec-03,77,Thousand Metric Ton,Normal,
Domestic Sale and Export of Cement,TS_GP_RLS_CEMSEC_M.C_003000,Export Cement Sales,31-Jan-04,50.9,Thousand Metric Ton,Normal,
Domestic Sale and Export of Cement,TS_GP_RLS_CEMSEC_M.C_003000,Export Cement Sales,29-Feb-04,75.4,Thousand Metric Ton,Normal,
Domestic Sale and Export of Cement,TS_GP_RLS_CEMSEC_M.C_003000,Export Cement Sales,31-Mar-04,163.3,Thousand Metric Ton,Normal,
Domestic Sale and Export of Cement,TS_GP_RLS_CEMSEC_M.C_003000,Export Cement Sales,30-Apr-04,126.6,Thousand Metric Ton,Normal,
Domestic Sale and Export of Cement,TS_GP_RLS_CEMSEC_M.C_003000,Export Cement Sales,31-May-04,79.4,Thousand Metric Ton,Normal,
Domestic Sale and Export of Cement,TS_GP_RLS_CEMSEC_M.C_003000,Export Cement Sales,30-Jun-04,132.3,Thousand Metric Ton,Normal,
Domestic Sale and Export of Cement,TS_GP_RLS_CEMSEC_M.C_003000,Export Cement Sales,31-Jul-04,132.4,Thousand Metric Ton,Normal,
Domestic Sale and Export of Cement,TS_GP_RLS_CEMSEC_M.C_003000,Export Cement Sales,31-Aug-04,157,Thousand Metric Ton,Normal,
Domestic Sale and Export of Cement,TS_GP_RLS_CEMSEC_M.C_003000,Export Cement Sales,30-Sep-04,156.3,Thousand Metric Ton,Normal,
Domestic Sale and Export of Cement,TS_GP_RLS_CEMSEC_M.C_003000,Export Cement Sales,31-Oct-04,142.2,Thousand Metric Ton,Normal,
Domestic Sale and Export of Cement,TS_GP_RLS_CEMSEC_M.C_003000,Export Cement Sales,30-Nov-04,86,Thousand Metric Ton,Normal,
Domestic Sale and Export of Cement,TS_GP_RLS_CEMSEC_M.C_003000,Export Cement Sales,31-Dec-04,103.5,Thousand Metric Ton,Normal,
Domestic Sale and Export of Cement,TS_GP_RLS_CEMSEC_M.C_003000,Export Cement Sales,31-Jan-05,52.1,Thousand Metric Ton,Normal,
Domestic Sale and Export of Cement,TS_GP_RLS_CEMSEC_M.C_003000,Export Cement Sales,28-Feb-05,77.1,Thousand Metric Ton,Normal,
Domestic Sale and Export of Cement,TS_GP_RLS_CEMSEC_M.C_003000,Export Cement Sales,31-Mar-05,178.3,Thousand Metric Ton,Normal,
Domestic Sale and Export of Cement,TS_GP_RLS_CEMSEC_M.C_003000,Export Cement Sales,30-Apr-05,186.6,Thousand Metric Ton,Normal,
Domestic Sale and Export of Cement,TS_GP_RLS_CEMSEC_M.C_003000,Export Cement Sales,31-May-05,171.2,Thousand Metric Ton,Normal,
Domestic Sale and Export of Cement,TS_GP_RLS_CEMSEC_M.C_003000,Export Cement Sales,30-Jun-05,121.7,Thousand Metric Ton,Normal,
Domestic Sale and Export of Cement,TS_GP_RLS_CEMSEC_M.C_003000,Export Cement Sales,31-Jul-05,130,Thousand Metric Ton,Normal,
Domestic Sale and Export of Cement,TS_GP_RLS_CEMSEC_M.C_003000,Export Cement Sales,31-Aug-05,156.4,Thousand Metric Ton,Normal,
Domestic Sale and Export of Cement,TS_GP_RLS_CEMSEC_M.C_003000,Export Cement Sales,30-Sep-05,144.2,Thousand Metric Ton,Normal,
Domestic Sale and Export of Cement,TS_GP_RLS_CEMSEC_M.C_003000,Export Cement Sales,31-Oct-05,123.4,Thousand Metric Ton,Normal,
Domestic Sale and Export of Cement,TS_GP_RLS_CEMSEC_M.C_003000,Export Cement Sales,30-Nov-05,97.4,Thousand Metric Ton,Normal,
Domestic Sale and Export of Cement,TS_GP_RLS_CEMSEC_M.C_003000,Export Cement Sales,31-Dec-05,124,Thousand Metric Ton,Normal,
Domestic Sale and Export of Cement,TS_GP_RLS_CEMSEC_M.C_003000,Export Cement Sales,31-Jan-06,47.3,Thousand Metric Ton,Normal,
Domestic Sale and Export of Cement,TS_GP_RLS_CEMSEC_M.C_003000,Export Cement Sales,28-Feb-06,154.2,Thousand Metric Ton,Normal,
Domestic Sale and Export of Cement,TS_GP_RLS_CEMSEC_M.C_003000,Export Cement Sales,31-Mar-06,180.3,Thousand Metric Ton,Normal,
Domestic Sale and Export of Cement,TS_GP_RLS_CEMSEC_M.C_003000,Export Cement Sales,30-Apr-06,51.4,Thousand Metric Ton,Normal,
Domestic Sale and Export of Cement,TS_GP_RLS_CEMSEC_M.C_003000,Export Cement Sales,31-May-06,152,Thousand Metric Ton,Normal,
Domestic Sale and Export of Cement,TS_GP_RLS_CEMSEC_M.C_003000,Export Cement Sales,30-Jun-06,144.5,Thousand Metric Ton,Normal,
Domestic Sale and Export of Cement,TS_GP_RLS_CEMSEC_M.C_003000,Export Cement Sales,31-Jul-06,188.2,Thousand Metric Ton,Normal,
Domestic Sale and Export of Cement,TS_GP_RLS_CEMSEC_M.C_003000,Export Cement Sales,31-Aug-06,236.1,Thousand Metric Ton,Normal,
Domestic Sale and Export of Cement,TS_GP_RLS_CEMSEC_M.C_003000,Export Cement Sales,30-Sep-06,237.7,Thousand Metric Ton,Normal,
Domestic Sale and Export of Cement,TS_GP_RLS_CEMSEC_M.C_003000,Export Cement Sales,31-Oct-06,121.9,Thousand Metric Ton,Normal,
Domestic Sale and Export of Cement,TS_GP_RLS_CEMSEC_M.C_003000,Export Cement Sales,30-Nov-06,207.4,Thousand Metric Ton,Normal,
Domestic Sale and Export of Cement,TS_GP_RLS_CEMSEC_M.C_003000,Export Cement Sales,31-Dec-06,211.5,Thousand Metric Ton,Normal,
Domestic Sale and Export of Cement,TS_GP_RLS_CEMSEC_M.C_003000,Export Cement Sales,31-Jan-07,245.1,Thousand Metric Ton,Normal,
Domestic Sale and Export of Cement,TS_GP_RLS_CEMSEC_M.C_003000,Export Cement Sales,28-Feb-07,326.6,Thousand Metric Ton,Normal,
Domestic Sale and Export of Cement,TS_GP_RLS_CEMSEC_M.C_003000,Export Cement Sales,31-Mar-07,371.6,Thousand Metric Ton,Normal,
Domestic Sale and Export of Cement,TS_GP_RLS_CEMSEC_M.C_003000,Export Cement Sales,30-Apr-07,307.5,Thousand Metric Ton,Normal,
Domestic Sale and Export of Cement,TS_GP_RLS_CEMSEC_M.C_003000,Export Cement Sales,31-May-07,342.6,Thousand Metric Ton,Normal,
Domestic Sale and Export of Cement,TS_GP_RLS_CEMSEC_M.C_003000,Export Cement Sales,30-Jun-07,392.4,Thousand Metric Ton,Normal,
Domestic Sale and Export of Cement,TS_GP_RLS_CEMSEC_M.C_003000,Export Cement Sales,31-Jul-07,441.1,Thousand Metric Ton,Normal,
Domestic Sale and Export of Cement,TS_GP_RLS_CEMSEC_M.C_003000,Export Cement Sales,31-Aug-07,576.7,Thousand Metric Ton,Normal,
Domestic Sale and Export of Cement,TS_GP_RLS_CEMSEC_M.C_003000,Export Cement Sales,30-Sep-07,548.6,Thousand Metric Ton,Normal,
Domestic Sale and Export of Cement,TS_GP_RLS_CEMSEC_M.C_003000,Export Cement Sales,31-Oct-07,460.5,Thousand Metric Ton,Normal,
Domestic Sale and Export of Cement,TS_GP_RLS_CEMSEC_M.C_003000,Export Cement Sales,30-Nov-07,566.7,Thousand Metric Ton,Normal,
Domestic Sale and Export of Cement,TS_GP_RLS_CEMSEC_M.C_003000,Export Cement Sales,31-Dec-07,402.9,Thousand Metric Ton,Normal,
Domestic Sale and Export of Cement,TS_GP_RLS_CEMSEC_M.C_003000,Export Cement Sales,31-Jan-08,623.3,Thousand Metric Ton,Normal,
Domestic Sale and Export of Cement,TS_GP_RLS_CEMSEC_M.C_003000,Export Cement Sales,29-Feb-08,645.2,Thousand Metric Ton,Normal,
Domestic Sale and Export of Cement,TS_GP_RLS_CEMSEC_M.C_003000,Export Cement Sales,31-Mar-08,892.3,Thousand Metric Ton,Normal,
Domestic Sale and Export of Cement,TS_GP_RLS_CEMSEC_M.C_003000,Export Cement Sales,30-Apr-08,790.5,Thousand Metric Ton,Normal,
Domestic Sale and Export of Cement,TS_GP_RLS_CEMSEC_M.C_003000,Export Cement Sales,31-May-08,853.3,Thousand Metric Ton,Normal,
Domestic Sale and Export of Cement,TS_GP_RLS_CEMSEC_M.C_003000,Export Cement Sales,30-Jun-08,916.6,Thousand Metric Ton,Normal,
Domestic Sale and Export of Cement,TS_GP_RLS_CEMSEC_M.C_003000,Export Cement Sales,31-Jul-08,815.3,Thousand Metric Ton,Normal,
Domestic Sale and Export of Cement,TS_GP_RLS_CEMSEC_M.C_003000,Export Cement Sales,31-Aug-08,787.2,Thousand Metric Ton,Normal,
Domestic Sale and Export of Cement,TS_GP_RLS_CEMSEC_M.C_003000,Export Cement Sales,30-Sep-08,898,Thousand Metric Ton,Normal,
Domestic Sale and Export of Cement,TS_GP_RLS_CEMSEC_M.C_003000,Export Cement Sales,31-Oct-08,1002.2,Thousand Metric Ton,Normal,
Domestic Sale and Export of Cement,TS_GP_RLS_CEMSEC_M.C_003000,Export Cement Sales,30-Nov-08,939.5,Thousand Metric Ton,Normal,
Domestic Sale and Export of Cement,TS_GP_RLS_CEMSEC_M.C_003000,Export Cement Sales,31-Dec-08,615.1,Thousand Metric Ton,Normal,
Domestic Sale and Export of Cement,TS_GP_RLS_CEMSEC_M.C_003000,Export Cement Sales,31-Jan-09,779.8,Thousand Metric Ton,Normal,
Domestic Sale and Export of Cement,TS_GP_RLS_CEMSEC_M.C_003000,Export Cement Sales,28-Feb-09,846.4,Thousand Metric Ton,Normal,
Domestic Sale and Export of Cement,TS_GP_RLS_CEMSEC_M.C_003000,Export Cement Sales,31-Mar-09,969,Thousand Metric Ton,Normal,
Domestic Sale and Export of Cement,TS_GP_RLS_CEMSEC_M.C_003000,Export Cement Sales,30-Apr-09,881.7,Thousand Metric Ton,Normal,
Domestic Sale and Export of Cement,TS_GP_RLS_CEMSEC_M.C_003000,Export Cement Sales,31-May-09,1060.5,Thousand Metric Ton,Normal,
Domestic Sale and Export of Cement,TS_GP_RLS_CEMSEC_M.C_003000,Export Cement Sales,30-Jun-09,1157.7,Thousand Metric Ton,Normal,
Domestic Sale and Export of Cement,TS_GP_RLS_CEMSEC_M.C_003000,Export Cement Sales,31-Jul-09,1129,Thousand Metric Ton,Normal,
Domestic Sale and Export of Cement,TS_GP_RLS_CEMSEC_M.C_003000,Export Cement Sales,31-Aug-09,947.5,Thousand Metric Ton,Normal,
Domestic Sale and Export of Cement,TS_GP_RLS_CEMSEC_M.C_003000,Export Cement Sales,30-Sep-09,821.4,Thousand Metric Ton,Normal,
Domestic Sale and Export of Cement,TS_GP_RLS_CEMSEC_M.C_003000,Export Cement Sales,31-Oct-09,1133.5,Thousand Metric Ton,Normal,
Domestic Sale and Export of Cement,TS_GP_RLS_CEMSEC_M.C_003000,Export Cement Sales,30-Nov-09,766.8,Thousand Metric Ton,Normal,
Domestic Sale and Export of Cement,TS_GP_RLS_CEMSEC_M.C_003000,Export Cement Sales,31-Dec-09,790.5,Thousand Metric Ton,Normal,
Domestic Sale and Export of Cement,TS_GP_RLS_CEMSEC_M.C_003000,Export Cement Sales,31-Jan-10,671,Thousand Metric Ton,Normal,
Domestic Sale and Export of Cement,TS_GP_RLS_CEMSEC_M.C_003000,Export Cement Sales,28-Feb-10,665.5,Thousand Metric Ton,Normal,
Domestic Sale and Export of Cement,TS_GP_RLS_CEMSEC_M.C_003000,Export Cement Sales,31-Mar-10,929.7,Thousand Metric Ton,Normal,
Domestic Sale and Export of Cement,TS_GP_RLS_CEMSEC_M.C_003000,Export Cement Sales,30-Apr-10,938.7,Thousand Metric Ton,Normal,
Domestic Sale and Export of Cement,TS_GP_RLS_CEMSEC_M.C_003000,Export Cement Sales,31-May-10,957.5,Thousand Metric Ton,Normal,
Domestic Sale and Export of Cement,TS_GP_RLS_CEMSEC_M.C_003000,Export Cement Sales,30-Jun-10,906.1,Thousand Metric Ton,Normal,
Domestic Sale and Export of Cement,TS_GP_RLS_CEMSEC_M.C_003000,Export Cement Sales,31-Jul-10,774.5,Thousand Metric Ton,Normal,
Domestic Sale and Export of Cement,TS_GP_RLS_CEMSEC_M.C_003000,Export Cement Sales,31-Aug-10,893.4,Thousand Metric Ton,Normal,
Domestic Sale and Export of Cement,TS_GP_RLS_CEMSEC_M.C_003000,Export Cement Sales,30-Sep-10,623,Thousand Metric Ton,Normal,
Domestic Sale and Export of Cement,TS_GP_RLS_CEMSEC_M.C_003000,Export Cement Sales,31-Oct-10,945.2,Thousand Metric Ton,Normal,
Domestic Sale and Export of Cement,TS_GP_RLS_CEMSEC_M.C_003000,Export Cement Sales,30-Nov-10,684.6,Thousand Metric Ton,Normal,
Domestic Sale and Export of Cement,TS_GP_RLS_CEMSEC_M.C_003000,Export Cement Sales,31-Dec-10,708.3,Thousand Metric Ton,Normal,
Domestic Sale and Export of Cement,TS_GP_RLS_CEMSEC_M.C_003000,Export Cement Sales,31-Jan-11,565.9,Thousand Metric Ton,Normal,
Domestic Sale and Export of Cement,TS_GP_RLS_CEMSEC_M.C_003000,Export Cement Sales,28-Feb-11,709.5,Thousand Metric Ton,Normal,
Domestic Sale and Export of Cement,TS_GP_RLS_CEMSEC_M.C_003000,Export Cement Sales,31-Mar-11,819.7,Thousand Metric Ton,Normal,
Domestic Sale and Export of Cement,TS_GP_RLS_CEMSEC_M.C_003000,Export Cement Sales,30-Apr-11,932,Thousand Metric Ton,Normal,
Domestic Sale and Export of Cement,TS_GP_RLS_CEMSEC_M.C_003000,Export Cement Sales,31-May-11,876,Thousand Metric Ton,Normal,
Domestic Sale and Export of Cement,TS_GP_RLS_CEMSEC_M.C_003000,Export Cement Sales,30-Jun-11,850.1,Thousand Metric Ton,Normal,
Domestic Sale and Export of Cement,TS_GP_RLS_CEMSEC_M.C_003000,Export Cement Sales,31-Jul-11,831.8,Thousand Metric Ton,Normal,
Domestic Sale and Export of Cement,TS_GP_RLS_CEMSEC_M.C_003000,Export Cement Sales,31-Aug-11,714.1,Thousand Metric Ton,Normal,
Domestic Sale and Export of Cement,TS_GP_RLS_CEMSEC_M.C_003000,Export Cement Sales,30-Sep-11,789.7,Thousand Metric Ton,Normal,
Domestic Sale and Export of Cement,TS_GP_RLS_CEMSEC_M.C_003000,Export Cement Sales,31-Oct-11,856.8,Thousand Metric Ton,Normal,
Domestic Sale and Export of Cement,TS_GP_RLS_CEMSEC_M.C_003000,Export Cement Sales,30-Nov-11,616.9,Thousand Metric Ton,Normal,
Domestic Sale and Export of Cement,TS_GP_RLS_CEMSEC_M.C_003000,Export Cement Sales,31-Dec-11,648.9,Thousand Metric Ton,Normal,
Domestic Sale and Export of Cement,TS_GP_RLS_CEMSEC_M.C_003000,Export Cement Sales,31-Jan-12,593.2,Thousand Metric Ton,Normal,
Domestic Sale and Export of Cement,TS_GP_RLS_CEMSEC_M.C_003000,Export Cement Sales,29-Feb-12,566.7,Thousand Metric Ton,Normal,
Domestic Sale and Export of Cement,TS_GP_RLS_CEMSEC_M.C_003000,Export Cement Sales,31-Mar-12,625.4,Thousand Metric Ton,Normal,
Domestic Sale and Export of Cement,TS_GP_RLS_CEMSEC_M.C_003000,Export Cement Sales,30-Apr-12,771.9,Thousand Metric Ton,Normal,
Domestic Sale and Export of Cement,TS_GP_RLS_CEMSEC_M.C_003000,Export Cement Sales,31-May-12,821.4,Thousand Metric Ton,Normal,
Domestic Sale and Export of Cement,TS_GP_RLS_CEMSEC_M.C_003000,Export Cement Sales,30-Jun-12,731.2,Thousand Metric Ton,Normal,
Domestic Sale and Export of Cement,TS_GP_RLS_CEMSEC_M.C_003000,Export Cement Sales,31-Jul-12,755,Thousand Metric Ton,Normal,
Domestic Sale and Export of Cement,TS_GP_RLS_CEMSEC_M.C_003000,Export Cement Sales,31-Aug-12,700.1,Thousand Metric Ton,Normal,
Domestic Sale and Export of Cement,TS_GP_RLS_CEMSEC_M.C_003000,Export Cement Sales,30-Sep-12,818,Thousand Metric Ton,Normal,
Domestic Sale and Export of Cement,TS_GP_RLS_CEMSEC_M.C_003000,Export Cement Sales,31-Oct-12,680.3,Thousand Metric Ton,Normal,
Domestic Sale and Export of Cement,TS_GP_RLS_CEMSEC_M.C_003000,Export Cement Sales,30-Nov-12,689.2,Thousand Metric Ton,Normal,
Domestic Sale and Export of Cement,TS_GP_RLS_CEMSEC_M.C_003000,Export Cement Sales,31-Dec-12,580.4,Thousand Metric Ton,Normal,
Domestic Sale and Export of Cement,TS_GP_RLS_CEMSEC_M.C_003000,Export Cement Sales,31-Jan-13,523.4,Thousand Metric Ton,Normal,
Domestic Sale and Export of Cement,TS_GP_RLS_CEMSEC_M.C_003000,Export Cement Sales,28-Feb-13,653.9,Thousand Metric Ton,Normal,
Domestic Sale and Export of Cement,TS_GP_RLS_CEMSEC_M.C_003000,Export Cement Sales,31-Mar-13,768.6,Thousand Metric Ton,Normal,
Domestic Sale and Export of Cement,TS_GP_RLS_CEMSEC_M.C_003000,Export Cement Sales,30-Apr-13,754.3,Thousand Metric Ton,Normal,
Domestic Sale and Export of Cement,TS_GP_RLS_CEMSEC_M.C_003000,Export Cement Sales,31-May-13,785.4,Thousand Metric Ton,Normal,
Domestic Sale and Export of Cement,TS_GP_RLS_CEMSEC_M.C_003000,Export Cement Sales,30-Jun-13,665.5,Thousand Metric Ton,Normal,
Domestic Sale and Export of Cement,TS_GP_RLS_CEMSEC_M.C_003000,Export Cement Sales,31-Jul-13,749.3,Thousand Metric Ton,Normal,
Domestic Sale and Export of Cement,TS_GP_RLS_CEMSEC_M.C_003000,Export Cement Sales,31-Aug-13,677,Thousand Metric Ton,Normal,
Domestic Sale and Export of Cement,TS_GP_RLS_CEMSEC_M.C_003000,Export Cement Sales,30-Sep-13,816.5,Thousand Metric Ton,Normal,
Domestic Sale and Export of Cement,TS_GP_RLS_CEMSEC_M.C_003000,Export Cement Sales,31-Oct-13,676.1,Thousand Metric Ton,Normal,
Domestic Sale and Export of Cement,TS_GP_RLS_CEMSEC_M.C_003000,Export Cement Sales,30-Nov-13,600.7,Thousand Metric Ton,Normal,
Domestic Sale and Export of Cement,TS_GP_RLS_CEMSEC_M.C_003000,Export Cement Sales,31-Dec-13,625.5,Thousand Metric Ton,Normal,
Domestic Sale and Export of Cement,TS_GP_RLS_CEMSEC_M.C_003000,Export Cement Sales,31-Jan-14,563.2,Thousand Metric Ton,Normal,
Domestic Sale and Export of Cement,TS_GP_RLS_CEMSEC_M.C_003000,Export Cement Sales,28-Feb-14,583.5,Thousand Metric Ton,Normal,
Domestic Sale and Export of Cement,TS_GP_RLS_CEMSEC_M.C_003000,Export Cement Sales,31-Mar-14,725,Thousand Metric Ton,Normal,
Domestic Sale and Export of Cement,TS_GP_RLS_CEMSEC_M.C_003000,Export Cement Sales,30-Apr-14,671.7,Thousand Metric Ton,Normal,
Domestic Sale and Export of Cement,TS_GP_RLS_CEMSEC_M.C_003000,Export Cement Sales,31-May-14,758.8,Thousand Metric Ton,Normal,
Domestic Sale and Export of Cement,TS_GP_RLS_CEMSEC_M.C_003000,Export Cement Sales,30-Jun-14,688.1,Thousand Metric Ton,Normal,
Domestic Sale and Export of Cement,TS_GP_RLS_CEMSEC_M.C_003000,Export Cement Sales,31-Jul-14,502.9,Thousand Metric Ton,Normal,
Domestic Sale and Export of Cement,TS_GP_RLS_CEMSEC_M.C_003000,Export Cement Sales,31-Aug-14,827.7,Thousand Metric Ton,Normal,
Domestic Sale and Export of Cement,TS_GP_RLS_CEMSEC_M.C_003000,Export Cement Sales,30-Sep-14,729.9,Thousand Metric Ton,Normal,
Domestic Sale and Export of Cement,TS_GP_RLS_CEMSEC_M.C_003000,Export Cement Sales,31-Oct-14,729.3,Thousand Metric Ton,Normal,
Domestic Sale and Export of Cement,TS_GP_RLS_CEMSEC_M.C_003000,Export Cement Sales,30-Nov-14,659.3,Thousand Metric Ton,Normal,
Domestic Sale and Export of Cement,TS_GP_RLS_CEMSEC_M.C_003000,Export Cement Sales,31-Dec-14,610.1,Thousand Metric Ton,Normal,
Domestic Sale and Export of Cement,TS_GP_RLS_CEMSEC_M.C_003000,Export Cement Sales,31-Jan-15,478.4,Thousand Metric Ton,Normal,
Domestic Sale and Export of Cement,TS_GP_RLS_CEMSEC_M.C_003000,Export Cement Sales,28-Feb-15,460.5,Thousand Metric Ton,Normal,
Domestic Sale and Export of Cement,TS_GP_RLS_CEMSEC_M.C_003000,Export Cement Sales,31-Mar-15,443.5,Thousand Metric Ton,Normal,
Domestic Sale and Export of Cement,TS_GP_RLS_CEMSEC_M.C_003000,Export Cement Sales,30-Apr-15,640,Thousand Metric Ton,Normal,
Domestic Sale and Export of Cement,TS_GP_RLS_CEMSEC_M.C_003000,Export Cement Sales,31-May-15,560.5,Thousand Metric Ton,Normal,
Domestic Sale and Export of Cement,TS_GP_RLS_CEMSEC_M.C_003000,Export Cement Sales,30-Jun-15,552,Thousand Metric Ton,Normal,
Domestic Sale and Export of Cement,TS_GP_RLS_CEMSEC_M.C_003000,Export Cement Sales,31-Jul-15,465.4,Thousand Metric Ton,Normal,
Domestic Sale and Export of Cement,TS_GP_RLS_CEMSEC_M.C_003000,Export Cement Sales,31-Aug-15,566.7,Thousand Metric Ton,Normal,
Domestic Sale and Export of Cement,TS_GP_RLS_CEMSEC_M.C_003000,Export Cement Sales,30-Sep-15,467.5,Thousand Metric Ton,Normal,
Domestic Sale and Export of Cement,TS_GP_RLS_CEMSEC_M.C_003000,Export Cement Sales,31-Oct-15,528.8,Thousand Metric Ton,Normal,
Domestic Sale and Export of Cement,TS_GP_RLS_CEMSEC_M.C_003000,Export Cement Sales,30-Nov-15,533.8,Thousand Metric Ton,Normal,
Domestic Sale and Export of Cement,TS_GP_RLS_CEMSEC_M.C_003000,Export Cement Sales,31-Dec-15,455.7,Thousand Metric Ton,Normal,
Domestic Sale and Export of Cement,TS_GP_RLS_CEMSEC_M.C_003000,Export Cement Sales,31-Jan-16,386.6,Thousand Metric Ton,Normal,
Domestic Sale and Export of Cement,TS_GP_RLS_CEMSEC_M.C_003000,Export Cement Sales,29-Feb-16,467.3,Thousand Metric Ton,Normal,
Domestic Sale and Export of Cement,TS_GP_RLS_CEMSEC_M.C_003000,Export Cement Sales,31-Mar-16,534.8,Thousand Metric Ton,Normal,
Domestic Sale and Export of Cement,TS_GP_RLS_CEMSEC_M.C_003000,Export Cement Sales,30-Apr-16,520.6,Thousand Metric Ton,Normal,
Domestic Sale and Export of Cement,TS_GP_RLS_CEMSEC_M.C_003000,Export Cement Sales,31-May-16,558,Thousand Metric Ton,Normal,
Domestic Sale and Export of Cement,TS_GP_RLS_CEMSEC_M.C_003000,Export Cement Sales,30-Jun-16,387.1,Thousand Metric Ton,Normal,
Domestic Sale and Export of Cement,TS_GP_RLS_CEMSEC_M.C_003000,Export Cement Sales,31-Jul-16,465.1,Thousand Metric Ton,Normal,
Domestic Sale and Export of Cement,TS_GP_RLS_CEMSEC_M.C_003000,Export Cement Sales,31-Aug-16,557.3,Thousand Metric Ton,Normal,
Domestic Sale and Export of Cement,TS_GP_RLS_CEMSEC_M.C_003000,Export Cement Sales,30-Sep-16,522.8,Thousand Metric Ton,Normal,
Domestic Sale and Export of Cement,TS_GP_RLS_CEMSEC_M.C_003000,Export Cement Sales,31-Oct-16,518.4,Thousand Metric Ton,Normal,
Domestic Sale and Export of Cement,TS_GP_RLS_CEMSEC_M.C_003000,Export Cement Sales,30-Nov-16,478.6,Thousand Metric Ton,Normal,
Domestic Sale and Export of Cement,TS_GP_RLS_CEMSEC_M.C_003000,Export Cement Sales,31-Dec-16,369.3,Thousand Metric Ton,Normal,
Domestic Sale and Export of Cement,TS_GP_RLS_CEMSEC_M.C_003000,Export Cement Sales,31-Jan-17,376.1,Thousand Metric Ton,Normal,
Domestic Sale and Export of Cement,TS_GP_RLS_CEMSEC_M.C_003000,Export Cement Sales,28-Feb-17,253.9,Thousand Metric Ton,Normal,
Domestic Sale and Export of Cement,TS_GP_RLS_CEMSEC_M.C_003000,Export Cement Sales,31-Mar-17,211.8,Thousand Metric Ton,Normal,
Domestic Sale and Export of Cement,TS_GP_RLS_CEMSEC_M.C_003000,Export Cement Sales,30-Apr-17,256.4,Thousand Metric Ton,Normal,
Domestic Sale and Export of Cement,TS_GP_RLS_CEMSEC_M.C_003000,Export Cement Sales,31-May-17,309.3,Thousand Metric Ton,Normal,
Domestic Sale and Export of Cement,TS_GP_RLS_CEMSEC_M.C_003000,Export Cement Sales,30-Jun-17,344.7,Thousand Metric Ton,Normal,
Domestic Sale and Export of Cement,TS_GP_RLS_CEMSEC_M.C_003000,Export Cement Sales,31-Jul-17,475.7,Thousand Metric Ton,Normal,
Domestic Sale and Export of Cement,TS_GP_RLS_CEMSEC_M.C_003000,Export Cement Sales,31-Aug-17,409.8,Thousand Metric Ton,Normal,
Domestic Sale and Export of Cement,TS_GP_RLS_CEMSEC_M.C_003000,Export Cement Sales,30-Sep-17,401.6,Thousand Metric Ton,Normal,
Domestic Sale and Export of Cement,TS_GP_RLS_CEMSEC_M.C_003000,Export Cement Sales,31-Oct-17,443,Thousand Metric Ton,Normal,
Domestic Sale and Export of Cement,TS_GP_RLS_CEMSEC_M.C_003000,Export Cement Sales,30-Nov-17,348.8,Thousand Metric Ton,Normal,
Domestic Sale and Export of Cement,TS_GP_RLS_CEMSEC_M.C_003000,Export Cement Sales,31-Dec-17,327.7,Thousand Metric Ton,Normal,
Domestic Sale and Export of Cement,TS_GP_RLS_CEMSEC_M.C_003000,Export Cement Sales,31-Jan-18,346.7,Thousand Metric Ton,Normal,
Domestic Sale and Export of Cement,TS_GP_RLS_CEMSEC_M.C_003000,Export Cement Sales,28-Feb-18,300.7,Thousand Metric Ton,Normal,
Domestic Sale and Export of Cement,TS_GP_RLS_CEMSEC_M.C_003000,Export Cement Sales,31-Mar-18,391.7,Thousand Metric Ton,Normal,
Domestic Sale and Export of Cement,TS_GP_RLS_CEMSEC_M.C_003000,Export Cement Sales,30-Apr-18,465.1,Thousand Metric Ton,Normal,
Domestic Sale and Export of Cement,TS_GP_RLS_CEMSEC_M.C_003000,Export Cement Sales,31-May-18,438.8,Thousand Metric Ton,Normal,
Domestic Sale and Export of Cement,TS_GP_RLS_CEMSEC_M.C_003000,Export Cement Sales,30-Jun-18,397.5,Thousand Metric Ton,Normal,
Domestic Sale and Export of Cement,TS_GP_RLS_CEMSEC_M.C_003000,Export Cement Sales,31-Jul-18,519.7,Thousand Metric Ton,Normal,
Domestic Sale and Export of Cement,TS_GP_RLS_CEMSEC_M.C_003000,Export Cement Sales,31-Aug-18,556.5,Thousand Metric Ton,Normal,
Domestic Sale and Export of Cement,TS_GP_RLS_CEMSEC_M.C_003000,Export Cement Sales,30-Sep-18,714.7,Thousand Metric Ton,Normal,
Domestic Sale and Export of Cement,TS_GP_RLS_CEMSEC_M.C_003000,Export Cement Sales,31-Oct-18,615.2,Thousand Metric Ton,Normal,
Domestic Sale and Export of Cement,TS_GP_RLS_CEMSEC_M.C_003000,Export Cement Sales,30-Nov-18,562.8,Thousand Metric Ton,Normal,
Domestic Sale and Export of Cement,TS_GP_RLS_CEMSEC_M.C_003000,Export Cement Sales,31-Dec-18,590.6,Thousand Metric Ton,Normal,
Domestic Sale and Export of Cement,TS_GP_RLS_CEMSEC_M.C_003000,Export Cement Sales,31-Jan-19,579.9,Thousand Metric Ton,Normal,
Domestic Sale and Export of Cement,TS_GP_RLS_CEMSEC_M.C_003000,Export Cement Sales,28-Feb-19,508.4,Thousand Metric Ton,Normal,
Domestic Sale and Export of Cement,TS_GP_RLS_CEMSEC_M.C_003000,Export Cement Sales,31-Mar-19,482.1,Thousand Metric Ton,Normal,
Domestic Sale and Export of Cement,TS_GP_RLS_CEMSEC_M.C_003000,Export Cement Sales,30-Apr-19,574,Thousand Metric Ton,Normal,
Domestic Sale and Export of Cement,TS_GP_RLS_CEMSEC_M.C_003000,Export Cement Sales,31-May-19,483,Thousand Metric Ton,Normal,
Domestic Sale and Export of Cement,TS_GP_RLS_CEMSEC_M.C_003000,Export Cement Sales,30-Jun-19,347.4,Thousand Metric Ton,Normal,
Domestic Sale and Export of Cement,TS_GP_RLS_CEMSEC_M.C_003000,Export Cement Sales,31-Jul-19,530.9,Thousand Metric Ton,Normal,
Domestic Sale and Export of Cement,TS_GP_RLS_CEMSEC_M.C_003000,Export Cement Sales,31-Aug-19,682.7,Thousand Metric Ton,Normal,
Domestic Sale and Export of Cement,TS_GP_RLS_CEMSEC_M.C_003000,Export Cement Sales,30-Sep-19,797.9,Thousand Metric Ton,Normal,
Domestic Sale and Export of Cement,TS_GP_RLS_CEMSEC_M.C_003000,Export Cement Sales,31-Oct-19,788.3,Thousand Metric Ton,Normal,
Domestic Sale and Export of Cement,TS_GP_RLS_CEMSEC_M.C_003000,Export Cement Sales,30-Nov-19,807.8,Thousand Metric Ton,Normal,
Domestic Sale and Export of Cement,TS_GP_RLS_CEMSEC_M.C_003000,Export Cement Sales,31-Dec-19,770,Thousand Metric Ton,Normal,
Domestic Sale and Export of Cement,TS_GP_RLS_CEMSEC_M.C_003000,Export Cement Sales,31-Jan-20,808.9,Thousand Metric Ton,Normal,
Domestic Sale and Export of Cement,TS_GP_RLS_CEMSEC_M.C_003000,Export Cement Sales,29-Feb-20,753.4,Thousand Metric Ton,Normal,
Domestic Sale and Export of Cement,TS_GP_RLS_CEMSEC_M.C_003000,Export Cement Sales,31-Mar-20,507,Thousand Metric Ton,Normal,
Domestic Sale and Export of Cement,TS_GP_RLS_CEMSEC_M.C_003000,Export Cement Sales,30-Apr-20,249,Thousand Metric Ton,Normal,
Domestic Sale and Export of Cement,TS_GP_RLS_CEMSEC_M.C_003000,Export Cement Sales,31-May-20,363,Thousand Metric Ton,Normal,
Domestic Sale and Export of Cement,TS_GP_RLS_CEMSEC_M.C_003000,Export Cement Sales,30-Jun-20,787.8,Thousand Metric Ton,Normal,
Domestic Sale and Export of Cement,TS_GP_RLS_CEMSEC_M.C_003000,Export Cement Sales,31-Jul-20,885.3,Thousand Metric Ton,Normal,
Domestic Sale and Export of Cement,TS_GP_RLS_CEMSEC_M.C_003000,Export Cement Sales,31-Aug-20,725.9,Thousand Metric Ton,Normal,
Domestic Sale and Export of Cement,TS_GP_RLS_CEMSEC_M.C_003000,Export Cement Sales,30-Sep-20,1130.6,Thousand Metric Ton,Normal,
Domestic Sale and Export of Cement,TS_GP_RLS_CEMSEC_M.C_003000,Export Cement Sales,31-Oct-20,875.3,Thousand Metric Ton,Normal,
Domestic Sale and Export of Cement,TS_GP_RLS_CEMSEC_M.C_003000,Export Cement Sales,30-Nov-20,768,Thousand Metric Ton,Normal,
Domestic Sale and Export of Cement,TS_GP_RLS_CEMSEC_M.C_003000,Export Cement Sales,31-Dec-20,633.4,Thousand Metric Ton,Normal,
Domestic Sale and Export of Cement,TS_GP_RLS_CEMSEC_M.C_003000,Export Cement Sales,31-Jan-21,694.9,Thousand Metric Ton,Normal,
Domestic Sale and Export of Cement,TS_GP_RLS_CEMSEC_M.C_003000,Export Cement Sales,28-Feb-21,616,Thousand Metric Ton,Normal,
Domestic Sale and Export of Cement,TS_GP_RLS_CEMSEC_M.C_003000,Export Cement Sales,31-Mar-21,811,Thousand Metric Ton,Normal,
Domestic Sale and Export of Cement,TS_GP_RLS_CEMSEC_M.C_003000,Export Cement Sales,30-Apr-21,877.2,Thousand Metric Ton,Normal,
Domestic Sale and Export of Cement,TS_GP_RLS_CEMSEC_M.C_003000,Export Cement Sales,31-May-21,746.6,Thousand Metric Ton,Normal,
Domestic Sale and Export of Cement,TS_GP_RLS_CEMSEC_M.C_003000,Export Cement Sales,30-Jun-21,542.6,Thousand Metric Ton,Normal,
Domestic Sale and Export of Cement,TS_GP_RLS_CEMSEC_M.C_003000,Export Cement Sales,31-Jul-21,452.8,Thousand Metric Ton,Normal,
Domestic Sale and Export of Cement,TS_GP_RLS_CEMSEC_M.C_003000,Export Cement Sales,31-Aug-21,521.5,Thousand Metric Ton,Normal,
Domestic Sale and Export of Cement,TS_GP_RLS_CEMSEC_M.C_003000,Export Cement Sales,30-Sep-21,571.6,Thousand Metric Ton,Normal,
Domestic Sale and Export of Cement,TS_GP_RLS_CEMSEC_M.C_003000,Export Cement Sales,31-Oct-21,611.4,Thousand Metric Ton,Normal,
Domestic Sale and Export of Cement,TS_GP_RLS_CEMSEC_M.C_003000,Export Cement Sales,30-Nov-21,695.8,Thousand Metric Ton,Normal,
Domestic Sale and Export of Cement,TS_GP_RLS_CEMSEC_M.C_003000,Export Cement Sales,31-Dec-21,538.4,Thousand Metric Ton,Normal,
Domestic Sale and Export of Cement,TS_GP_RLS_CEMSEC_M.C_003000,Export Cement Sales,31-Jan-22,551,Thousand Metric Ton,Normal,
Domestic Sale and Export of Cement,TS_GP_RLS_CEMSEC_M.C_003000,Export Cement Sales,28-Feb-22,405.5,Thousand Metric Ton,Normal,
Domestic Sale and Export of Cement,TS_GP_RLS_CEMSEC_M.C_003000,Export Cement Sales,31-Mar-22,295.3,Thousand Metric Ton,Normal,
Domestic Sale and Export of Cement,TS_GP_RLS_CEMSEC_M.C_003000,Export Cement Sales,30-Apr-22,156.6,Thousand Metric Ton,Normal,
Domestic Sale and Export of Cement,TS_GP_RLS_CEMSEC_M.C_003000,Export Cement Sales,31-May-22,172,Thousand Metric Ton,Normal,
Domestic Sale and Export of Cement,TS_GP_RLS_CEMSEC_M.C_003000,Export Cement Sales,30-Jun-22,285,Thousand Metric Ton,Normal,
Domestic Sale and Export of Cement,TS_GP_RLS_CEMSEC_M.C_003000,Export Cement Sales,31-Jul-22,153.5,Thousand Metric Ton,Normal,
Domestic Sale and Export of Cement,TS_GP_RLS_CEMSEC_M.C_003000,Export Cement Sales,31-Aug-22,387.4,Thousand Metric Ton,Normal,
Domestic Sale and Export of Cement,TS_GP_RLS_CEMSEC_M.C_003000,Export Cement Sales,30-Sep-22,478.1,Thousand Metric Ton,Normal,
Domestic Sale and Export of Cement,TS_GP_RLS_CEMSEC_M.C_003000,Export Cement Sales,31-Oct-22,362.4,Thousand Metric Ton,Normal,
Domestic Sale and Export of Cement,TS_GP_RLS_CEMSEC_M.C_003000,Export Cement Sales,30-Nov-22,147.8,Thousand Metric Ton,Normal,
Domestic Sale and Export of Cement,TS_GP_RLS_CEMSEC_M.C_003000,Export Cement Sales,31-Dec-22,205.1,Thousand Metric Ton,Normal,
Domestic Sale and Export of Cement,TS_GP_RLS_CEMSEC_M.C_003000,Export Cement Sales,31-Jan-23,418.1,Thousand Metric Ton,Normal,
Domestic Sale and Export of Cement,TS_GP_RLS_CEMSEC_M.C_003000,Export Cement Sales,28-Feb-23,445,Thousand Metric Ton,Normal,
Domestic Sale and Export of Cement,TS_GP_RLS_CEMSEC_M.C_003000,Export Cement Sales,31-Mar-23,438.4,Thousand Metric Ton,Normal,
Domestic Sale and Export of Cement,TS_GP_RLS_CEMSEC_M.C_003000,Export Cement Sales,30-Apr-23,420.7,Thousand Metric Ton,Normal,
