Dataset,Series Key,Series,Observation Date,Observation Value,Unit,Observation Status,Observation Status Comment
Foreign Currency Deposits,TS_GP_BOP_FCD_M.FCA00,Grand Total,31-May-03,2588.701461,Million USD,Normal,
Foreign Currency Deposits,TS_GP_BOP_FCD_M.FCA00,Grand Total,30-Jun-03,2589.5,Million USD,Normal,
Foreign Currency Deposits,TS_GP_BOP_FCD_M.FCA00,Grand Total,31-Jul-03,2631.325289,Million USD,Normal,
Foreign Currency Deposits,TS_GP_BOP_FCD_M.FCA00,Grand Total,31-Aug-03,2640.242871,Million USD,Normal,
Foreign Currency Deposits,TS_GP_BOP_FCD_M.FCA00,Grand Total,30-Sep-03,2577.3,Million USD,Normal,
Foreign Currency Deposits,TS_GP_BOP_FCD_M.FCA00,Grand Total,31-Oct-03,2621.3,Million USD,Normal,
Foreign Currency Deposits,TS_GP_BOP_FCD_M.FCA00,Grand Total,30-Nov-03,2643.1,Million USD,Normal,
Foreign Currency Deposits,TS_GP_BOP_FCD_M.FCA00,Grand Total,31-Dec-03,2737.084,Million USD,Normal,
Foreign Currency Deposits,TS_GP_BOP_FCD_M.FCA00,Grand Total,31-Jan-04,2732.53473,Million USD,Normal,
Foreign Currency Deposits,TS_GP_BOP_FCD_M.FCA00,Grand Total,29-Feb-04,2959.719035,Million USD,Normal,
Foreign Currency Deposits,TS_GP_BOP_FCD_M.FCA00,Grand Total,31-Mar-04,2785.1,Million USD,Normal,
Foreign Currency Deposits,TS_GP_BOP_FCD_M.FCA00,Grand Total,30-Apr-04,2834.917169,Million USD,Normal,
Foreign Currency Deposits,TS_GP_BOP_FCD_M.FCA00,Grand Total,31-May-04,2849.651638,Million USD,Normal,
Foreign Currency Deposits,TS_GP_BOP_FCD_M.FCA00,Grand Total,30-Jun-04,2877.888662,Million USD,Normal,
Foreign Currency Deposits,TS_GP_BOP_FCD_M.FCA00,Grand Total,31-Jul-04,3007.499395,Million USD,Normal,
Foreign Currency Deposits,TS_GP_BOP_FCD_M.FCA00,Grand Total,31-Aug-04,3028.472399,Million USD,Normal,
Foreign Currency Deposits,TS_GP_BOP_FCD_M.FCA00,Grand Total,30-Sep-04,3040.213884,Million USD,Normal,
Foreign Currency Deposits,TS_GP_BOP_FCD_M.FCA00,Grand Total,31-Oct-04,3139.296536,Million USD,Normal,
Foreign Currency Deposits,TS_GP_BOP_FCD_M.FCA00,Grand Total,30-Nov-04,3208.617223,Million USD,Normal,
Foreign Currency Deposits,TS_GP_BOP_FCD_M.FCA00,Grand Total,31-Dec-04,3304.87913,Million USD,Normal,
Foreign Currency Deposits,TS_GP_BOP_FCD_M.FCA00,Grand Total,31-Jan-05,3330.34796,Million USD,Normal,
Foreign Currency Deposits,TS_GP_BOP_FCD_M.FCA00,Grand Total,28-Feb-05,3437.017991,Million USD,Normal,
Foreign Currency Deposits,TS_GP_BOP_FCD_M.FCA00,Grand Total,31-Mar-05,3289.219685,Million USD,Normal,
Foreign Currency Deposits,TS_GP_BOP_FCD_M.FCA00,Grand Total,30-Apr-05,3335.617254,Million USD,Normal,
Foreign Currency Deposits,TS_GP_BOP_FCD_M.FCA00,Grand Total,31-May-05,3266,Million USD,Normal,
Foreign Currency Deposits,TS_GP_BOP_FCD_M.FCA00,Grand Total,30-Jun-05,3436.523199,Million USD,Normal,
Foreign Currency Deposits,TS_GP_BOP_FCD_M.FCA00,Grand Total,31-Jul-05,3433.599374,Million USD,Normal,
Foreign Currency Deposits,TS_GP_BOP_FCD_M.FCA00,Grand Total,31-Aug-05,3390.086634,Million USD,Normal,
Foreign Currency Deposits,TS_GP_BOP_FCD_M.FCA00,Grand Total,30-Sep-05,3345.447372,Million USD,Normal,
Foreign Currency Deposits,TS_GP_BOP_FCD_M.FCA00,Grand Total,31-Oct-05,3419.43053,Million USD,Normal,
Foreign Currency Deposits,TS_GP_BOP_FCD_M.FCA00,Grand Total,30-Nov-05,3477.163327,Million USD,Normal,
Foreign Currency Deposits,TS_GP_BOP_FCD_M.FCA00,Grand Total,31-Dec-05,3628.282005,Million USD,Normal,
Foreign Currency Deposits,TS_GP_BOP_FCD_M.FCA00,Grand Total,31-Jan-06,3687.62945,Million USD,Normal,
Foreign Currency Deposits,TS_GP_BOP_FCD_M.FCA00,Grand Total,28-Feb-06,3620.064959,Million USD,Normal,
Foreign Currency Deposits,TS_GP_BOP_FCD_M.FCA00,Grand Total,31-Mar-06,3540.230044,Million USD,Normal,
Foreign Currency Deposits,TS_GP_BOP_FCD_M.FCA00,Grand Total,30-Apr-06,3614.916919,Million USD,Normal,
Foreign Currency Deposits,TS_GP_BOP_FCD_M.FCA00,Grand Total,31-May-06,3584.838657,Million USD,Normal,
Foreign Currency Deposits,TS_GP_BOP_FCD_M.FCA00,Grand Total,30-Jun-06,3646.087146,Million USD,Normal,
Foreign Currency Deposits,TS_GP_BOP_FCD_M.FCA00,Grand Total,31-Jul-06,3654.803975,Million USD,Normal,
Foreign Currency Deposits,TS_GP_BOP_FCD_M.FCA00,Grand Total,31-Aug-06,3582.815494,Million USD,Normal,
Foreign Currency Deposits,TS_GP_BOP_FCD_M.FCA00,Grand Total,30-Sep-06,3582.063485,Million USD,Normal,
Foreign Currency Deposits,TS_GP_BOP_FCD_M.FCA00,Grand Total,31-Oct-06,3577.519028,Million USD,Normal,
Foreign Currency Deposits,TS_GP_BOP_FCD_M.FCA00,Grand Total,30-Nov-06,3600.499724,Million USD,Normal,
Foreign Currency Deposits,TS_GP_BOP_FCD_M.FCA00,Grand Total,31-Dec-06,3695.514185,Million USD,Normal,
Foreign Currency Deposits,TS_GP_BOP_FCD_M.FCA00,Grand Total,31-Jan-07,3726.50903,Million USD,Normal,
Foreign Currency Deposits,TS_GP_BOP_FCD_M.FCA00,Grand Total,28-Feb-07,3691.893056,Million USD,Normal,
Foreign Currency Deposits,TS_GP_BOP_FCD_M.FCA00,Grand Total,31-Mar-07,3748.115217,Million USD,Normal,
Foreign Currency Deposits,TS_GP_BOP_FCD_M.FCA00,Grand Total,30-Apr-07,3709.813466,Million USD,Normal,
Foreign Currency Deposits,TS_GP_BOP_FCD_M.FCA00,Grand Total,31-May-07,3746.888116,Million USD,Normal,
Foreign Currency Deposits,TS_GP_BOP_FCD_M.FCA00,Grand Total,30-Jun-07,3837.765369,Million USD,Normal,
Foreign Currency Deposits,TS_GP_BOP_FCD_M.FCA00,Grand Total,31-Jul-07,3861.54,Million USD,Normal,
Foreign Currency Deposits,TS_GP_BOP_FCD_M.FCA00,Grand Total,31-Aug-07,3868.582488,Million USD,Normal,
Foreign Currency Deposits,TS_GP_BOP_FCD_M.FCA00,Grand Total,30-Sep-07,3907.914818,Million USD,Normal,
Foreign Currency Deposits,TS_GP_BOP_FCD_M.FCA00,Grand Total,31-Oct-07,3998.47,Million USD,Normal,
Foreign Currency Deposits,TS_GP_BOP_FCD_M.FCA00,Grand Total,30-Nov-07,4002.84,Million USD,Normal,
Foreign Currency Deposits,TS_GP_BOP_FCD_M.FCA00,Grand Total,31-Dec-07,4072.741,Million USD,Normal,
Foreign Currency Deposits,TS_GP_BOP_FCD_M.FCA00,Grand Total,31-Jan-08,4076.39,Million USD,Normal,
Foreign Currency Deposits,TS_GP_BOP_FCD_M.FCA00,Grand Total,29-Feb-08,4062.86,Million USD,Normal,
Foreign Currency Deposits,TS_GP_BOP_FCD_M.FCA00,Grand Total,31-Mar-08,4100.66,Million USD,Normal,
Foreign Currency Deposits,TS_GP_BOP_FCD_M.FCA00,Grand Total,30-Apr-08,4130.64,Million USD,Normal,
Foreign Currency Deposits,TS_GP_BOP_FCD_M.FCA00,Grand Total,31-May-08,4168.51,Million USD,Normal,
Foreign Currency Deposits,TS_GP_BOP_FCD_M.FCA00,Grand Total,30-Jun-08,4238.2,Million USD,Normal,
Foreign Currency Deposits,TS_GP_BOP_FCD_M.FCA00,Grand Total,31-Jul-08,4323.12,Million USD,Normal,
Foreign Currency Deposits,TS_GP_BOP_FCD_M.FCA00,Grand Total,31-Aug-08,4275.91,Million USD,Normal,
Foreign Currency Deposits,TS_GP_BOP_FCD_M.FCA00,Grand Total,30-Sep-08,4192.39,Million USD,Normal,
Foreign Currency Deposits,TS_GP_BOP_FCD_M.FCA00,Grand Total,31-Oct-08,3883.7,Million USD,Normal,
Foreign Currency Deposits,TS_GP_BOP_FCD_M.FCA00,Grand Total,30-Nov-08,3838.6,Million USD,Normal,
Foreign Currency Deposits,TS_GP_BOP_FCD_M.FCA00,Grand Total,31-Dec-08,3992.94,Million USD,Normal,
Foreign Currency Deposits,TS_GP_BOP_FCD_M.FCA00,Grand Total,31-Jan-09,4002.660861,Million USD,Normal,
Foreign Currency Deposits,TS_GP_BOP_FCD_M.FCA00,Grand Total,28-Feb-09,4044.631118,Million USD,Normal,
Foreign Currency Deposits,TS_GP_BOP_FCD_M.FCA00,Grand Total,31-Mar-09,3957.15,Million USD,Normal,
Foreign Currency Deposits,TS_GP_BOP_FCD_M.FCA00,Grand Total,30-Apr-09,3947.51,Million USD,Normal,
Foreign Currency Deposits,TS_GP_BOP_FCD_M.FCA00,Grand Total,31-May-09,3960.42,Million USD,Normal,
Foreign Currency Deposits,TS_GP_BOP_FCD_M.FCA00,Grand Total,30-Jun-09,3939.69,Million USD,Normal,
Foreign Currency Deposits,TS_GP_BOP_FCD_M.FCA00,Grand Total,31-Jul-09,4046.86,Million USD,Normal,
Foreign Currency Deposits,TS_GP_BOP_FCD_M.FCA00,Grand Total,31-Aug-09,4028.67,Million USD,Normal,
Foreign Currency Deposits,TS_GP_BOP_FCD_M.FCA00,Grand Total,30-Sep-09,4144.56,Million USD,Normal,
Foreign Currency Deposits,TS_GP_BOP_FCD_M.FCA00,Grand Total,31-Oct-09,4140.84,Million USD,Normal,
Foreign Currency Deposits,TS_GP_BOP_FCD_M.FCA00,Grand Total,30-Nov-09,4172.56,Million USD,Normal,
Foreign Currency Deposits,TS_GP_BOP_FCD_M.FCA00,Grand Total,31-Dec-09,4314.2,Million USD,Normal,
Foreign Currency Deposits,TS_GP_BOP_FCD_M.FCA00,Grand Total,31-Jan-10,4355.65,Million USD,Normal,
Foreign Currency Deposits,TS_GP_BOP_FCD_M.FCA00,Grand Total,28-Feb-10,4400.25,Million USD,Normal,
Foreign Currency Deposits,TS_GP_BOP_FCD_M.FCA00,Grand Total,31-Mar-10,4467.67,Million USD,Normal,
Foreign Currency Deposits,TS_GP_BOP_FCD_M.FCA00,Grand Total,30-Apr-10,4511.490872,Million USD,Normal,
Foreign Currency Deposits,TS_GP_BOP_FCD_M.FCA00,Grand Total,31-May-10,4424.555346,Million USD,Normal,
Foreign Currency Deposits,TS_GP_BOP_FCD_M.FCA00,Grand Total,30-Jun-10,4559.455226,Million USD,Normal,
Foreign Currency Deposits,TS_GP_BOP_FCD_M.FCA00,Grand Total,31-Jul-10,4583.760301,Million USD,Normal,
Foreign Currency Deposits,TS_GP_BOP_FCD_M.FCA00,Grand Total,31-Aug-10,4586.686328,Million USD,Normal,
Foreign Currency Deposits,TS_GP_BOP_FCD_M.FCA00,Grand Total,30-Sep-10,4678.239702,Million USD,Normal,
Foreign Currency Deposits,TS_GP_BOP_FCD_M.FCA00,Grand Total,31-Oct-10,4711.567322,Million USD,Normal,
Foreign Currency Deposits,TS_GP_BOP_FCD_M.FCA00,Grand Total,30-Nov-10,4767.527925,Million USD,Normal,
Foreign Currency Deposits,TS_GP_BOP_FCD_M.FCA00,Grand Total,31-Dec-10,4909.472066,Million USD,Normal,
Foreign Currency Deposits,TS_GP_BOP_FCD_M.FCA00,Grand Total,31-Jan-11,4875.25661,Million USD,Normal,
Foreign Currency Deposits,TS_GP_BOP_FCD_M.FCA00,Grand Total,28-Feb-11,4914.459079,Million USD,Normal,
Foreign Currency Deposits,TS_GP_BOP_FCD_M.FCA00,Grand Total,31-Mar-11,4905.237918,Million USD,Normal,
Foreign Currency Deposits,TS_GP_BOP_FCD_M.FCA00,Grand Total,30-Apr-11,4964.57664,Million USD,Normal,
Foreign Currency Deposits,TS_GP_BOP_FCD_M.FCA00,Grand Total,31-May-11,4921.629608,Million USD,Normal,
Foreign Currency Deposits,TS_GP_BOP_FCD_M.FCA00,Grand Total,30-Jun-11,4998.027695,Million USD,Normal,
Foreign Currency Deposits,TS_GP_BOP_FCD_M.FCA00,Grand Total,31-Jul-11,5012.449565,Million USD,Normal,
Foreign Currency Deposits,TS_GP_BOP_FCD_M.FCA00,Grand Total,31-Aug-11,4908.52071,Million USD,Normal,
Foreign Currency Deposits,TS_GP_BOP_FCD_M.FCA00,Grand Total,30-Sep-11,4928.020594,Million USD,Normal,
Foreign Currency Deposits,TS_GP_BOP_FCD_M.FCA00,Grand Total,31-Oct-11,5023.413719,Million USD,Normal,
Foreign Currency Deposits,TS_GP_BOP_FCD_M.FCA00,Grand Total,30-Nov-11,5058.53194,Million USD,Normal,
Foreign Currency Deposits,TS_GP_BOP_FCD_M.FCA00,Grand Total,31-Dec-11,5254.318039,Million USD,Normal,
Foreign Currency Deposits,TS_GP_BOP_FCD_M.FCA00,Grand Total,31-Jan-12,5385.846883,Million USD,Normal,
Foreign Currency Deposits,TS_GP_BOP_FCD_M.FCA00,Grand Total,29-Feb-12,5477.768813,Million USD,Normal,
Foreign Currency Deposits,TS_GP_BOP_FCD_M.FCA00,Grand Total,31-Mar-12,5746.006885,Million USD,Normal,
Foreign Currency Deposits,TS_GP_BOP_FCD_M.FCA00,Grand Total,30-Apr-12,5612.057723,Million USD,Normal,
Foreign Currency Deposits,TS_GP_BOP_FCD_M.FCA00,Grand Total,31-May-12,5484.918921,Million USD,Normal,
Foreign Currency Deposits,TS_GP_BOP_FCD_M.FCA00,Grand Total,30-Jun-12,5594.161931,Million USD,Normal,
Foreign Currency Deposits,TS_GP_BOP_FCD_M.FCA00,Grand Total,31-Jul-12,5588.379276,Million USD,Normal,
Foreign Currency Deposits,TS_GP_BOP_FCD_M.FCA00,Grand Total,31-Aug-12,5570.688683,Million USD,Normal,
Foreign Currency Deposits,TS_GP_BOP_FCD_M.FCA00,Grand Total,30-Sep-12,5654.66342,Million USD,Normal,
Foreign Currency Deposits,TS_GP_BOP_FCD_M.FCA00,Grand Total,31-Oct-12,5635.649647,Million USD,Normal,
Foreign Currency Deposits,TS_GP_BOP_FCD_M.FCA00,Grand Total,30-Nov-12,5732.528339,Million USD,Normal,
Foreign Currency Deposits,TS_GP_BOP_FCD_M.FCA00,Grand Total,31-Dec-12,5643.732539,Million USD,Normal,
Foreign Currency Deposits,TS_GP_BOP_FCD_M.FCA00,Grand Total,31-Jan-13,5670.623444,Million USD,Normal,
Foreign Currency Deposits,TS_GP_BOP_FCD_M.FCA00,Grand Total,28-Feb-13,5689.21579,Million USD,Normal,
Foreign Currency Deposits,TS_GP_BOP_FCD_M.FCA00,Grand Total,31-Mar-13,5799.515568,Million USD,Normal,
Foreign Currency Deposits,TS_GP_BOP_FCD_M.FCA00,Grand Total,30-Apr-13,5815.231195,Million USD,Normal,
Foreign Currency Deposits,TS_GP_BOP_FCD_M.FCA00,Grand Total,31-May-13,5861.573015,Million USD,Normal,
Foreign Currency Deposits,TS_GP_BOP_FCD_M.FCA00,Grand Total,30-Jun-13,5811.987946,Million USD,Normal,
Foreign Currency Deposits,TS_GP_BOP_FCD_M.FCA00,Grand Total,31-Jul-13,5844.287043,Million USD,Normal,
Foreign Currency Deposits,TS_GP_BOP_FCD_M.FCA00,Grand Total,31-Aug-13,5892.935002,Million USD,Normal,
Foreign Currency Deposits,TS_GP_BOP_FCD_M.FCA00,Grand Total,30-Sep-13,5996.515369,Million USD,Normal,
Foreign Currency Deposits,TS_GP_BOP_FCD_M.FCA00,Grand Total,31-Oct-13,6099.139807,Million USD,Normal,
Foreign Currency Deposits,TS_GP_BOP_FCD_M.FCA00,Grand Total,30-Nov-13,6243.10543,Million USD,Normal,
Foreign Currency Deposits,TS_GP_BOP_FCD_M.FCA00,Grand Total,31-Dec-13,6249.153212,Million USD,Normal,
Foreign Currency Deposits,TS_GP_BOP_FCD_M.FCA00,Grand Total,31-Jan-14,6238.098485,Million USD,Normal,
Foreign Currency Deposits,TS_GP_BOP_FCD_M.FCA00,Grand Total,28-Feb-14,6321.905402,Million USD,Normal,
Foreign Currency Deposits,TS_GP_BOP_FCD_M.FCA00,Grand Total,31-Mar-14,6446.040999,Million USD,Normal,
Foreign Currency Deposits,TS_GP_BOP_FCD_M.FCA00,Grand Total,30-Apr-14,6542.668586,Million USD,Normal,
Foreign Currency Deposits,TS_GP_BOP_FCD_M.FCA00,Grand Total,31-May-14,6545.63922,Million USD,Normal,
Foreign Currency Deposits,TS_GP_BOP_FCD_M.FCA00,Grand Total,30-Jun-14,6705.861679,Million USD,Normal,
Foreign Currency Deposits,TS_GP_BOP_FCD_M.FCA00,Grand Total,31-Jul-14,6655.337674,Million USD,Normal,
Foreign Currency Deposits,TS_GP_BOP_FCD_M.FCA00,Grand Total,31-Aug-14,6685.726479,Million USD,Normal,
Foreign Currency Deposits,TS_GP_BOP_FCD_M.FCA00,Grand Total,30-Sep-14,6669.211824,Million USD,Normal,
Foreign Currency Deposits,TS_GP_BOP_FCD_M.FCA00,Grand Total,31-Oct-14,6840.372825,Million USD,Normal,
Foreign Currency Deposits,TS_GP_BOP_FCD_M.FCA00,Grand Total,30-Nov-14,6840.274419,Million USD,Normal,
Foreign Currency Deposits,TS_GP_BOP_FCD_M.FCA00,Grand Total,31-Dec-14,6768.345469,Million USD,Normal,
Foreign Currency Deposits,TS_GP_BOP_FCD_M.FCA00,Grand Total,31-Jan-15,6657.880946,Million USD,Normal,
Foreign Currency Deposits,TS_GP_BOP_FCD_M.FCA00,Grand Total,28-Feb-15,6616.056034,Million USD,Normal,
Foreign Currency Deposits,TS_GP_BOP_FCD_M.FCA00,Grand Total,31-Mar-15,6514.851542,Million USD,Normal,
Foreign Currency Deposits,TS_GP_BOP_FCD_M.FCA00,Grand Total,30-Apr-15,6550.262474,Million USD,Normal,
Foreign Currency Deposits,TS_GP_BOP_FCD_M.FCA00,Grand Total,31-May-15,6493.968058,Million USD,Normal,
Foreign Currency Deposits,TS_GP_BOP_FCD_M.FCA00,Grand Total,30-Jun-15,6481.953303,Million USD,Normal,
Foreign Currency Deposits,TS_GP_BOP_FCD_M.FCA00,Grand Total,31-Jul-15,6356.732856,Million USD,Normal,
Foreign Currency Deposits,TS_GP_BOP_FCD_M.FCA00,Grand Total,31-Aug-15,6311.448461,Million USD,Normal,
Foreign Currency Deposits,TS_GP_BOP_FCD_M.FCA00,Grand Total,30-Sep-15,6289.463904,Million USD,Normal,
Foreign Currency Deposits,TS_GP_BOP_FCD_M.FCA00,Grand Total,31-Oct-15,6373.334084,Million USD,Normal,
Foreign Currency Deposits,TS_GP_BOP_FCD_M.FCA00,Grand Total,30-Nov-15,6376.450443,Million USD,Normal,
Foreign Currency Deposits,TS_GP_BOP_FCD_M.FCA00,Grand Total,31-Dec-15,6540.649376,Million USD,Normal,
Foreign Currency Deposits,TS_GP_BOP_FCD_M.FCA00,Grand Total,31-Jan-16,6412.145651,Million USD,Normal,
Foreign Currency Deposits,TS_GP_BOP_FCD_M.FCA00,Grand Total,29-Feb-16,6423.3818,Million USD,Normal,
Foreign Currency Deposits,TS_GP_BOP_FCD_M.FCA00,Grand Total,31-Mar-16,6472.834308,Million USD,Normal,
Foreign Currency Deposits,TS_GP_BOP_FCD_M.FCA00,Grand Total,30-Apr-16,6408.833518,Million USD,Normal,
Foreign Currency Deposits,TS_GP_BOP_FCD_M.FCA00,Grand Total,31-May-16,6270.960578,Million USD,Normal,
Foreign Currency Deposits,TS_GP_BOP_FCD_M.FCA00,Grand Total,30-Jun-16,6339.584053,Million USD,Normal,
Foreign Currency Deposits,TS_GP_BOP_FCD_M.FCA00,Grand Total,31-Jul-16,6368.663384,Million USD,Normal,
Foreign Currency Deposits,TS_GP_BOP_FCD_M.FCA00,Grand Total,31-Aug-16,6370.843811,Million USD,Normal,
Foreign Currency Deposits,TS_GP_BOP_FCD_M.FCA00,Grand Total,30-Sep-16,6534.4006,Million USD,Normal,
Foreign Currency Deposits,TS_GP_BOP_FCD_M.FCA00,Grand Total,31-Oct-16,6493.081232,Million USD,Normal,
Foreign Currency Deposits,TS_GP_BOP_FCD_M.FCA00,Grand Total,30-Nov-16,6448.093944,Million USD,Normal,
Foreign Currency Deposits,TS_GP_BOP_FCD_M.FCA00,Grand Total,31-Dec-16,6433.240239,Million USD,Normal,
Foreign Currency Deposits,TS_GP_BOP_FCD_M.FCA00,Grand Total,31-Jan-17,6363.465047,Million USD,Normal,
Foreign Currency Deposits,TS_GP_BOP_FCD_M.FCA00,Grand Total,28-Feb-17,6459.761695,Million USD,Normal,
Foreign Currency Deposits,TS_GP_BOP_FCD_M.FCA00,Grand Total,31-Mar-17,6492.134562,Million USD,Normal,
Foreign Currency Deposits,TS_GP_BOP_FCD_M.FCA00,Grand Total,30-Apr-17,6508.452089,Million USD,Normal,
Foreign Currency Deposits,TS_GP_BOP_FCD_M.FCA00,Grand Total,31-May-17,6556.41569,Million USD,Normal,
Foreign Currency Deposits,TS_GP_BOP_FCD_M.FCA00,Grand Total,30-Jun-17,6976.704271,Million USD,Normal,
Foreign Currency Deposits,TS_GP_BOP_FCD_M.FCA00,Grand Total,31-Jul-17,6942.910687,Million USD,Normal,
Foreign Currency Deposits,TS_GP_BOP_FCD_M.FCA00,Grand Total,31-Aug-17,6991.721392,Million USD,Normal,
Foreign Currency Deposits,TS_GP_BOP_FCD_M.FCA00,Grand Total,30-Sep-17,7152.982726,Million USD,Normal,
Foreign Currency Deposits,TS_GP_BOP_FCD_M.FCA00,Grand Total,31-Oct-17,7324.972271,Million USD,Normal,
Foreign Currency Deposits,TS_GP_BOP_FCD_M.FCA00,Grand Total,30-Nov-17,7391.468502,Million USD,Normal,
Foreign Currency Deposits,TS_GP_BOP_FCD_M.FCA00,Grand Total,31-Dec-17,7308.329717,Million USD,Normal,
Foreign Currency Deposits,TS_GP_BOP_FCD_M.FCA00,Grand Total,31-Jan-18,7377.650122,Million USD,Normal,
Foreign Currency Deposits,TS_GP_BOP_FCD_M.FCA00,Grand Total,28-Feb-18,7410.859599,Million USD,Normal,
Foreign Currency Deposits,TS_GP_BOP_FCD_M.FCA00,Grand Total,31-Mar-18,7528.001489,Million USD,Normal,
Foreign Currency Deposits,TS_GP_BOP_FCD_M.FCA00,Grand Total,30-Apr-18,7373.226244,Million USD,Normal,
Foreign Currency Deposits,TS_GP_BOP_FCD_M.FCA00,Grand Total,31-May-18,7509.476163,Million USD,Normal,
Foreign Currency Deposits,TS_GP_BOP_FCD_M.FCA00,Grand Total,30-Jun-18,7603.770894,Million USD,Normal,
Foreign Currency Deposits,TS_GP_BOP_FCD_M.FCA00,Grand Total,31-Jul-18,7614.044664,Million USD,Normal,
Foreign Currency Deposits,TS_GP_BOP_FCD_M.FCA00,Grand Total,31-Aug-18,7820.354597,Million USD,Normal,
Foreign Currency Deposits,TS_GP_BOP_FCD_M.FCA00,Grand Total,30-Sep-18,7757.44237,Million USD,Normal,
Foreign Currency Deposits,TS_GP_BOP_FCD_M.FCA00,Grand Total,30-Oct-18,7536.595662,Million USD,Normal,
Foreign Currency Deposits,TS_GP_BOP_FCD_M.FCA00,Grand Total,30-Nov-18,7527.654535,Million USD,Normal,
Foreign Currency Deposits,TS_GP_BOP_FCD_M.FCA00,Grand Total,31-Dec-18,7470.817684,Million USD,Normal,
Foreign Currency Deposits,TS_GP_BOP_FCD_M.FCA00,Grand Total,31-Jan-19,7503.550444,Million USD,Normal,
Foreign Currency Deposits,TS_GP_BOP_FCD_M.FCA00,Grand Total,28-Feb-19,7550.224918,Million USD,Normal,
Foreign Currency Deposits,TS_GP_BOP_FCD_M.FCA00,Grand Total,31-Mar-19,7608.679234,Million USD,Normal,
Foreign Currency Deposits,TS_GP_BOP_FCD_M.FCA00,Grand Total,30-Apr-19,7674.467527,Million USD,Normal,
Foreign Currency Deposits,TS_GP_BOP_FCD_M.FCA00,Grand Total,31-May-19,7803.190865,Million USD,Normal,
Foreign Currency Deposits,TS_GP_BOP_FCD_M.FCA00,Grand Total,30-Jun-19,7880.593854,Million USD,Normal,
Foreign Currency Deposits,TS_GP_BOP_FCD_M.FCA00,Grand Total,31-Jul-19,7834.445252,Million USD,Normal,
Foreign Currency Deposits,TS_GP_BOP_FCD_M.FCA00,Grand Total,31-Aug-19,7885.489018,Million USD,Normal,
Foreign Currency Deposits,TS_GP_BOP_FCD_M.FCA00,Grand Total,30-Sep-19,7916.085779,Million USD,Normal,
Foreign Currency Deposits,TS_GP_BOP_FCD_M.FCA00,Grand Total,30-Oct-19,7834.027166,Million USD,Normal,
Foreign Currency Deposits,TS_GP_BOP_FCD_M.FCA00,Grand Total,30-Nov-19,7699.084559,Million USD,Normal,
Foreign Currency Deposits,TS_GP_BOP_FCD_M.FCA00,Grand Total,31-Dec-19,7648.271674,Million USD,Normal,
Foreign Currency Deposits,TS_GP_BOP_FCD_M.FCA00,Grand Total,31-Jan-20,7647.271204,Million USD,Normal,
Foreign Currency Deposits,TS_GP_BOP_FCD_M.FCA00,Grand Total,29-Feb-20,7594.468439,Million USD,Normal,
Foreign Currency Deposits,TS_GP_BOP_FCD_M.FCA00,Grand Total,31-Mar-20,7555.322118,Million USD,Normal,
Foreign Currency Deposits,TS_GP_BOP_FCD_M.FCA00,Grand Total,30-Apr-20,7419.010079,Million USD,Normal,
Foreign Currency Deposits,TS_GP_BOP_FCD_M.FCA00,Grand Total,31-May-20,7413.902429,Million USD,Normal,
Foreign Currency Deposits,TS_GP_BOP_FCD_M.FCA00,Grand Total,30-Jun-20,7366.552662,Million USD,Normal,
Foreign Currency Deposits,TS_GP_BOP_FCD_M.FCA00,Grand Total,31-Jul-20,7446.992958,Million USD,Normal,
Foreign Currency Deposits,TS_GP_BOP_FCD_M.FCA00,Grand Total,31-Aug-20,7500.633917,Million USD,Normal,
Foreign Currency Deposits,TS_GP_BOP_FCD_M.FCA00,Grand Total,30-Sep-20,7808.955609,Million USD,Normal,
Foreign Currency Deposits,TS_GP_BOP_FCD_M.FCA00,Grand Total,31-Oct-20,7810.503087,Million USD,Normal,
Foreign Currency Deposits,TS_GP_BOP_FCD_M.FCA00,Grand Total,30-Nov-20,7790.819802,Million USD,Normal,
Foreign Currency Deposits,TS_GP_BOP_FCD_M.FCA00,Grand Total,31-Dec-20,7783.810581,Million USD,Normal,
Foreign Currency Deposits,TS_GP_BOP_FCD_M.FCA00,Grand Total,31-Jan-21,7805.033673,Million USD,Normal,
Foreign Currency Deposits,TS_GP_BOP_FCD_M.FCA00,Grand Total,28-Feb-21,7841.31794,Million USD,Normal,
Foreign Currency Deposits,TS_GP_BOP_FCD_M.FCA00,Grand Total,31-Mar-21,7829.769668,Million USD,Normal,
Foreign Currency Deposits,TS_GP_BOP_FCD_M.FCA00,Grand Total,30-Apr-21,7867.574311,Million USD,Normal,
Foreign Currency Deposits,TS_GP_BOP_FCD_M.FCA00,Grand Total,31-May-21,7885.720962,Million USD,Normal,
Foreign Currency Deposits,TS_GP_BOP_FCD_M.FCA00,Grand Total,30-Jun-21,7889.923611,Million USD,Normal,
Foreign Currency Deposits,TS_GP_BOP_FCD_M.FCA00,Grand Total,31-Jul-21,7807.306275,Million USD,Normal,
Foreign Currency Deposits,TS_GP_BOP_FCD_M.FCA00,Grand Total,31-Aug-21,7861.911662,Million USD,Normal,
Foreign Currency Deposits,TS_GP_BOP_FCD_M.FCA00,Grand Total,30-Sep-21,7791.88477,Million USD,Normal,
Foreign Currency Deposits,TS_GP_BOP_FCD_M.FCA00,Grand Total,31-Oct-21,7758.441064,Million USD,Normal,
Foreign Currency Deposits,TS_GP_BOP_FCD_M.FCA00,Grand Total,30-Nov-21,7723.142912,Million USD,Normal,
Foreign Currency Deposits,TS_GP_BOP_FCD_M.FCA00,Grand Total,31-Dec-21,7662.277939,Million USD,Normal,
Foreign Currency Deposits,TS_GP_BOP_FCD_M.FCA00,Grand Total,31-Jan-22,7668.666593,Million USD,Normal,
Foreign Currency Deposits,TS_GP_BOP_FCD_M.FCA00,Grand Total,28-Feb-22,7677.144365,Million USD,Normal,
Foreign Currency Deposits,TS_GP_BOP_FCD_M.FCA00,Grand Total,31-Mar-22,7370.03111,Million USD,Normal,
Foreign Currency Deposits,TS_GP_BOP_FCD_M.FCA00,Grand Total,30-Apr-22,7311.45594,Million USD,Normal,
Foreign Currency Deposits,TS_GP_BOP_FCD_M.FCA00,Grand Total,31-May-22,7212.790993,Million USD,Normal,
Foreign Currency Deposits,TS_GP_BOP_FCD_M.FCA00,Grand Total,30-Jun-22,7120.248113,Million USD,Normal,
Foreign Currency Deposits,TS_GP_BOP_FCD_M.FCA00,Grand Total,31-Jul-22,6998.27,Million USD,Normal,
Foreign Currency Deposits,TS_GP_BOP_FCD_M.FCA00,Grand Total,31-Aug-22,6883.31,Million USD,Normal,
Foreign Currency Deposits,TS_GP_BOP_FCD_M.FCA00,Grand Total,30-Sep-22,6798.37,Million USD,Normal,
Foreign Currency Deposits,TS_GP_BOP_FCD_M.FCA00,Grand Total,31-Oct-22,6555.1,Million USD,Normal,
Foreign Currency Deposits,TS_GP_BOP_FCD_M.FCA00,Grand Total,30-Nov-22,6535.93,Million USD,Normal,
Foreign Currency Deposits,TS_GP_BOP_FCD_M.FCA00,Grand Total,31-Dec-22,6479.387737,Million USD,Normal,
Foreign Currency Deposits,TS_GP_BOP_FCD_M.FCA00,Grand Total,31-Jan-23,6391.821428,Million USD,Normal,
Foreign Currency Deposits,TS_GP_BOP_FCD_M.FCA00,Grand Total,28-Feb-23,6226.60567,Million USD,Normal,
Foreign Currency Deposits,TS_GP_BOP_FCD_M.FCA00,Grand Total,31-Mar-23,6319.7,Million USD,Normal,
Foreign Currency Deposits,TS_GP_BOP_FCD_M.FCA00,Grand Total,30-Apr-23,6325.39,Million USD,Normal,
Foreign Currency Deposits,TS_GP_BOP_FCD_M.FCA00,Grand Total,31-May-23,6324.057108,Million USD,Normal,
Foreign Currency Deposits,TS_GP_BOP_FCD_M.FCA00,Grand Total,30-Jun-23,6402.55,Million USD,Normal,
Foreign Currency Deposits,TS_GP_BOP_FCD_M.FCA00,Grand Total,31-Jul-23,6401.89,Million USD,Normal,
Foreign Currency Deposits,TS_GP_BOP_FCD_M.FCA00,Grand Total,31-Aug-23,6464.61,Million USD,Normal,
Foreign Currency Deposits,TS_GP_BOP_FCD_M.FCA00,Grand Total,30-Sep-23,6393.42,Million USD,Normal,
Foreign Currency Deposits,TS_GP_BOP_FCD_M.FCA00,Grand Total,31-Oct-23,6317,Million USD,Normal,
Foreign Currency Deposits,TS_GP_BOP_FCD_M.FCA00,Grand Total,30-Nov-23,6346.02,Million USD,Normal,
Foreign Currency Deposits,TS_GP_BOP_FCD_M.FCA00,Grand Total,31-Dec-23,6390.68,Million USD,Normal,
Foreign Currency Deposits,TS_GP_BOP_FCD_M.FCA00,Grand Total,31-Jan-24,6360.325381,Million USD,Normal,
Foreign Currency Deposits,TS_GP_BOP_FCD_M.FCA00,Grand Total,29-Feb-24,6407.601868,Million USD,Normal,
Foreign Currency Deposits,TS_GP_BOP_FCD_M.FCA00,Grand Total,31-Mar-24,6475.128356,Million USD,Normal,
Foreign Currency Deposits,TS_GP_BOP_FCD_M.FCA00,Grand Total,30-Apr-24,6536.5,Million USD,Normal,
Foreign Currency Deposits,TS_GP_BOP_FCD_M.FCA00,Grand Total,31-May-24,6536.510665,Million USD,Normal,
Foreign Currency Deposits,TS_GP_BOP_FCD_M.FCA00,Grand Total,30-Jun-24,6638.357572,Million USD,Normal,
