Dataset,Series Key,Series,Observation Date,Observation Value,Unit,Observation Status,Observation Status Comment,,,,
Structure of Interest Rate: Long Term Financing Facility,TS_GP_BAM_SIRLTFF_AH.LTFF0090,Over5yr &upto 10yrsEndUserRate,11-Jun-24,17.5,Percent,Normal,,,,,
Structure of Interest Rate: Long Term Financing Facility,TS_GP_BAM_SIRLTFF_AH.LTFF0090,Over5yr &upto 10yrsEndUserRate,27-Jun-23,19,Percent,Normal,,,,,
Structure of Interest Rate: Long Term Financing Facility,TS_GP_BAM_SIRLTFF_AH.LTFF0090,Over5yr &upto 10yrsEndUserRate,05-Apr-23,18,Percent,Normal,,,,01/07/2016,6.00
Structure of Interest Rate: Long Term Financing Facility,TS_GP_BAM_SIRLTFF_AH.LTFF0090,Over5yr &upto 10yrsEndUserRate,03-Mar-23,17,Percent,Normal,,,,01/08/2016,6.00
Structure of Interest Rate: Long Term Financing Facility,TS_GP_BAM_SIRLTFF_AH.LTFF0090,Over5yr &upto 10yrsEndUserRate,24-Jan-23,14,Percent,Normal,,,,01/09/2016,6.00
Structure of Interest Rate: Long Term Financing Facility,TS_GP_BAM_SIRLTFF_AH.LTFF0090,Over5yr &upto 10yrsEndUserRate,30-Dec-22,13,Percent,Normal,,,,01/10/2016,6.00
Structure of Interest Rate: Long Term Financing Facility,TS_GP_BAM_SIRLTFF_AH.LTFF0090,Over5yr &upto 10yrsEndUserRate,28-Nov-22,11,Percent,Normal,,,,01/11/2016,6.00
Structure of Interest Rate: Long Term Financing Facility,TS_GP_BAM_SIRLTFF_AH.LTFF0090,Over5yr &upto 10yrsEndUserRate,13-Jul-22,10,Percent,Normal,,,,01/12/2016,6.00
Structure of Interest Rate: Long Term Financing Facility,TS_GP_BAM_SIRLTFF_AH.LTFF0090,Over5yr &upto 10yrsEndUserRate,24-May-22,7,Percent,Normal,,,,01/01/2017,6.00
Structure of Interest Rate: Long Term Financing Facility,TS_GP_BAM_SIRLTFF_AH.LTFF0090,Over5yr &upto 10yrsEndUserRate,08-Jul-20,5,Percent,Normal,,,,01/02/2017,6.00
Structure of Interest Rate: Long Term Financing Facility,TS_GP_BAM_SIRLTFF_AH.LTFF0090,Over5yr &upto 10yrsEndUserRate,01-Jul-15,6,Percent,Normal,,,,01/03/2017,6.00
Structure of Interest Rate: Long Term Financing Facility,TS_GP_BAM_SIRLTFF_AH.LTFF0090,Over5yr &upto 10yrsEndUserRate,02-Feb-15,7.5,Percent,Normal,,,,01/04/2017,6.00
Structure of Interest Rate: Long Term Financing Facility,TS_GP_BAM_SIRLTFF_AH.LTFF0090,Over5yr &upto 10yrsEndUserRate,01-Jul-14,9,Percent,Normal,,,,01/05/2017,6.00
Structure of Interest Rate: Long Term Financing Facility,TS_GP_BAM_SIRLTFF_AH.LTFF0090,Over5yr &upto 10yrsEndUserRate,01-Jan-13,11.4,Percent,Normal,,,,01/06/2017,6.00
Structure of Interest Rate: Long Term Financing Facility,TS_GP_BAM_SIRLTFF_AH.LTFF0090,Over5yr &upto 10yrsEndUserRate,10-Sep-12,11.2,Percent,Normal,,,,01/07/2017,6.00
Structure of Interest Rate: Long Term Financing Facility,TS_GP_BAM_SIRLTFF_AH.LTFF0090,Over5yr &upto 10yrsEndUserRate,01-Jul-11,12.7,Percent,Normal,,,,01/08/2017,6.00
Structure of Interest Rate: Long Term Financing Facility,TS_GP_BAM_SIRLTFF_AH.LTFF0090,Over5yr &upto 10yrsEndUserRate,01-Oct-10,11.2,Percent,Normal,,,,01/09/2017,6.00
Structure of Interest Rate: Long Term Financing Facility,TS_GP_BAM_SIRLTFF_AH.LTFF0090,Over5yr &upto 10yrsEndUserRate,01-Apr-10,10.5,Percent,Normal,,,,01/10/2017,6.00
,,,,,,,,,,01/11/2017,6.00
,,,,,,,,,,01/12/2017,6.00
,,,,,,,,,,01/01/2018,6.00
,,,,,,,,,,01/02/2018,6.00
,,,,,,,,,,01/03/2018,6.00
,,,,,,,,,,01/04/2018,6.00
,,,,,,,,,,01/05/2018,6.00
,,,,,,,,,,01/06/2018,6.00
,,,,,,,,,,01/07/2018,6.00
,,,,,,,,,,01/08/2018,6.00
,,,,,,,,,,01/09/2018,6.00
,,,,,,,,,,01/10/2018,6.00
,,,,,,,,,,01/11/2018,6.00
,,,,,,,,,,01/12/2018,6.00
,,,,,,,,,,01/01/2019,6.00
,,,,,,,,,,01/02/2019,6.00
,,,,,,,,,,01/03/2019,6.00
,,,,,,,,,,01/04/2019,6.00
,,,,,,,,,,01/05/2019,6.00
,,,,,,,,,,01/06/2019,6.00
,,,,,,,,,,01/07/2019,6.00
,,,,,,,,,,01/08/2019,6.00
,,,,,,,,,,01/09/2019,6.00
,,,,,,,,,,01/10/2019,6.00
,,,,,,,,,,01/11/2019,6.00
,,,,,,,,,,01/12/2019,6.00
,,,,,,,,,,01/01/2020,6.00
,,,,,,,,,,01/02/2020,6.00
,,,,,,,,,,01/03/2020,6.00
,,,,,,,,,,01/04/2020,6.00
,,,,,,,,,,01/05/2020,6.00
,,,,,,,,,,01/06/2020,6.00
,,,,,,,,,,01/07/2020,5.00
,,,,,,,,,,01/08/2020,5.00
,,,,,,,,,,01/09/2020,5.00
,,,,,,,,,,01/10/2020,5.00
,,,,,,,,,,01/11/2020,5.00
,,,,,,,,,,01/12/2020,5.00
,,,,,,,,,,01/01/2021,5.00
,,,,,,,,,,01/02/2021,5.00
,,,,,,,,,,01/03/2021,5.00
,,,,,,,,,,01/04/2021,5.00
,,,,,,,,,,01/05/2021,5.00
,,,,,,,,,,01/06/2021,5.00
,,,,,,,,,,01/07/2021,5.00
,,,,,,,,,,01/08/2021,5.00
,,,,,,,,,,01/09/2021,5.00
,,,,,,,,,,01/10/2021,5.00
,,,,,,,,,,01/11/2021,5.00
,,,,,,,,,,01/12/2021,5.00
,,,,,,,,,,01/01/2022,5.00
,,,,,,,,,,01/02/2022,5.00
,,,,,,,,,,01/03/2022,5.00
,,,,,,,,,,01/04/2022,5.00
,,,,,,,,,,01/05/2022,7.00
,,,,,,,,,,01/06/2022,7.00
,,,,,,,,,,01/07/2022,10.00
,,,,,,,,,,01/08/2022,10.00
,,,,,,,,,,01/09/2022,10.00
,,,,,,,,,,01/10/2022,10.00
,,,,,,,,,,01/11/2022,11.00
,,,,,,,,,,01/12/2022,13.00
,,,,,,,,,,01/01/2023,14.00
,,,,,,,,,,01/02/2023,14.00
,,,,,,,,,,01/03/2023,17.00
,,,,,,,,,,01/04/2023,18.00
,,,,,,,,,,01/05/2023,18.00
,,,,,,,,,,01/06/2023,19.00
,,,,,,,,,,01/07/2023,19.00
,,,,,,,,,,01/08/2023,19.00
,,,,,,,,,,01/09/2023,19.00
,,,,,,,,,,01/10/2023,19.00
,,,,,,,,,,01/11/2023,19.00
,,,,,,,,,,01/12/2023,19.00
,,,,,,,,,,01/01/2024,19.00
,,,,,,,,,,01/02/2024,19.00
,,,,,,,,,,01/03/2024,19.00
,,,,,,,,,,01/04/2024,19.00
,,,,,,,,,,01/05/2024,19.00
,,,,,,,,,,01/06/2024,17.50
