Dataset,Series Key,Series,Observation Date,Observation Value,Unit,Observation Status,Observation Status Comment
Government Domestic Debt and Liabilities,TS_GP_BAM_GOVTDDL_M.GDDL00450,Total GDD,31-Jul-09,3974.198832,Billion PKR,Normal,
Government Domestic Debt and Liabilities,TS_GP_BAM_GOVTDDL_M.GDDL00450,Total GDD,31-Aug-09,4002.575694,Billion PKR,Normal,
Government Domestic Debt and Liabilities,TS_GP_BAM_GOVTDDL_M.GDDL00450,Total GDD,30-Sep-09,3956.42764,Billion PKR,Normal,
Government Domestic Debt and Liabilities,TS_GP_BAM_GOVTDDL_M.GDDL00450,Total GDD,31-Oct-09,4079.858008,Billion PKR,Normal,
Government Domestic Debt and Liabilities,TS_GP_BAM_GOVTDDL_M.GDDL00450,Total GDD,30-Nov-09,4237.651905,Billion PKR,Normal,
Government Domestic Debt and Liabilities,TS_GP_BAM_GOVTDDL_M.GDDL00450,Total GDD,31-Dec-09,4300.591187,Billion PKR,Normal,
Government Domestic Debt and Liabilities,TS_GP_BAM_GOVTDDL_M.GDDL00450,Total GDD,31-Jan-10,4300.33251,Billion PKR,Normal,
Government Domestic Debt and Liabilities,TS_GP_BAM_GOVTDDL_M.GDDL00450,Total GDD,28-Feb-10,4373.671337,Billion PKR,Normal,
Government Domestic Debt and Liabilities,TS_GP_BAM_GOVTDDL_M.GDDL00450,Total GDD,31-Mar-10,4490.345818,Billion PKR,Normal,
Government Domestic Debt and Liabilities,TS_GP_BAM_GOVTDDL_M.GDDL00450,Total GDD,30-Apr-10,4579.250697,Billion PKR,Normal,
Government Domestic Debt and Liabilities,TS_GP_BAM_GOVTDDL_M.GDDL00450,Total GDD,31-May-10,4633.106716,Billion PKR,Normal,
Government Domestic Debt and Liabilities,TS_GP_BAM_GOVTDDL_M.GDDL00450,Total GDD,30-Jun-10,4653.015537,Billion PKR,Normal,
Government Domestic Debt and Liabilities,TS_GP_BAM_GOVTDDL_M.GDDL00450,Total GDD,31-Jul-10,4704.807486,Billion PKR,Normal,
Government Domestic Debt and Liabilities,TS_GP_BAM_GOVTDDL_M.GDDL00450,Total GDD,31-Aug-10,4862.463062,Billion PKR,Normal,
Government Domestic Debt and Liabilities,TS_GP_BAM_GOVTDDL_M.GDDL00450,Total GDD,30-Sep-10,4958.274888,Billion PKR,Normal,
Government Domestic Debt and Liabilities,TS_GP_BAM_GOVTDDL_M.GDDL00450,Total GDD,31-Oct-10,5006.87943,Billion PKR,Normal,
Government Domestic Debt and Liabilities,TS_GP_BAM_GOVTDDL_M.GDDL00450,Total GDD,30-Nov-10,5130.623432,Billion PKR,Normal,
Government Domestic Debt and Liabilities,TS_GP_BAM_GOVTDDL_M.GDDL00450,Total GDD,31-Dec-10,5294.213169,Billion PKR,Normal,
Government Domestic Debt and Liabilities,TS_GP_BAM_GOVTDDL_M.GDDL00450,Total GDD,31-Jan-11,5227.294891,Billion PKR,Normal,
Government Domestic Debt and Liabilities,TS_GP_BAM_GOVTDDL_M.GDDL00450,Total GDD,28-Feb-11,5344.873271,Billion PKR,Normal,
Government Domestic Debt and Liabilities,TS_GP_BAM_GOVTDDL_M.GDDL00450,Total GDD,31-Mar-11,5462.085317,Billion PKR,Normal,
Government Domestic Debt and Liabilities,TS_GP_BAM_GOVTDDL_M.GDDL00450,Total GDD,30-Apr-11,5616.056124,Billion PKR,Normal,
Government Domestic Debt and Liabilities,TS_GP_BAM_GOVTDDL_M.GDDL00450,Total GDD,31-May-11,5872.875096,Billion PKR,Normal,
Government Domestic Debt and Liabilities,TS_GP_BAM_GOVTDDL_M.GDDL00450,Total GDD,30-Jun-11,6014.428557,Billion PKR,Normal,
Government Domestic Debt and Liabilities,TS_GP_BAM_GOVTDDL_M.GDDL00450,Total GDD,31-Jul-11,6013.592549,Billion PKR,Normal,
Government Domestic Debt and Liabilities,TS_GP_BAM_GOVTDDL_M.GDDL00450,Total GDD,31-Aug-11,6098.14732,Billion PKR,Normal,
Government Domestic Debt and Liabilities,TS_GP_BAM_GOVTDDL_M.GDDL00450,Total GDD,30-Sep-11,6221.992253,Billion PKR,Normal,
Government Domestic Debt and Liabilities,TS_GP_BAM_GOVTDDL_M.GDDL00450,Total GDD,31-Oct-11,6231.740866,Billion PKR,Normal,
Government Domestic Debt and Liabilities,TS_GP_BAM_GOVTDDL_M.GDDL00450,Total GDD,30-Nov-11,6777.600997,Billion PKR,Normal,
Government Domestic Debt and Liabilities,TS_GP_BAM_GOVTDDL_M.GDDL00450,Total GDD,31-Dec-11,6865.743569,Billion PKR,Normal,
Government Domestic Debt and Liabilities,TS_GP_BAM_GOVTDDL_M.GDDL00450,Total GDD,31-Jan-12,6969.447466,Billion PKR,Normal,
Government Domestic Debt and Liabilities,TS_GP_BAM_GOVTDDL_M.GDDL00450,Total GDD,29-Feb-12,7066.021576,Billion PKR,Normal,
Government Domestic Debt and Liabilities,TS_GP_BAM_GOVTDDL_M.GDDL00450,Total GDD,31-Mar-12,7206.709457,Billion PKR,Normal,
Government Domestic Debt and Liabilities,TS_GP_BAM_GOVTDDL_M.GDDL00450,Total GDD,30-Apr-12,7296.299104,Billion PKR,Normal,
Government Domestic Debt and Liabilities,TS_GP_BAM_GOVTDDL_M.GDDL00450,Total GDD,31-May-12,7499.244258,Billion PKR,Normal,
Government Domestic Debt and Liabilities,TS_GP_BAM_GOVTDDL_M.GDDL00450,Total GDD,30-Jun-12,7637.940597,Billion PKR,Normal,
Government Domestic Debt and Liabilities,TS_GP_BAM_GOVTDDL_M.GDDL00450,Total GDD,31-Jul-12,7750.486575,Billion PKR,Normal,
Government Domestic Debt and Liabilities,TS_GP_BAM_GOVTDDL_M.GDDL00450,Total GDD,31-Aug-12,7788.538151,Billion PKR,Normal,
Government Domestic Debt and Liabilities,TS_GP_BAM_GOVTDDL_M.GDDL00450,Total GDD,30-Sep-12,8119.509871,Billion PKR,Normal,
Government Domestic Debt and Liabilities,TS_GP_BAM_GOVTDDL_M.GDDL00450,Total GDD,31-Oct-12,8105.545329,Billion PKR,Normal,
Government Domestic Debt and Liabilities,TS_GP_BAM_GOVTDDL_M.GDDL00450,Total GDD,30-Nov-12,8333.244875,Billion PKR,Normal,
Government Domestic Debt and Liabilities,TS_GP_BAM_GOVTDDL_M.GDDL00450,Total GDD,31-Dec-12,8328.247079,Billion PKR,Normal,
Government Domestic Debt and Liabilities,TS_GP_BAM_GOVTDDL_M.GDDL00450,Total GDD,31-Jan-13,8474.7996,Billion PKR,Normal,
Government Domestic Debt and Liabilities,TS_GP_BAM_GOVTDDL_M.GDDL00450,Total GDD,28-Feb-13,8589.709684,Billion PKR,Normal,
Government Domestic Debt and Liabilities,TS_GP_BAM_GOVTDDL_M.GDDL00450,Total GDD,31-Mar-13,8800.062662,Billion PKR,Normal,
Government Domestic Debt and Liabilities,TS_GP_BAM_GOVTDDL_M.GDDL00450,Total GDD,30-Apr-13,8840.580499,Billion PKR,Normal,
Government Domestic Debt and Liabilities,TS_GP_BAM_GOVTDDL_M.GDDL00450,Total GDD,31-May-13,9080.723127,Billion PKR,Normal,
Government Domestic Debt and Liabilities,TS_GP_BAM_GOVTDDL_M.GDDL00450,Total GDD,30-Jun-13,9520.437057,Billion PKR,Normal,
Government Domestic Debt and Liabilities,TS_GP_BAM_GOVTDDL_M.GDDL00450,Total GDD,31-Jul-13,9537.718741,Billion PKR,Normal,
Government Domestic Debt and Liabilities,TS_GP_BAM_GOVTDDL_M.GDDL00450,Total GDD,31-Aug-13,9701.364878,Billion PKR,Normal,
Government Domestic Debt and Liabilities,TS_GP_BAM_GOVTDDL_M.GDDL00450,Total GDD,30-Sep-13,10154.40213,Billion PKR,Normal,
Government Domestic Debt and Liabilities,TS_GP_BAM_GOVTDDL_M.GDDL00450,Total GDD,31-Oct-13,9890.387429,Billion PKR,Normal,
Government Domestic Debt and Liabilities,TS_GP_BAM_GOVTDDL_M.GDDL00450,Total GDD,30-Nov-13,10202.90645,Billion PKR,Normal,
Government Domestic Debt and Liabilities,TS_GP_BAM_GOVTDDL_M.GDDL00450,Total GDD,31-Dec-13,10227.14052,Billion PKR,Normal,
Government Domestic Debt and Liabilities,TS_GP_BAM_GOVTDDL_M.GDDL00450,Total GDD,31-Jan-14,10594.59576,Billion PKR,Normal,
Government Domestic Debt and Liabilities,TS_GP_BAM_GOVTDDL_M.GDDL00450,Total GDD,28-Feb-14,10682.47658,Billion PKR,Normal,
Government Domestic Debt and Liabilities,TS_GP_BAM_GOVTDDL_M.GDDL00450,Total GDD,31-Mar-14,10819.44555,Billion PKR,Normal,
Government Domestic Debt and Liabilities,TS_GP_BAM_GOVTDDL_M.GDDL00450,Total GDD,30-Apr-14,10892.8392,Billion PKR,Normal,
Government Domestic Debt and Liabilities,TS_GP_BAM_GOVTDDL_M.GDDL00450,Total GDD,31-May-14,10578.86962,Billion PKR,Normal,
Government Domestic Debt and Liabilities,TS_GP_BAM_GOVTDDL_M.GDDL00450,Total GDD,30-Jun-14,10906.53002,Billion PKR,Normal,
Government Domestic Debt and Liabilities,TS_GP_BAM_GOVTDDL_M.GDDL00450,Total GDD,31-Jul-14,10945.84176,Billion PKR,Normal,
Government Domestic Debt and Liabilities,TS_GP_BAM_GOVTDDL_M.GDDL00450,Total GDD,31-Aug-14,11062.26667,Billion PKR,Normal,
Government Domestic Debt and Liabilities,TS_GP_BAM_GOVTDDL_M.GDDL00450,Total GDD,30-Sep-14,11095.93046,Billion PKR,Normal,
Government Domestic Debt and Liabilities,TS_GP_BAM_GOVTDDL_M.GDDL00450,Total GDD,31-Oct-14,11213.75825,Billion PKR,Normal,
Government Domestic Debt and Liabilities,TS_GP_BAM_GOVTDDL_M.GDDL00450,Total GDD,30-Nov-14,11375.86861,Billion PKR,Normal,
Government Domestic Debt and Liabilities,TS_GP_BAM_GOVTDDL_M.GDDL00450,Total GDD,31-Dec-14,11509.2388,Billion PKR,Normal,
Government Domestic Debt and Liabilities,TS_GP_BAM_GOVTDDL_M.GDDL00450,Total GDD,31-Jan-15,11693.74286,Billion PKR,Normal,
Government Domestic Debt and Liabilities,TS_GP_BAM_GOVTDDL_M.GDDL00450,Total GDD,28-Feb-15,11695.57078,Billion PKR,Normal,
Government Domestic Debt and Liabilities,TS_GP_BAM_GOVTDDL_M.GDDL00450,Total GDD,31-Mar-15,11923.0681,Billion PKR,Normal,
Government Domestic Debt and Liabilities,TS_GP_BAM_GOVTDDL_M.GDDL00450,Total GDD,30-Apr-15,11961.0986,Billion PKR,Normal,
Government Domestic Debt and Liabilities,TS_GP_BAM_GOVTDDL_M.GDDL00450,Total GDD,31-May-15,12104.31865,Billion PKR,Normal,
Government Domestic Debt and Liabilities,TS_GP_BAM_GOVTDDL_M.GDDL00450,Total GDD,30-Jun-15,12192.53556,Billion PKR,Normal,
Government Domestic Debt and Liabilities,TS_GP_BAM_GOVTDDL_M.GDDL00450,Total GDD,31-Jul-15,12583.18454,Billion PKR,Normal,
Government Domestic Debt and Liabilities,TS_GP_BAM_GOVTDDL_M.GDDL00450,Total GDD,31-Aug-15,12790.33064,Billion PKR,Normal,
Government Domestic Debt and Liabilities,TS_GP_BAM_GOVTDDL_M.GDDL00450,Total GDD,30-Sep-15,12714.59162,Billion PKR,Normal,
Government Domestic Debt and Liabilities,TS_GP_BAM_GOVTDDL_M.GDDL00450,Total GDD,31-Oct-15,12657.46207,Billion PKR,Normal,
Government Domestic Debt and Liabilities,TS_GP_BAM_GOVTDDL_M.GDDL00450,Total GDD,30-Nov-15,12812.78395,Billion PKR,Normal,
Government Domestic Debt and Liabilities,TS_GP_BAM_GOVTDDL_M.GDDL00450,Total GDD,31-Dec-15,12879.59196,Billion PKR,Normal,
Government Domestic Debt and Liabilities,TS_GP_BAM_GOVTDDL_M.GDDL00450,Total GDD,31-Jan-16,13120.25516,Billion PKR,Normal,
Government Domestic Debt and Liabilities,TS_GP_BAM_GOVTDDL_M.GDDL00450,Total GDD,29-Feb-16,13361.37686,Billion PKR,Normal,
Government Domestic Debt and Liabilities,TS_GP_BAM_GOVTDDL_M.GDDL00450,Total GDD,31-Mar-16,13398.08032,Billion PKR,Normal,
Government Domestic Debt and Liabilities,TS_GP_BAM_GOVTDDL_M.GDDL00450,Total GDD,30-Apr-16,13259.57859,Billion PKR,Normal,
Government Domestic Debt and Liabilities,TS_GP_BAM_GOVTDDL_M.GDDL00450,Total GDD,31-May-16,13428.07856,Billion PKR,Normal,
Government Domestic Debt and Liabilities,TS_GP_BAM_GOVTDDL_M.GDDL00450,Total GDD,30-Jun-16,13625.93782,Billion PKR,Normal,
Government Domestic Debt and Liabilities,TS_GP_BAM_GOVTDDL_M.GDDL00450,Total GDD,31-Jul-16,13855.55329,Billion PKR,Normal,
Government Domestic Debt and Liabilities,TS_GP_BAM_GOVTDDL_M.GDDL00450,Total GDD,31-Aug-16,14147.10634,Billion PKR,Normal,
Government Domestic Debt and Liabilities,TS_GP_BAM_GOVTDDL_M.GDDL00450,Total GDD,30-Sep-16,14385.77051,Billion PKR,Normal,
Government Domestic Debt and Liabilities,TS_GP_BAM_GOVTDDL_M.GDDL00450,Total GDD,31-Oct-16,14088.91052,Billion PKR,Normal,
Government Domestic Debt and Liabilities,TS_GP_BAM_GOVTDDL_M.GDDL00450,Total GDD,30-Nov-16,14278.07306,Billion PKR,Normal,
Government Domestic Debt and Liabilities,TS_GP_BAM_GOVTDDL_M.GDDL00450,Total GDD,31-Dec-16,14192.58859,Billion PKR,Normal,
Government Domestic Debt and Liabilities,TS_GP_BAM_GOVTDDL_M.GDDL00450,Total GDD,31-Jan-17,14515.46825,Billion PKR,Normal,
Government Domestic Debt and Liabilities,TS_GP_BAM_GOVTDDL_M.GDDL00450,Total GDD,28-Feb-17,14745.08008,Billion PKR,Normal,
Government Domestic Debt and Liabilities,TS_GP_BAM_GOVTDDL_M.GDDL00450,Total GDD,31-Mar-17,14746.04952,Billion PKR,Normal,
Government Domestic Debt and Liabilities,TS_GP_BAM_GOVTDDL_M.GDDL00450,Total GDD,30-Apr-17,14945.02196,Billion PKR,Normal,
Government Domestic Debt and Liabilities,TS_GP_BAM_GOVTDDL_M.GDDL00450,Total GDD,31-May-17,15044.64624,Billion PKR,Normal,
Government Domestic Debt and Liabilities,TS_GP_BAM_GOVTDDL_M.GDDL00450,Total GDD,30-Jun-17,14849.22472,Billion PKR,Normal,
Government Domestic Debt and Liabilities,TS_GP_BAM_GOVTDDL_M.GDDL00450,Total GDD,31-Jul-17,15389.86486,Billion PKR,Normal,
Government Domestic Debt and Liabilities,TS_GP_BAM_GOVTDDL_M.GDDL00450,Total GDD,31-Aug-17,15707.43133,Billion PKR,Normal,
Government Domestic Debt and Liabilities,TS_GP_BAM_GOVTDDL_M.GDDL00450,Total GDD,30-Sep-17,15371.71267,Billion PKR,Normal,
Government Domestic Debt and Liabilities,TS_GP_BAM_GOVTDDL_M.GDDL00450,Total GDD,31-Oct-17,15630.59959,Billion PKR,Normal,
Government Domestic Debt and Liabilities,TS_GP_BAM_GOVTDDL_M.GDDL00450,Total GDD,30-Nov-17,15766.59261,Billion PKR,Normal,
Government Domestic Debt and Liabilities,TS_GP_BAM_GOVTDDL_M.GDDL00450,Total GDD,31-Dec-17,15437.39125,Billion PKR,Normal,
Government Domestic Debt and Liabilities,TS_GP_BAM_GOVTDDL_M.GDDL00450,Total GDD,31-Jan-18,15796.60977,Billion PKR,Normal,
Government Domestic Debt and Liabilities,TS_GP_BAM_GOVTDDL_M.GDDL00450,Total GDD,28-Feb-18,15948.32569,Billion PKR,Normal,
Government Domestic Debt and Liabilities,TS_GP_BAM_GOVTDDL_M.GDDL00450,Total GDD,31-Mar-18,16074.07213,Billion PKR,Normal,
Government Domestic Debt and Liabilities,TS_GP_BAM_GOVTDDL_M.GDDL00450,Total GDD,30-Apr-18,16210.36742,Billion PKR,Normal,
Government Domestic Debt and Liabilities,TS_GP_BAM_GOVTDDL_M.GDDL00450,Total GDD,31-May-18,16446.01741,Billion PKR,Normal,
Government Domestic Debt and Liabilities,TS_GP_BAM_GOVTDDL_M.GDDL00450,Total GDD,30-Jun-18,16416.27441,Billion PKR,Normal,
Government Domestic Debt and Liabilities,TS_GP_BAM_GOVTDDL_M.GDDL00450,Total GDD,31-Jul-18,16461.0559,Billion PKR,Normal,
Government Domestic Debt and Liabilities,TS_GP_BAM_GOVTDDL_M.GDDL00450,Total GDD,31-Aug-18,16790.01802,Billion PKR,Normal,
Government Domestic Debt and Liabilities,TS_GP_BAM_GOVTDDL_M.GDDL00450,Total GDD,30-Sep-18,16919.84226,Billion PKR,Normal,
Government Domestic Debt and Liabilities,TS_GP_BAM_GOVTDDL_M.GDDL00450,Total GDD,31-Oct-18,17160.18951,Billion PKR,Normal,
Government Domestic Debt and Liabilities,TS_GP_BAM_GOVTDDL_M.GDDL00450,Total GDD,30-Nov-18,17322.78043,Billion PKR,Normal,
Government Domestic Debt and Liabilities,TS_GP_BAM_GOVTDDL_M.GDDL00450,Total GDD,31-Dec-18,17535.72888,Billion PKR,Normal,
Government Domestic Debt and Liabilities,TS_GP_BAM_GOVTDDL_M.GDDL00450,Total GDD,31-Jan-19,17975.21113,Billion PKR,Normal,
Government Domestic Debt and Liabilities,TS_GP_BAM_GOVTDDL_M.GDDL00450,Total GDD,28-Feb-19,18315.87924,Billion PKR,Normal,
Government Domestic Debt and Liabilities,TS_GP_BAM_GOVTDDL_M.GDDL00450,Total GDD,31-Mar-19,18170.58154,Billion PKR,Normal,
Government Domestic Debt and Liabilities,TS_GP_BAM_GOVTDDL_M.GDDL00450,Total GDD,30-Apr-19,18529.61731,Billion PKR,Normal,
Government Domestic Debt and Liabilities,TS_GP_BAM_GOVTDDL_M.GDDL00450,Total GDD,31-May-19,19763.46886,Billion PKR,Normal,
Government Domestic Debt and Liabilities,TS_GP_BAM_GOVTDDL_M.GDDL00450,Total GDD,30-Jun-19,20731.75202,Billion PKR,Normal,
Government Domestic Debt and Liabilities,TS_GP_BAM_GOVTDDL_M.GDDL00450,Total GDD,31-Jul-19,22012.21569,Billion PKR,Normal,
Government Domestic Debt and Liabilities,TS_GP_BAM_GOVTDDL_M.GDDL00450,Total GDD,31-Aug-19,21495.27959,Billion PKR,Normal,
Government Domestic Debt and Liabilities,TS_GP_BAM_GOVTDDL_M.GDDL00450,Total GDD,30-Sep-19,22649.87812,Billion PKR,Normal,
Government Domestic Debt and Liabilities,TS_GP_BAM_GOVTDDL_M.GDDL00450,Total GDD,31-Oct-19,21537.32881,Billion PKR,Normal,
Government Domestic Debt and Liabilities,TS_GP_BAM_GOVTDDL_M.GDDL00450,Total GDD,30-Nov-19,21410.42605,Billion PKR,Normal,
Government Domestic Debt and Liabilities,TS_GP_BAM_GOVTDDL_M.GDDL00450,Total GDD,31-Dec-19,21676.39489,Billion PKR,Normal,
Government Domestic Debt and Liabilities,TS_GP_BAM_GOVTDDL_M.GDDL00450,Total GDD,31-Jan-20,21794.3196,Billion PKR,Normal,
Government Domestic Debt and Liabilities,TS_GP_BAM_GOVTDDL_M.GDDL00450,Total GDD,29-Feb-20,22184.77919,Billion PKR,Normal,
Government Domestic Debt and Liabilities,TS_GP_BAM_GOVTDDL_M.GDDL00450,Total GDD,31-Mar-20,22477.66398,Billion PKR,Normal,
Government Domestic Debt and Liabilities,TS_GP_BAM_GOVTDDL_M.GDDL00450,Total GDD,30-Apr-20,23102.06035,Billion PKR,Normal,
Government Domestic Debt and Liabilities,TS_GP_BAM_GOVTDDL_M.GDDL00450,Total GDD,31-May-20,23513.21607,Billion PKR,Normal,
Government Domestic Debt and Liabilities,TS_GP_BAM_GOVTDDL_M.GDDL00450,Total GDD,30-Jun-20,23282.5477,Billion PKR,Normal,
Government Domestic Debt and Liabilities,TS_GP_BAM_GOVTDDL_M.GDDL00450,Total GDD,31-Jul-20,23393.21874,Billion PKR,Normal,
Government Domestic Debt and Liabilities,TS_GP_BAM_GOVTDDL_M.GDDL00450,Total GDD,31-Aug-20,23537.33985,Billion PKR,Normal,
Government Domestic Debt and Liabilities,TS_GP_BAM_GOVTDDL_M.GDDL00450,Total GDD,30-Sep-20,23702.50606,Billion PKR,Normal,
Government Domestic Debt and Liabilities,TS_GP_BAM_GOVTDDL_M.GDDL00450,Total GDD,31-Oct-20,23935.51092,Billion PKR,Normal,
Government Domestic Debt and Liabilities,TS_GP_BAM_GOVTDDL_M.GDDL00450,Total GDD,30-Nov-20,24112.5586,Billion PKR,Normal,
Government Domestic Debt and Liabilities,TS_GP_BAM_GOVTDDL_M.GDDL00450,Total GDD,31-Dec-20,24314.10454,Billion PKR,Normal,
Government Domestic Debt and Liabilities,TS_GP_BAM_GOVTDDL_M.GDDL00450,Total GDD,31-Jan-21,24511.33469,Billion PKR,Normal,
Government Domestic Debt and Liabilities,TS_GP_BAM_GOVTDDL_M.GDDL00450,Total GDD,28-Feb-21,24795.32953,Billion PKR,Normal,
Government Domestic Debt and Liabilities,TS_GP_BAM_GOVTDDL_M.GDDL00450,Total GDD,31-Mar-21,25552.33645,Billion PKR,Normal,
Government Domestic Debt and Liabilities,TS_GP_BAM_GOVTDDL_M.GDDL00450,Total GDD,30-Apr-21,25345.50696,Billion PKR,Normal,
Government Domestic Debt and Liabilities,TS_GP_BAM_GOVTDDL_M.GDDL00450,Total GDD,31-May-21,26066.54393,Billion PKR,Normal,
Government Domestic Debt and Liabilities,TS_GP_BAM_GOVTDDL_M.GDDL00450,Total GDD,30-Jun-21,26265.43491,Billion PKR,Normal,
Government Domestic Debt and Liabilities,TS_GP_BAM_GOVTDDL_M.GDDL00450,Total GDD,31-Jul-21,26826.62931,Billion PKR,Normal,
Government Domestic Debt and Liabilities,TS_GP_BAM_GOVTDDL_M.GDDL00450,Total GDD,31-Aug-21,26312.83253,Billion PKR,Normal,
Government Domestic Debt and Liabilities,TS_GP_BAM_GOVTDDL_M.GDDL00450,Total GDD,30-Sep-21,26443.95095,Billion PKR,Normal,
Government Domestic Debt and Liabilities,TS_GP_BAM_GOVTDDL_M.GDDL00450,Total GDD,31-Oct-21,26467.8688,Billion PKR,Normal,
Government Domestic Debt and Liabilities,TS_GP_BAM_GOVTDDL_M.GDDL00450,Total GDD,30-Nov-21,26827.17644,Billion PKR,Normal,
Government Domestic Debt and Liabilities,TS_GP_BAM_GOVTDDL_M.GDDL00450,Total GDD,31-Dec-21,26750.88347,Billion PKR,Normal,
Government Domestic Debt and Liabilities,TS_GP_BAM_GOVTDDL_M.GDDL00450,Total GDD,31-Jan-22,27411.78748,Billion PKR,Normal,
Government Domestic Debt and Liabilities,TS_GP_BAM_GOVTDDL_M.GDDL00450,Total GDD,28-Feb-22,27705.15063,Billion PKR,Normal,
Government Domestic Debt and Liabilities,TS_GP_BAM_GOVTDDL_M.GDDL00450,Total GDD,31-Mar-22,28076.27234,Billion PKR,Normal,
Government Domestic Debt and Liabilities,TS_GP_BAM_GOVTDDL_M.GDDL00450,Total GDD,30-Apr-22,28912.87041,Billion PKR,Normal,
Government Domestic Debt and Liabilities,TS_GP_BAM_GOVTDDL_M.GDDL00450,Total GDD,31-May-22,29044.33586,Billion PKR,Normal,
Government Domestic Debt and Liabilities,TS_GP_BAM_GOVTDDL_M.GDDL00450,Total GDD,30-Jun-22,31037.49692,Billion PKR,Normal,
Government Domestic Debt and Liabilities,TS_GP_BAM_GOVTDDL_M.GDDL00450,Total GDD,31-Jul-22,31191.99034,Billion PKR,Normal,
Government Domestic Debt and Liabilities,TS_GP_BAM_GOVTDDL_M.GDDL00450,Total GDD,31-Aug-22,32099.62577,Billion PKR,Normal,
Government Domestic Debt and Liabilities,TS_GP_BAM_GOVTDDL_M.GDDL00450,Total GDD,30-Sep-22,31456.05505,Billion PKR,Normal,
Government Domestic Debt and Liabilities,TS_GP_BAM_GOVTDDL_M.GDDL00450,Total GDD,31-Oct-22,32500.82998,Billion PKR,Normal,
Government Domestic Debt and Liabilities,TS_GP_BAM_GOVTDDL_M.GDDL00450,Total GDD,30-Nov-22,32985.74358,Billion PKR,Normal,
Government Domestic Debt and Liabilities,TS_GP_BAM_GOVTDDL_M.GDDL00450,Total GDD,31-Dec-22,33116.25228,Billion PKR,Normal,
Government Domestic Debt and Liabilities,TS_GP_BAM_GOVTDDL_M.GDDL00450,Total GDD,31-Jan-23,34255.40477,Billion PKR,Normal,
Government Domestic Debt and Liabilities,TS_GP_BAM_GOVTDDL_M.GDDL00450,Total GDD,28-Feb-23,34155.92257,Billion PKR,Normal,
Government Domestic Debt and Liabilities,TS_GP_BAM_GOVTDDL_M.GDDL00450,Total GDD,31-Mar-23,35077.31972,Billion PKR,Normal,
Government Domestic Debt and Liabilities,TS_GP_BAM_GOVTDDL_M.GDDL00450,Total GDD,30-Apr-23,36551.70117,Billion PKR,Normal,
Government Domestic Debt and Liabilities,TS_GP_BAM_GOVTDDL_M.GDDL00450,Total GDD,31-May-23,37055.66529,Billion PKR,Normal,
Government Domestic Debt and Liabilities,TS_GP_BAM_GOVTDDL_M.GDDL00450,Total GDD,30-Jun-23,38809.82701,Billion PKR,Normal,
Government Domestic Debt and Liabilities,TS_GP_BAM_GOVTDDL_M.GDDL00450,Total GDD,31-Jul-23,39016.39014,Billion PKR,Normal,
Government Domestic Debt and Liabilities,TS_GP_BAM_GOVTDDL_M.GDDL00450,Total GDD,31-Aug-23,39795.3,Billion PKR,Normal,
Government Domestic Debt and Liabilities,TS_GP_BAM_GOVTDDL_M.GDDL00450,Total GDD,30-Sep-23,39697.5,Billion PKR,Normal,
Government Domestic Debt and Liabilities,TS_GP_BAM_GOVTDDL_M.GDDL00450,Total GDD,31-Oct-23,40409.3,Billion PKR,Normal,
Government Domestic Debt and Liabilities,TS_GP_BAM_GOVTDDL_M.GDDL00450,Total GDD,30-Nov-23,40955.6,Billion PKR,Normal,
Government Domestic Debt and Liabilities,TS_GP_BAM_GOVTDDL_M.GDDL00450,Total GDD,31-Dec-23,42587.9,Billion PKR,Normal,
Government Domestic Debt and Liabilities,TS_GP_BAM_GOVTDDL_M.GDDL00450,Total GDD,31-Jan-24,42626.21835,Billion PKR,Normal,
Government Domestic Debt and Liabilities,TS_GP_BAM_GOVTDDL_M.GDDL00450,Total GDD,29-Feb-24,42671.1424,Billion PKR,Normal,
Government Domestic Debt and Liabilities,TS_GP_BAM_GOVTDDL_M.GDDL00450,Total GDD,31-Mar-24,43431.96727,Billion PKR,Normal,
Government Domestic Debt and Liabilities,TS_GP_BAM_GOVTDDL_M.GDDL00450,Total GDD,30-Apr-24,44481.73485,Billion PKR,Normal,
Government Domestic Debt and Liabilities,TS_GP_BAM_GOVTDDL_M.GDDL00450,Total GDD,31-May-24,46207.74728,Billion PKR,Normal,
