Dataset,Series Key,Series,Observation Date,Observation Value,Unit,Observation Status,Observation Status Comment
Summary of Foreign Investment in Pakistan,TS_GP_FI_SUMFIPK_M.FI00050,FDI Outflow,31-Jul-01,0,Million USD,Normal,
Summary of Foreign Investment in Pakistan,TS_GP_FI_SUMFIPK_M.FI00050,FDI Outflow,31-Aug-01,0,Million USD,Normal,
Summary of Foreign Investment in Pakistan,TS_GP_FI_SUMFIPK_M.FI00050,FDI Outflow,30-Sep-01,0,Million USD,Normal,
Summary of Foreign Investment in Pakistan,TS_GP_FI_SUMFIPK_M.FI00050,FDI Outflow,31-Oct-01,0.679956,Million USD,Normal,
Summary of Foreign Investment in Pakistan,TS_GP_FI_SUMFIPK_M.FI00050,FDI Outflow,30-Nov-01,0,Million USD,Normal,
Summary of Foreign Investment in Pakistan,TS_GP_FI_SUMFIPK_M.FI00050,FDI Outflow,31-Dec-01,0,Million USD,Normal,
Summary of Foreign Investment in Pakistan,TS_GP_FI_SUMFIPK_M.FI00050,FDI Outflow,31-Jan-02,13.789268,Million USD,Normal,
Summary of Foreign Investment in Pakistan,TS_GP_FI_SUMFIPK_M.FI00050,FDI Outflow,28-Feb-02,0,Million USD,Normal,
Summary of Foreign Investment in Pakistan,TS_GP_FI_SUMFIPK_M.FI00050,FDI Outflow,31-Mar-02,0,Million USD,Normal,
Summary of Foreign Investment in Pakistan,TS_GP_FI_SUMFIPK_M.FI00050,FDI Outflow,30-Apr-02,9.11425,Million USD,Normal,
Summary of Foreign Investment in Pakistan,TS_GP_FI_SUMFIPK_M.FI00050,FDI Outflow,31-May-02,1.139447,Million USD,Normal,
Summary of Foreign Investment in Pakistan,TS_GP_FI_SUMFIPK_M.FI00050,FDI Outflow,30-Jun-02,0,Million USD,Normal,
Summary of Foreign Investment in Pakistan,TS_GP_FI_SUMFIPK_M.FI00050,FDI Outflow,31-Jul-02,0,Million USD,Normal,
Summary of Foreign Investment in Pakistan,TS_GP_FI_SUMFIPK_M.FI00050,FDI Outflow,31-Aug-02,0,Million USD,Normal,
Summary of Foreign Investment in Pakistan,TS_GP_FI_SUMFIPK_M.FI00050,FDI Outflow,30-Sep-02,37.056852,Million USD,Normal,
Summary of Foreign Investment in Pakistan,TS_GP_FI_SUMFIPK_M.FI00050,FDI Outflow,31-Oct-02,0.055866,Million USD,Normal,
Summary of Foreign Investment in Pakistan,TS_GP_FI_SUMFIPK_M.FI00050,FDI Outflow,30-Nov-02,0.155792,Million USD,Normal,
Summary of Foreign Investment in Pakistan,TS_GP_FI_SUMFIPK_M.FI00050,FDI Outflow,31-Dec-02,0,Million USD,Normal,
Summary of Foreign Investment in Pakistan,TS_GP_FI_SUMFIPK_M.FI00050,FDI Outflow,31-Jan-03,0.244315,Million USD,Normal,
Summary of Foreign Investment in Pakistan,TS_GP_FI_SUMFIPK_M.FI00050,FDI Outflow,28-Feb-03,0,Million USD,Normal,
Summary of Foreign Investment in Pakistan,TS_GP_FI_SUMFIPK_M.FI00050,FDI Outflow,31-Mar-03,12.356518,Million USD,Normal,
Summary of Foreign Investment in Pakistan,TS_GP_FI_SUMFIPK_M.FI00050,FDI Outflow,30-Apr-03,0,Million USD,Normal,
Summary of Foreign Investment in Pakistan,TS_GP_FI_SUMFIPK_M.FI00050,FDI Outflow,31-May-03,0,Million USD,Normal,
Summary of Foreign Investment in Pakistan,TS_GP_FI_SUMFIPK_M.FI00050,FDI Outflow,30-Jun-03,0.866955,Million USD,Normal,
Summary of Foreign Investment in Pakistan,TS_GP_FI_SUMFIPK_M.FI00050,FDI Outflow,31-Jul-03,12.8,Million USD,Normal,
Summary of Foreign Investment in Pakistan,TS_GP_FI_SUMFIPK_M.FI00050,FDI Outflow,31-Aug-03,0,Million USD,Normal,
Summary of Foreign Investment in Pakistan,TS_GP_FI_SUMFIPK_M.FI00050,FDI Outflow,30-Sep-03,0.191783,Million USD,Normal,
Summary of Foreign Investment in Pakistan,TS_GP_FI_SUMFIPK_M.FI00050,FDI Outflow,31-Oct-03,2.775214,Million USD,Normal,
Summary of Foreign Investment in Pakistan,TS_GP_FI_SUMFIPK_M.FI00050,FDI Outflow,30-Nov-03,0.272589,Million USD,Normal,
Summary of Foreign Investment in Pakistan,TS_GP_FI_SUMFIPK_M.FI00050,FDI Outflow,31-Dec-03,0.857712,Million USD,Normal,
Summary of Foreign Investment in Pakistan,TS_GP_FI_SUMFIPK_M.FI00050,FDI Outflow,31-Jan-04,0.0058,Million USD,Normal,
Summary of Foreign Investment in Pakistan,TS_GP_FI_SUMFIPK_M.FI00050,FDI Outflow,29-Feb-04,2.186356,Million USD,Normal,
Summary of Foreign Investment in Pakistan,TS_GP_FI_SUMFIPK_M.FI00050,FDI Outflow,31-Mar-04,0.016844,Million USD,Normal,
Summary of Foreign Investment in Pakistan,TS_GP_FI_SUMFIPK_M.FI00050,FDI Outflow,30-Apr-04,43.647174,Million USD,Normal,
Summary of Foreign Investment in Pakistan,TS_GP_FI_SUMFIPK_M.FI00050,FDI Outflow,31-May-04,2.174866,Million USD,Normal,
Summary of Foreign Investment in Pakistan,TS_GP_FI_SUMFIPK_M.FI00050,FDI Outflow,30-Jun-04,9.90259,Million USD,Normal,
Summary of Foreign Investment in Pakistan,TS_GP_FI_SUMFIPK_M.FI00050,FDI Outflow,31-Jul-04,21.214833,Million USD,Normal,
Summary of Foreign Investment in Pakistan,TS_GP_FI_SUMFIPK_M.FI00050,FDI Outflow,31-Aug-04,1.964548,Million USD,Normal,
Summary of Foreign Investment in Pakistan,TS_GP_FI_SUMFIPK_M.FI00050,FDI Outflow,30-Sep-04,1.964548,Million USD,Normal,
Summary of Foreign Investment in Pakistan,TS_GP_FI_SUMFIPK_M.FI00050,FDI Outflow,31-Oct-04,3.933953,Million USD,Normal,
Summary of Foreign Investment in Pakistan,TS_GP_FI_SUMFIPK_M.FI00050,FDI Outflow,30-Nov-04,1.964548,Million USD,Normal,
Summary of Foreign Investment in Pakistan,TS_GP_FI_SUMFIPK_M.FI00050,FDI Outflow,31-Dec-04,1.97905,Million USD,Normal,
Summary of Foreign Investment in Pakistan,TS_GP_FI_SUMFIPK_M.FI00050,FDI Outflow,31-Jan-05,7.050986,Million USD,Normal,
Summary of Foreign Investment in Pakistan,TS_GP_FI_SUMFIPK_M.FI00050,FDI Outflow,28-Feb-05,3.271957,Million USD,Normal,
Summary of Foreign Investment in Pakistan,TS_GP_FI_SUMFIPK_M.FI00050,FDI Outflow,31-Mar-05,1.964548,Million USD,Normal,
Summary of Foreign Investment in Pakistan,TS_GP_FI_SUMFIPK_M.FI00050,FDI Outflow,30-Apr-05,7.661958,Million USD,Normal,
Summary of Foreign Investment in Pakistan,TS_GP_FI_SUMFIPK_M.FI00050,FDI Outflow,31-May-05,2.078413,Million USD,Normal,
Summary of Foreign Investment in Pakistan,TS_GP_FI_SUMFIPK_M.FI00050,FDI Outflow,30-Jun-05,4.788309,Million USD,Normal,
Summary of Foreign Investment in Pakistan,TS_GP_FI_SUMFIPK_M.FI00050,FDI Outflow,31-Jul-05,3.044949,Million USD,Normal,
Summary of Foreign Investment in Pakistan,TS_GP_FI_SUMFIPK_M.FI00050,FDI Outflow,31-Aug-05,3.036913,Million USD,Normal,
Summary of Foreign Investment in Pakistan,TS_GP_FI_SUMFIPK_M.FI00050,FDI Outflow,30-Sep-05,20.334058,Million USD,Normal,
Summary of Foreign Investment in Pakistan,TS_GP_FI_SUMFIPK_M.FI00050,FDI Outflow,31-Oct-05,3.036913,Million USD,Normal,
Summary of Foreign Investment in Pakistan,TS_GP_FI_SUMFIPK_M.FI00050,FDI Outflow,30-Nov-05,128.237789,Million USD,Normal,
Summary of Foreign Investment in Pakistan,TS_GP_FI_SUMFIPK_M.FI00050,FDI Outflow,31-Dec-05,3.05989,Million USD,Normal,
Summary of Foreign Investment in Pakistan,TS_GP_FI_SUMFIPK_M.FI00050,FDI Outflow,31-Jan-06,3.785713,Million USD,Normal,
Summary of Foreign Investment in Pakistan,TS_GP_FI_SUMFIPK_M.FI00050,FDI Outflow,28-Feb-06,11.99262,Million USD,Normal,
Summary of Foreign Investment in Pakistan,TS_GP_FI_SUMFIPK_M.FI00050,FDI Outflow,31-Mar-06,6.202643,Million USD,Normal,
Summary of Foreign Investment in Pakistan,TS_GP_FI_SUMFIPK_M.FI00050,FDI Outflow,30-Apr-06,3.048564,Million USD,Normal,
Summary of Foreign Investment in Pakistan,TS_GP_FI_SUMFIPK_M.FI00050,FDI Outflow,31-May-06,4.692881,Million USD,Normal,
Summary of Foreign Investment in Pakistan,TS_GP_FI_SUMFIPK_M.FI00050,FDI Outflow,30-Jun-06,4.674132,Million USD,Normal,
Summary of Foreign Investment in Pakistan,TS_GP_FI_SUMFIPK_M.FI00050,FDI Outflow,31-Jul-06,9.805426,Million USD,Normal,
Summary of Foreign Investment in Pakistan,TS_GP_FI_SUMFIPK_M.FI00050,FDI Outflow,31-Aug-06,6.237068,Million USD,Normal,
Summary of Foreign Investment in Pakistan,TS_GP_FI_SUMFIPK_M.FI00050,FDI Outflow,30-Sep-06,9.237035,Million USD,Normal,
Summary of Foreign Investment in Pakistan,TS_GP_FI_SUMFIPK_M.FI00050,FDI Outflow,31-Oct-06,11.760865,Million USD,Normal,
Summary of Foreign Investment in Pakistan,TS_GP_FI_SUMFIPK_M.FI00050,FDI Outflow,30-Nov-06,6.236562,Million USD,Normal,
Summary of Foreign Investment in Pakistan,TS_GP_FI_SUMFIPK_M.FI00050,FDI Outflow,31-Dec-06,17.134384,Million USD,Normal,
Summary of Foreign Investment in Pakistan,TS_GP_FI_SUMFIPK_M.FI00050,FDI Outflow,31-Jan-07,23.33373,Million USD,Normal,
Summary of Foreign Investment in Pakistan,TS_GP_FI_SUMFIPK_M.FI00050,FDI Outflow,28-Feb-07,6.328759,Million USD,Normal,
Summary of Foreign Investment in Pakistan,TS_GP_FI_SUMFIPK_M.FI00050,FDI Outflow,31-Mar-07,10.907794,Million USD,Normal,
Summary of Foreign Investment in Pakistan,TS_GP_FI_SUMFIPK_M.FI00050,FDI Outflow,30-Apr-07,135.651366,Million USD,Normal,
Summary of Foreign Investment in Pakistan,TS_GP_FI_SUMFIPK_M.FI00050,FDI Outflow,31-May-07,6.587559,Million USD,Normal,
Summary of Foreign Investment in Pakistan,TS_GP_FI_SUMFIPK_M.FI00050,FDI Outflow,30-Jun-07,19.081364,Million USD,Normal,
Summary of Foreign Investment in Pakistan,TS_GP_FI_SUMFIPK_M.FI00050,FDI Outflow,31-Jul-07,11.19805,Million USD,Normal,
Summary of Foreign Investment in Pakistan,TS_GP_FI_SUMFIPK_M.FI00050,FDI Outflow,31-Aug-07,13.580785,Million USD,Normal,
Summary of Foreign Investment in Pakistan,TS_GP_FI_SUMFIPK_M.FI00050,FDI Outflow,30-Sep-07,59.1145,Million USD,Normal,
Summary of Foreign Investment in Pakistan,TS_GP_FI_SUMFIPK_M.FI00050,FDI Outflow,31-Oct-07,12.237343,Million USD,Normal,
Summary of Foreign Investment in Pakistan,TS_GP_FI_SUMFIPK_M.FI00050,FDI Outflow,30-Nov-07,12.515323,Million USD,Normal,
Summary of Foreign Investment in Pakistan,TS_GP_FI_SUMFIPK_M.FI00050,FDI Outflow,31-Dec-07,12.211279,Million USD,Normal,
Summary of Foreign Investment in Pakistan,TS_GP_FI_SUMFIPK_M.FI00050,FDI Outflow,31-Jan-08,14.157717,Million USD,Normal,
Summary of Foreign Investment in Pakistan,TS_GP_FI_SUMFIPK_M.FI00050,FDI Outflow,29-Feb-08,12.814659,Million USD,Normal,
Summary of Foreign Investment in Pakistan,TS_GP_FI_SUMFIPK_M.FI00050,FDI Outflow,31-Mar-08,12.669211,Million USD,Normal,
Summary of Foreign Investment in Pakistan,TS_GP_FI_SUMFIPK_M.FI00050,FDI Outflow,30-Apr-08,42.928758,Million USD,Normal,
Summary of Foreign Investment in Pakistan,TS_GP_FI_SUMFIPK_M.FI00050,FDI Outflow,31-May-08,13.503721,Million USD,Normal,
Summary of Foreign Investment in Pakistan,TS_GP_FI_SUMFIPK_M.FI00050,FDI Outflow,30-Jun-08,18.193502,Million USD,Normal,
Summary of Foreign Investment in Pakistan,TS_GP_FI_SUMFIPK_M.FI00050,FDI Outflow,31-Jul-08,87.045629,Million USD,Normal,
Summary of Foreign Investment in Pakistan,TS_GP_FI_SUMFIPK_M.FI00050,FDI Outflow,31-Aug-08,14.712896,Million USD,Normal,
Summary of Foreign Investment in Pakistan,TS_GP_FI_SUMFIPK_M.FI00050,FDI Outflow,30-Sep-08,14.361011,Million USD,Normal,
Summary of Foreign Investment in Pakistan,TS_GP_FI_SUMFIPK_M.FI00050,FDI Outflow,31-Oct-08,16.943783,Million USD,Normal,
Summary of Foreign Investment in Pakistan,TS_GP_FI_SUMFIPK_M.FI00050,FDI Outflow,30-Nov-08,29.024122,Million USD,Normal,
Summary of Foreign Investment in Pakistan,TS_GP_FI_SUMFIPK_M.FI00050,FDI Outflow,31-Dec-08,13.721043,Million USD,Normal,
Summary of Foreign Investment in Pakistan,TS_GP_FI_SUMFIPK_M.FI00050,FDI Outflow,31-Jan-09,82.176839,Million USD,Normal,
Summary of Foreign Investment in Pakistan,TS_GP_FI_SUMFIPK_M.FI00050,FDI Outflow,28-Feb-09,93.456588,Million USD,Normal,
Summary of Foreign Investment in Pakistan,TS_GP_FI_SUMFIPK_M.FI00050,FDI Outflow,31-Mar-09,83.960054,Million USD,Normal,
Summary of Foreign Investment in Pakistan,TS_GP_FI_SUMFIPK_M.FI00050,FDI Outflow,30-Apr-09,89.254612,Million USD,Normal,
Summary of Foreign Investment in Pakistan,TS_GP_FI_SUMFIPK_M.FI00050,FDI Outflow,31-May-09,140.157272,Million USD,Normal,
Summary of Foreign Investment in Pakistan,TS_GP_FI_SUMFIPK_M.FI00050,FDI Outflow,30-Jun-09,94.692368,Million USD,Normal,
Summary of Foreign Investment in Pakistan,TS_GP_FI_SUMFIPK_M.FI00050,FDI Outflow,31-Jul-09,54.546664,Million USD,Normal,
Summary of Foreign Investment in Pakistan,TS_GP_FI_SUMFIPK_M.FI00050,FDI Outflow,31-Aug-09,44.179372,Million USD,Normal,
Summary of Foreign Investment in Pakistan,TS_GP_FI_SUMFIPK_M.FI00050,FDI Outflow,30-Sep-09,33.077416,Million USD,Normal,
Summary of Foreign Investment in Pakistan,TS_GP_FI_SUMFIPK_M.FI00050,FDI Outflow,31-Oct-09,46.904814,Million USD,Normal,
Summary of Foreign Investment in Pakistan,TS_GP_FI_SUMFIPK_M.FI00050,FDI Outflow,30-Nov-09,33.046806,Million USD,Normal,
Summary of Foreign Investment in Pakistan,TS_GP_FI_SUMFIPK_M.FI00050,FDI Outflow,31-Dec-09,180.544054,Million USD,Normal,
Summary of Foreign Investment in Pakistan,TS_GP_FI_SUMFIPK_M.FI00050,FDI Outflow,31-Jan-10,90.4281,Million USD,Normal,
Summary of Foreign Investment in Pakistan,TS_GP_FI_SUMFIPK_M.FI00050,FDI Outflow,28-Feb-10,90.393396,Million USD,Normal,
Summary of Foreign Investment in Pakistan,TS_GP_FI_SUMFIPK_M.FI00050,FDI Outflow,31-Mar-10,103.327909,Million USD,Normal,
Summary of Foreign Investment in Pakistan,TS_GP_FI_SUMFIPK_M.FI00050,FDI Outflow,30-Apr-10,94.389931,Million USD,Normal,
Summary of Foreign Investment in Pakistan,TS_GP_FI_SUMFIPK_M.FI00050,FDI Outflow,31-May-10,90.466734,Million USD,Normal,
Summary of Foreign Investment in Pakistan,TS_GP_FI_SUMFIPK_M.FI00050,FDI Outflow,30-Jun-10,172.234771,Million USD,Normal,
Summary of Foreign Investment in Pakistan,TS_GP_FI_SUMFIPK_M.FI00050,FDI Outflow,31-Jul-10,43.583585,Million USD,Normal,
Summary of Foreign Investment in Pakistan,TS_GP_FI_SUMFIPK_M.FI00050,FDI Outflow,31-Aug-10,58.586072,Million USD,Normal,
Summary of Foreign Investment in Pakistan,TS_GP_FI_SUMFIPK_M.FI00050,FDI Outflow,30-Sep-10,31.288057,Million USD,Normal,
Summary of Foreign Investment in Pakistan,TS_GP_FI_SUMFIPK_M.FI00050,FDI Outflow,31-Oct-10,47.981772,Million USD,Normal,
Summary of Foreign Investment in Pakistan,TS_GP_FI_SUMFIPK_M.FI00050,FDI Outflow,30-Nov-10,32.820143,Million USD,Normal,
Summary of Foreign Investment in Pakistan,TS_GP_FI_SUMFIPK_M.FI00050,FDI Outflow,31-Dec-10,91.406959,Million USD,Normal,
Summary of Foreign Investment in Pakistan,TS_GP_FI_SUMFIPK_M.FI00050,FDI Outflow,31-Jan-11,33.421111,Million USD,Normal,
Summary of Foreign Investment in Pakistan,TS_GP_FI_SUMFIPK_M.FI00050,FDI Outflow,28-Feb-11,66.31288,Million USD,Normal,
Summary of Foreign Investment in Pakistan,TS_GP_FI_SUMFIPK_M.FI00050,FDI Outflow,31-Mar-11,87.915474,Million USD,Normal,
Summary of Foreign Investment in Pakistan,TS_GP_FI_SUMFIPK_M.FI00050,FDI Outflow,30-Apr-11,42.893955,Million USD,Normal,
Summary of Foreign Investment in Pakistan,TS_GP_FI_SUMFIPK_M.FI00050,FDI Outflow,31-May-11,41.074613,Million USD,Normal,
Summary of Foreign Investment in Pakistan,TS_GP_FI_SUMFIPK_M.FI00050,FDI Outflow,30-Jun-11,57.557151,Million USD,Normal,
Summary of Foreign Investment in Pakistan,TS_GP_FI_SUMFIPK_M.FI00050,FDI Outflow,31-Jul-11,65.733613,Million USD,Normal,
Summary of Foreign Investment in Pakistan,TS_GP_FI_SUMFIPK_M.FI00050,FDI Outflow,31-Aug-11,132.736532,Million USD,Normal,
Summary of Foreign Investment in Pakistan,TS_GP_FI_SUMFIPK_M.FI00050,FDI Outflow,30-Sep-11,118.732813,Million USD,Normal,
Summary of Foreign Investment in Pakistan,TS_GP_FI_SUMFIPK_M.FI00050,FDI Outflow,31-Oct-11,126.783215,Million USD,Normal,
Summary of Foreign Investment in Pakistan,TS_GP_FI_SUMFIPK_M.FI00050,FDI Outflow,30-Nov-11,72.29987,Million USD,Normal,
Summary of Foreign Investment in Pakistan,TS_GP_FI_SUMFIPK_M.FI00050,FDI Outflow,31-Dec-11,97.936835,Million USD,Normal,
Summary of Foreign Investment in Pakistan,TS_GP_FI_SUMFIPK_M.FI00050,FDI Outflow,31-Jan-12,59.884729,Million USD,Normal,
Summary of Foreign Investment in Pakistan,TS_GP_FI_SUMFIPK_M.FI00050,FDI Outflow,29-Feb-12,191.699774,Million USD,Normal,
Summary of Foreign Investment in Pakistan,TS_GP_FI_SUMFIPK_M.FI00050,FDI Outflow,31-Mar-12,124.414814,Million USD,Normal,
Summary of Foreign Investment in Pakistan,TS_GP_FI_SUMFIPK_M.FI00050,FDI Outflow,30-Apr-12,74.821884,Million USD,Normal,
Summary of Foreign Investment in Pakistan,TS_GP_FI_SUMFIPK_M.FI00050,FDI Outflow,31-May-12,78.1262,Million USD,Normal,
Summary of Foreign Investment in Pakistan,TS_GP_FI_SUMFIPK_M.FI00050,FDI Outflow,30-Jun-12,135.145715,Million USD,Normal,
Summary of Foreign Investment in Pakistan,TS_GP_FI_SUMFIPK_M.FI00050,FDI Outflow,31-Jul-12,57.516747,Million USD,Normal,
Summary of Foreign Investment in Pakistan,TS_GP_FI_SUMFIPK_M.FI00050,FDI Outflow,31-Aug-12,176.121982,Million USD,Normal,
Summary of Foreign Investment in Pakistan,TS_GP_FI_SUMFIPK_M.FI00050,FDI Outflow,30-Sep-12,105.668509,Million USD,Normal,
Summary of Foreign Investment in Pakistan,TS_GP_FI_SUMFIPK_M.FI00050,FDI Outflow,31-Oct-12,65.326162,Million USD,Normal,
Summary of Foreign Investment in Pakistan,TS_GP_FI_SUMFIPK_M.FI00050,FDI Outflow,30-Nov-12,67.221962,Million USD,Normal,
Summary of Foreign Investment in Pakistan,TS_GP_FI_SUMFIPK_M.FI00050,FDI Outflow,31-Dec-12,61.262713,Million USD,Normal,
Summary of Foreign Investment in Pakistan,TS_GP_FI_SUMFIPK_M.FI00050,FDI Outflow,31-Jan-13,194.702871,Million USD,Normal,
Summary of Foreign Investment in Pakistan,TS_GP_FI_SUMFIPK_M.FI00050,FDI Outflow,28-Feb-13,176.591216,Million USD,Normal,
Summary of Foreign Investment in Pakistan,TS_GP_FI_SUMFIPK_M.FI00050,FDI Outflow,31-Mar-13,68.686222,Million USD,Normal,
Summary of Foreign Investment in Pakistan,TS_GP_FI_SUMFIPK_M.FI00050,FDI Outflow,30-Apr-13,70.252628,Million USD,Normal,
Summary of Foreign Investment in Pakistan,TS_GP_FI_SUMFIPK_M.FI00050,FDI Outflow,31-May-13,106.093725,Million USD,Normal,
Summary of Foreign Investment in Pakistan,TS_GP_FI_SUMFIPK_M.FI00050,FDI Outflow,30-Jun-13,59.443288,Million USD,Normal,
Summary of Foreign Investment in Pakistan,TS_GP_FI_SUMFIPK_M.FI00050,FDI Outflow,31-Jul-13,89.700925,Million USD,Normal,
Summary of Foreign Investment in Pakistan,TS_GP_FI_SUMFIPK_M.FI00050,FDI Outflow,31-Aug-13,136.885471,Million USD,Normal,
Summary of Foreign Investment in Pakistan,TS_GP_FI_SUMFIPK_M.FI00050,FDI Outflow,30-Sep-13,79.010598,Million USD,Normal,
Summary of Foreign Investment in Pakistan,TS_GP_FI_SUMFIPK_M.FI00050,FDI Outflow,31-Oct-13,107.166003,Million USD,Normal,
Summary of Foreign Investment in Pakistan,TS_GP_FI_SUMFIPK_M.FI00050,FDI Outflow,30-Nov-13,81.489419,Million USD,Normal,
Summary of Foreign Investment in Pakistan,TS_GP_FI_SUMFIPK_M.FI00050,FDI Outflow,31-Dec-13,111.421943,Million USD,Normal,
Summary of Foreign Investment in Pakistan,TS_GP_FI_SUMFIPK_M.FI00050,FDI Outflow,31-Jan-14,68.299394,Million USD,Normal,
Summary of Foreign Investment in Pakistan,TS_GP_FI_SUMFIPK_M.FI00050,FDI Outflow,28-Feb-14,75.167095,Million USD,Normal,
Summary of Foreign Investment in Pakistan,TS_GP_FI_SUMFIPK_M.FI00050,FDI Outflow,31-Mar-14,110.158507,Million USD,Normal,
Summary of Foreign Investment in Pakistan,TS_GP_FI_SUMFIPK_M.FI00050,FDI Outflow,30-Apr-14,110.055952,Million USD,Normal,
Summary of Foreign Investment in Pakistan,TS_GP_FI_SUMFIPK_M.FI00050,FDI Outflow,30-May-14,92.660078,Million USD,Normal,
Summary of Foreign Investment in Pakistan,TS_GP_FI_SUMFIPK_M.FI00050,FDI Outflow,30-Jun-14,86.777284,Million USD,Normal,
Summary of Foreign Investment in Pakistan,TS_GP_FI_SUMFIPK_M.FI00050,FDI Outflow,30-Jul-14,116.56108,Million USD,Normal,
Summary of Foreign Investment in Pakistan,TS_GP_FI_SUMFIPK_M.FI00050,FDI Outflow,30-Aug-14,55.23816,Million USD,Normal,
Summary of Foreign Investment in Pakistan,TS_GP_FI_SUMFIPK_M.FI00050,FDI Outflow,30-Sep-14,53.266962,Million USD,Normal,
Summary of Foreign Investment in Pakistan,TS_GP_FI_SUMFIPK_M.FI00050,FDI Outflow,30-Oct-14,711.375331,Million USD,Normal,
Summary of Foreign Investment in Pakistan,TS_GP_FI_SUMFIPK_M.FI00050,FDI Outflow,30-Nov-14,118.866285,Million USD,Normal,
Summary of Foreign Investment in Pakistan,TS_GP_FI_SUMFIPK_M.FI00050,FDI Outflow,31-Dec-14,115.797499,Million USD,Normal,
Summary of Foreign Investment in Pakistan,TS_GP_FI_SUMFIPK_M.FI00050,FDI Outflow,31-Jan-15,90.991121,Million USD,Normal,
Summary of Foreign Investment in Pakistan,TS_GP_FI_SUMFIPK_M.FI00050,FDI Outflow,01-Feb-15,47.921251,Million USD,Normal,
Summary of Foreign Investment in Pakistan,TS_GP_FI_SUMFIPK_M.FI00050,FDI Outflow,31-Mar-15,59.930041,Million USD,Normal,
Summary of Foreign Investment in Pakistan,TS_GP_FI_SUMFIPK_M.FI00050,FDI Outflow,30-Apr-15,70.471719,Million USD,Normal,
Summary of Foreign Investment in Pakistan,TS_GP_FI_SUMFIPK_M.FI00050,FDI Outflow,31-May-15,127.543045,Million USD,Normal,
Summary of Foreign Investment in Pakistan,TS_GP_FI_SUMFIPK_M.FI00050,FDI Outflow,30-Jun-15,241.152852,Million USD,Normal,
Summary of Foreign Investment in Pakistan,TS_GP_FI_SUMFIPK_M.FI00050,FDI Outflow,30-Jul-15,107.371467,Million USD,Normal,
Summary of Foreign Investment in Pakistan,TS_GP_FI_SUMFIPK_M.FI00050,FDI Outflow,30-Aug-15,98.050264,Million USD,Normal,
Summary of Foreign Investment in Pakistan,TS_GP_FI_SUMFIPK_M.FI00050,FDI Outflow,30-Sep-15,58.75689,Million USD,Normal,
Summary of Foreign Investment in Pakistan,TS_GP_FI_SUMFIPK_M.FI00050,FDI Outflow,30-Oct-15,53.687939,Million USD,Normal,
Summary of Foreign Investment in Pakistan,TS_GP_FI_SUMFIPK_M.FI00050,FDI Outflow,30-Nov-15,69.938222,Million USD,Normal,
Summary of Foreign Investment in Pakistan,TS_GP_FI_SUMFIPK_M.FI00050,FDI Outflow,30-Dec-15,101.983438,Million USD,Normal,
Summary of Foreign Investment in Pakistan,TS_GP_FI_SUMFIPK_M.FI00050,FDI Outflow,31-Jan-16,69.122852,Million USD,Normal,
Summary of Foreign Investment in Pakistan,TS_GP_FI_SUMFIPK_M.FI00050,FDI Outflow,29-Feb-16,57.661461,Million USD,Normal,
Summary of Foreign Investment in Pakistan,TS_GP_FI_SUMFIPK_M.FI00050,FDI Outflow,31-Mar-16,76.135542,Million USD,Normal,
Summary of Foreign Investment in Pakistan,TS_GP_FI_SUMFIPK_M.FI00050,FDI Outflow,30-Apr-16,90.389024,Million USD,Normal,
Summary of Foreign Investment in Pakistan,TS_GP_FI_SUMFIPK_M.FI00050,FDI Outflow,31-May-16,35.951563,Million USD,Normal,
Summary of Foreign Investment in Pakistan,TS_GP_FI_SUMFIPK_M.FI00050,FDI Outflow,30-Jun-16,44.360869,Million USD,Normal,
Summary of Foreign Investment in Pakistan,TS_GP_FI_SUMFIPK_M.FI00050,FDI Outflow,31-Jul-16,30.529923,Million USD,Normal,
Summary of Foreign Investment in Pakistan,TS_GP_FI_SUMFIPK_M.FI00050,FDI Outflow,31-Aug-16,37.736769,Million USD,Normal,
Summary of Foreign Investment in Pakistan,TS_GP_FI_SUMFIPK_M.FI00050,FDI Outflow,30-Sep-16,31.997574,Million USD,Normal,
Summary of Foreign Investment in Pakistan,TS_GP_FI_SUMFIPK_M.FI00050,FDI Outflow,31-Oct-16,71.021413,Million USD,Normal,
Summary of Foreign Investment in Pakistan,TS_GP_FI_SUMFIPK_M.FI00050,FDI Outflow,30-Nov-16,84.357281,Million USD,Normal,
Summary of Foreign Investment in Pakistan,TS_GP_FI_SUMFIPK_M.FI00050,FDI Outflow,31-Dec-16,87.709393,Million USD,Normal,
Summary of Foreign Investment in Pakistan,TS_GP_FI_SUMFIPK_M.FI00050,FDI Outflow,31-Jan-17,84.88843,Million USD,Normal,
Summary of Foreign Investment in Pakistan,TS_GP_FI_SUMFIPK_M.FI00050,FDI Outflow,28-Feb-17,31.530682,Million USD,Normal,
Summary of Foreign Investment in Pakistan,TS_GP_FI_SUMFIPK_M.FI00050,FDI Outflow,31-Mar-17,57.495182,Million USD,Normal,
Summary of Foreign Investment in Pakistan,TS_GP_FI_SUMFIPK_M.FI00050,FDI Outflow,30-Apr-17,73.847954,Million USD,Normal,
Summary of Foreign Investment in Pakistan,TS_GP_FI_SUMFIPK_M.FI00050,FDI Outflow,31-May-17,58.360243,Million USD,Normal,
Summary of Foreign Investment in Pakistan,TS_GP_FI_SUMFIPK_M.FI00050,FDI Outflow,30-Jun-17,54.73456,Million USD,Normal,
Summary of Foreign Investment in Pakistan,TS_GP_FI_SUMFIPK_M.FI00050,FDI Outflow,31-Jul-17,53.423918,Million USD,Normal,
Summary of Foreign Investment in Pakistan,TS_GP_FI_SUMFIPK_M.FI00050,FDI Outflow,31-Aug-17,51.966012,Million USD,Normal,
Summary of Foreign Investment in Pakistan,TS_GP_FI_SUMFIPK_M.FI00050,FDI Outflow,30-Sep-17,88.937942,Million USD,Normal,
Summary of Foreign Investment in Pakistan,TS_GP_FI_SUMFIPK_M.FI00050,FDI Outflow,31-Oct-17,48.609916,Million USD,Normal,
Summary of Foreign Investment in Pakistan,TS_GP_FI_SUMFIPK_M.FI00050,FDI Outflow,30-Nov-17,120.826229,Million USD,Normal,
Summary of Foreign Investment in Pakistan,TS_GP_FI_SUMFIPK_M.FI00050,FDI Outflow,31-Dec-17,62.973773,Million USD,Normal,
Summary of Foreign Investment in Pakistan,TS_GP_FI_SUMFIPK_M.FI00050,FDI Outflow,31-Jan-18,63.964088,Million USD,Normal,
Summary of Foreign Investment in Pakistan,TS_GP_FI_SUMFIPK_M.FI00050,FDI Outflow,28-Feb-18,35.235272,Million USD,Normal,
Summary of Foreign Investment in Pakistan,TS_GP_FI_SUMFIPK_M.FI00050,FDI Outflow,31-Mar-18,34.046929,Million USD,Normal,
Summary of Foreign Investment in Pakistan,TS_GP_FI_SUMFIPK_M.FI00050,FDI Outflow,30-Apr-18,31.316997,Million USD,Normal,
Summary of Foreign Investment in Pakistan,TS_GP_FI_SUMFIPK_M.FI00050,FDI Outflow,31-May-18,58.16211,Million USD,Normal,
Summary of Foreign Investment in Pakistan,TS_GP_FI_SUMFIPK_M.FI00050,FDI Outflow,30-Jun-18,64.762319,Million USD,Normal,
Summary of Foreign Investment in Pakistan,TS_GP_FI_SUMFIPK_M.FI00050,FDI Outflow,31-Jul-18,85.648365,Million USD,Normal,
Summary of Foreign Investment in Pakistan,TS_GP_FI_SUMFIPK_M.FI00050,FDI Outflow,31-Aug-18,84.799423,Million USD,Normal,
Summary of Foreign Investment in Pakistan,TS_GP_FI_SUMFIPK_M.FI00050,FDI Outflow,30-Sep-18,76.698586,Million USD,Normal,
Summary of Foreign Investment in Pakistan,TS_GP_FI_SUMFIPK_M.FI00050,FDI Outflow,31-Oct-18,615.522445,Million USD,Normal,
Summary of Foreign Investment in Pakistan,TS_GP_FI_SUMFIPK_M.FI00050,FDI Outflow,30-Nov-18,106.538668,Million USD,Normal,
Summary of Foreign Investment in Pakistan,TS_GP_FI_SUMFIPK_M.FI00050,FDI Outflow,31-Dec-18,82.37239,Million USD,Normal,
Summary of Foreign Investment in Pakistan,TS_GP_FI_SUMFIPK_M.FI00050,FDI Outflow,31-Jan-19,70.013489,Million USD,Normal,
Summary of Foreign Investment in Pakistan,TS_GP_FI_SUMFIPK_M.FI00050,FDI Outflow,28-Feb-19,63.803752,Million USD,Normal,
Summary of Foreign Investment in Pakistan,TS_GP_FI_SUMFIPK_M.FI00050,FDI Outflow,31-Mar-19,56.394955,Million USD,Normal,
Summary of Foreign Investment in Pakistan,TS_GP_FI_SUMFIPK_M.FI00050,FDI Outflow,30-Apr-19,66.39935,Million USD,Normal,
Summary of Foreign Investment in Pakistan,TS_GP_FI_SUMFIPK_M.FI00050,FDI Outflow,31-May-19,58.05412,Million USD,Normal,
Summary of Foreign Investment in Pakistan,TS_GP_FI_SUMFIPK_M.FI00050,FDI Outflow,30-Jun-19,56.578737,Million USD,Normal,
Summary of Foreign Investment in Pakistan,TS_GP_FI_SUMFIPK_M.FI00050,FDI Outflow,31-Jul-19,94.015725,Million USD,Normal,
Summary of Foreign Investment in Pakistan,TS_GP_FI_SUMFIPK_M.FI00050,FDI Outflow,31-Aug-19,58.457409,Million USD,Normal,
Summary of Foreign Investment in Pakistan,TS_GP_FI_SUMFIPK_M.FI00050,FDI Outflow,30-Sep-19,54.697694,Million USD,Normal,
Summary of Foreign Investment in Pakistan,TS_GP_FI_SUMFIPK_M.FI00050,FDI Outflow,31-Oct-19,56.635146,Million USD,Normal,
Summary of Foreign Investment in Pakistan,TS_GP_FI_SUMFIPK_M.FI00050,FDI Outflow,30-Nov-19,48.454739,Million USD,Normal,
Summary of Foreign Investment in Pakistan,TS_GP_FI_SUMFIPK_M.FI00050,FDI Outflow,31-Dec-19,78.933899,Million USD,Normal,
Summary of Foreign Investment in Pakistan,TS_GP_FI_SUMFIPK_M.FI00050,FDI Outflow,31-Jan-20,72.67365,Million USD,Normal,
Summary of Foreign Investment in Pakistan,TS_GP_FI_SUMFIPK_M.FI00050,FDI Outflow,29-Feb-20,43.564992,Million USD,Normal,
Summary of Foreign Investment in Pakistan,TS_GP_FI_SUMFIPK_M.FI00050,FDI Outflow,31-Mar-20,41.110835,Million USD,Normal,
Summary of Foreign Investment in Pakistan,TS_GP_FI_SUMFIPK_M.FI00050,FDI Outflow,30-Apr-20,41.575112,Million USD,Normal,
Summary of Foreign Investment in Pakistan,TS_GP_FI_SUMFIPK_M.FI00050,FDI Outflow,30-May-20,83.594326,Million USD,Normal,
Summary of Foreign Investment in Pakistan,TS_GP_FI_SUMFIPK_M.FI00050,FDI Outflow,30-Jun-20,50.840011,Million USD,Normal,
Summary of Foreign Investment in Pakistan,TS_GP_FI_SUMFIPK_M.FI00050,FDI Outflow,31-Jul-20,75.157965,Million USD,Normal,
Summary of Foreign Investment in Pakistan,TS_GP_FI_SUMFIPK_M.FI00050,FDI Outflow,31-Aug-20,91.089211,Million USD,Normal,
Summary of Foreign Investment in Pakistan,TS_GP_FI_SUMFIPK_M.FI00050,FDI Outflow,30-Sep-20,100.194821,Million USD,Normal,
Summary of Foreign Investment in Pakistan,TS_GP_FI_SUMFIPK_M.FI00050,FDI Outflow,31-Oct-20,70.332332,Million USD,Normal,
Summary of Foreign Investment in Pakistan,TS_GP_FI_SUMFIPK_M.FI00050,FDI Outflow,30-Nov-20,339.1896,Million USD,Normal,
Summary of Foreign Investment in Pakistan,TS_GP_FI_SUMFIPK_M.FI00050,FDI Outflow,31-Dec-20,88.252031,Million USD,Normal,
Summary of Foreign Investment in Pakistan,TS_GP_FI_SUMFIPK_M.FI00050,FDI Outflow,31-Jan-21,99.56596,Million USD,Normal,
Summary of Foreign Investment in Pakistan,TS_GP_FI_SUMFIPK_M.FI00050,FDI Outflow,28-Feb-21,71.558444,Million USD,Normal,
Summary of Foreign Investment in Pakistan,TS_GP_FI_SUMFIPK_M.FI00050,FDI Outflow,31-Mar-21,85.684599,Million USD,Normal,
Summary of Foreign Investment in Pakistan,TS_GP_FI_SUMFIPK_M.FI00050,FDI Outflow,30-Apr-21,79.185539,Million USD,Normal,
Summary of Foreign Investment in Pakistan,TS_GP_FI_SUMFIPK_M.FI00050,FDI Outflow,31-May-21,65.146711,Million USD,Normal,
Summary of Foreign Investment in Pakistan,TS_GP_FI_SUMFIPK_M.FI00050,FDI Outflow,30-Jun-21,75.582777,Million USD,Normal,
Summary of Foreign Investment in Pakistan,TS_GP_FI_SUMFIPK_M.FI00050,FDI Outflow,31-Jul-21,46.100353,Million USD,Normal,NA
Summary of Foreign Investment in Pakistan,TS_GP_FI_SUMFIPK_M.FI00050,FDI Outflow,31-Aug-21,30.612783,Million USD,Normal,NA
Summary of Foreign Investment in Pakistan,TS_GP_FI_SUMFIPK_M.FI00050,FDI Outflow,30-Sep-21,29.968788,Million USD,Normal,NA
Summary of Foreign Investment in Pakistan,TS_GP_FI_SUMFIPK_M.FI00050,FDI Outflow,31-Oct-21,36.308551,Million USD,Normal,NA
Summary of Foreign Investment in Pakistan,TS_GP_FI_SUMFIPK_M.FI00050,FDI Outflow,30-Nov-21,44.23448,Million USD,Normal,NA
Summary of Foreign Investment in Pakistan,TS_GP_FI_SUMFIPK_M.FI00050,FDI Outflow,31-Dec-21,128.833063,Million USD,Normal,NA
Summary of Foreign Investment in Pakistan,TS_GP_FI_SUMFIPK_M.FI00050,FDI Outflow,31-Jan-22,74.020697,Million USD,Normal,NA
Summary of Foreign Investment in Pakistan,TS_GP_FI_SUMFIPK_M.FI00050,FDI Outflow,28-Feb-22,64.80182,Million USD,Normal,NA
Summary of Foreign Investment in Pakistan,TS_GP_FI_SUMFIPK_M.FI00050,FDI Outflow,31-Mar-22,229.442726,Million USD,Normal,NA
Summary of Foreign Investment in Pakistan,TS_GP_FI_SUMFIPK_M.FI00050,FDI Outflow,30-Apr-22,23.804811,Million USD,Normal,NA
Summary of Foreign Investment in Pakistan,TS_GP_FI_SUMFIPK_M.FI00050,FDI Outflow,31-May-22,26.131618,Million USD,Normal,NA
Summary of Foreign Investment in Pakistan,TS_GP_FI_SUMFIPK_M.FI00050,FDI Outflow,30-Jun-22,22.312062,Million USD,Normal,NA
Summary of Foreign Investment in Pakistan,TS_GP_FI_SUMFIPK_M.FI00050,FDI Outflow,31-Jul-22,78.576103,Million USD,Normal,NA
Summary of Foreign Investment in Pakistan,TS_GP_FI_SUMFIPK_M.FI00050,FDI Outflow,31-Aug-22,46.151559,Million USD,Normal,NA
Summary of Foreign Investment in Pakistan,TS_GP_FI_SUMFIPK_M.FI00050,FDI Outflow,30-Sep-22,86.897544,Million USD,Normal,NA
Summary of Foreign Investment in Pakistan,TS_GP_FI_SUMFIPK_M.FI00050,FDI Outflow,31-Oct-22,47.560677,Million USD,Normal,NA
Summary of Foreign Investment in Pakistan,TS_GP_FI_SUMFIPK_M.FI00050,FDI Outflow,30-Nov-22,107.89876,Million USD,Normal,NA
Summary of Foreign Investment in Pakistan,TS_GP_FI_SUMFIPK_M.FI00050,FDI Outflow,31-Dec-22,266.303366,Million USD,Normal,NA
Summary of Foreign Investment in Pakistan,TS_GP_FI_SUMFIPK_M.FI00050,FDI Outflow,31-Jan-23,50.981074,Million USD,Normal,NA
Summary of Foreign Investment in Pakistan,TS_GP_FI_SUMFIPK_M.FI00050,FDI Outflow,28-Feb-23,48.594852,Million USD,Normal,NA
Summary of Foreign Investment in Pakistan,TS_GP_FI_SUMFIPK_M.FI00050,FDI Outflow,31-Mar-23,66.89734,Million USD,Normal,NA
Summary of Foreign Investment in Pakistan,TS_GP_FI_SUMFIPK_M.FI00050,FDI Outflow,30-Apr-23,45.194913,Million USD,Normal,NA
Summary of Foreign Investment in Pakistan,TS_GP_FI_SUMFIPK_M.FI00050,FDI Outflow,31-May-23,47.922989,Million USD,Normal,NA
Summary of Foreign Investment in Pakistan,TS_GP_FI_SUMFIPK_M.FI00050,FDI Outflow,30-Jun-23,48.012489,Million USD,Normal,NA
Summary of Foreign Investment in Pakistan,TS_GP_FI_SUMFIPK_M.FI00050,FDI Outflow,31-Jul-23,70.130542,Million USD,Normal,NA
Summary of Foreign Investment in Pakistan,TS_GP_FI_SUMFIPK_M.FI00050,FDI Outflow,31-Aug-23,61.591976,Million USD,Normal,NA
Summary of Foreign Investment in Pakistan,TS_GP_FI_SUMFIPK_M.FI00050,FDI Outflow,30-Sep-23,51.165977,Million USD,Normal,NA
Summary of Foreign Investment in Pakistan,TS_GP_FI_SUMFIPK_M.FI00050,FDI Outflow,31-Oct-23,61.164567,Million USD,Normal,NA
Summary of Foreign Investment in Pakistan,TS_GP_FI_SUMFIPK_M.FI00050,FDI Outflow,30-Nov-23,71.607358,Million USD,Normal,NA
Summary of Foreign Investment in Pakistan,TS_GP_FI_SUMFIPK_M.FI00050,FDI Outflow,31-Dec-23,58.903427,Million USD,Normal,NA
Summary of Foreign Investment in Pakistan,TS_GP_FI_SUMFIPK_M.FI00050,FDI Outflow,31-Jan-24,367.307928,Million USD,Normal,NA
Summary of Foreign Investment in Pakistan,TS_GP_FI_SUMFIPK_M.FI00050,FDI Outflow,29-Feb-24,55.581129,Million USD,Normal,NA
Summary of Foreign Investment in Pakistan,TS_GP_FI_SUMFIPK_M.FI00050,FDI Outflow,31-Mar-24,72.106086,Million USD,Normal,NA
Summary of Foreign Investment in Pakistan,TS_GP_FI_SUMFIPK_M.FI00050,FDI Outflow,30-Apr-24,55.206553,Million USD,Normal,NA
Summary of Foreign Investment in Pakistan,TS_GP_FI_SUMFIPK_M.FI00050,FDI Outflow,31-May-24,68.162873,Million USD,Normal,NA
Summary of Foreign Investment in Pakistan,TS_GP_FI_SUMFIPK_M.FI00050,FDI Outflow,30-Jun-24,60.676631,Million USD,Normal,NA
