Dataset,Series Key,Series,Observation Date,Observation Value,Unit,Observation Status,Observation Status Comment
Monetary Aggregates (M3) - Monthly Profile,TS_GP_BAM_M3_M.MA3002100,M3,30-Jun-06,4375135,Million PKR,Normal,
Monetary Aggregates (M3) - Monthly Profile,TS_GP_BAM_M3_M.MA3002100,M3,30-Jun-07,5087614,Million PKR,Normal,
Monetary Aggregates (M3) - Monthly Profile,TS_GP_BAM_M3_M.MA3002100,M3,30-Jun-08,5643390,Million PKR,Normal,
Monetary Aggregates (M3) - Monthly Profile,TS_GP_BAM_M3_M.MA3002100,M3,30-Jun-09,6348334,Million PKR,Normal,
Monetary Aggregates (M3) - Monthly Profile,TS_GP_BAM_M3_M.MA3002100,M3,30-Jun-10,7218663,Million PKR,Normal,
Monetary Aggregates (M3) - Monthly Profile,TS_GP_BAM_M3_M.MA3002100,M3,30-Jun-11,8394740.503,Million PKR,Normal,
Monetary Aggregates (M3) - Monthly Profile,TS_GP_BAM_M3_M.MA3002100,M3,30-Jun-12,9460909,Million PKR,Normal,
Monetary Aggregates (M3) - Monthly Profile,TS_GP_BAM_M3_M.MA3002100,M3,30-Jun-13,11097062.39,Million PKR,Normal,
Monetary Aggregates (M3) - Monthly Profile,TS_GP_BAM_M3_M.MA3002100,M3,30-Jun-14,12435145.7,Million PKR,Normal,
Monetary Aggregates (M3) - Monthly Profile,TS_GP_BAM_M3_M.MA3002100,M3,30-Jun-15,14024844.25,Million PKR,Normal,
Monetary Aggregates (M3) - Monthly Profile,TS_GP_BAM_M3_M.MA3002100,M3,30-Jun-16,15858893.09,Million PKR,Normal,
Monetary Aggregates (M3) - Monthly Profile,TS_GP_BAM_M3_M.MA3002100,M3,31-Jul-16,15723909.29,Million PKR,Normal,
Monetary Aggregates (M3) - Monthly Profile,TS_GP_BAM_M3_M.MA3002100,M3,31-Aug-16,15761360.23,Million PKR,Normal,
Monetary Aggregates (M3) - Monthly Profile,TS_GP_BAM_M3_M.MA3002100,M3,30-Sep-16,15969683.37,Million PKR,Normal,
Monetary Aggregates (M3) - Monthly Profile,TS_GP_BAM_M3_M.MA3002100,M3,31-Oct-16,16073713.5,Million PKR,Normal,
Monetary Aggregates (M3) - Monthly Profile,TS_GP_BAM_M3_M.MA3002100,M3,30-Nov-16,16238855.87,Million PKR,Normal,
Monetary Aggregates (M3) - Monthly Profile,TS_GP_BAM_M3_M.MA3002100,M3,31-Dec-16,16625735.22,Million PKR,Normal,
Monetary Aggregates (M3) - Monthly Profile,TS_GP_BAM_M3_M.MA3002100,M3,31-Jan-17,16443301.45,Million PKR,Normal,
Monetary Aggregates (M3) - Monthly Profile,TS_GP_BAM_M3_M.MA3002100,M3,28-Feb-17,16516660.41,Million PKR,Normal,
Monetary Aggregates (M3) - Monthly Profile,TS_GP_BAM_M3_M.MA3002100,M3,31-Mar-17,16729144.03,Million PKR,Normal,
Monetary Aggregates (M3) - Monthly Profile,TS_GP_BAM_M3_M.MA3002100,M3,30-Apr-17,16874707.36,Million PKR,Normal,
Monetary Aggregates (M3) - Monthly Profile,TS_GP_BAM_M3_M.MA3002100,M3,31-May-17,17225426.91,Million PKR,Normal,
Monetary Aggregates (M3) - Monthly Profile,TS_GP_BAM_M3_M.MA3002100,M3,30-Jun-17,17842011.66,Million PKR,Normal,
Monetary Aggregates (M3) - Monthly Profile,TS_GP_BAM_M3_M.MA3002100,M3,31-Jul-17,17629744.02,Million PKR,Normal,
Monetary Aggregates (M3) - Monthly Profile,TS_GP_BAM_M3_M.MA3002100,M3,31-Aug-17,17788589.57,Million PKR,Normal,
Monetary Aggregates (M3) - Monthly Profile,TS_GP_BAM_M3_M.MA3002100,M3,30-Sep-17,17833607.42,Million PKR,Normal,
Monetary Aggregates (M3) - Monthly Profile,TS_GP_BAM_M3_M.MA3002100,M3,31-Oct-17,17927749.29,Million PKR,Normal,
Monetary Aggregates (M3) - Monthly Profile,TS_GP_BAM_M3_M.MA3002100,M3,30-Nov-17,18022893.41,Million PKR,Normal,
Monetary Aggregates (M3) - Monthly Profile,TS_GP_BAM_M3_M.MA3002100,M3,31-Dec-17,18276890.43,Million PKR,Normal,
Monetary Aggregates (M3) - Monthly Profile,TS_GP_BAM_M3_M.MA3002100,M3,31-Jan-18,18146882.69,Million PKR,Normal,
Monetary Aggregates (M3) - Monthly Profile,TS_GP_BAM_M3_M.MA3002100,M3,28-Feb-18,18345320.8,Million PKR,Normal,
Monetary Aggregates (M3) - Monthly Profile,TS_GP_BAM_M3_M.MA3002100,M3,31-Mar-18,18664350.19,Million PKR,Normal,
Monetary Aggregates (M3) - Monthly Profile,TS_GP_BAM_M3_M.MA3002100,M3,30-Apr-18,18716342.07,Million PKR,Normal,
Monetary Aggregates (M3) - Monthly Profile,TS_GP_BAM_M3_M.MA3002100,M3,31-May-18,19061554.87,Million PKR,Normal,
Monetary Aggregates (M3) - Monthly Profile,TS_GP_BAM_M3_M.MA3002100,M3,30-Jun-18,19413525.38,Million PKR,Normal,
Monetary Aggregates (M3) - Monthly Profile,TS_GP_BAM_M3_M.MA3002100,M3,31-Jul-18,19282880.75,Million PKR,Normal,
Monetary Aggregates (M3) - Monthly Profile,TS_GP_BAM_M3_M.MA3002100,M3,31-Aug-18,19459456.84,Million PKR,Normal,
Monetary Aggregates (M3) - Monthly Profile,TS_GP_BAM_M3_M.MA3002100,M3,30-Sep-18,19494227.86,Million PKR,Normal,
Monetary Aggregates (M3) - Monthly Profile,TS_GP_BAM_M3_M.MA3002100,M3,31-Oct-18,19551677.05,Million PKR,Normal,
Monetary Aggregates (M3) - Monthly Profile,TS_GP_BAM_M3_M.MA3002100,M3,30-Nov-18,19784742.97,Million PKR,Normal,
Monetary Aggregates (M3) - Monthly Profile,TS_GP_BAM_M3_M.MA3002100,M3,31-Dec-18,20075978.07,Million PKR,Normal,
Monetary Aggregates (M3) - Monthly Profile,TS_GP_BAM_M3_M.MA3002100,M3,31-Jan-19,20049655.24,Million PKR,Normal,
Monetary Aggregates (M3) - Monthly Profile,TS_GP_BAM_M3_M.MA3002100,M3,28-Feb-19,20229588.9,Million PKR,Normal,
Monetary Aggregates (M3) - Monthly Profile,TS_GP_BAM_M3_M.MA3002100,M3,31-Mar-19,20496377.52,Million PKR,Normal,
Monetary Aggregates (M3) - Monthly Profile,TS_GP_BAM_M3_M.MA3002100,M3,30-Apr-19,20507123.34,Million PKR,Normal,
Monetary Aggregates (M3) - Monthly Profile,TS_GP_BAM_M3_M.MA3002100,M3,31-May-19,20806800.66,Million PKR,Normal,
Monetary Aggregates (M3) - Monthly Profile,TS_GP_BAM_M3_M.MA3002100,M3,30-Jun-19,21414869.01,Million PKR,Normal,
Monetary Aggregates (M3) - Monthly Profile,TS_GP_BAM_M3_M.MA3002100,M3,31-Jul-19,21274906.62,Million PKR,Normal,
Monetary Aggregates (M3) - Monthly Profile,TS_GP_BAM_M3_M.MA3002100,M3,31-Aug-19,21287777.34,Million PKR,Normal,
Monetary Aggregates (M3) - Monthly Profile,TS_GP_BAM_M3_M.MA3002100,M3,30-Sep-19,21527332.61,Million PKR,Normal,
Monetary Aggregates (M3) - Monthly Profile,TS_GP_BAM_M3_M.MA3002100,M3,31-Oct-19,21757664.72,Million PKR,Normal,
Monetary Aggregates (M3) - Monthly Profile,TS_GP_BAM_M3_M.MA3002100,M3,30-Nov-19,21839880.36,Million PKR,Normal,
Monetary Aggregates (M3) - Monthly Profile,TS_GP_BAM_M3_M.MA3002100,M3,31-Dec-19,22417591.74,Million PKR,Normal,
Monetary Aggregates (M3) - Monthly Profile,TS_GP_BAM_M3_M.MA3002100,M3,31-Jan-20,22271191.93,Million PKR,Normal,
Monetary Aggregates (M3) - Monthly Profile,TS_GP_BAM_M3_M.MA3002100,M3,29-Feb-20,22510977.73,Million PKR,Normal,
Monetary Aggregates (M3) - Monthly Profile,TS_GP_BAM_M3_M.MA3002100,M3,31-Mar-20,23160488.42,Million PKR,Normal,
Monetary Aggregates (M3) - Monthly Profile,TS_GP_BAM_M3_M.MA3002100,M3,30-Apr-20,23583407.34,Million PKR,Normal,
Monetary Aggregates (M3) - Monthly Profile,TS_GP_BAM_M3_M.MA3002100,M3,31-May-20,24176305.7,Million PKR,Normal,
Monetary Aggregates (M3) - Monthly Profile,TS_GP_BAM_M3_M.MA3002100,M3,30-Jun-20,24986135.84,Million PKR,Normal,
Monetary Aggregates (M3) - Monthly Profile,TS_GP_BAM_M3_M.MA3002100,M3,31-Jul-20,24854649.35,Million PKR,Normal,
Monetary Aggregates (M3) - Monthly Profile,TS_GP_BAM_M3_M.MA3002100,M3,31-Aug-20,24852887.23,Million PKR,Normal,
Monetary Aggregates (M3) - Monthly Profile,TS_GP_BAM_M3_M.MA3002100,M3,30-Sep-20,25082980.38,Million PKR,Normal,
Monetary Aggregates (M3) - Monthly Profile,TS_GP_BAM_M3_M.MA3002100,M3,31-Oct-20,25163399.46,Million PKR,Normal,
Monetary Aggregates (M3) - Monthly Profile,TS_GP_BAM_M3_M.MA3002100,M3,30-Nov-20,25419094.53,Million PKR,Normal,
Monetary Aggregates (M3) - Monthly Profile,TS_GP_BAM_M3_M.MA3002100,M3,31-Dec-20,25970980.64,Million PKR,Normal,
Monetary Aggregates (M3) - Monthly Profile,TS_GP_BAM_M3_M.MA3002100,M3,31-Jan-21,25711173.58,Million PKR,Normal,
Monetary Aggregates (M3) - Monthly Profile,TS_GP_BAM_M3_M.MA3002100,M3,28-Feb-21,25942202.09,Million PKR,Normal,
Monetary Aggregates (M3) - Monthly Profile,TS_GP_BAM_M3_M.MA3002100,M3,31-Mar-21,26227534.11,Million PKR,Normal,
Monetary Aggregates (M3) - Monthly Profile,TS_GP_BAM_M3_M.MA3002100,M3,30-Apr-21,26441086.5,Million PKR,Normal,
Monetary Aggregates (M3) - Monthly Profile,TS_GP_BAM_M3_M.MA3002100,M3,30-May-21,26616271.43,Million PKR,Normal,
Monetary Aggregates (M3) - Monthly Profile,TS_GP_BAM_M3_M.MA3002100,M3,30-Jun-21,27738215.28,Million PKR,Normal,
Monetary Aggregates (M3) - Monthly Profile,TS_GP_BAM_M3_M.MA3002100,M3,31-Jul-21,27547213.67,Million PKR,Normal,
Monetary Aggregates (M3) - Monthly Profile,TS_GP_BAM_M3_M.MA3002100,M3,31-Aug-21,27480097.31,Million PKR,Normal,
Monetary Aggregates (M3) - Monthly Profile,TS_GP_BAM_M3_M.MA3002100,M3,30-Sep-21,27840178.76,Million PKR,Normal,
Monetary Aggregates (M3) - Monthly Profile,TS_GP_BAM_M3_M.MA3002100,M3,31-Oct-21,27575593.68,Million PKR,Normal,
Monetary Aggregates (M3) - Monthly Profile,TS_GP_BAM_M3_M.MA3002100,M3,30-Nov-21,27854078.42,Million PKR,Normal,
Monetary Aggregates (M3) - Monthly Profile,TS_GP_BAM_M3_M.MA3002100,M3,31-Dec-21,28622981.66,Million PKR,Normal,
Monetary Aggregates (M3) - Monthly Profile,TS_GP_BAM_M3_M.MA3002100,M3,31-Jan-22,28121821.67,Million PKR,Normal,
Monetary Aggregates (M3) - Monthly Profile,TS_GP_BAM_M3_M.MA3002100,M3,28-Feb-22,28096621.13,Million PKR,Normal,
Monetary Aggregates (M3) - Monthly Profile,TS_GP_BAM_M3_M.MA3002100,M3,31-Mar-22,28648223.3,Million PKR,Normal,
Monetary Aggregates (M3) - Monthly Profile,TS_GP_BAM_M3_M.MA3002100,M3,30-Apr-22,28927241.7,Million PKR,Normal,
Monetary Aggregates (M3) - Monthly Profile,TS_GP_BAM_M3_M.MA3002100,M3,31-May-22,29345795.27,Million PKR,Normal,
Monetary Aggregates (M3) - Monthly Profile,TS_GP_BAM_M3_M.MA3002100,M3,30-Jun-22,30447624.5,Million PKR,Normal,
Monetary Aggregates (M3) - Monthly Profile,TS_GP_BAM_M3_M.MA3002100,M3,31-Jul-22,30372808.14,Million PKR,Normal,
Monetary Aggregates (M3) - Monthly Profile,TS_GP_BAM_M3_M.MA3002100,M3,30-Aug-22,30432148.61,Million PKR,Normal,
Monetary Aggregates (M3) - Monthly Profile,TS_GP_BAM_M3_M.MA3002100,M3,31-Aug-22,30433186.1,Million PKR,Normal,
Monetary Aggregates (M3) - Monthly Profile,TS_GP_BAM_M3_M.MA3002100,M3,30-Sep-22,30737315.63,Million PKR,Normal,
Monetary Aggregates (M3) - Monthly Profile,TS_GP_BAM_M3_M.MA3002100,M3,31-Oct-22,30737330.24,Million PKR,Normal,
Monetary Aggregates (M3) - Monthly Profile,TS_GP_BAM_M3_M.MA3002100,M3,30-Nov-22,30817824.17,Million PKR,Normal,
Monetary Aggregates (M3) - Monthly Profile,TS_GP_BAM_M3_M.MA3002100,M3,31-Dec-22,30744379.27,Million PKR,Normal,
Monetary Aggregates (M3) - Monthly Profile,TS_GP_BAM_M3_M.MA3002100,M3,31-Jan-23,30688498.81,Million PKR,Normal,
Monetary Aggregates (M3) - Monthly Profile,TS_GP_BAM_M3_M.MA3002100,M3,28-Feb-23,31241155.54,Million PKR,Normal,
Monetary Aggregates (M3) - Monthly Profile,TS_GP_BAM_M3_M.MA3002100,M3,31-Mar-23,32073541.23,Million PKR,Normal,
Monetary Aggregates (M3) - Monthly Profile,TS_GP_BAM_M3_M.MA3002100,M3,30-Apr-23,32743306.4,Million PKR,Normal,
Monetary Aggregates (M3) - Monthly Profile,TS_GP_BAM_M3_M.MA3002100,M3,31-May-23,33140222.89,Million PKR,Normal,
Monetary Aggregates (M3) - Monthly Profile,TS_GP_BAM_M3_M.MA3002100,M3,30-Jun-23,34496524.05,Million PKR,Normal,
Monetary Aggregates (M3) - Monthly Profile,TS_GP_BAM_M3_M.MA3002100,M3,31-Jul-23,34192164.8,Million PKR,Normal,
Monetary Aggregates (M3) - Monthly Profile,TS_GP_BAM_M3_M.MA3002100,M3,31-Aug-23,34436181.5,Million PKR,Normal,
Monetary Aggregates (M3) - Monthly Profile,TS_GP_BAM_M3_M.MA3002100,M3,30-Sep-23,34644799.11,Million PKR,Normal,
Monetary Aggregates (M3) - Monthly Profile,TS_GP_BAM_M3_M.MA3002100,M3,31-Oct-23,34906349.15,Million PKR,Normal,
Monetary Aggregates (M3) - Monthly Profile,TS_GP_BAM_M3_M.MA3002100,M3,30-Nov-23,35179616.12,Million PKR,Normal,
Monetary Aggregates (M3) - Monthly Profile,TS_GP_BAM_M3_M.MA3002100,M3,31-Dec-23,35741282.65,Million PKR,Normal,
Monetary Aggregates (M3) - Monthly Profile,TS_GP_BAM_M3_M.MA3002100,M3,31-Jan-24,35584298.44,Million PKR,Normal,
Monetary Aggregates (M3) - Monthly Profile,TS_GP_BAM_M3_M.MA3002100,M3,29-Feb-24,36118526.56,Million PKR,Normal,
Monetary Aggregates (M3) - Monthly Profile,TS_GP_BAM_M3_M.MA3002100,M3,31-Mar-24,36861175.59,Million PKR,Normal,
Monetary Aggregates (M3) - Monthly Profile,TS_GP_BAM_M3_M.MA3002100,M3,30-Apr-24,37240313.88,Million PKR,Normal,
Monetary Aggregates (M3) - Monthly Profile,TS_GP_BAM_M3_M.MA3002100,M3,31-May-24,37949465.21,Million PKR,Normal,
