"Dataset","Series Key","Series","Observation Date","Observation Value","Unit","Observation Status","Observation Status Comment"
"Gold and Foreign Exchange Reserves of Pakistan","TS_GP_EXT_PAKRES_M.Z00020","FX Reserves with SBP","30-Nov-2023","7090","Million USD","Normal",""
"Gold and Foreign Exchange Reserves of Pakistan","TS_GP_EXT_PAKRES_M.Z00020","FX Reserves with SBP","31-Oct-2023","7562","Million USD","Normal",""
"Gold and Foreign Exchange Reserves of Pakistan","TS_GP_EXT_PAKRES_M.Z00020","FX Reserves with SBP","30-Sep-2023","7693","Million USD","Normal",""
"Gold and Foreign Exchange Reserves of Pakistan","TS_GP_EXT_PAKRES_M.Z00020","FX Reserves with SBP","31-Aug-2023","7889","Million USD","Normal",""
"Gold and Foreign Exchange Reserves of Pakistan","TS_GP_EXT_PAKRES_M.Z00020","FX Reserves with SBP","31-Jul-2023","8225","Million USD","Normal",""
"Gold and Foreign Exchange Reserves of Pakistan","TS_GP_EXT_PAKRES_M.Z00020","FX Reserves with SBP","30-Jun-2023","4536","Million USD","Normal",""
"Gold and Foreign Exchange Reserves of Pakistan","TS_GP_EXT_PAKRES_M.Z00020","FX Reserves with SBP","31-May-2023","3765","Million USD","Normal",""
"Gold and Foreign Exchange Reserves of Pakistan","TS_GP_EXT_PAKRES_M.Z00020","FX Reserves with SBP","30-Apr-2023","4559","Million USD","Normal",""
"Gold and Foreign Exchange Reserves of Pakistan","TS_GP_EXT_PAKRES_M.Z00020","FX Reserves with SBP","31-Mar-2023","4299","Million USD","Normal",""
"Gold and Foreign Exchange Reserves of Pakistan","TS_GP_EXT_PAKRES_M.Z00020","FX Reserves with SBP","28-Feb-2023","3974","Million USD","Normal",""
"Gold and Foreign Exchange Reserves of Pakistan","TS_GP_EXT_PAKRES_M.Z00020","FX Reserves with SBP","31-Jan-2023","3204","Million USD","Normal",""
"Gold and Foreign Exchange Reserves of Pakistan","TS_GP_EXT_PAKRES_M.Z00020","FX Reserves with SBP","31-Dec-2022","5702","Million USD","Normal",""
"Gold and Foreign Exchange Reserves of Pakistan","TS_GP_EXT_PAKRES_M.Z00020","FX Reserves with SBP","30-Nov-2022","7853","Million USD","Normal",""
"Gold and Foreign Exchange Reserves of Pakistan","TS_GP_EXT_PAKRES_M.Z00020","FX Reserves with SBP","31-Oct-2022","8972","Million USD","Normal",""
"Gold and Foreign Exchange Reserves of Pakistan","TS_GP_EXT_PAKRES_M.Z00020","FX Reserves with SBP","30-Sep-2022","8045","Million USD","Normal",""
"Gold and Foreign Exchange Reserves of Pakistan","TS_GP_EXT_PAKRES_M.Z00020","FX Reserves with SBP","31-Aug-2022","9021","Million USD","Normal",""
"Gold and Foreign Exchange Reserves of Pakistan","TS_GP_EXT_PAKRES_M.Z00020","FX Reserves with SBP","31-Jul-2022","8606","Million USD","Normal",""
"Gold and Foreign Exchange Reserves of Pakistan","TS_GP_EXT_PAKRES_M.Z00020","FX Reserves with SBP","30-Jun-2022","10064","Million USD","Normal",""
"Gold and Foreign Exchange Reserves of Pakistan","TS_GP_EXT_PAKRES_M.Z00020","FX Reserves with SBP","31-May-2022","9619","Million USD","Normal",""
"Gold and Foreign Exchange Reserves of Pakistan","TS_GP_EXT_PAKRES_M.Z00020","FX Reserves with SBP","30-Apr-2022","10752","Million USD","Normal",""
"Gold and Foreign Exchange Reserves of Pakistan","TS_GP_EXT_PAKRES_M.Z00020","FX Reserves with SBP","31-Mar-2022","11644","Million USD","Normal",""
"Gold and Foreign Exchange Reserves of Pakistan","TS_GP_EXT_PAKRES_M.Z00020","FX Reserves with SBP","28-Feb-2022","16580","Million USD","Normal",""
"Gold and Foreign Exchange Reserves of Pakistan","TS_GP_EXT_PAKRES_M.Z00020","FX Reserves with SBP","31-Jan-2022","16714","Million USD","Normal",""
"Gold and Foreign Exchange Reserves of Pakistan","TS_GP_EXT_PAKRES_M.Z00020","FX Reserves with SBP","31-Dec-2021","17837","Million USD","Normal",""
"Gold and Foreign Exchange Reserves of Pakistan","TS_GP_EXT_PAKRES_M.Z00020","FX Reserves with SBP","30-Nov-2021","16142","Million USD","Normal",""
"Gold and Foreign Exchange Reserves of Pakistan","TS_GP_EXT_PAKRES_M.Z00020","FX Reserves with SBP","31-Oct-2021","17388","Million USD","Normal",""
"Gold and Foreign Exchange Reserves of Pakistan","TS_GP_EXT_PAKRES_M.Z00020","FX Reserves with SBP","30-Sep-2021","19400","Million USD","Normal",""
"Gold and Foreign Exchange Reserves of Pakistan","TS_GP_EXT_PAKRES_M.Z00020","FX Reserves with SBP","31-Aug-2021","20308","Million USD","Normal",""
"Gold and Foreign Exchange Reserves of Pakistan","TS_GP_EXT_PAKRES_M.Z00020","FX Reserves with SBP","31-Jul-2021","18027","Million USD","Normal",""
"Gold and Foreign Exchange Reserves of Pakistan","TS_GP_EXT_PAKRES_M.Z00020","FX Reserves with SBP","30-Jun-2021","17486","Million USD","Normal",""
"Gold and Foreign Exchange Reserves of Pakistan","TS_GP_EXT_PAKRES_M.Z00020","FX Reserves with SBP","31-May-2021","16300","Million USD","Normal",""
"Gold and Foreign Exchange Reserves of Pakistan","TS_GP_EXT_PAKRES_M.Z00020","FX Reserves with SBP","30-Apr-2021","15791","Million USD","Normal",""
"Gold and Foreign Exchange Reserves of Pakistan","TS_GP_EXT_PAKRES_M.Z00020","FX Reserves with SBP","31-Mar-2021","13669","Million USD","Normal",""
"Gold and Foreign Exchange Reserves of Pakistan","TS_GP_EXT_PAKRES_M.Z00020","FX Reserves with SBP","28-Feb-2021","13168","Million USD","Normal",""
"Gold and Foreign Exchange Reserves of Pakistan","TS_GP_EXT_PAKRES_M.Z00020","FX Reserves with SBP","31-Jan-2021","13196","Million USD","Normal",""
"Gold and Foreign Exchange Reserves of Pakistan","TS_GP_EXT_PAKRES_M.Z00020","FX Reserves with SBP","31-Dec-2020","13581","Million USD","Normal",""
"Gold and Foreign Exchange Reserves of Pakistan","TS_GP_EXT_PAKRES_M.Z00020","FX Reserves with SBP","30-Nov-2020","13273","Million USD","Normal",""
"Gold and Foreign Exchange Reserves of Pakistan","TS_GP_EXT_PAKRES_M.Z00020","FX Reserves with SBP","31-Oct-2020","12345","Million USD","Normal",""
"Gold and Foreign Exchange Reserves of Pakistan","TS_GP_EXT_PAKRES_M.Z00020","FX Reserves with SBP","30-Sep-2020","12306","Million USD","Normal",""
"Gold and Foreign Exchange Reserves of Pakistan","TS_GP_EXT_PAKRES_M.Z00020","FX Reserves with SBP","31-Aug-2020","12913","Million USD","Normal",""
"Gold and Foreign Exchange Reserves of Pakistan","TS_GP_EXT_PAKRES_M.Z00020","FX Reserves with SBP","31-Jul-2020","12798","Million USD","Normal",""
"Gold and Foreign Exchange Reserves of Pakistan","TS_GP_EXT_PAKRES_M.Z00020","FX Reserves with SBP","30-Jun-2020","12550","Million USD","Normal",""
"Gold and Foreign Exchange Reserves of Pakistan","TS_GP_EXT_PAKRES_M.Z00020","FX Reserves with SBP","31-May-2020","10870","Million USD","Normal",""
"Gold and Foreign Exchange Reserves of Pakistan","TS_GP_EXT_PAKRES_M.Z00020","FX Reserves with SBP","30-Apr-2020","12881","Million USD","Normal",""
"Gold and Foreign Exchange Reserves of Pakistan","TS_GP_EXT_PAKRES_M.Z00020","FX Reserves with SBP","31-Mar-2020","11397","Million USD","Normal",""
"Gold and Foreign Exchange Reserves of Pakistan","TS_GP_EXT_PAKRES_M.Z00020","FX Reserves with SBP","29-Feb-2020","13221","Million USD","Normal",""
"Gold and Foreign Exchange Reserves of Pakistan","TS_GP_EXT_PAKRES_M.Z00020","FX Reserves with SBP","31-Jan-2020","12657","Million USD","Normal",""
"Gold and Foreign Exchange Reserves of Pakistan","TS_GP_EXT_PAKRES_M.Z00020","FX Reserves with SBP","31-Dec-2019","11760","Million USD","Normal",""
"Gold and Foreign Exchange Reserves of Pakistan","TS_GP_EXT_PAKRES_M.Z00020","FX Reserves with SBP","30-Nov-2019","9556","Million USD","Normal",""
"Gold and Foreign Exchange Reserves of Pakistan","TS_GP_EXT_PAKRES_M.Z00020","FX Reserves with SBP","31-Oct-2019","8724","Million USD","Normal",""
"Gold and Foreign Exchange Reserves of Pakistan","TS_GP_EXT_PAKRES_M.Z00020","FX Reserves with SBP","30-Sep-2019","8526","Million USD","Normal",""
"Gold and Foreign Exchange Reserves of Pakistan","TS_GP_EXT_PAKRES_M.Z00020","FX Reserves with SBP","31-Aug-2019","8881","Million USD","Normal",""
"Gold and Foreign Exchange Reserves of Pakistan","TS_GP_EXT_PAKRES_M.Z00020","FX Reserves with SBP","31-Jul-2019","8414","Million USD","Normal",""
"Gold and Foreign Exchange Reserves of Pakistan","TS_GP_EXT_PAKRES_M.Z00020","FX Reserves with SBP","30-Jun-2019","7774","Million USD","Normal",""
"Gold and Foreign Exchange Reserves of Pakistan","TS_GP_EXT_PAKRES_M.Z00020","FX Reserves with SBP","31-May-2019","8222","Million USD","Normal",""
"Gold and Foreign Exchange Reserves of Pakistan","TS_GP_EXT_PAKRES_M.Z00020","FX Reserves with SBP","30-Apr-2019","9147","Million USD","Normal",""
"Gold and Foreign Exchange Reserves of Pakistan","TS_GP_EXT_PAKRES_M.Z00020","FX Reserves with SBP","31-Mar-2019","10879","Million USD","Normal",""
"Gold and Foreign Exchange Reserves of Pakistan","TS_GP_EXT_PAKRES_M.Z00020","FX Reserves with SBP","28-Feb-2019","8507","Million USD","Normal",""
"Gold and Foreign Exchange Reserves of Pakistan","TS_GP_EXT_PAKRES_M.Z00020","FX Reserves with SBP","31-Jan-2019","8605","Million USD","Normal",""
"Gold and Foreign Exchange Reserves of Pakistan","TS_GP_EXT_PAKRES_M.Z00020","FX Reserves with SBP","31-Dec-2018","7637","Million USD","Normal",""
"Gold and Foreign Exchange Reserves of Pakistan","TS_GP_EXT_PAKRES_M.Z00020","FX Reserves with SBP","30-Nov-2018","7993","Million USD","Normal",""
"Gold and Foreign Exchange Reserves of Pakistan","TS_GP_EXT_PAKRES_M.Z00020","FX Reserves with SBP","31-Oct-2018","8069","Million USD","Normal",""
"Gold and Foreign Exchange Reserves of Pakistan","TS_GP_EXT_PAKRES_M.Z00020","FX Reserves with SBP","30-Sep-2018","8877","Million USD","Normal",""
"Gold and Foreign Exchange Reserves of Pakistan","TS_GP_EXT_PAKRES_M.Z00020","FX Reserves with SBP","31-Aug-2018","10240","Million USD","Normal",""
"Gold and Foreign Exchange Reserves of Pakistan","TS_GP_EXT_PAKRES_M.Z00020","FX Reserves with SBP","31-Jul-2018","10351","Million USD","Normal",""
"Gold and Foreign Exchange Reserves of Pakistan","TS_GP_EXT_PAKRES_M.Z00020","FX Reserves with SBP","30-Jun-2018","9866","Million USD","Normal",""
"Gold and Foreign Exchange Reserves of Pakistan","TS_GP_EXT_PAKRES_M.Z00020","FX Reserves with SBP","31-May-2018","9651","Million USD","Normal",""
"Gold and Foreign Exchange Reserves of Pakistan","TS_GP_EXT_PAKRES_M.Z00020","FX Reserves with SBP","30-Apr-2018","11576","Million USD","Normal",""
"Gold and Foreign Exchange Reserves of Pakistan","TS_GP_EXT_PAKRES_M.Z00020","FX Reserves with SBP","31-Mar-2018","11823","Million USD","Normal",""
"Gold and Foreign Exchange Reserves of Pakistan","TS_GP_EXT_PAKRES_M.Z00020","FX Reserves with SBP","28-Feb-2018","12465","Million USD","Normal",""
"Gold and Foreign Exchange Reserves of Pakistan","TS_GP_EXT_PAKRES_M.Z00020","FX Reserves with SBP","31-Jan-2018","13023","Million USD","Normal",""
"Gold and Foreign Exchange Reserves of Pakistan","TS_GP_EXT_PAKRES_M.Z00020","FX Reserves with SBP","31-Dec-2017","14329","Million USD","Normal",""
"Gold and Foreign Exchange Reserves of Pakistan","TS_GP_EXT_PAKRES_M.Z00020","FX Reserves with SBP","30-Nov-2017","12845","Million USD","Normal",""
"Gold and Foreign Exchange Reserves of Pakistan","TS_GP_EXT_PAKRES_M.Z00020","FX Reserves with SBP","31-Oct-2017","13674","Million USD","Normal",""
"Gold and Foreign Exchange Reserves of Pakistan","TS_GP_EXT_PAKRES_M.Z00020","FX Reserves with SBP","30-Sep-2017","14038","Million USD","Normal",""
"Gold and Foreign Exchange Reserves of Pakistan","TS_GP_EXT_PAKRES_M.Z00020","FX Reserves with SBP","31-Aug-2017","14828","Million USD","Normal",""
"Gold and Foreign Exchange Reserves of Pakistan","TS_GP_EXT_PAKRES_M.Z00020","FX Reserves with SBP","31-Jul-2017","14688","Million USD","Normal",""
"Gold and Foreign Exchange Reserves of Pakistan","TS_GP_EXT_PAKRES_M.Z00020","FX Reserves with SBP","30-Jun-2017","16243","Million USD","Normal",""
"Gold and Foreign Exchange Reserves of Pakistan","TS_GP_EXT_PAKRES_M.Z00020","FX Reserves with SBP","31-May-2017","16530","Million USD","Normal",""
"Gold and Foreign Exchange Reserves of Pakistan","TS_GP_EXT_PAKRES_M.Z00020","FX Reserves with SBP","30-Apr-2017","16179","Million USD","Normal",""
"Gold and Foreign Exchange Reserves of Pakistan","TS_GP_EXT_PAKRES_M.Z00020","FX Reserves with SBP","31-Mar-2017","16575","Million USD","Normal",""
"Gold and Foreign Exchange Reserves of Pakistan","TS_GP_EXT_PAKRES_M.Z00020","FX Reserves with SBP","28-Feb-2017","17188","Million USD","Normal",""
"Gold and Foreign Exchange Reserves of Pakistan","TS_GP_EXT_PAKRES_M.Z00020","FX Reserves with SBP","31-Jan-2017","17503","Million USD","Normal",""
"Gold and Foreign Exchange Reserves of Pakistan","TS_GP_EXT_PAKRES_M.Z00020","FX Reserves with SBP","31-Dec-2016","18380","Million USD","Normal",""
"Gold and Foreign Exchange Reserves of Pakistan","TS_GP_EXT_PAKRES_M.Z00020","FX Reserves with SBP","30-Nov-2016","18476","Million USD","Normal",""
"Gold and Foreign Exchange Reserves of Pakistan","TS_GP_EXT_PAKRES_M.Z00020","FX Reserves with SBP","31-Oct-2016","19028","Million USD","Normal",""
"Gold and Foreign Exchange Reserves of Pakistan","TS_GP_EXT_PAKRES_M.Z00020","FX Reserves with SBP","30-Sep-2016","18553","Million USD","Normal",""
"Gold and Foreign Exchange Reserves of Pakistan","TS_GP_EXT_PAKRES_M.Z00020","FX Reserves with SBP","31-Aug-2016","18170","Million USD","Normal",""
"Gold and Foreign Exchange Reserves of Pakistan","TS_GP_EXT_PAKRES_M.Z00020","FX Reserves with SBP","31-Jul-2016","18109","Million USD","Normal",""
"Gold and Foreign Exchange Reserves of Pakistan","TS_GP_EXT_PAKRES_M.Z00020","FX Reserves with SBP","30-Jun-2016","18192","Million USD","Normal",""
"Gold and Foreign Exchange Reserves of Pakistan","TS_GP_EXT_PAKRES_M.Z00020","FX Reserves with SBP","31-May-2016","16634","Million USD","Normal",""
"Gold and Foreign Exchange Reserves of Pakistan","TS_GP_EXT_PAKRES_M.Z00020","FX Reserves with SBP","30-Apr-2016","15956","Million USD","Normal",""
"Gold and Foreign Exchange Reserves of Pakistan","TS_GP_EXT_PAKRES_M.Z00020","FX Reserves with SBP","31-Mar-2016","16167","Million USD","Normal",""
"Gold and Foreign Exchange Reserves of Pakistan","TS_GP_EXT_PAKRES_M.Z00020","FX Reserves with SBP","29-Feb-2016","15550","Million USD","Normal",""
"Gold and Foreign Exchange Reserves of Pakistan","TS_GP_EXT_PAKRES_M.Z00020","FX Reserves with SBP","31-Jan-2016","15497","Million USD","Normal",""
"Gold and Foreign Exchange Reserves of Pakistan","TS_GP_EXT_PAKRES_M.Z00020","FX Reserves with SBP","31-Dec-2015","15945","Million USD","Normal",""
"Gold and Foreign Exchange Reserves of Pakistan","TS_GP_EXT_PAKRES_M.Z00020","FX Reserves with SBP","30-Nov-2015","14840","Million USD","Normal",""
"Gold and Foreign Exchange Reserves of Pakistan","TS_GP_EXT_PAKRES_M.Z00020","FX Reserves with SBP","31-Oct-2015","14884","Million USD","Normal",""
"Gold and Foreign Exchange Reserves of Pakistan","TS_GP_EXT_PAKRES_M.Z00020","FX Reserves with SBP","30-Sep-2015","15286","Million USD","Normal",""
"Gold and Foreign Exchange Reserves of Pakistan","TS_GP_EXT_PAKRES_M.Z00020","FX Reserves with SBP","31-Aug-2015","13509","Million USD","Normal",""
"Gold and Foreign Exchange Reserves of Pakistan","TS_GP_EXT_PAKRES_M.Z00020","FX Reserves with SBP","31-Jul-2015","13786","Million USD","Normal",""
"Gold and Foreign Exchange Reserves of Pakistan","TS_GP_EXT_PAKRES_M.Z00020","FX Reserves with SBP","30-Jun-2015","13538","Million USD","Normal",""
"Gold and Foreign Exchange Reserves of Pakistan","TS_GP_EXT_PAKRES_M.Z00020","FX Reserves with SBP","31-May-2015","11964","Million USD","Normal",""
"Gold and Foreign Exchange Reserves of Pakistan","TS_GP_EXT_PAKRES_M.Z00020","FX Reserves with SBP","30-Apr-2015","12578","Million USD","Normal",""
"Gold and Foreign Exchange Reserves of Pakistan","TS_GP_EXT_PAKRES_M.Z00020","FX Reserves with SBP","31-Mar-2015","11682","Million USD","Normal",""
"Gold and Foreign Exchange Reserves of Pakistan","TS_GP_EXT_PAKRES_M.Z00020","FX Reserves with SBP","28-Feb-2015","11276","Million USD","Normal",""
"Gold and Foreign Exchange Reserves of Pakistan","TS_GP_EXT_PAKRES_M.Z00020","FX Reserves with SBP","31-Jan-2015","10427","Million USD","Normal",""
"Gold and Foreign Exchange Reserves of Pakistan","TS_GP_EXT_PAKRES_M.Z00020","FX Reserves with SBP","31-Dec-2014","10591","Million USD","Normal",""
"Gold and Foreign Exchange Reserves of Pakistan","TS_GP_EXT_PAKRES_M.Z00020","FX Reserves with SBP","30-Nov-2014","8278","Million USD","Normal",""
"Gold and Foreign Exchange Reserves of Pakistan","TS_GP_EXT_PAKRES_M.Z00020","FX Reserves with SBP","31-Oct-2014","8722","Million USD","Normal",""
"Gold and Foreign Exchange Reserves of Pakistan","TS_GP_EXT_PAKRES_M.Z00020","FX Reserves with SBP","30-Sep-2014","9018","Million USD","Normal",""
"Gold and Foreign Exchange Reserves of Pakistan","TS_GP_EXT_PAKRES_M.Z00020","FX Reserves with SBP","31-Aug-2014","8788","Million USD","Normal",""
"Gold and Foreign Exchange Reserves of Pakistan","TS_GP_EXT_PAKRES_M.Z00020","FX Reserves with SBP","31-Jul-2014","9342","Million USD","Normal",""
"Gold and Foreign Exchange Reserves of Pakistan","TS_GP_EXT_PAKRES_M.Z00020","FX Reserves with SBP","30-Jun-2014","9173","Million USD","Normal",""
"Gold and Foreign Exchange Reserves of Pakistan","TS_GP_EXT_PAKRES_M.Z00020","FX Reserves with SBP","31-May-2014","8772","Million USD","Normal",""
"Gold and Foreign Exchange Reserves of Pakistan","TS_GP_EXT_PAKRES_M.Z00020","FX Reserves with SBP","30-Apr-2014","7536","Million USD","Normal",""
"Gold and Foreign Exchange Reserves of Pakistan","TS_GP_EXT_PAKRES_M.Z00020","FX Reserves with SBP","31-Mar-2014","5474","Million USD","Normal",""
"Gold and Foreign Exchange Reserves of Pakistan","TS_GP_EXT_PAKRES_M.Z00020","FX Reserves with SBP","28-Feb-2014","4078","Million USD","Normal",""
"Gold and Foreign Exchange Reserves of Pakistan","TS_GP_EXT_PAKRES_M.Z00020","FX Reserves with SBP","31-Jan-2014","3333","Million USD","Normal",""
"Gold and Foreign Exchange Reserves of Pakistan","TS_GP_EXT_PAKRES_M.Z00020","FX Reserves with SBP","31-Dec-2013","3630","Million USD","Normal",""
"Gold and Foreign Exchange Reserves of Pakistan","TS_GP_EXT_PAKRES_M.Z00020","FX Reserves with SBP","30-Nov-2013","3118","Million USD","Normal",""
"Gold and Foreign Exchange Reserves of Pakistan","TS_GP_EXT_PAKRES_M.Z00020","FX Reserves with SBP","31-Oct-2013","4275","Million USD","Normal",""
"Gold and Foreign Exchange Reserves of Pakistan","TS_GP_EXT_PAKRES_M.Z00020","FX Reserves with SBP","30-Sep-2013","4741","Million USD","Normal",""
"Gold and Foreign Exchange Reserves of Pakistan","TS_GP_EXT_PAKRES_M.Z00020","FX Reserves with SBP","31-Aug-2013","4864","Million USD","Normal",""
"Gold and Foreign Exchange Reserves of Pakistan","TS_GP_EXT_PAKRES_M.Z00020","FX Reserves with SBP","31-Jul-2013","5227","Million USD","Normal",""
"Gold and Foreign Exchange Reserves of Pakistan","TS_GP_EXT_PAKRES_M.Z00020","FX Reserves with SBP","30-Jun-2013","6046","Million USD","Normal",""
"Gold and Foreign Exchange Reserves of Pakistan","TS_GP_EXT_PAKRES_M.Z00020","FX Reserves with SBP","31-May-2013","6419","Million USD","Normal",""
"Gold and Foreign Exchange Reserves of Pakistan","TS_GP_EXT_PAKRES_M.Z00020","FX Reserves with SBP","30-Apr-2013","6715","Million USD","Normal",""
"Gold and Foreign Exchange Reserves of Pakistan","TS_GP_EXT_PAKRES_M.Z00020","FX Reserves with SBP","31-Mar-2013","7147","Million USD","Normal",""
"Gold and Foreign Exchange Reserves of Pakistan","TS_GP_EXT_PAKRES_M.Z00020","FX Reserves with SBP","28-Feb-2013","7981","Million USD","Normal",""
"Gold and Foreign Exchange Reserves of Pakistan","TS_GP_EXT_PAKRES_M.Z00020","FX Reserves with SBP","31-Jan-2013","8762","Million USD","Normal",""
"Gold and Foreign Exchange Reserves of Pakistan","TS_GP_EXT_PAKRES_M.Z00020","FX Reserves with SBP","31-Dec-2012","9028","Million USD","Normal",""
"Gold and Foreign Exchange Reserves of Pakistan","TS_GP_EXT_PAKRES_M.Z00020","FX Reserves with SBP","30-Nov-2012","8795","Million USD","Normal",""
"Gold and Foreign Exchange Reserves of Pakistan","TS_GP_EXT_PAKRES_M.Z00020","FX Reserves with SBP","31-Oct-2012","9830","Million USD","Normal",""
"Gold and Foreign Exchange Reserves of Pakistan","TS_GP_EXT_PAKRES_M.Z00020","FX Reserves with SBP","30-Sep-2012","10410","Million USD","Normal",""
"Gold and Foreign Exchange Reserves of Pakistan","TS_GP_EXT_PAKRES_M.Z00020","FX Reserves with SBP","31-Aug-2012","10443","Million USD","Normal",""
"Gold and Foreign Exchange Reserves of Pakistan","TS_GP_EXT_PAKRES_M.Z00020","FX Reserves with SBP","31-Jul-2012","10196","Million USD","Normal",""
"Gold and Foreign Exchange Reserves of Pakistan","TS_GP_EXT_PAKRES_M.Z00020","FX Reserves with SBP","30-Jun-2012","10856","Million USD","Normal",""
"Gold and Foreign Exchange Reserves of Pakistan","TS_GP_EXT_PAKRES_M.Z00020","FX Reserves with SBP","31-May-2012","11345","Million USD","Normal",""
"Gold and Foreign Exchange Reserves of Pakistan","TS_GP_EXT_PAKRES_M.Z00020","FX Reserves with SBP","30-Apr-2012","12206","Million USD","Normal",""
"Gold and Foreign Exchange Reserves of Pakistan","TS_GP_EXT_PAKRES_M.Z00020","FX Reserves with SBP","31-Mar-2012","12075","Million USD","Normal",""
"Gold and Foreign Exchange Reserves of Pakistan","TS_GP_EXT_PAKRES_M.Z00020","FX Reserves with SBP","29-Feb-2012","12208","Million USD","Normal",""
"Gold and Foreign Exchange Reserves of Pakistan","TS_GP_EXT_PAKRES_M.Z00020","FX Reserves with SBP","31-Jan-2012","12897","Million USD","Normal",""
"Gold and Foreign Exchange Reserves of Pakistan","TS_GP_EXT_PAKRES_M.Z00020","FX Reserves with SBP","31-Dec-2011","13478","Million USD","Normal",""
"Gold and Foreign Exchange Reserves of Pakistan","TS_GP_EXT_PAKRES_M.Z00020","FX Reserves with SBP","30-Nov-2011","13618","Million USD","Normal",""
"Gold and Foreign Exchange Reserves of Pakistan","TS_GP_EXT_PAKRES_M.Z00020","FX Reserves with SBP","31-Oct-2011","14141","Million USD","Normal",""
"Gold and Foreign Exchange Reserves of Pakistan","TS_GP_EXT_PAKRES_M.Z00020","FX Reserves with SBP","30-Sep-2011","14668","Million USD","Normal",""
"Gold and Foreign Exchange Reserves of Pakistan","TS_GP_EXT_PAKRES_M.Z00020","FX Reserves with SBP","31-Aug-2011","15624","Million USD","Normal",""
"Gold and Foreign Exchange Reserves of Pakistan","TS_GP_EXT_PAKRES_M.Z00020","FX Reserves with SBP","31-Jul-2011","15701","Million USD","Normal",""
"Gold and Foreign Exchange Reserves of Pakistan","TS_GP_EXT_PAKRES_M.Z00020","FX Reserves with SBP","30-Jun-2011","15662","Million USD","Normal",""
"Gold and Foreign Exchange Reserves of Pakistan","TS_GP_EXT_PAKRES_M.Z00020","FX Reserves with SBP","31-May-2011","14558","Million USD","Normal",""
"Gold and Foreign Exchange Reserves of Pakistan","TS_GP_EXT_PAKRES_M.Z00020","FX Reserves with SBP","30-Apr-2011","14539","Million USD","Normal",""
"Gold and Foreign Exchange Reserves of Pakistan","TS_GP_EXT_PAKRES_M.Z00020","FX Reserves with SBP","31-Mar-2011","15035","Million USD","Normal",""
"Gold and Foreign Exchange Reserves of Pakistan","TS_GP_EXT_PAKRES_M.Z00020","FX Reserves with SBP","28-Feb-2011","14731","Million USD","Normal",""
"Gold and Foreign Exchange Reserves of Pakistan","TS_GP_EXT_PAKRES_M.Z00020","FX Reserves with SBP","31-Jan-2011","14495","Million USD","Normal",""
"Gold and Foreign Exchange Reserves of Pakistan","TS_GP_EXT_PAKRES_M.Z00020","FX Reserves with SBP","31-Dec-2010","14126","Million USD","Normal",""
"Gold and Foreign Exchange Reserves of Pakistan","TS_GP_EXT_PAKRES_M.Z00020","FX Reserves with SBP","30-Nov-2010","13225","Million USD","Normal",""
"Gold and Foreign Exchange Reserves of Pakistan","TS_GP_EXT_PAKRES_M.Z00020","FX Reserves with SBP","31-Oct-2010","13467","Million USD","Normal",""
"Gold and Foreign Exchange Reserves of Pakistan","TS_GP_EXT_PAKRES_M.Z00020","FX Reserves with SBP","30-Sep-2010","13386","Million USD","Normal",""
"Gold and Foreign Exchange Reserves of Pakistan","TS_GP_EXT_PAKRES_M.Z00020","FX Reserves with SBP","31-Aug-2010","12391","Million USD","Normal",""
"Gold and Foreign Exchange Reserves of Pakistan","TS_GP_EXT_PAKRES_M.Z00020","FX Reserves with SBP","31-Jul-2010","12892","Million USD","Normal",""
"Gold and Foreign Exchange Reserves of Pakistan","TS_GP_EXT_PAKRES_M.Z00020","FX Reserves with SBP","30-Jun-2010","13112","Million USD","Normal",""
"Gold and Foreign Exchange Reserves of Pakistan","TS_GP_EXT_PAKRES_M.Z00020","FX Reserves with SBP","31-May-2010","12374","Million USD","Normal",""
"Gold and Foreign Exchange Reserves of Pakistan","TS_GP_EXT_PAKRES_M.Z00020","FX Reserves with SBP","30-Apr-2010","11364","Million USD","Normal",""
"Gold and Foreign Exchange Reserves of Pakistan","TS_GP_EXT_PAKRES_M.Z00020","FX Reserves with SBP","31-Mar-2010","11188","Million USD","Normal",""
"Gold and Foreign Exchange Reserves of Pakistan","TS_GP_EXT_PAKRES_M.Z00020","FX Reserves with SBP","28-Feb-2010","11225","Million USD","Normal",""
"Gold and Foreign Exchange Reserves of Pakistan","TS_GP_EXT_PAKRES_M.Z00020","FX Reserves with SBP","31-Jan-2010","11251","Million USD","Normal",""
"Gold and Foreign Exchange Reserves of Pakistan","TS_GP_EXT_PAKRES_M.Z00020","FX Reserves with SBP","31-Dec-2009","12055","Million USD","Normal",""
"Gold and Foreign Exchange Reserves of Pakistan","TS_GP_EXT_PAKRES_M.Z00020","FX Reserves with SBP","30-Nov-2009","10923","Million USD","Normal",""
"Gold and Foreign Exchange Reserves of Pakistan","TS_GP_EXT_PAKRES_M.Z00020","FX Reserves with SBP","31-Oct-2009","11324","Million USD","Normal",""
"Gold and Foreign Exchange Reserves of Pakistan","TS_GP_EXT_PAKRES_M.Z00020","FX Reserves with SBP","30-Sep-2009","11761","Million USD","Normal",""
"Gold and Foreign Exchange Reserves of Pakistan","TS_GP_EXT_PAKRES_M.Z00020","FX Reserves with SBP","31-Aug-2009","11151","Million USD","Normal",""
"Gold and Foreign Exchange Reserves of Pakistan","TS_GP_EXT_PAKRES_M.Z00020","FX Reserves with SBP","31-Jul-2009","8696","Million USD","Normal",""
"Gold and Foreign Exchange Reserves of Pakistan","TS_GP_EXT_PAKRES_M.Z00020","FX Reserves with SBP","30-Jun-2009","9527","Million USD","Normal",""
"Gold and Foreign Exchange Reserves of Pakistan","TS_GP_EXT_PAKRES_M.Z00020","FX Reserves with SBP","31-May-2009","8735","Million USD","Normal",""
"Gold and Foreign Exchange Reserves of Pakistan","TS_GP_EXT_PAKRES_M.Z00020","FX Reserves with SBP","30-Apr-2009","8312","Million USD","Normal",""
"Gold and Foreign Exchange Reserves of Pakistan","TS_GP_EXT_PAKRES_M.Z00020","FX Reserves with SBP","31-Mar-2009","7706","Million USD","Normal",""
"Gold and Foreign Exchange Reserves of Pakistan","TS_GP_EXT_PAKRES_M.Z00020","FX Reserves with SBP","28-Feb-2009","7167","Million USD","Normal",""
"Gold and Foreign Exchange Reserves of Pakistan","TS_GP_EXT_PAKRES_M.Z00020","FX Reserves with SBP","31-Jan-2009","7423","Million USD","Normal",""
"Gold and Foreign Exchange Reserves of Pakistan","TS_GP_EXT_PAKRES_M.Z00020","FX Reserves with SBP","31-Dec-2008","7107","Million USD","Normal",""
"Gold and Foreign Exchange Reserves of Pakistan","TS_GP_EXT_PAKRES_M.Z00020","FX Reserves with SBP","30-Nov-2008","6151","Million USD","Normal",""
"Gold and Foreign Exchange Reserves of Pakistan","TS_GP_EXT_PAKRES_M.Z00020","FX Reserves with SBP","31-Oct-2008","3615","Million USD","Normal",""
"Gold and Foreign Exchange Reserves of Pakistan","TS_GP_EXT_PAKRES_M.Z00020","FX Reserves with SBP","30-Sep-2008","5454","Million USD","Normal",""
"Gold and Foreign Exchange Reserves of Pakistan","TS_GP_EXT_PAKRES_M.Z00020","FX Reserves with SBP","31-Aug-2008","6357","Million USD","Normal",""
"Gold and Foreign Exchange Reserves of Pakistan","TS_GP_EXT_PAKRES_M.Z00020","FX Reserves with SBP","31-Jul-2008","7421","Million USD","Normal",""
"Gold and Foreign Exchange Reserves of Pakistan","TS_GP_EXT_PAKRES_M.Z00020","FX Reserves with SBP","30-Jun-2008","8745","Million USD","Normal",""
"Gold and Foreign Exchange Reserves of Pakistan","TS_GP_EXT_PAKRES_M.Z00020","FX Reserves with SBP","31-May-2008","8771","Million USD","Normal",""
"Gold and Foreign Exchange Reserves of Pakistan","TS_GP_EXT_PAKRES_M.Z00020","FX Reserves with SBP","30-Apr-2008","10099","Million USD","Normal",""
"Gold and Foreign Exchange Reserves of Pakistan","TS_GP_EXT_PAKRES_M.Z00020","FX Reserves with SBP","31-Mar-2008","11156","Million USD","Normal",""
"Gold and Foreign Exchange Reserves of Pakistan","TS_GP_EXT_PAKRES_M.Z00020","FX Reserves with SBP","29-Feb-2008","11951","Million USD","Normal",""
"Gold and Foreign Exchange Reserves of Pakistan","TS_GP_EXT_PAKRES_M.Z00020","FX Reserves with SBP","31-Jan-2008","12582","Million USD","Normal",""
"Gold and Foreign Exchange Reserves of Pakistan","TS_GP_EXT_PAKRES_M.Z00020","FX Reserves with SBP","31-Dec-2007","13430","Million USD","Normal",""
"Gold and Foreign Exchange Reserves of Pakistan","TS_GP_EXT_PAKRES_M.Z00020","FX Reserves with SBP","30-Nov-2007","13599","Million USD","Normal",""
"Gold and Foreign Exchange Reserves of Pakistan","TS_GP_EXT_PAKRES_M.Z00020","FX Reserves with SBP","31-Oct-2007","14607","Million USD","Normal",""
"Gold and Foreign Exchange Reserves of Pakistan","TS_GP_EXT_PAKRES_M.Z00020","FX Reserves with SBP","30-Sep-2007","14277","Million USD","Normal",""
"Gold and Foreign Exchange Reserves of Pakistan","TS_GP_EXT_PAKRES_M.Z00020","FX Reserves with SBP","31-Aug-2007","14165","Million USD","Normal",""
"Gold and Foreign Exchange Reserves of Pakistan","TS_GP_EXT_PAKRES_M.Z00020","FX Reserves with SBP","31-Jul-2007","13390","Million USD","Normal",""
"Gold and Foreign Exchange Reserves of Pakistan","TS_GP_EXT_PAKRES_M.Z00020","FX Reserves with SBP","30-Jun-2007","14333","Million USD","Normal",""
"Gold and Foreign Exchange Reserves of Pakistan","TS_GP_EXT_PAKRES_M.Z00020","FX Reserves with SBP","31-May-2007","11909","Million USD","Normal",""
"Gold and Foreign Exchange Reserves of Pakistan","TS_GP_EXT_PAKRES_M.Z00020","FX Reserves with SBP","30-Apr-2007","11643","Million USD","Normal",""
"Gold and Foreign Exchange Reserves of Pakistan","TS_GP_EXT_PAKRES_M.Z00020","FX Reserves with SBP","31-Mar-2007","11383","Million USD","Normal",""
"Gold and Foreign Exchange Reserves of Pakistan","TS_GP_EXT_PAKRES_M.Z00020","FX Reserves with SBP","28-Feb-2007","11110","Million USD","Normal",""
"Gold and Foreign Exchange Reserves of Pakistan","TS_GP_EXT_PAKRES_M.Z00020","FX Reserves with SBP","31-Jan-2007","10926","Million USD","Normal",""
"Gold and Foreign Exchange Reserves of Pakistan","TS_GP_EXT_PAKRES_M.Z00020","FX Reserves with SBP","31-Dec-2006","10712","Million USD","Normal",""
"Gold and Foreign Exchange Reserves of Pakistan","TS_GP_EXT_PAKRES_M.Z00020","FX Reserves with SBP","30-Nov-2006","10140","Million USD","Normal",""
"Gold and Foreign Exchange Reserves of Pakistan","TS_GP_EXT_PAKRES_M.Z00020","FX Reserves with SBP","31-Oct-2006","10339","Million USD","Normal",""
"Gold and Foreign Exchange Reserves of Pakistan","TS_GP_EXT_PAKRES_M.Z00020","FX Reserves with SBP","30-Sep-2006","10221","Million USD","Normal",""
"Gold and Foreign Exchange Reserves of Pakistan","TS_GP_EXT_PAKRES_M.Z00020","FX Reserves with SBP","31-Aug-2006","10349","Million USD","Normal",""
"Gold and Foreign Exchange Reserves of Pakistan","TS_GP_EXT_PAKRES_M.Z00020","FX Reserves with SBP","31-Jul-2006","10511","Million USD","Normal",""
"Gold and Foreign Exchange Reserves of Pakistan","TS_GP_EXT_PAKRES_M.Z00020","FX Reserves with SBP","30-Jun-2006","10836","Million USD","Normal",""
"Gold and Foreign Exchange Reserves of Pakistan","TS_GP_EXT_PAKRES_M.Z00020","FX Reserves with SBP","31-May-2006","10710","Million USD","Normal",""
"Gold and Foreign Exchange Reserves of Pakistan","TS_GP_EXT_PAKRES_M.Z00020","FX Reserves with SBP","30-Apr-2006","11222","Million USD","Normal",""
"Gold and Foreign Exchange Reserves of Pakistan","TS_GP_EXT_PAKRES_M.Z00020","FX Reserves with SBP","31-Mar-2006","10359","Million USD","Normal",""
"Gold and Foreign Exchange Reserves of Pakistan","TS_GP_EXT_PAKRES_M.Z00020","FX Reserves with SBP","28-Feb-2006","9275","Million USD","Normal",""
"Gold and Foreign Exchange Reserves of Pakistan","TS_GP_EXT_PAKRES_M.Z00020","FX Reserves with SBP","31-Jan-2006","9145","Million USD","Normal",""
"Gold and Foreign Exchange Reserves of Pakistan","TS_GP_EXT_PAKRES_M.Z00020","FX Reserves with SBP","31-Dec-2005","9287","Million USD","Normal",""
"Gold and Foreign Exchange Reserves of Pakistan","TS_GP_EXT_PAKRES_M.Z00020","FX Reserves with SBP","30-Nov-2005","8990","Million USD","Normal",""
"Gold and Foreign Exchange Reserves of Pakistan","TS_GP_EXT_PAKRES_M.Z00020","FX Reserves with SBP","31-Oct-2005","9293","Million USD","Normal",""
"Gold and Foreign Exchange Reserves of Pakistan","TS_GP_EXT_PAKRES_M.Z00020","FX Reserves with SBP","30-Sep-2005","9598","Million USD","Normal",""
"Gold and Foreign Exchange Reserves of Pakistan","TS_GP_EXT_PAKRES_M.Z00020","FX Reserves with SBP","31-Aug-2005","9489","Million USD","Normal",""
"Gold and Foreign Exchange Reserves of Pakistan","TS_GP_EXT_PAKRES_M.Z00020","FX Reserves with SBP","31-Jul-2005","9977","Million USD","Normal",""
"Gold and Foreign Exchange Reserves of Pakistan","TS_GP_EXT_PAKRES_M.Z00020","FX Reserves with SBP","30-Jun-2005","9805","Million USD","Normal",""
"Gold and Foreign Exchange Reserves of Pakistan","TS_GP_EXT_PAKRES_M.Z00020","FX Reserves with SBP","31-May-2005","9699","Million USD","Normal",""
"Gold and Foreign Exchange Reserves of Pakistan","TS_GP_EXT_PAKRES_M.Z00020","FX Reserves with SBP","30-Apr-2005","10235","Million USD","Normal",""
"Gold and Foreign Exchange Reserves of Pakistan","TS_GP_EXT_PAKRES_M.Z00020","FX Reserves with SBP","31-Mar-2005","10062","Million USD","Normal",""
"Gold and Foreign Exchange Reserves of Pakistan","TS_GP_EXT_PAKRES_M.Z00020","FX Reserves with SBP","28-Feb-2005","9849","Million USD","Normal",""
"Gold and Foreign Exchange Reserves of Pakistan","TS_GP_EXT_PAKRES_M.Z00020","FX Reserves with SBP","31-Jan-2005","9937","Million USD","Normal",""
"Gold and Foreign Exchange Reserves of Pakistan","TS_GP_EXT_PAKRES_M.Z00020","FX Reserves with SBP","31-Dec-2004","9182","Million USD","Normal",""
"Gold and Foreign Exchange Reserves of Pakistan","TS_GP_EXT_PAKRES_M.Z00020","FX Reserves with SBP","30-Nov-2004","9133","Million USD","Normal",""
"Gold and Foreign Exchange Reserves of Pakistan","TS_GP_EXT_PAKRES_M.Z00020","FX Reserves with SBP","31-Oct-2004","9775","Million USD","Normal",""
"Gold and Foreign Exchange Reserves of Pakistan","TS_GP_EXT_PAKRES_M.Z00020","FX Reserves with SBP","30-Sep-2004","10079","Million USD","Normal",""
"Gold and Foreign Exchange Reserves of Pakistan","TS_GP_EXT_PAKRES_M.Z00020","FX Reserves with SBP","31-Aug-2004","10003","Million USD","Normal",""
"Gold and Foreign Exchange Reserves of Pakistan","TS_GP_EXT_PAKRES_M.Z00020","FX Reserves with SBP","31-Jul-2004","10107","Million USD","Normal",""
"Gold and Foreign Exchange Reserves of Pakistan","TS_GP_EXT_PAKRES_M.Z00020","FX Reserves with SBP","30-Jun-2004","10564","Million USD","Normal",""
"Gold and Foreign Exchange Reserves of Pakistan","TS_GP_EXT_PAKRES_M.Z00020","FX Reserves with SBP","31-May-2004","10784","Million USD","Normal",""
"Gold and Foreign Exchange Reserves of Pakistan","TS_GP_EXT_PAKRES_M.Z00020","FX Reserves with SBP","30-Apr-2004","10897","Million USD","Normal",""
"Gold and Foreign Exchange Reserves of Pakistan","TS_GP_EXT_PAKRES_M.Z00020","FX Reserves with SBP","31-Mar-2004","10901","Million USD","Normal",""
"Gold and Foreign Exchange Reserves of Pakistan","TS_GP_EXT_PAKRES_M.Z00020","FX Reserves with SBP","29-Feb-2004","10820","Million USD","Normal",""
"Gold and Foreign Exchange Reserves of Pakistan","TS_GP_EXT_PAKRES_M.Z00020","FX Reserves with SBP","31-Jan-2004","10332","Million USD","Normal",""
"Gold and Foreign Exchange Reserves of Pakistan","TS_GP_EXT_PAKRES_M.Z00020","FX Reserves with SBP","31-Dec-2003","10525","Million USD","Normal",""
"Gold and Foreign Exchange Reserves of Pakistan","TS_GP_EXT_PAKRES_M.Z00020","FX Reserves with SBP","30-Nov-2003","10369","Million USD","Normal",""
"Gold and Foreign Exchange Reserves of Pakistan","TS_GP_EXT_PAKRES_M.Z00020","FX Reserves with SBP","31-Oct-2003","10044","Million USD","Normal",""
"Gold and Foreign Exchange Reserves of Pakistan","TS_GP_EXT_PAKRES_M.Z00020","FX Reserves with SBP","30-Sep-2003","10019","Million USD","Normal",""
"Gold and Foreign Exchange Reserves of Pakistan","TS_GP_EXT_PAKRES_M.Z00020","FX Reserves with SBP","31-Aug-2003","9833","Million USD","Normal",""
"Gold and Foreign Exchange Reserves of Pakistan","TS_GP_EXT_PAKRES_M.Z00020","FX Reserves with SBP","31-Jul-2003","9839","Million USD","Normal",""
"Gold and Foreign Exchange Reserves of Pakistan","TS_GP_EXT_PAKRES_M.Z00020","FX Reserves with SBP","30-Jun-2003","9529","Million USD","Normal",""
"Gold and Foreign Exchange Reserves of Pakistan","TS_GP_EXT_PAKRES_M.Z00020","FX Reserves with SBP","31-May-2003","9319","Million USD","Normal",""
"Gold and Foreign Exchange Reserves of Pakistan","TS_GP_EXT_PAKRES_M.Z00020","FX Reserves with SBP","30-Apr-2003","9161","Million USD","Normal",""
"Gold and Foreign Exchange Reserves of Pakistan","TS_GP_EXT_PAKRES_M.Z00020","FX Reserves with SBP","31-Mar-2003","9093","Million USD","Normal",""
"Gold and Foreign Exchange Reserves of Pakistan","TS_GP_EXT_PAKRES_M.Z00020","FX Reserves with SBP","28-Feb-2003","8449","Million USD","Normal",""
"Gold and Foreign Exchange Reserves of Pakistan","TS_GP_EXT_PAKRES_M.Z00020","FX Reserves with SBP","31-Jan-2003","8183","Million USD","Normal",""
"Gold and Foreign Exchange Reserves of Pakistan","TS_GP_EXT_PAKRES_M.Z00020","FX Reserves with SBP","31-Dec-2002","7654","Million USD","Normal",""
"Gold and Foreign Exchange Reserves of Pakistan","TS_GP_EXT_PAKRES_M.Z00020","FX Reserves with SBP","30-Nov-2002","6866","Million USD","Normal",""
"Gold and Foreign Exchange Reserves of Pakistan","TS_GP_EXT_PAKRES_M.Z00020","FX Reserves with SBP","31-Oct-2002","6376","Million USD","Normal",""
"Gold and Foreign Exchange Reserves of Pakistan","TS_GP_EXT_PAKRES_M.Z00020","FX Reserves with SBP","30-Sep-2002","5941","Million USD","Normal",""
"Gold and Foreign Exchange Reserves of Pakistan","TS_GP_EXT_PAKRES_M.Z00020","FX Reserves with SBP","31-Aug-2002","5323","Million USD","Normal",""
"Gold and Foreign Exchange Reserves of Pakistan","TS_GP_EXT_PAKRES_M.Z00020","FX Reserves with SBP","31-Jul-2002","4877","Million USD","Normal",""
"Gold and Foreign Exchange Reserves of Pakistan","TS_GP_EXT_PAKRES_M.Z00020","FX Reserves with SBP","30-Jun-2002","4337","Million USD","Normal",""
"Gold and Foreign Exchange Reserves of Pakistan","TS_GP_EXT_PAKRES_M.Z00020","FX Reserves with SBP","31-May-2002","3677","Million USD","Normal",""
"Gold and Foreign Exchange Reserves of Pakistan","TS_GP_EXT_PAKRES_M.Z00020","FX Reserves with SBP","30-Apr-2002","3517","Million USD","Normal",""
"Gold and Foreign Exchange Reserves of Pakistan","TS_GP_EXT_PAKRES_M.Z00020","FX Reserves with SBP","31-Mar-2002","3494","Million USD","Normal",""
"Gold and Foreign Exchange Reserves of Pakistan","TS_GP_EXT_PAKRES_M.Z00020","FX Reserves with SBP","28-Feb-2002","3379","Million USD","Normal",""
"Gold and Foreign Exchange Reserves of Pakistan","TS_GP_EXT_PAKRES_M.Z00020","FX Reserves with SBP","31-Jan-2002","3159","Million USD","Normal",""
"Gold and Foreign Exchange Reserves of Pakistan","TS_GP_EXT_PAKRES_M.Z00020","FX Reserves with SBP","31-Dec-2001","3113","Million USD","Normal",""
"Gold and Foreign Exchange Reserves of Pakistan","TS_GP_EXT_PAKRES_M.Z00020","FX Reserves with SBP","30-Nov-2001","2824","Million USD","Normal",""
"Gold and Foreign Exchange Reserves of Pakistan","TS_GP_EXT_PAKRES_M.Z00020","FX Reserves with SBP","31-Oct-2001","1995","Million USD","Normal",""
"Gold and Foreign Exchange Reserves of Pakistan","TS_GP_EXT_PAKRES_M.Z00020","FX Reserves with SBP","30-Sep-2001","1724","Million USD","Normal",""
"Gold and Foreign Exchange Reserves of Pakistan","TS_GP_EXT_PAKRES_M.Z00020","FX Reserves with SBP","31-Aug-2001","1755","Million USD","Normal",""
"Gold and Foreign Exchange Reserves of Pakistan","TS_GP_EXT_PAKRES_M.Z00020","FX Reserves with SBP","31-Jul-2001","1712","Million USD","Normal",""
"Gold and Foreign Exchange Reserves of Pakistan","TS_GP_EXT_PAKRES_M.Z00020","FX Reserves with SBP","30-Jun-2001","1689","Million USD","Normal",""
"Gold and Foreign Exchange Reserves of Pakistan","TS_GP_EXT_PAKRES_M.Z00020","FX Reserves with SBP","31-May-2001","955","Million USD","Normal",""
"Gold and Foreign Exchange Reserves of Pakistan","TS_GP_EXT_PAKRES_M.Z00020","FX Reserves with SBP","30-Apr-2001","669","Million USD","Normal",""
"Gold and Foreign Exchange Reserves of Pakistan","TS_GP_EXT_PAKRES_M.Z00020","FX Reserves with SBP","31-Mar-2001","891","Million USD","Normal",""
"Gold and Foreign Exchange Reserves of Pakistan","TS_GP_EXT_PAKRES_M.Z00020","FX Reserves with SBP","28-Feb-2001","576","Million USD","Normal",""
"Gold and Foreign Exchange Reserves of Pakistan","TS_GP_EXT_PAKRES_M.Z00020","FX Reserves with SBP","31-Jan-2001","554","Million USD","Normal",""
"Gold and Foreign Exchange Reserves of Pakistan","TS_GP_EXT_PAKRES_M.Z00020","FX Reserves with SBP","31-Dec-2000","1020","Million USD","Normal",""
"Gold and Foreign Exchange Reserves of Pakistan","TS_GP_EXT_PAKRES_M.Z00020","FX Reserves with SBP","30-Nov-2000","861","Million USD","Normal",""
"Gold and Foreign Exchange Reserves of Pakistan","TS_GP_EXT_PAKRES_M.Z00020","FX Reserves with SBP","31-Oct-2000","655","Million USD","Normal",""
"Gold and Foreign Exchange Reserves of Pakistan","TS_GP_EXT_PAKRES_M.Z00020","FX Reserves with SBP","30-Sep-2000","595","Million USD","Normal",""
"Gold and Foreign Exchange Reserves of Pakistan","TS_GP_EXT_PAKRES_M.Z00020","FX Reserves with SBP","31-Aug-2000","744","Million USD","Normal",""
"Gold and Foreign Exchange Reserves of Pakistan","TS_GP_EXT_PAKRES_M.Z00020","FX Reserves with SBP","31-Jul-2000","663","Million USD","Normal",""
"Gold and Foreign Exchange Reserves of Pakistan","TS_GP_EXT_PAKRES_M.Z00020","FX Reserves with SBP","30-Jun-2000","997","Million USD","Normal",""
"Gold and Foreign Exchange Reserves of Pakistan","TS_GP_EXT_PAKRES_M.Z00020","FX Reserves with SBP","31-May-2000","955","Million USD","Normal",""
"Gold and Foreign Exchange Reserves of Pakistan","TS_GP_EXT_PAKRES_M.Z00020","FX Reserves with SBP","30-Apr-2000","1094","Million USD","Normal",""
"Gold and Foreign Exchange Reserves of Pakistan","TS_GP_EXT_PAKRES_M.Z00020","FX Reserves with SBP","31-Mar-2000","1186","Million USD","Normal",""
"Gold and Foreign Exchange Reserves of Pakistan","TS_GP_EXT_PAKRES_M.Z00020","FX Reserves with SBP","29-Feb-2000","1215","Million USD","Normal",""
"Gold and Foreign Exchange Reserves of Pakistan","TS_GP_EXT_PAKRES_M.Z00020","FX Reserves with SBP","31-Jan-2000","1252","Million USD","Normal",""
"Gold and Foreign Exchange Reserves of Pakistan","TS_GP_EXT_PAKRES_M.Z00020","FX Reserves with SBP","31-Dec-1999","1307","Million USD","Normal",""
"Gold and Foreign Exchange Reserves of Pakistan","TS_GP_EXT_PAKRES_M.Z00020","FX Reserves with SBP","30-Nov-1999","1352","Million USD","Normal",""
"Gold and Foreign Exchange Reserves of Pakistan","TS_GP_EXT_PAKRES_M.Z00020","FX Reserves with SBP","31-Oct-1999","1351","Million USD","Normal",""
"Gold and Foreign Exchange Reserves of Pakistan","TS_GP_EXT_PAKRES_M.Z00020","FX Reserves with SBP","30-Sep-1999","1355","Million USD","Normal",""
"Gold and Foreign Exchange Reserves of Pakistan","TS_GP_EXT_PAKRES_M.Z00020","FX Reserves with SBP","31-Aug-1999","1429","Million USD","Normal",""
"Gold and Foreign Exchange Reserves of Pakistan","TS_GP_EXT_PAKRES_M.Z00020","FX Reserves with SBP","31-Jul-1999","1445","Million USD","Normal",""
"Gold and Foreign Exchange Reserves of Pakistan","TS_GP_EXT_PAKRES_M.Z00020","FX Reserves with SBP","30-Jun-1999","1673","Million USD","Normal",""
"Gold and Foreign Exchange Reserves of Pakistan","TS_GP_EXT_PAKRES_M.Z00020","FX Reserves with SBP","31-May-1999","1708","Million USD","Normal",""
"Gold and Foreign Exchange Reserves of Pakistan","TS_GP_EXT_PAKRES_M.Z00020","FX Reserves with SBP","30-Apr-1999","1839","Million USD","Normal",""
"Gold and Foreign Exchange Reserves of Pakistan","TS_GP_EXT_PAKRES_M.Z00020","FX Reserves with SBP","31-Mar-1999","1887","Million USD","Normal",""
"Gold and Foreign Exchange Reserves of Pakistan","TS_GP_EXT_PAKRES_M.Z00020","FX Reserves with SBP","28-Feb-1999","1728","Million USD","Normal",""
"Gold and Foreign Exchange Reserves of Pakistan","TS_GP_EXT_PAKRES_M.Z00020","FX Reserves with SBP","31-Jan-1999","1620","Million USD","Normal",""
"Gold and Foreign Exchange Reserves of Pakistan","TS_GP_EXT_PAKRES_M.Z00020","FX Reserves with SBP","31-Dec-1998","1061","Million USD","Normal",""
"Gold and Foreign Exchange Reserves of Pakistan","TS_GP_EXT_PAKRES_M.Z00020","FX Reserves with SBP","30-Nov-1998","487","Million USD","Normal",""
"Gold and Foreign Exchange Reserves of Pakistan","TS_GP_EXT_PAKRES_M.Z00020","FX Reserves with SBP","31-Oct-1998","475","Million USD","Normal",""
"Gold and Foreign Exchange Reserves of Pakistan","TS_GP_EXT_PAKRES_M.Z00020","FX Reserves with SBP","30-Sep-1998","665","Million USD","Normal",""
"Gold and Foreign Exchange Reserves of Pakistan","TS_GP_EXT_PAKRES_M.Z00020","FX Reserves with SBP","31-Aug-1998","796","Million USD","Normal",""
"Gold and Foreign Exchange Reserves of Pakistan","TS_GP_EXT_PAKRES_M.Z00020","FX Reserves with SBP","31-Jul-1998","545","Million USD","Normal",""
"Gold and Foreign Exchange Reserves of Pakistan","TS_GP_EXT_PAKRES_M.Z00020","FX Reserves with SBP","30-Jun-1998","935","Million USD","Normal",""
"Gold and Foreign Exchange Reserves of Pakistan","TS_GP_EXT_PAKRES_M.Z00020","FX Reserves with SBP","31-May-1998","1280","Million USD","Normal",""
"Gold and Foreign Exchange Reserves of Pakistan","TS_GP_EXT_PAKRES_M.Z00020","FX Reserves with SBP","30-Apr-1998","1367","Million USD","Normal",""
"Gold and Foreign Exchange Reserves of Pakistan","TS_GP_EXT_PAKRES_M.Z00020","FX Reserves with SBP","31-Mar-1998","1330","Million USD","Normal",""
"Gold and Foreign Exchange Reserves of Pakistan","TS_GP_EXT_PAKRES_M.Z00020","FX Reserves with SBP","28-Feb-1998","1144","Million USD","Normal",""
"Gold and Foreign Exchange Reserves of Pakistan","TS_GP_EXT_PAKRES_M.Z00020","FX Reserves with SBP","31-Jan-1998","1152","Million USD","Normal",""
"Gold and Foreign Exchange Reserves of Pakistan","TS_GP_EXT_PAKRES_M.Z00020","FX Reserves with SBP","31-Dec-1997","1470","Million USD","Normal",""
"Gold and Foreign Exchange Reserves of Pakistan","TS_GP_EXT_PAKRES_M.Z00020","FX Reserves with SBP","30-Nov-1997","1328","Million USD","Normal",""
"Gold and Foreign Exchange Reserves of Pakistan","TS_GP_EXT_PAKRES_M.Z00020","FX Reserves with SBP","31-Oct-1997","1524","Million USD","Normal",""
"Gold and Foreign Exchange Reserves of Pakistan","TS_GP_EXT_PAKRES_M.Z00020","FX Reserves with SBP","30-Sep-1997","1280","Million USD","Normal",""
"Gold and Foreign Exchange Reserves of Pakistan","TS_GP_EXT_PAKRES_M.Z00020","FX Reserves with SBP","31-Aug-1997","1486","Million USD","Normal",""
"Gold and Foreign Exchange Reserves of Pakistan","TS_GP_EXT_PAKRES_M.Z00020","FX Reserves with SBP","31-Jul-1997","1308","Million USD","Normal",""
"Gold and Foreign Exchange Reserves of Pakistan","TS_GP_EXT_PAKRES_M.Z00020","FX Reserves with SBP","30-Jun-1997","1143","Million USD","Normal",""
"Gold and Foreign Exchange Reserves of Pakistan","TS_GP_EXT_PAKRES_M.Z00020","FX Reserves with SBP","31-May-1997","1080","Million USD","Normal",""
"Gold and Foreign Exchange Reserves of Pakistan","TS_GP_EXT_PAKRES_M.Z00020","FX Reserves with SBP","30-Apr-1997","835","Million USD","Normal",""
"Gold and Foreign Exchange Reserves of Pakistan","TS_GP_EXT_PAKRES_M.Z00020","FX Reserves with SBP","31-Mar-1997","912","Million USD","Normal",""
"Gold and Foreign Exchange Reserves of Pakistan","TS_GP_EXT_PAKRES_M.Z00020","FX Reserves with SBP","28-Feb-1997","1009","Million USD","Normal",""
"Gold and Foreign Exchange Reserves of Pakistan","TS_GP_EXT_PAKRES_M.Z00020","FX Reserves with SBP","31-Jan-1997","684","Million USD","Normal",""
"Gold and Foreign Exchange Reserves of Pakistan","TS_GP_EXT_PAKRES_M.Z00020","FX Reserves with SBP","31-Dec-1996","838","Million USD","Normal",""
"Gold and Foreign Exchange Reserves of Pakistan","TS_GP_EXT_PAKRES_M.Z00020","FX Reserves with SBP","30-Nov-1996","741","Million USD","Normal",""
"Gold and Foreign Exchange Reserves of Pakistan","TS_GP_EXT_PAKRES_M.Z00020","FX Reserves with SBP","31-Oct-1996","597","Million USD","Normal",""
"Gold and Foreign Exchange Reserves of Pakistan","TS_GP_EXT_PAKRES_M.Z00020","FX Reserves with SBP","30-Sep-1996","974","Million USD","Normal",""
"Gold and Foreign Exchange Reserves of Pakistan","TS_GP_EXT_PAKRES_M.Z00020","FX Reserves with SBP","31-Aug-1996","1590","Million USD","Normal",""
"Gold and Foreign Exchange Reserves of Pakistan","TS_GP_EXT_PAKRES_M.Z00020","FX Reserves with SBP","31-Jul-1996","1684","Million USD","Normal",""
"Gold and Foreign Exchange Reserves of Pakistan","TS_GP_EXT_PAKRES_M.Z00020","FX Reserves with SBP","30-Jun-1996","2055","Million USD","Normal",""
"Gold and Foreign Exchange Reserves of Pakistan","TS_GP_EXT_PAKRES_M.Z00020","FX Reserves with SBP","31-May-1996","1446","Million USD","Normal",""
"Gold and Foreign Exchange Reserves of Pakistan","TS_GP_EXT_PAKRES_M.Z00020","FX Reserves with SBP","30-Apr-1996","1569","Million USD","Normal",""
"Gold and Foreign Exchange Reserves of Pakistan","TS_GP_EXT_PAKRES_M.Z00020","FX Reserves with SBP","31-Mar-1996","1804","Million USD","Normal",""
"Gold and Foreign Exchange Reserves of Pakistan","TS_GP_EXT_PAKRES_M.Z00020","FX Reserves with SBP","29-Feb-1996","1370","Million USD","Normal",""
"Gold and Foreign Exchange Reserves of Pakistan","TS_GP_EXT_PAKRES_M.Z00020","FX Reserves with SBP","31-Jan-1996","1577","Million USD","Normal",""
"Gold and Foreign Exchange Reserves of Pakistan","TS_GP_EXT_PAKRES_M.Z00020","FX Reserves with SBP","31-Dec-1995","1795","Million USD","Normal",""
"Gold and Foreign Exchange Reserves of Pakistan","TS_GP_EXT_PAKRES_M.Z00020","FX Reserves with SBP","30-Nov-1995","1142","Million USD","Normal",""
"Gold and Foreign Exchange Reserves of Pakistan","TS_GP_EXT_PAKRES_M.Z00020","FX Reserves with SBP","31-Oct-1995","1303","Million USD","Normal",""
"Gold and Foreign Exchange Reserves of Pakistan","TS_GP_EXT_PAKRES_M.Z00020","FX Reserves with SBP","30-Sep-1995","1600","Million USD","Normal",""
"Gold and Foreign Exchange Reserves of Pakistan","TS_GP_EXT_PAKRES_M.Z00020","FX Reserves with SBP","31-Aug-1995","2051","Million USD","Normal",""
"Gold and Foreign Exchange Reserves of Pakistan","TS_GP_EXT_PAKRES_M.Z00020","FX Reserves with SBP","31-Jul-1995","2090","Million USD","Normal",""
"Gold and Foreign Exchange Reserves of Pakistan","TS_GP_EXT_PAKRES_M.Z00020","FX Reserves with SBP","30-Jun-1995","2745","Million USD","Normal",""
"Gold and Foreign Exchange Reserves of Pakistan","TS_GP_EXT_PAKRES_M.Z00020","FX Reserves with SBP","31-May-1995","2960","Million USD","Normal",""
"Gold and Foreign Exchange Reserves of Pakistan","TS_GP_EXT_PAKRES_M.Z00020","FX Reserves with SBP","30-Apr-1995","2962","Million USD","Normal",""
"Gold and Foreign Exchange Reserves of Pakistan","TS_GP_EXT_PAKRES_M.Z00020","FX Reserves with SBP","31-Mar-1995","3054","Million USD","Normal",""
"Gold and Foreign Exchange Reserves of Pakistan","TS_GP_EXT_PAKRES_M.Z00020","FX Reserves with SBP","28-Feb-1995","3199","Million USD","Normal",""
"Gold and Foreign Exchange Reserves of Pakistan","TS_GP_EXT_PAKRES_M.Z00020","FX Reserves with SBP","31-Jan-1995","3163","Million USD","Normal",""
"Gold and Foreign Exchange Reserves of Pakistan","TS_GP_EXT_PAKRES_M.Z00020","FX Reserves with SBP","31-Dec-1994","3392","Million USD","Normal",""
"Gold and Foreign Exchange Reserves of Pakistan","TS_GP_EXT_PAKRES_M.Z00020","FX Reserves with SBP","30-Nov-1994","2932","Million USD","Normal",""
"Gold and Foreign Exchange Reserves of Pakistan","TS_GP_EXT_PAKRES_M.Z00020","FX Reserves with SBP","31-Oct-1994","3292","Million USD","Normal",""
"Gold and Foreign Exchange Reserves of Pakistan","TS_GP_EXT_PAKRES_M.Z00020","FX Reserves with SBP","30-Sep-1994","3562","Million USD","Normal",""
"Gold and Foreign Exchange Reserves of Pakistan","TS_GP_EXT_PAKRES_M.Z00020","FX Reserves with SBP","31-Aug-1994","2409","Million USD","Normal",""
"Gold and Foreign Exchange Reserves of Pakistan","TS_GP_EXT_PAKRES_M.Z00020","FX Reserves with SBP","31-Jul-1994","2487","Million USD","Normal",""
"Gold and Foreign Exchange Reserves of Pakistan","TS_GP_EXT_PAKRES_M.Z00020","FX Reserves with SBP","30-Jun-1994","2306","Million USD","Normal",""
"Gold and Foreign Exchange Reserves of Pakistan","TS_GP_EXT_PAKRES_M.Z00020","FX Reserves with SBP","31-May-1994","2125","Million USD","Normal",""
"Gold and Foreign Exchange Reserves of Pakistan","TS_GP_EXT_PAKRES_M.Z00020","FX Reserves with SBP","30-Apr-1994","1997","Million USD","Normal",""
"Gold and Foreign Exchange Reserves of Pakistan","TS_GP_EXT_PAKRES_M.Z00020","FX Reserves with SBP","31-Mar-1994","1935","Million USD","Normal",""
"Gold and Foreign Exchange Reserves of Pakistan","TS_GP_EXT_PAKRES_M.Z00020","FX Reserves with SBP","28-Feb-1994","1365","Million USD","Normal",""
"Gold and Foreign Exchange Reserves of Pakistan","TS_GP_EXT_PAKRES_M.Z00020","FX Reserves with SBP","31-Jan-1994","1220","Million USD","Normal",""
"Gold and Foreign Exchange Reserves of Pakistan","TS_GP_EXT_PAKRES_M.Z00020","FX Reserves with SBP","31-Dec-1993","1192","Million USD","Normal",""
"Gold and Foreign Exchange Reserves of Pakistan","TS_GP_EXT_PAKRES_M.Z00020","FX Reserves with SBP","30-Nov-1993","788","Million USD","Normal",""
"Gold and Foreign Exchange Reserves of Pakistan","TS_GP_EXT_PAKRES_M.Z00020","FX Reserves with SBP","31-Oct-1993","402","Million USD","Normal",""
"Gold and Foreign Exchange Reserves of Pakistan","TS_GP_EXT_PAKRES_M.Z00020","FX Reserves with SBP","30-Sep-1993","221","Million USD","Normal",""
"Gold and Foreign Exchange Reserves of Pakistan","TS_GP_EXT_PAKRES_M.Z00020","FX Reserves with SBP","31-Aug-1993","498","Million USD","Normal",""
"Gold and Foreign Exchange Reserves of Pakistan","TS_GP_EXT_PAKRES_M.Z00020","FX Reserves with SBP","31-Jul-1993","247","Million USD","Normal",""
"Gold and Foreign Exchange Reserves of Pakistan","TS_GP_EXT_PAKRES_M.Z00020","FX Reserves with SBP","30-Jun-1993","467","Million USD","Normal",""
"Gold and Foreign Exchange Reserves of Pakistan","TS_GP_EXT_PAKRES_M.Z00020","FX Reserves with SBP","31-May-1993","395","Million USD","Normal",""
"Gold and Foreign Exchange Reserves of Pakistan","TS_GP_EXT_PAKRES_M.Z00020","FX Reserves with SBP","30-Apr-1993","597","Million USD","Normal",""
"Gold and Foreign Exchange Reserves of Pakistan","TS_GP_EXT_PAKRES_M.Z00020","FX Reserves with SBP","31-Mar-1993","885","Million USD","Normal",""
"Gold and Foreign Exchange Reserves of Pakistan","TS_GP_EXT_PAKRES_M.Z00020","FX Reserves with SBP","28-Feb-1993","1059","Million USD","Normal",""
"Gold and Foreign Exchange Reserves of Pakistan","TS_GP_EXT_PAKRES_M.Z00020","FX Reserves with SBP","31-Jan-1993","981","Million USD","Normal",""
"Gold and Foreign Exchange Reserves of Pakistan","TS_GP_EXT_PAKRES_M.Z00020","FX Reserves with SBP","31-Dec-1992","844","Million USD","Normal",""
"Gold and Foreign Exchange Reserves of Pakistan","TS_GP_EXT_PAKRES_M.Z00020","FX Reserves with SBP","30-Nov-1992","694","Million USD","Normal",""
"Gold and Foreign Exchange Reserves of Pakistan","TS_GP_EXT_PAKRES_M.Z00020","FX Reserves with SBP","31-Oct-1992","814","Million USD","Normal",""
"Gold and Foreign Exchange Reserves of Pakistan","TS_GP_EXT_PAKRES_M.Z00020","FX Reserves with SBP","30-Sep-1992","969","Million USD","Normal",""
"Gold and Foreign Exchange Reserves of Pakistan","TS_GP_EXT_PAKRES_M.Z00020","FX Reserves with SBP","31-Aug-1992","1010","Million USD","Normal",""
"Gold and Foreign Exchange Reserves of Pakistan","TS_GP_EXT_PAKRES_M.Z00020","FX Reserves with SBP","31-Jul-1992","1015","Million USD","Normal",""
"Gold and Foreign Exchange Reserves of Pakistan","TS_GP_EXT_PAKRES_M.Z00020","FX Reserves with SBP","30-Jun-1992","1038","Million USD","Normal",""
"Gold and Foreign Exchange Reserves of Pakistan","TS_GP_EXT_PAKRES_M.Z00020","FX Reserves with SBP","31-May-1992","707","Million USD","Normal",""
"Gold and Foreign Exchange Reserves of Pakistan","TS_GP_EXT_PAKRES_M.Z00020","FX Reserves with SBP","30-Apr-1992","611","Million USD","Normal",""
"Gold and Foreign Exchange Reserves of Pakistan","TS_GP_EXT_PAKRES_M.Z00020","FX Reserves with SBP","31-Mar-1992","541","Million USD","Normal",""
"Gold and Foreign Exchange Reserves of Pakistan","TS_GP_EXT_PAKRES_M.Z00020","FX Reserves with SBP","29-Feb-1992","392","Million USD","Normal",""
"Gold and Foreign Exchange Reserves of Pakistan","TS_GP_EXT_PAKRES_M.Z00020","FX Reserves with SBP","31-Jan-1992","385","Million USD","Normal",""
"Gold and Foreign Exchange Reserves of Pakistan","TS_GP_EXT_PAKRES_M.Z00020","FX Reserves with SBP","31-Dec-1991","416","Million USD","Normal",""
"Gold and Foreign Exchange Reserves of Pakistan","TS_GP_EXT_PAKRES_M.Z00020","FX Reserves with SBP","30-Nov-1991","287","Million USD","Normal",""
"Gold and Foreign Exchange Reserves of Pakistan","TS_GP_EXT_PAKRES_M.Z00020","FX Reserves with SBP","31-Oct-1991","348","Million USD","Normal",""
"Gold and Foreign Exchange Reserves of Pakistan","TS_GP_EXT_PAKRES_M.Z00020","FX Reserves with SBP","30-Sep-1991","406","Million USD","Normal",""
"Gold and Foreign Exchange Reserves of Pakistan","TS_GP_EXT_PAKRES_M.Z00020","FX Reserves with SBP","31-Aug-1991","526","Million USD","Normal",""
"Gold and Foreign Exchange Reserves of Pakistan","TS_GP_EXT_PAKRES_M.Z00020","FX Reserves with SBP","31-Jul-1991","513","Million USD","Normal",""
"Gold and Foreign Exchange Reserves of Pakistan","TS_GP_EXT_PAKRES_M.Z00020","FX Reserves with SBP","30-Jun-1991","572","Million USD","Normal",""
"Gold and Foreign Exchange Reserves of Pakistan","TS_GP_EXT_PAKRES_M.Z00020","FX Reserves with SBP","31-May-1991","429","Million USD","Normal",""
"Gold and Foreign Exchange Reserves of Pakistan","TS_GP_EXT_PAKRES_M.Z00020","FX Reserves with SBP","30-Apr-1991","245","Million USD","Normal",""
"Gold and Foreign Exchange Reserves of Pakistan","TS_GP_EXT_PAKRES_M.Z00020","FX Reserves with SBP","31-Mar-1991","177","Million USD","Normal",""
"Gold and Foreign Exchange Reserves of Pakistan","TS_GP_EXT_PAKRES_M.Z00020","FX Reserves with SBP","28-Feb-1991","279","Million USD","Normal",""
"Gold and Foreign Exchange Reserves of Pakistan","TS_GP_EXT_PAKRES_M.Z00020","FX Reserves with SBP","31-Jan-1991","223","Million USD","Normal",""
"Gold and Foreign Exchange Reserves of Pakistan","TS_GP_EXT_PAKRES_M.Z00020","FX Reserves with SBP","31-Dec-1990","193","Million USD","Normal",""
"Gold and Foreign Exchange Reserves of Pakistan","TS_GP_EXT_PAKRES_M.Z00020","FX Reserves with SBP","30-Nov-1990","117","Million USD","Normal",""
"Gold and Foreign Exchange Reserves of Pakistan","TS_GP_EXT_PAKRES_M.Z00020","FX Reserves with SBP","31-Oct-1990","217","Million USD","Normal",""
"Gold and Foreign Exchange Reserves of Pakistan","TS_GP_EXT_PAKRES_M.Z00020","FX Reserves with SBP","30-Sep-1990","410","Million USD","Normal",""
"Gold and Foreign Exchange Reserves of Pakistan","TS_GP_EXT_PAKRES_M.Z00020","FX Reserves with SBP","31-Aug-1990","492","Million USD","Normal",""
"Gold and Foreign Exchange Reserves of Pakistan","TS_GP_EXT_PAKRES_M.Z00020","FX Reserves with SBP","31-Jul-1990","478","Million USD","Normal",""
"Gold and Foreign Exchange Reserves of Pakistan","TS_GP_EXT_PAKRES_M.Z00020","FX Reserves with SBP","30-Jun-1990","622","Million USD","Normal",""
"Gold and Foreign Exchange Reserves of Pakistan","TS_GP_EXT_PAKRES_M.Z00020","FX Reserves with SBP","31-May-1990","444","Million USD","Normal",""
"Gold and Foreign Exchange Reserves of Pakistan","TS_GP_EXT_PAKRES_M.Z00020","FX Reserves with SBP","30-Apr-1990","500","Million USD","Normal",""
"Gold and Foreign Exchange Reserves of Pakistan","TS_GP_EXT_PAKRES_M.Z00020","FX Reserves with SBP","31-Mar-1990","579","Million USD","Normal",""
"Gold and Foreign Exchange Reserves of Pakistan","TS_GP_EXT_PAKRES_M.Z00020","FX Reserves with SBP","28-Feb-1990","492","Million USD","Normal",""
"Gold and Foreign Exchange Reserves of Pakistan","TS_GP_EXT_PAKRES_M.Z00020","FX Reserves with SBP","31-Jan-1990","545","Million USD","Normal",""
"Gold and Foreign Exchange Reserves of Pakistan","TS_GP_EXT_PAKRES_M.Z00020","FX Reserves with SBP","31-Dec-1989","641","Million USD","Normal",""
"Gold and Foreign Exchange Reserves of Pakistan","TS_GP_EXT_PAKRES_M.Z00020","FX Reserves with SBP","30-Nov-1989","291","Million USD","Normal",""
"Gold and Foreign Exchange Reserves of Pakistan","TS_GP_EXT_PAKRES_M.Z00020","FX Reserves with SBP","31-Oct-1989","348","Million USD","Normal",""
"Gold and Foreign Exchange Reserves of Pakistan","TS_GP_EXT_PAKRES_M.Z00020","FX Reserves with SBP","30-Sep-1989","396","Million USD","Normal",""
"Gold and Foreign Exchange Reserves of Pakistan","TS_GP_EXT_PAKRES_M.Z00020","FX Reserves with SBP","31-Aug-1989","486","Million USD","Normal",""
"Gold and Foreign Exchange Reserves of Pakistan","TS_GP_EXT_PAKRES_M.Z00020","FX Reserves with SBP","31-Jul-1989","536","Million USD","Normal",""
"Gold and Foreign Exchange Reserves of Pakistan","TS_GP_EXT_PAKRES_M.Z00020","FX Reserves with SBP","30-Jun-1989","459","Million USD","Normal",""
"Gold and Foreign Exchange Reserves of Pakistan","TS_GP_EXT_PAKRES_M.Z00020","FX Reserves with SBP","31-May-1989","553","Million USD","Normal",""
"Gold and Foreign Exchange Reserves of Pakistan","TS_GP_EXT_PAKRES_M.Z00020","FX Reserves with SBP","30-Apr-1989","681","Million USD","Normal",""
"Gold and Foreign Exchange Reserves of Pakistan","TS_GP_EXT_PAKRES_M.Z00020","FX Reserves with SBP","31-Mar-1989","598","Million USD","Normal",""
"Gold and Foreign Exchange Reserves of Pakistan","TS_GP_EXT_PAKRES_M.Z00020","FX Reserves with SBP","28-Feb-1989","446","Million USD","Normal",""
"Gold and Foreign Exchange Reserves of Pakistan","TS_GP_EXT_PAKRES_M.Z00020","FX Reserves with SBP","31-Jan-1989","638","Million USD","Normal",""
"Gold and Foreign Exchange Reserves of Pakistan","TS_GP_EXT_PAKRES_M.Z00020","FX Reserves with SBP","31-Dec-1988","425","Million USD","Normal",""
"Gold and Foreign Exchange Reserves of Pakistan","TS_GP_EXT_PAKRES_M.Z00020","FX Reserves with SBP","30-Nov-1988","290","Million USD","Normal",""
"Gold and Foreign Exchange Reserves of Pakistan","TS_GP_EXT_PAKRES_M.Z00020","FX Reserves with SBP","31-Oct-1988","486","Million USD","Normal",""
"Gold and Foreign Exchange Reserves of Pakistan","TS_GP_EXT_PAKRES_M.Z00020","FX Reserves with SBP","30-Sep-1988","361","Million USD","Normal",""
"Gold and Foreign Exchange Reserves of Pakistan","TS_GP_EXT_PAKRES_M.Z00020","FX Reserves with SBP","31-Aug-1988","408","Million USD","Normal",""
"Gold and Foreign Exchange Reserves of Pakistan","TS_GP_EXT_PAKRES_M.Z00020","FX Reserves with SBP","31-Jul-1988","349","Million USD","Normal",""
"Gold and Foreign Exchange Reserves of Pakistan","TS_GP_EXT_PAKRES_M.Z00020","FX Reserves with SBP","30-Jun-1988","438","Million USD","Normal",""
"Gold and Foreign Exchange Reserves of Pakistan","TS_GP_EXT_PAKRES_M.Z00020","FX Reserves with SBP","31-May-1988","588","Million USD","Normal",""
"Gold and Foreign Exchange Reserves of Pakistan","TS_GP_EXT_PAKRES_M.Z00020","FX Reserves with SBP","30-Apr-1988","653","Million USD","Normal",""
"Gold and Foreign Exchange Reserves of Pakistan","TS_GP_EXT_PAKRES_M.Z00020","FX Reserves with SBP","31-Mar-1988","556","Million USD","Normal",""
"Gold and Foreign Exchange Reserves of Pakistan","TS_GP_EXT_PAKRES_M.Z00020","FX Reserves with SBP","29-Feb-1988","514","Million USD","Normal",""
"Gold and Foreign Exchange Reserves of Pakistan","TS_GP_EXT_PAKRES_M.Z00020","FX Reserves with SBP","31-Jan-1988","507","Million USD","Normal",""
"Gold and Foreign Exchange Reserves of Pakistan","TS_GP_EXT_PAKRES_M.Z00020","FX Reserves with SBP","31-Dec-1987","501","Million USD","Normal",""
"Gold and Foreign Exchange Reserves of Pakistan","TS_GP_EXT_PAKRES_M.Z00020","FX Reserves with SBP","30-Nov-1987","588","Million USD","Normal",""
"Gold and Foreign Exchange Reserves of Pakistan","TS_GP_EXT_PAKRES_M.Z00020","FX Reserves with SBP","31-Oct-1987","647","Million USD","Normal",""
"Gold and Foreign Exchange Reserves of Pakistan","TS_GP_EXT_PAKRES_M.Z00020","FX Reserves with SBP","30-Sep-1987","384","Million USD","Normal",""
"Gold and Foreign Exchange Reserves of Pakistan","TS_GP_EXT_PAKRES_M.Z00020","FX Reserves with SBP","31-Aug-1987","507","Million USD","Normal",""
"Gold and Foreign Exchange Reserves of Pakistan","TS_GP_EXT_PAKRES_M.Z00020","FX Reserves with SBP","31-Jul-1987","721","Million USD","Normal",""
"Gold and Foreign Exchange Reserves of Pakistan","TS_GP_EXT_PAKRES_M.Z00020","FX Reserves with SBP","30-Jun-1987","870","Million USD","Normal",""
"Gold and Foreign Exchange Reserves of Pakistan","TS_GP_EXT_PAKRES_M.Z00020","FX Reserves with SBP","31-May-1987","899","Million USD","Normal",""
"Gold and Foreign Exchange Reserves of Pakistan","TS_GP_EXT_PAKRES_M.Z00020","FX Reserves with SBP","30-Apr-1987","925","Million USD","Normal",""
"Gold and Foreign Exchange Reserves of Pakistan","TS_GP_EXT_PAKRES_M.Z00020","FX Reserves with SBP","31-Mar-1987","755","Million USD","Normal",""
"Gold and Foreign Exchange Reserves of Pakistan","TS_GP_EXT_PAKRES_M.Z00020","FX Reserves with SBP","28-Feb-1987","665","Million USD","Normal",""
"Gold and Foreign Exchange Reserves of Pakistan","TS_GP_EXT_PAKRES_M.Z00020","FX Reserves with SBP","31-Jan-1987","702","Million USD","Normal",""
"Gold and Foreign Exchange Reserves of Pakistan","TS_GP_EXT_PAKRES_M.Z00020","FX Reserves with SBP","31-Dec-1986","714","Million USD","Normal",""
"Gold and Foreign Exchange Reserves of Pakistan","TS_GP_EXT_PAKRES_M.Z00020","FX Reserves with SBP","30-Nov-1986","714","Million USD","Normal",""
"Gold and Foreign Exchange Reserves of Pakistan","TS_GP_EXT_PAKRES_M.Z00020","FX Reserves with SBP","31-Oct-1986","739","Million USD","Normal",""
"Gold and Foreign Exchange Reserves of Pakistan","TS_GP_EXT_PAKRES_M.Z00020","FX Reserves with SBP","30-Sep-1986","730","Million USD","Normal",""
"Gold and Foreign Exchange Reserves of Pakistan","TS_GP_EXT_PAKRES_M.Z00020","FX Reserves with SBP","31-Aug-1986","759","Million USD","Normal",""
"Gold and Foreign Exchange Reserves of Pakistan","TS_GP_EXT_PAKRES_M.Z00020","FX Reserves with SBP","31-Jul-1986","859","Million USD","Normal",""
"Gold and Foreign Exchange Reserves of Pakistan","TS_GP_EXT_PAKRES_M.Z00020","FX Reserves with SBP","30-Jun-1986","878","Million USD","Normal",""
"Gold and Foreign Exchange Reserves of Pakistan","TS_GP_EXT_PAKRES_M.Z00020","FX Reserves with SBP","31-May-1986","931","Million USD","Normal",""
"Gold and Foreign Exchange Reserves of Pakistan","TS_GP_EXT_PAKRES_M.Z00020","FX Reserves with SBP","30-Apr-1986","970","Million USD","Normal",""
"Gold and Foreign Exchange Reserves of Pakistan","TS_GP_EXT_PAKRES_M.Z00020","FX Reserves with SBP","31-Mar-1986","918","Million USD","Normal",""
"Gold and Foreign Exchange Reserves of Pakistan","TS_GP_EXT_PAKRES_M.Z00020","FX Reserves with SBP","28-Feb-1986","907","Million USD","Normal",""
"Gold and Foreign Exchange Reserves of Pakistan","TS_GP_EXT_PAKRES_M.Z00020","FX Reserves with SBP","31-Jan-1986","828","Million USD","Normal",""
"Gold and Foreign Exchange Reserves of Pakistan","TS_GP_EXT_PAKRES_M.Z00020","FX Reserves with SBP","31-Dec-1985","790","Million USD","Normal",""
"Gold and Foreign Exchange Reserves of Pakistan","TS_GP_EXT_PAKRES_M.Z00020","FX Reserves with SBP","30-Nov-1985","808","Million USD","Normal",""
"Gold and Foreign Exchange Reserves of Pakistan","TS_GP_EXT_PAKRES_M.Z00020","FX Reserves with SBP","31-Oct-1985","809","Million USD","Normal",""
"Gold and Foreign Exchange Reserves of Pakistan","TS_GP_EXT_PAKRES_M.Z00020","FX Reserves with SBP","30-Sep-1985","759","Million USD","Normal",""
"Gold and Foreign Exchange Reserves of Pakistan","TS_GP_EXT_PAKRES_M.Z00020","FX Reserves with SBP","31-Aug-1985","602","Million USD","Normal",""
"Gold and Foreign Exchange Reserves of Pakistan","TS_GP_EXT_PAKRES_M.Z00020","FX Reserves with SBP","31-Jul-1985","529","Million USD","Normal",""
"Gold and Foreign Exchange Reserves of Pakistan","TS_GP_EXT_PAKRES_M.Z00020","FX Reserves with SBP","30-Jun-1985","544","Million USD","Normal",""
"Gold and Foreign Exchange Reserves of Pakistan","TS_GP_EXT_PAKRES_M.Z00020","FX Reserves with SBP","31-May-1985","620","Million USD","Normal",""
"Gold and Foreign Exchange Reserves of Pakistan","TS_GP_EXT_PAKRES_M.Z00020","FX Reserves with SBP","30-Apr-1985","793","Million USD","Normal",""
"Gold and Foreign Exchange Reserves of Pakistan","TS_GP_EXT_PAKRES_M.Z00020","FX Reserves with SBP","31-Mar-1985","826","Million USD","Normal",""
"Gold and Foreign Exchange Reserves of Pakistan","TS_GP_EXT_PAKRES_M.Z00020","FX Reserves with SBP","28-Feb-1985","862","Million USD","Normal",""
"Gold and Foreign Exchange Reserves of Pakistan","TS_GP_EXT_PAKRES_M.Z00020","FX Reserves with SBP","31-Jan-1985","863","Million USD","Normal",""
"Gold and Foreign Exchange Reserves of Pakistan","TS_GP_EXT_PAKRES_M.Z00020","FX Reserves with SBP","31-Dec-1984","913","Million USD","Normal",""
"Gold and Foreign Exchange Reserves of Pakistan","TS_GP_EXT_PAKRES_M.Z00020","FX Reserves with SBP","30-Nov-1984","1021","Million USD","Normal",""
"Gold and Foreign Exchange Reserves of Pakistan","TS_GP_EXT_PAKRES_M.Z00020","FX Reserves with SBP","31-Oct-1984","892","Million USD","Normal",""
"Gold and Foreign Exchange Reserves of Pakistan","TS_GP_EXT_PAKRES_M.Z00020","FX Reserves with SBP","30-Sep-1984","964","Million USD","Normal",""
"Gold and Foreign Exchange Reserves of Pakistan","TS_GP_EXT_PAKRES_M.Z00020","FX Reserves with SBP","31-Aug-1984","1097","Million USD","Normal",""
"Gold and Foreign Exchange Reserves of Pakistan","TS_GP_EXT_PAKRES_M.Z00020","FX Reserves with SBP","31-Jul-1984","1317","Million USD","Normal",""
"Gold and Foreign Exchange Reserves of Pakistan","TS_GP_EXT_PAKRES_M.Z00020","FX Reserves with SBP","30-Jun-1984","1617","Million USD","Normal",""
"Gold and Foreign Exchange Reserves of Pakistan","TS_GP_EXT_PAKRES_M.Z00020","FX Reserves with SBP","31-May-1984","1711","Million USD","Normal",""
"Gold and Foreign Exchange Reserves of Pakistan","TS_GP_EXT_PAKRES_M.Z00020","FX Reserves with SBP","30-Apr-1984","1837","Million USD","Normal",""
"Gold and Foreign Exchange Reserves of Pakistan","TS_GP_EXT_PAKRES_M.Z00020","FX Reserves with SBP","31-Mar-1984","1785","Million USD","Normal",""
"Gold and Foreign Exchange Reserves of Pakistan","TS_GP_EXT_PAKRES_M.Z00020","FX Reserves with SBP","29-Feb-1984","1726","Million USD","Normal",""
"Gold and Foreign Exchange Reserves of Pakistan","TS_GP_EXT_PAKRES_M.Z00020","FX Reserves with SBP","31-Jan-1984","1790","Million USD","Normal",""
"Gold and Foreign Exchange Reserves of Pakistan","TS_GP_EXT_PAKRES_M.Z00020","FX Reserves with SBP","31-Dec-1983","1878","Million USD","Normal",""
"Gold and Foreign Exchange Reserves of Pakistan","TS_GP_EXT_PAKRES_M.Z00020","FX Reserves with SBP","30-Nov-1983","1797","Million USD","Normal",""
"Gold and Foreign Exchange Reserves of Pakistan","TS_GP_EXT_PAKRES_M.Z00020","FX Reserves with SBP","31-Oct-1983","1821","Million USD","Normal",""
"Gold and Foreign Exchange Reserves of Pakistan","TS_GP_EXT_PAKRES_M.Z00020","FX Reserves with SBP","30-Sep-1983","1794","Million USD","Normal",""
"Gold and Foreign Exchange Reserves of Pakistan","TS_GP_EXT_PAKRES_M.Z00020","FX Reserves with SBP","31-Aug-1983","1830","Million USD","Normal",""
"Gold and Foreign Exchange Reserves of Pakistan","TS_GP_EXT_PAKRES_M.Z00020","FX Reserves with SBP","31-Jul-1983","1642","Million USD","Normal",""
"Gold and Foreign Exchange Reserves of Pakistan","TS_GP_EXT_PAKRES_M.Z00020","FX Reserves with SBP","30-Jun-1983","1849","Million USD","Normal",""
"Gold and Foreign Exchange Reserves of Pakistan","TS_GP_EXT_PAKRES_M.Z00020","FX Reserves with SBP","31-May-1983","1787","Million USD","Normal",""
"Gold and Foreign Exchange Reserves of Pakistan","TS_GP_EXT_PAKRES_M.Z00020","FX Reserves with SBP","30-Apr-1983","1545","Million USD","Normal",""
"Gold and Foreign Exchange Reserves of Pakistan","TS_GP_EXT_PAKRES_M.Z00020","FX Reserves with SBP","31-Mar-1983","1406","Million USD","Normal",""
"Gold and Foreign Exchange Reserves of Pakistan","TS_GP_EXT_PAKRES_M.Z00020","FX Reserves with SBP","28-Feb-1983","1281","Million USD","Normal",""
"Gold and Foreign Exchange Reserves of Pakistan","TS_GP_EXT_PAKRES_M.Z00020","FX Reserves with SBP","31-Jan-1983","964","Million USD","Normal",""
"Gold and Foreign Exchange Reserves of Pakistan","TS_GP_EXT_PAKRES_M.Z00020","FX Reserves with SBP","31-Dec-1982","898","Million USD","Normal",""
"Gold and Foreign Exchange Reserves of Pakistan","TS_GP_EXT_PAKRES_M.Z00020","FX Reserves with SBP","30-Nov-1982","944","Million USD","Normal",""
"Gold and Foreign Exchange Reserves of Pakistan","TS_GP_EXT_PAKRES_M.Z00020","FX Reserves with SBP","31-Oct-1982","965","Million USD","Normal",""
"Gold and Foreign Exchange Reserves of Pakistan","TS_GP_EXT_PAKRES_M.Z00020","FX Reserves with SBP","30-Sep-1982","994","Million USD","Normal",""
"Gold and Foreign Exchange Reserves of Pakistan","TS_GP_EXT_PAKRES_M.Z00020","FX Reserves with SBP","31-Aug-1982","1029","Million USD","Normal",""
"Gold and Foreign Exchange Reserves of Pakistan","TS_GP_EXT_PAKRES_M.Z00020","FX Reserves with SBP","31-Jul-1982","999","Million USD","Normal",""
"Gold and Foreign Exchange Reserves of Pakistan","TS_GP_EXT_PAKRES_M.Z00020","FX Reserves with SBP","30-Jun-1982","807","Million USD","Normal",""
"Gold and Foreign Exchange Reserves of Pakistan","TS_GP_EXT_PAKRES_M.Z00020","FX Reserves with SBP","31-May-1982","792","Million USD","Normal",""
"Gold and Foreign Exchange Reserves of Pakistan","TS_GP_EXT_PAKRES_M.Z00020","FX Reserves with SBP","30-Apr-1982","731","Million USD","Normal",""
"Gold and Foreign Exchange Reserves of Pakistan","TS_GP_EXT_PAKRES_M.Z00020","FX Reserves with SBP","31-Mar-1982","739","Million USD","Normal",""
"Gold and Foreign Exchange Reserves of Pakistan","TS_GP_EXT_PAKRES_M.Z00020","FX Reserves with SBP","28-Feb-1982","707","Million USD","Normal",""
"Gold and Foreign Exchange Reserves of Pakistan","TS_GP_EXT_PAKRES_M.Z00020","FX Reserves with SBP","31-Jan-1982","650","Million USD","Normal",""
"Gold and Foreign Exchange Reserves of Pakistan","TS_GP_EXT_PAKRES_M.Z00020","FX Reserves with SBP","31-Dec-1981","720","Million USD","Normal",""
"Gold and Foreign Exchange Reserves of Pakistan","TS_GP_EXT_PAKRES_M.Z00020","FX Reserves with SBP","30-Nov-1981","678","Million USD","Normal",""
"Gold and Foreign Exchange Reserves of Pakistan","TS_GP_EXT_PAKRES_M.Z00020","FX Reserves with SBP","31-Oct-1981","708","Million USD","Normal",""
"Gold and Foreign Exchange Reserves of Pakistan","TS_GP_EXT_PAKRES_M.Z00020","FX Reserves with SBP","30-Sep-1981","795","Million USD","Normal",""
"Gold and Foreign Exchange Reserves of Pakistan","TS_GP_EXT_PAKRES_M.Z00020","FX Reserves with SBP","31-Aug-1981","829","Million USD","Normal",""
"Gold and Foreign Exchange Reserves of Pakistan","TS_GP_EXT_PAKRES_M.Z00020","FX Reserves with SBP","31-Jul-1981","899","Million USD","Normal",""
"Gold and Foreign Exchange Reserves of Pakistan","TS_GP_EXT_PAKRES_M.Z00020","FX Reserves with SBP","30-Jun-1981","1038","Million USD","Normal",""
"Gold and Foreign Exchange Reserves of Pakistan","TS_GP_EXT_PAKRES_M.Z00020","FX Reserves with SBP","31-May-1981","1004","Million USD","Normal",""
"Gold and Foreign Exchange Reserves of Pakistan","TS_GP_EXT_PAKRES_M.Z00020","FX Reserves with SBP","30-Apr-1981","1104","Million USD","Normal",""
"Gold and Foreign Exchange Reserves of Pakistan","TS_GP_EXT_PAKRES_M.Z00020","FX Reserves with SBP","31-Mar-1981","877","Million USD","Normal",""
"Gold and Foreign Exchange Reserves of Pakistan","TS_GP_EXT_PAKRES_M.Z00020","FX Reserves with SBP","28-Feb-1981","643","Million USD","Normal",""
"Gold and Foreign Exchange Reserves of Pakistan","TS_GP_EXT_PAKRES_M.Z00020","FX Reserves with SBP","31-Jan-1981","569","Million USD","Normal",""
"Gold and Foreign Exchange Reserves of Pakistan","TS_GP_EXT_PAKRES_M.Z00020","FX Reserves with SBP","31-Dec-1980","487","Million USD","Normal",""
"Gold and Foreign Exchange Reserves of Pakistan","TS_GP_EXT_PAKRES_M.Z00020","FX Reserves with SBP","30-Nov-1980","380","Million USD","Normal",""
"Gold and Foreign Exchange Reserves of Pakistan","TS_GP_EXT_PAKRES_M.Z00020","FX Reserves with SBP","31-Oct-1980","406","Million USD","Normal",""
"Gold and Foreign Exchange Reserves of Pakistan","TS_GP_EXT_PAKRES_M.Z00020","FX Reserves with SBP","30-Sep-1980","412","Million USD","Normal",""
"Gold and Foreign Exchange Reserves of Pakistan","TS_GP_EXT_PAKRES_M.Z00020","FX Reserves with SBP","31-Aug-1980","483","Million USD","Normal",""
"Gold and Foreign Exchange Reserves of Pakistan","TS_GP_EXT_PAKRES_M.Z00020","FX Reserves with SBP","31-Jul-1980","568","Million USD","Normal",""
"Gold and Foreign Exchange Reserves of Pakistan","TS_GP_EXT_PAKRES_M.Z00020","FX Reserves with SBP","30-Jun-1980","824","Million USD","Normal",""
"Gold and Foreign Exchange Reserves of Pakistan","TS_GP_EXT_PAKRES_M.Z00020","FX Reserves with SBP","31-May-1980","871","Million USD","Normal",""
"Gold and Foreign Exchange Reserves of Pakistan","TS_GP_EXT_PAKRES_M.Z00020","FX Reserves with SBP","30-Apr-1980","915","Million USD","Normal",""
"Gold and Foreign Exchange Reserves of Pakistan","TS_GP_EXT_PAKRES_M.Z00020","FX Reserves with SBP","31-Mar-1980","787","Million USD","Normal",""
"Gold and Foreign Exchange Reserves of Pakistan","TS_GP_EXT_PAKRES_M.Z00020","FX Reserves with SBP","29-Feb-1980","743","Million USD","Normal",""
"Gold and Foreign Exchange Reserves of Pakistan","TS_GP_EXT_PAKRES_M.Z00020","FX Reserves with SBP","31-Jan-1980","211","Million USD","Normal",""
"Gold and Foreign Exchange Reserves of Pakistan","TS_GP_EXT_PAKRES_M.Z00020","FX Reserves with SBP","31-Dec-1979","225","Million USD","Normal",""
"Gold and Foreign Exchange Reserves of Pakistan","TS_GP_EXT_PAKRES_M.Z00020","FX Reserves with SBP","30-Nov-1979","164","Million USD","Normal",""
"Gold and Foreign Exchange Reserves of Pakistan","TS_GP_EXT_PAKRES_M.Z00020","FX Reserves with SBP","31-Oct-1979","176","Million USD","Normal",""
"Gold and Foreign Exchange Reserves of Pakistan","TS_GP_EXT_PAKRES_M.Z00020","FX Reserves with SBP","30-Sep-1979","156","Million USD","Normal",""
"Gold and Foreign Exchange Reserves of Pakistan","TS_GP_EXT_PAKRES_M.Z00020","FX Reserves with SBP","31-Aug-1979","148","Million USD","Normal",""
"Gold and Foreign Exchange Reserves of Pakistan","TS_GP_EXT_PAKRES_M.Z00020","FX Reserves with SBP","31-Jul-1979","248","Million USD","Normal",""
"Gold and Foreign Exchange Reserves of Pakistan","TS_GP_EXT_PAKRES_M.Z00020","FX Reserves with SBP","30-Jun-1979","372","Million USD","Normal",""
"Gold and Foreign Exchange Reserves of Pakistan","TS_GP_EXT_PAKRES_M.Z00020","FX Reserves with SBP","31-May-1979","406","Million USD","Normal",""
"Gold and Foreign Exchange Reserves of Pakistan","TS_GP_EXT_PAKRES_M.Z00020","FX Reserves with SBP","30-Apr-1979","445","Million USD","Normal",""
"Gold and Foreign Exchange Reserves of Pakistan","TS_GP_EXT_PAKRES_M.Z00020","FX Reserves with SBP","31-Mar-1979","497","Million USD","Normal",""
"Gold and Foreign Exchange Reserves of Pakistan","TS_GP_EXT_PAKRES_M.Z00020","FX Reserves with SBP","28-Feb-1979","453","Million USD","Normal",""
"Gold and Foreign Exchange Reserves of Pakistan","TS_GP_EXT_PAKRES_M.Z00020","FX Reserves with SBP","31-Jan-1979","414","Million USD","Normal",""
"Gold and Foreign Exchange Reserves of Pakistan","TS_GP_EXT_PAKRES_M.Z00020","FX Reserves with SBP","31-Dec-1978","410","Million USD","Normal",""
"Gold and Foreign Exchange Reserves of Pakistan","TS_GP_EXT_PAKRES_M.Z00020","FX Reserves with SBP","30-Nov-1978","492","Million USD","Normal",""
"Gold and Foreign Exchange Reserves of Pakistan","TS_GP_EXT_PAKRES_M.Z00020","FX Reserves with SBP","31-Oct-1978","566","Million USD","Normal",""
"Gold and Foreign Exchange Reserves of Pakistan","TS_GP_EXT_PAKRES_M.Z00020","FX Reserves with SBP","30-Sep-1978","637","Million USD","Normal",""
"Gold and Foreign Exchange Reserves of Pakistan","TS_GP_EXT_PAKRES_M.Z00020","FX Reserves with SBP","31-Aug-1978","709","Million USD","Normal",""
"Gold and Foreign Exchange Reserves of Pakistan","TS_GP_EXT_PAKRES_M.Z00020","FX Reserves with SBP","31-Jul-1978","718","Million USD","Normal",""
"Gold and Foreign Exchange Reserves of Pakistan","TS_GP_EXT_PAKRES_M.Z00020","FX Reserves with SBP","30-Jun-1978","684","Million USD","Normal",""
"Gold and Foreign Exchange Reserves of Pakistan","TS_GP_EXT_PAKRES_M.Z00020","FX Reserves with SBP","31-May-1978","643","Million USD","Normal",""
"Gold and Foreign Exchange Reserves of Pakistan","TS_GP_EXT_PAKRES_M.Z00020","FX Reserves with SBP","30-Apr-1978","576","Million USD","Normal",""
"Gold and Foreign Exchange Reserves of Pakistan","TS_GP_EXT_PAKRES_M.Z00020","FX Reserves with SBP","31-Mar-1978","539","Million USD","Normal",""
"Gold and Foreign Exchange Reserves of Pakistan","TS_GP_EXT_PAKRES_M.Z00020","FX Reserves with SBP","28-Feb-1978","450","Million USD","Normal",""
"Gold and Foreign Exchange Reserves of Pakistan","TS_GP_EXT_PAKRES_M.Z00020","FX Reserves with SBP","31-Jan-1978","477","Million USD","Normal",""
"Gold and Foreign Exchange Reserves of Pakistan","TS_GP_EXT_PAKRES_M.Z00020","FX Reserves with SBP","31-Dec-1977","451","Million USD","Normal",""
"Gold and Foreign Exchange Reserves of Pakistan","TS_GP_EXT_PAKRES_M.Z00020","FX Reserves with SBP","30-Nov-1977","452","Million USD","Normal",""
"Gold and Foreign Exchange Reserves of Pakistan","TS_GP_EXT_PAKRES_M.Z00020","FX Reserves with SBP","31-Oct-1977","380","Million USD","Normal",""
"Gold and Foreign Exchange Reserves of Pakistan","TS_GP_EXT_PAKRES_M.Z00020","FX Reserves with SBP","30-Sep-1977","443","Million USD","Normal",""
"Gold and Foreign Exchange Reserves of Pakistan","TS_GP_EXT_PAKRES_M.Z00020","FX Reserves with SBP","31-Aug-1977","398","Million USD","Normal",""
"Gold and Foreign Exchange Reserves of Pakistan","TS_GP_EXT_PAKRES_M.Z00020","FX Reserves with SBP","31-Jul-1977","348","Million USD","Normal",""
"Gold and Foreign Exchange Reserves of Pakistan","TS_GP_EXT_PAKRES_M.Z00020","FX Reserves with SBP","30-Jun-1977","357","Million USD","Normal",""
"Gold and Foreign Exchange Reserves of Pakistan","TS_GP_EXT_PAKRES_M.Z00020","FX Reserves with SBP","31-May-1977","414","Million USD","Normal",""
"Gold and Foreign Exchange Reserves of Pakistan","TS_GP_EXT_PAKRES_M.Z00020","FX Reserves with SBP","30-Apr-1977","414","Million USD","Normal",""
"Gold and Foreign Exchange Reserves of Pakistan","TS_GP_EXT_PAKRES_M.Z00020","FX Reserves with SBP","31-Mar-1977","343","Million USD","Normal",""
"Gold and Foreign Exchange Reserves of Pakistan","TS_GP_EXT_PAKRES_M.Z00020","FX Reserves with SBP","28-Feb-1977","349","Million USD","Normal",""
"Gold and Foreign Exchange Reserves of Pakistan","TS_GP_EXT_PAKRES_M.Z00020","FX Reserves with SBP","31-Jan-1977","383","Million USD","Normal",""
"Gold and Foreign Exchange Reserves of Pakistan","TS_GP_EXT_PAKRES_M.Z00020","FX Reserves with SBP","31-Dec-1976","475","Million USD","Normal",""
"Gold and Foreign Exchange Reserves of Pakistan","TS_GP_EXT_PAKRES_M.Z00020","FX Reserves with SBP","30-Nov-1976","507","Million USD","Normal",""
"Gold and Foreign Exchange Reserves of Pakistan","TS_GP_EXT_PAKRES_M.Z00020","FX Reserves with SBP","31-Oct-1976","562","Million USD","Normal",""
"Gold and Foreign Exchange Reserves of Pakistan","TS_GP_EXT_PAKRES_M.Z00020","FX Reserves with SBP","30-Sep-1976","594","Million USD","Normal",""
"Gold and Foreign Exchange Reserves of Pakistan","TS_GP_EXT_PAKRES_M.Z00020","FX Reserves with SBP","31-Aug-1976","466","Million USD","Normal",""
"Gold and Foreign Exchange Reserves of Pakistan","TS_GP_EXT_PAKRES_M.Z00020","FX Reserves with SBP","31-Jul-1976","524","Million USD","Normal",""
"Gold and Foreign Exchange Reserves of Pakistan","TS_GP_EXT_PAKRES_M.Z00020","FX Reserves with SBP","30-Jun-1976","534","Million USD","Normal",""
"Gold and Foreign Exchange Reserves of Pakistan","TS_GP_EXT_PAKRES_M.Z00020","FX Reserves with SBP","31-May-1976","555","Million USD","Normal",""
"Gold and Foreign Exchange Reserves of Pakistan","TS_GP_EXT_PAKRES_M.Z00020","FX Reserves with SBP","30-Apr-1976","563","Million USD","Normal",""
"Gold and Foreign Exchange Reserves of Pakistan","TS_GP_EXT_PAKRES_M.Z00020","FX Reserves with SBP","31-Mar-1976","566","Million USD","Normal",""
"Gold and Foreign Exchange Reserves of Pakistan","TS_GP_EXT_PAKRES_M.Z00020","FX Reserves with SBP","29-Feb-1976","533","Million USD","Normal",""
"Gold and Foreign Exchange Reserves of Pakistan","TS_GP_EXT_PAKRES_M.Z00020","FX Reserves with SBP","31-Jan-1976","295","Million USD","Normal",""
"Gold and Foreign Exchange Reserves of Pakistan","TS_GP_EXT_PAKRES_M.Z00020","FX Reserves with SBP","31-Dec-1975","317","Million USD","Normal",""
"Gold and Foreign Exchange Reserves of Pakistan","TS_GP_EXT_PAKRES_M.Z00020","FX Reserves with SBP","30-Nov-1975","380","Million USD","Normal",""
"Gold and Foreign Exchange Reserves of Pakistan","TS_GP_EXT_PAKRES_M.Z00020","FX Reserves with SBP","31-Oct-1975","406","Million USD","Normal",""
"Gold and Foreign Exchange Reserves of Pakistan","TS_GP_EXT_PAKRES_M.Z00020","FX Reserves with SBP","30-Sep-1975","472","Million USD","Normal",""
"Gold and Foreign Exchange Reserves of Pakistan","TS_GP_EXT_PAKRES_M.Z00020","FX Reserves with SBP","31-Aug-1975","438","Million USD","Normal",""
"Gold and Foreign Exchange Reserves of Pakistan","TS_GP_EXT_PAKRES_M.Z00020","FX Reserves with SBP","31-Jul-1975","335","Million USD","Normal",""
"Gold and Foreign Exchange Reserves of Pakistan","TS_GP_EXT_PAKRES_M.Z00020","FX Reserves with SBP","30-Jun-1975","389","Million USD","Normal",""
"Gold and Foreign Exchange Reserves of Pakistan","TS_GP_EXT_PAKRES_M.Z00020","FX Reserves with SBP","31-May-1975","383","Million USD","Normal",""
"Gold and Foreign Exchange Reserves of Pakistan","TS_GP_EXT_PAKRES_M.Z00020","FX Reserves with SBP","30-Apr-1975","401","Million USD","Normal",""
"Gold and Foreign Exchange Reserves of Pakistan","TS_GP_EXT_PAKRES_M.Z00020","FX Reserves with SBP","31-Mar-1975","355","Million USD","Normal",""
"Gold and Foreign Exchange Reserves of Pakistan","TS_GP_EXT_PAKRES_M.Z00020","FX Reserves with SBP","28-Feb-1975","340","Million USD","Normal",""
"Gold and Foreign Exchange Reserves of Pakistan","TS_GP_EXT_PAKRES_M.Z00020","FX Reserves with SBP","31-Jan-1975","313","Million USD","Normal",""
"Gold and Foreign Exchange Reserves of Pakistan","TS_GP_EXT_PAKRES_M.Z00020","FX Reserves with SBP","31-Dec-1974","376","Million USD","Normal",""
"Gold and Foreign Exchange Reserves of Pakistan","TS_GP_EXT_PAKRES_M.Z00020","FX Reserves with SBP","30-Nov-1974","505","Million USD","Normal",""
"Gold and Foreign Exchange Reserves of Pakistan","TS_GP_EXT_PAKRES_M.Z00020","FX Reserves with SBP","31-Oct-1974","417","Million USD","Normal",""
"Gold and Foreign Exchange Reserves of Pakistan","TS_GP_EXT_PAKRES_M.Z00020","FX Reserves with SBP","30-Sep-1974","493","Million USD","Normal",""
"Gold and Foreign Exchange Reserves of Pakistan","TS_GP_EXT_PAKRES_M.Z00020","FX Reserves with SBP","31-Aug-1974","225","Million USD","Normal",""
"Gold and Foreign Exchange Reserves of Pakistan","TS_GP_EXT_PAKRES_M.Z00020","FX Reserves with SBP","31-Jul-1974","239","Million USD","Normal",""
"Gold and Foreign Exchange Reserves of Pakistan","TS_GP_EXT_PAKRES_M.Z00020","FX Reserves with SBP","30-Jun-1974","305","Million USD","Normal",""
"Gold and Foreign Exchange Reserves of Pakistan","TS_GP_EXT_PAKRES_M.Z00020","FX Reserves with SBP","31-May-1974","333","Million USD","Normal",""
"Gold and Foreign Exchange Reserves of Pakistan","TS_GP_EXT_PAKRES_M.Z00020","FX Reserves with SBP","30-Apr-1974","357","Million USD","Normal",""
"Gold and Foreign Exchange Reserves of Pakistan","TS_GP_EXT_PAKRES_M.Z00020","FX Reserves with SBP","31-Mar-1974","363","Million USD","Normal",""
"Gold and Foreign Exchange Reserves of Pakistan","TS_GP_EXT_PAKRES_M.Z00020","FX Reserves with SBP","28-Feb-1974","422","Million USD","Normal",""
"Gold and Foreign Exchange Reserves of Pakistan","TS_GP_EXT_PAKRES_M.Z00020","FX Reserves with SBP","31-Jan-1974","398","Million USD","Normal",""
"Gold and Foreign Exchange Reserves of Pakistan","TS_GP_EXT_PAKRES_M.Z00020","FX Reserves with SBP","31-Dec-1973","408","Million USD","Normal",""
"Gold and Foreign Exchange Reserves of Pakistan","TS_GP_EXT_PAKRES_M.Z00020","FX Reserves with SBP","30-Nov-1973","364","Million USD","Normal",""
"Gold and Foreign Exchange Reserves of Pakistan","TS_GP_EXT_PAKRES_M.Z00020","FX Reserves with SBP","31-Oct-1973","350","Million USD","Normal",""
"Gold and Foreign Exchange Reserves of Pakistan","TS_GP_EXT_PAKRES_M.Z00020","FX Reserves with SBP","30-Sep-1973","336","Million USD","Normal",""
"Gold and Foreign Exchange Reserves of Pakistan","TS_GP_EXT_PAKRES_M.Z00020","FX Reserves with SBP","31-Aug-1973","380","Million USD","Normal",""
"Gold and Foreign Exchange Reserves of Pakistan","TS_GP_EXT_PAKRES_M.Z00020","FX Reserves with SBP","31-Jul-1973","306","Million USD","Normal",""
"Gold and Foreign Exchange Reserves of Pakistan","TS_GP_EXT_PAKRES_M.Z00020","FX Reserves with SBP","30-Jun-1973","393","Million USD","Normal",""
"Gold and Foreign Exchange Reserves of Pakistan","TS_GP_EXT_PAKRES_M.Z00020","FX Reserves with SBP","31-May-1973","371","Million USD","Normal",""
"Gold and Foreign Exchange Reserves of Pakistan","TS_GP_EXT_PAKRES_M.Z00020","FX Reserves with SBP","30-Apr-1973","316","Million USD","Normal",""
"Gold and Foreign Exchange Reserves of Pakistan","TS_GP_EXT_PAKRES_M.Z00020","FX Reserves with SBP","31-Mar-1973","268","Million USD","Normal",""
"Gold and Foreign Exchange Reserves of Pakistan","TS_GP_EXT_PAKRES_M.Z00020","FX Reserves with SBP","28-Feb-1973","266","Million USD","Normal",""
"Gold and Foreign Exchange Reserves of Pakistan","TS_GP_EXT_PAKRES_M.Z00020","FX Reserves with SBP","31-Jan-1973","236","Million USD","Normal",""
"Gold and Foreign Exchange Reserves of Pakistan","TS_GP_EXT_PAKRES_M.Z00020","FX Reserves with SBP","31-Dec-1972","225","Million USD","Normal",""
"Gold and Foreign Exchange Reserves of Pakistan","TS_GP_EXT_PAKRES_M.Z00020","FX Reserves with SBP","30-Nov-1972","260","Million USD","Normal",""
"Gold and Foreign Exchange Reserves of Pakistan","TS_GP_EXT_PAKRES_M.Z00020","FX Reserves with SBP","31-Oct-1972","245","Million USD","Normal",""
"Gold and Foreign Exchange Reserves of Pakistan","TS_GP_EXT_PAKRES_M.Z00020","FX Reserves with SBP","30-Sep-1972","213","Million USD","Normal",""
"Gold and Foreign Exchange Reserves of Pakistan","TS_GP_EXT_PAKRES_M.Z00020","FX Reserves with SBP","31-Aug-1972","216","Million USD","Normal",""
"Gold and Foreign Exchange Reserves of Pakistan","TS_GP_EXT_PAKRES_M.Z00020","FX Reserves with SBP","31-Jul-1972","237","Million USD","Normal",""
"Gold and Foreign Exchange Reserves of Pakistan","TS_GP_EXT_PAKRES_M.Z00020","FX Reserves with SBP","30-Jun-1972","235","Million USD","Normal",""
"Gold and Foreign Exchange Reserves of Pakistan","TS_GP_EXT_PAKRES_M.Z00020","FX Reserves with SBP","31-May-1972","177","Million USD","Normal",""
"Gold and Foreign Exchange Reserves of Pakistan","TS_GP_EXT_PAKRES_M.Z00020","FX Reserves with SBP","30-Apr-1972","174","Million USD","Normal",""
"Gold and Foreign Exchange Reserves of Pakistan","TS_GP_EXT_PAKRES_M.Z00020","FX Reserves with SBP","31-Mar-1972","144","Million USD","Normal",""
"Gold and Foreign Exchange Reserves of Pakistan","TS_GP_EXT_PAKRES_M.Z00020","FX Reserves with SBP","29-Feb-1972","152","Million USD","Normal",""
"Gold and Foreign Exchange Reserves of Pakistan","TS_GP_EXT_PAKRES_M.Z00020","FX Reserves with SBP","31-Jan-1972","157","Million USD","Normal",""
"Gold and Foreign Exchange Reserves of Pakistan","TS_GP_EXT_PAKRES_M.Z00020","FX Reserves with SBP","31-Dec-1971","132","Million USD","Normal",""
"Gold and Foreign Exchange Reserves of Pakistan","TS_GP_EXT_PAKRES_M.Z00020","FX Reserves with SBP","30-Nov-1971","173","Million USD","Normal",""
"Gold and Foreign Exchange Reserves of Pakistan","TS_GP_EXT_PAKRES_M.Z00020","FX Reserves with SBP","31-Oct-1971","171","Million USD","Normal",""
"Gold and Foreign Exchange Reserves of Pakistan","TS_GP_EXT_PAKRES_M.Z00020","FX Reserves with SBP","30-Sep-1971","171","Million USD","Normal",""
"Gold and Foreign Exchange Reserves of Pakistan","TS_GP_EXT_PAKRES_M.Z00020","FX Reserves with SBP","31-Aug-1971","176","Million USD","Normal",""
"Gold and Foreign Exchange Reserves of Pakistan","TS_GP_EXT_PAKRES_M.Z00020","FX Reserves with SBP","31-Jul-1971","161","Million USD","Normal",""
"Gold and Foreign Exchange Reserves of Pakistan","TS_GP_EXT_PAKRES_M.Z00020","FX Reserves with SBP","30-Jun-1971","170","Million USD","Normal",""
