Dataset,Series Key,Series,Observation Date,Observation Value,Unit,Observation Status,Observation Status Comment
Generation of Electricity by Sector,TS_GP_RLS_ELECGEN_M.E_001000,Total Electricity Generation,31-Jul-12,9364.441048,GWh,Normal,
Generation of Electricity by Sector,TS_GP_RLS_ELECGEN_M.E_001000,Total Electricity Generation,31-Aug-12,9422.351018,GWh,Normal,
Generation of Electricity by Sector,TS_GP_RLS_ELECGEN_M.E_001000,Total Electricity Generation,30-Sep-12,8337.67393,GWh,Normal,
Generation of Electricity by Sector,TS_GP_RLS_ELECGEN_M.E_001000,Total Electricity Generation,31-Oct-12,7906.628593,GWh,Normal,
Generation of Electricity by Sector,TS_GP_RLS_ELECGEN_M.E_001000,Total Electricity Generation,30-Nov-12,6907.884537,GWh,Normal,
Generation of Electricity by Sector,TS_GP_RLS_ELECGEN_M.E_001000,Total Electricity Generation,31-Dec-12,6438.398008,GWh,Normal,
Generation of Electricity by Sector,TS_GP_RLS_ELECGEN_M.E_001000,Total Electricity Generation,31-Jan-13,6170.577834,GWh,Normal,
Generation of Electricity by Sector,TS_GP_RLS_ELECGEN_M.E_001000,Total Electricity Generation,28-Feb-13,5408.484095,GWh,Normal,
Generation of Electricity by Sector,TS_GP_RLS_ELECGEN_M.E_001000,Total Electricity Generation,31-Mar-13,6190.101963,GWh,Normal,
Generation of Electricity by Sector,TS_GP_RLS_ELECGEN_M.E_001000,Total Electricity Generation,30-Apr-13,6265.2,GWh,Normal,
Generation of Electricity by Sector,TS_GP_RLS_ELECGEN_M.E_001000,Total Electricity Generation,31-May-13,7404.03,GWh,Normal,
Generation of Electricity by Sector,TS_GP_RLS_ELECGEN_M.E_001000,Total Electricity Generation,30-Jun-13,8451.42,GWh,Normal,
Generation of Electricity by Sector,TS_GP_RLS_ELECGEN_M.E_001000,Total Electricity Generation,31-Jul-13,9894.35,GWh,Normal,
Generation of Electricity by Sector,TS_GP_RLS_ELECGEN_M.E_001000,Total Electricity Generation,31-Aug-13,9739.34,GWh,Normal,
Generation of Electricity by Sector,TS_GP_RLS_ELECGEN_M.E_001000,Total Electricity Generation,30-Sep-13,9378.86,GWh,Normal,
Generation of Electricity by Sector,TS_GP_RLS_ELECGEN_M.E_001000,Total Electricity Generation,31-Oct-13,8424.78,GWh,Normal,
Generation of Electricity by Sector,TS_GP_RLS_ELECGEN_M.E_001000,Total Electricity Generation,30-Nov-13,6820.41,GWh,Normal,
Generation of Electricity by Sector,TS_GP_RLS_ELECGEN_M.E_001000,Total Electricity Generation,31-Dec-13,6943.29,GWh,Normal,
Generation of Electricity by Sector,TS_GP_RLS_ELECGEN_M.E_001000,Total Electricity Generation,31-Jan-14,6398.56,GWh,Normal,
Generation of Electricity by Sector,TS_GP_RLS_ELECGEN_M.E_001000,Total Electricity Generation,28-Feb-14,6009.2,GWh,Normal,
Generation of Electricity by Sector,TS_GP_RLS_ELECGEN_M.E_001000,Total Electricity Generation,31-Mar-14,6531.24,GWh,Normal,
Generation of Electricity by Sector,TS_GP_RLS_ELECGEN_M.E_001000,Total Electricity Generation,30-Apr-14,7061.84,GWh,Normal,
Generation of Electricity by Sector,TS_GP_RLS_ELECGEN_M.E_001000,Total Electricity Generation,31-May-14,8494.24,GWh,Normal,
Generation of Electricity by Sector,TS_GP_RLS_ELECGEN_M.E_001000,Total Electricity Generation,30-Jun-14,9451.57,GWh,Normal,
Generation of Electricity by Sector,TS_GP_RLS_ELECGEN_M.E_001000,Total Electricity Generation,31-Jul-14,10353,GWh,Normal,
Generation of Electricity by Sector,TS_GP_RLS_ELECGEN_M.E_001000,Total Electricity Generation,31-Aug-14,10340.72,GWh,Normal,
Generation of Electricity by Sector,TS_GP_RLS_ELECGEN_M.E_001000,Total Electricity Generation,30-Sep-14,9125.65,GWh,Normal,
Generation of Electricity by Sector,TS_GP_RLS_ELECGEN_M.E_001000,Total Electricity Generation,31-Oct-14,8326.36,GWh,Normal,
Generation of Electricity by Sector,TS_GP_RLS_ELECGEN_M.E_001000,Total Electricity Generation,30-Nov-14,6655.94,GWh,Normal,
Generation of Electricity by Sector,TS_GP_RLS_ELECGEN_M.E_001000,Total Electricity Generation,31-Dec-14,6784.72,GWh,Normal,
Generation of Electricity by Sector,TS_GP_RLS_ELECGEN_M.E_001000,Total Electricity Generation,31-Jan-15,6186.42,GWh,Normal,
Generation of Electricity by Sector,TS_GP_RLS_ELECGEN_M.E_001000,Total Electricity Generation,28-Feb-15,5859.07,GWh,Normal,
Generation of Electricity by Sector,TS_GP_RLS_ELECGEN_M.E_001000,Total Electricity Generation,31-Mar-15,6541.1,GWh,Normal,
Generation of Electricity by Sector,TS_GP_RLS_ELECGEN_M.E_001000,Total Electricity Generation,30-Apr-15,7341.52,GWh,Normal,
Generation of Electricity by Sector,TS_GP_RLS_ELECGEN_M.E_001000,Total Electricity Generation,31-May-15,9578.357,GWh,Normal,
Generation of Electricity by Sector,TS_GP_RLS_ELECGEN_M.E_001000,Total Electricity Generation,30-Jun-15,9917.82,GWh,Normal,
Generation of Electricity by Sector,TS_GP_RLS_ELECGEN_M.E_001000,Total Electricity Generation,31-Jul-15,10627.2,GWh,Normal,
Generation of Electricity by Sector,TS_GP_RLS_ELECGEN_M.E_001000,Total Electricity Generation,31-Aug-15,10519.26,GWh,Normal,
Generation of Electricity by Sector,TS_GP_RLS_ELECGEN_M.E_001000,Total Electricity Generation,30-Sep-15,9619.47,GWh,Normal,
Generation of Electricity by Sector,TS_GP_RLS_ELECGEN_M.E_001000,Total Electricity Generation,31-Oct-15,8297.1,GWh,Normal,
Generation of Electricity by Sector,TS_GP_RLS_ELECGEN_M.E_001000,Total Electricity Generation,30-Nov-15,6722.14,GWh,Normal,
Generation of Electricity by Sector,TS_GP_RLS_ELECGEN_M.E_001000,Total Electricity Generation,31-Dec-15,6879.77,GWh,Normal,
Generation of Electricity by Sector,TS_GP_RLS_ELECGEN_M.E_001000,Total Electricity Generation,31-Jan-16,6770.54,GWh,Normal,
Generation of Electricity by Sector,TS_GP_RLS_ELECGEN_M.E_001000,Total Electricity Generation,29-Feb-16,6397.42,GWh,Normal,
Generation of Electricity by Sector,TS_GP_RLS_ELECGEN_M.E_001000,Total Electricity Generation,31-Mar-16,6735,GWh,Normal,
Generation of Electricity by Sector,TS_GP_RLS_ELECGEN_M.E_001000,Total Electricity Generation,30-Apr-16,7813.99,GWh,Normal,
Generation of Electricity by Sector,TS_GP_RLS_ELECGEN_M.E_001000,Total Electricity Generation,31-May-16,10003.29,GWh,Normal,
Generation of Electricity by Sector,TS_GP_RLS_ELECGEN_M.E_001000,Total Electricity Generation,30-Jun-16,9893.63,GWh,Normal,
Generation of Electricity by Sector,TS_GP_RLS_ELECGEN_M.E_001000,Total Electricity Generation,31-Jul-16,11005.649,GWh,Normal,
Generation of Electricity by Sector,TS_GP_RLS_ELECGEN_M.E_001000,Total Electricity Generation,31-Aug-16,10780.2,GWh,Normal,
Generation of Electricity by Sector,TS_GP_RLS_ELECGEN_M.E_001000,Total Electricity Generation,30-Sep-16,10220.1,GWh,Normal,
Generation of Electricity by Sector,TS_GP_RLS_ELECGEN_M.E_001000,Total Electricity Generation,31-Oct-16,8678.57,GWh,Normal,
Generation of Electricity by Sector,TS_GP_RLS_ELECGEN_M.E_001000,Total Electricity Generation,30-Nov-16,6935.26,GWh,Normal,
Generation of Electricity by Sector,TS_GP_RLS_ELECGEN_M.E_001000,Total Electricity Generation,31-Dec-16,6903.01,GWh,Normal,
Generation of Electricity by Sector,TS_GP_RLS_ELECGEN_M.E_001000,Total Electricity Generation,31-Jan-17,7168.2,GWh,Normal,
Generation of Electricity by Sector,TS_GP_RLS_ELECGEN_M.E_001000,Total Electricity Generation,28-Feb-17,6352.5,GWh,Normal,
Generation of Electricity by Sector,TS_GP_RLS_ELECGEN_M.E_001000,Total Electricity Generation,31-Mar-17,7619.83,GWh,Normal,
Generation of Electricity by Sector,TS_GP_RLS_ELECGEN_M.E_001000,Total Electricity Generation,30-Apr-17,8841.98,GWh,Normal,
Generation of Electricity by Sector,TS_GP_RLS_ELECGEN_M.E_001000,Total Electricity Generation,31-May-17,11022.06,GWh,Normal,
Generation of Electricity by Sector,TS_GP_RLS_ELECGEN_M.E_001000,Total Electricity Generation,30-Jun-17,11458.23,GWh,Normal,
Generation of Electricity by Sector,TS_GP_RLS_ELECGEN_M.E_001000,Total Electricity Generation,31-Jul-17,12496.64,GWh,Normal,
Generation of Electricity by Sector,TS_GP_RLS_ELECGEN_M.E_001000,Total Electricity Generation,31-Aug-17,12754.283,GWh,Normal,
Generation of Electricity by Sector,TS_GP_RLS_ELECGEN_M.E_001000,Total Electricity Generation,30-Sep-17,11489.02,GWh,Normal,
Generation of Electricity by Sector,TS_GP_RLS_ELECGEN_M.E_001000,Total Electricity Generation,31-Oct-17,10017.29,GWh,Normal,
Generation of Electricity by Sector,TS_GP_RLS_ELECGEN_M.E_001000,Total Electricity Generation,30-Nov-17,7370.22,GWh,Normal,
Generation of Electricity by Sector,TS_GP_RLS_ELECGEN_M.E_001000,Total Electricity Generation,31-Dec-17,7690.24,GWh,Normal,
Generation of Electricity by Sector,TS_GP_RLS_ELECGEN_M.E_001000,Total Electricity Generation,31-Jan-18,7982.06,GWh,Normal,
Generation of Electricity by Sector,TS_GP_RLS_ELECGEN_M.E_001000,Total Electricity Generation,28-Feb-18,6948.87,GWh,Normal,
Generation of Electricity by Sector,TS_GP_RLS_ELECGEN_M.E_001000,Total Electricity Generation,31-Mar-18,8740.91,GWh,Normal,
Generation of Electricity by Sector,TS_GP_RLS_ELECGEN_M.E_001000,Total Electricity Generation,30-Apr-18,10999.59,GWh,Normal,
Generation of Electricity by Sector,TS_GP_RLS_ELECGEN_M.E_001000,Total Electricity Generation,31-May-18,12098.98,GWh,Normal,
Generation of Electricity by Sector,TS_GP_RLS_ELECGEN_M.E_001000,Total Electricity Generation,30-Jun-18,12913.76,GWh,Normal,
Generation of Electricity by Sector,TS_GP_RLS_ELECGEN_M.E_001000,Total Electricity Generation,31-Jul-18,13751.81,GWh,Normal,
Generation of Electricity by Sector,TS_GP_RLS_ELECGEN_M.E_001000,Total Electricity Generation,31-Aug-18,14017.49,GWh,Normal,
Generation of Electricity by Sector,TS_GP_RLS_ELECGEN_M.E_001000,Total Electricity Generation,30-Sep-18,12552.06,GWh,Normal,
Generation of Electricity by Sector,TS_GP_RLS_ELECGEN_M.E_001000,Total Electricity Generation,31-Oct-18,9573.79,GWh,Normal,
Generation of Electricity by Sector,TS_GP_RLS_ELECGEN_M.E_001000,Total Electricity Generation,30-Nov-18,7545.63,GWh,Normal,
Generation of Electricity by Sector,TS_GP_RLS_ELECGEN_M.E_001000,Total Electricity Generation,31-Dec-18,7720.646988,GWh,Normal,
Generation of Electricity by Sector,TS_GP_RLS_ELECGEN_M.E_001000,Total Electricity Generation,31-Jan-19,7763.58,GWh,Normal,
Generation of Electricity by Sector,TS_GP_RLS_ELECGEN_M.E_001000,Total Electricity Generation,28-Feb-19,6686.83,GWh,Normal,
Generation of Electricity by Sector,TS_GP_RLS_ELECGEN_M.E_001000,Total Electricity Generation,31-Mar-19,7721.31,GWh,Normal,
Generation of Electricity by Sector,TS_GP_RLS_ELECGEN_M.E_001000,Total Electricity Generation,30-Apr-19,9717.38,GWh,Normal,
Generation of Electricity by Sector,TS_GP_RLS_ELECGEN_M.E_001000,Total Electricity Generation,31-May-19,12603.59,GWh,Normal,
Generation of Electricity by Sector,TS_GP_RLS_ELECGEN_M.E_001000,Total Electricity Generation,30-Jun-19,13157.24,GWh,Normal,
Generation of Electricity by Sector,TS_GP_RLS_ELECGEN_M.E_001000,Total Electricity Generation,31-Jul-19,14231.25,GWh,Normal,
Generation of Electricity by Sector,TS_GP_RLS_ELECGEN_M.E_001000,Total Electricity Generation,31-Aug-19,14051.55,GWh,Normal,
Generation of Electricity by Sector,TS_GP_RLS_ELECGEN_M.E_001000,Total Electricity Generation,30-Sep-19,13621,GWh,Normal,
Generation of Electricity by Sector,TS_GP_RLS_ELECGEN_M.E_001000,Total Electricity Generation,31-Oct-19,9572.04,GWh,Normal,
Generation of Electricity by Sector,TS_GP_RLS_ELECGEN_M.E_001000,Total Electricity Generation,30-Nov-19,7433.75,GWh,Normal,
Generation of Electricity by Sector,TS_GP_RLS_ELECGEN_M.E_001000,Total Electricity Generation,31-Dec-19,7556.86,GWh,Normal,
Generation of Electricity by Sector,TS_GP_RLS_ELECGEN_M.E_001000,Total Electricity Generation,31-Jan-20,7792.97,GWh,Normal,
Generation of Electricity by Sector,TS_GP_RLS_ELECGEN_M.E_001000,Total Electricity Generation,29-Feb-20,7001,GWh,Normal,
Generation of Electricity by Sector,TS_GP_RLS_ELECGEN_M.E_001000,Total Electricity Generation,31-Mar-20,6911,GWh,Normal,
Generation of Electricity by Sector,TS_GP_RLS_ELECGEN_M.E_001000,Total Electricity Generation,30-Apr-20,8392,GWh,Normal,
Generation of Electricity by Sector,TS_GP_RLS_ELECGEN_M.E_001000,Total Electricity Generation,31-May-20,12017,GWh,Normal,
Generation of Electricity by Sector,TS_GP_RLS_ELECGEN_M.E_001000,Total Electricity Generation,30-Jun-20,13288,GWh,Normal,
Generation of Electricity by Sector,TS_GP_RLS_ELECGEN_M.E_001000,Total Electricity Generation,31-Jul-20,14711.08,GWh,Normal,
Generation of Electricity by Sector,TS_GP_RLS_ELECGEN_M.E_001000,Total Electricity Generation,31-Aug-20,14629.7,GWh,Normal,
Generation of Electricity by Sector,TS_GP_RLS_ELECGEN_M.E_001000,Total Electricity Generation,30-Sep-20,13103.30035,GWh,Normal,
Generation of Electricity by Sector,TS_GP_RLS_ELECGEN_M.E_001000,Total Electricity Generation,31-Oct-20,10243.994,GWh,Normal,
Generation of Electricity by Sector,TS_GP_RLS_ELECGEN_M.E_001000,Total Electricity Generation,30-Nov-20,7479.401,GWh,Normal,
Generation of Electricity by Sector,TS_GP_RLS_ELECGEN_M.E_001000,Total Electricity Generation,31-Dec-20,7878.911,GWh,Normal,
Generation of Electricity by Sector,TS_GP_RLS_ELECGEN_M.E_001000,Total Electricity Generation,31-Jan-21,8078.821878,GWh,Normal,
Generation of Electricity by Sector,TS_GP_RLS_ELECGEN_M.E_001000,Total Electricity Generation,28-Feb-21,7281,GWh,Normal,
Generation of Electricity by Sector,TS_GP_RLS_ELECGEN_M.E_001000,Total Electricity Generation,31-Mar-21,8984.7968,GWh,Normal,
Generation of Electricity by Sector,TS_GP_RLS_ELECGEN_M.E_001000,Total Electricity Generation,30-Apr-21,10480.9617,GWh,Normal,
Generation of Electricity by Sector,TS_GP_RLS_ELECGEN_M.E_001000,Total Electricity Generation,31-May-21,13009.50712,GWh,Normal,
Generation of Electricity by Sector,TS_GP_RLS_ELECGEN_M.E_001000,Total Electricity Generation,30-Jun-21,14361.12365,GWh,Normal,
Generation of Electricity by Sector,TS_GP_RLS_ELECGEN_M.E_001000,Total Electricity Generation,31-Jul-21,15679.6909,GWh,Normal,
Generation of Electricity by Sector,TS_GP_RLS_ELECGEN_M.E_001000,Total Electricity Generation,31-Aug-21,16078.078,GWh,Normal,
Generation of Electricity by Sector,TS_GP_RLS_ELECGEN_M.E_001000,Total Electricity Generation,30-Sep-21,14026.987,GWh,Normal,
Generation of Electricity by Sector,TS_GP_RLS_ELECGEN_M.E_001000,Total Electricity Generation,31-Oct-21,11296.22527,GWh,Normal,
Generation of Electricity by Sector,TS_GP_RLS_ELECGEN_M.E_001000,Total Electricity Generation,30-Nov-21,8481.718,GWh,Normal,
Generation of Electricity by Sector,TS_GP_RLS_ELECGEN_M.E_001000,Total Electricity Generation,31-Dec-21,8815.054,GWh,Normal,
Generation of Electricity by Sector,TS_GP_RLS_ELECGEN_M.E_001000,Total Electricity Generation,31-Jan-22,8796.957,GWh,Normal,
Generation of Electricity by Sector,TS_GP_RLS_ELECGEN_M.E_001000,Total Electricity Generation,28-Feb-22,8087.908,GWh,Normal,
Generation of Electricity by Sector,TS_GP_RLS_ELECGEN_M.E_001000,Total Electricity Generation,31-Mar-22,10418.418,GWh,Normal,
Generation of Electricity by Sector,TS_GP_RLS_ELECGEN_M.E_001000,Total Electricity Generation,30-Apr-22,12960.4,GWh,Normal,
Generation of Electricity by Sector,TS_GP_RLS_ELECGEN_M.E_001000,Total Electricity Generation,31-May-22,14656.9,GWh,Normal,
Generation of Electricity by Sector,TS_GP_RLS_ELECGEN_M.E_001000,Total Electricity Generation,30-Jun-22,13876.1,GWh,Normal,
Generation of Electricity by Sector,TS_GP_RLS_ELECGEN_M.E_001000,Total Electricity Generation,31-Jul-22,14150.9,GWh,Normal,
Generation of Electricity by Sector,TS_GP_RLS_ELECGEN_M.E_001000,Total Electricity Generation,31-Aug-22,14052.6,GWh,Normal,
Generation of Electricity by Sector,TS_GP_RLS_ELECGEN_M.E_001000,Total Electricity Generation,30-Sep-22,12877.8,GWh,Normal,
Generation of Electricity by Sector,TS_GP_RLS_ELECGEN_M.E_001000,Total Electricity Generation,31-Oct-22,10704.9,GWh,Normal,
Generation of Electricity by Sector,TS_GP_RLS_ELECGEN_M.E_001000,Total Electricity Generation,30-Nov-22,8368,GWh,Normal,
Generation of Electricity by Sector,TS_GP_RLS_ELECGEN_M.E_001000,Total Electricity Generation,31-Dec-22,8416.72,GWh,Normal,
Generation of Electricity by Sector,TS_GP_RLS_ELECGEN_M.E_001000,Total Electricity Generation,31-Jan-23,8514.84,GWh,Normal,
Generation of Electricity by Sector,TS_GP_RLS_ELECGEN_M.E_001000,Total Electricity Generation,28-Feb-23,7755.532,GWh,Normal,
Generation of Electricity by Sector,TS_GP_RLS_ELECGEN_M.E_001000,Total Electricity Generation,31-Mar-23,8741.32,GWh,Normal,
Generation of Electricity by Sector,TS_GP_RLS_ELECGEN_M.E_001000,Total Electricity Generation,30-Apr-23,10010.298,GWh,Normal,
Generation of Electricity by Sector,TS_GP_RLS_ELECGEN_M.E_001000,Total Electricity Generation,31-May-23,12283.68,GWh,Normal,
Generation of Electricity by Sector,TS_GP_RLS_ELECGEN_M.E_001000,Total Electricity Generation,30-Jun-23,13715.48,GWh,Normal,
Generation of Electricity by Sector,TS_GP_RLS_ELECGEN_M.E_001000,Total Electricity Generation,31-Jul-23,14838.72,GWh,Normal,
Generation of Electricity by Sector,TS_GP_RLS_ELECGEN_M.E_001000,Total Electricity Generation,31-Aug-23,15959.27,GWh,Normal,
Generation of Electricity by Sector,TS_GP_RLS_ELECGEN_M.E_001000,Total Electricity Generation,30-Sep-23,13339.216,GWh,Normal,
Generation of Electricity by Sector,TS_GP_RLS_ELECGEN_M.E_001000,Total Electricity Generation,31-Oct-23,9570.28,GWh,Normal,
Generation of Electricity by Sector,TS_GP_RLS_ELECGEN_M.E_001000,Total Electricity Generation,30-Nov-23,7546.72,GWh,Normal,
Generation of Electricity by Sector,TS_GP_RLS_ELECGEN_M.E_001000,Total Electricity Generation,31-Dec-23,8416.807,GWh,Normal,
Generation of Electricity by Sector,TS_GP_RLS_ELECGEN_M.E_001000,Total Electricity Generation,31-Jan-24,8313.733,GWh,Normal,
Generation of Electricity by Sector,TS_GP_RLS_ELECGEN_M.E_001000,Total Electricity Generation,29-Feb-24,7116.046,GWh,Normal,
Generation of Electricity by Sector,TS_GP_RLS_ELECGEN_M.E_001000,Total Electricity Generation,31-Mar-24,8023.26,GWh,Normal,
Generation of Electricity by Sector,TS_GP_RLS_ELECGEN_M.E_001000,Total Electricity Generation,30-Apr-24,12616.953,GWh,Normal,
